qid,variety,condition,model,family,question,gold_answer,answer,pivot_question,model_id,temperature,resolved_model_id,pivot_model_id,timestamp,error,layer1_coverage,layer1_decision,degeneration_reasons,layer2_hallucination_probability,combined_decision,combined_label
wahm_000,msa,direct,allam,arabic_centric,كم عدد مرات فوز الأوروغواي ببطولة كاس العالم لكرو القدم؟,بطولتين,فازت الأوروغواي ببطولة كأس العالم لكرة القدم مرتين، في عامي 1930 و1950. أتمنى أن تكون الإجابة مفيدة.,,humain-ai/ALLaM-7B-Instruct-preview,0.0,humain-ai/ALLaM-7B-Instruct-preview,,2026-08-16T18:58:52+00:00,,0.000,hallucinated,,,hallucinated,1
wahm_001,msa,direct,allam,arabic_centric,من هو مكتشف المرو أو الكوارتز ؟,"(بيير كوري) وأخوه (جاك), بيير كوري) وأخوه (جاك","مكتشف المرو أو الكوارتز هو العالم السويدي أكسل فريدريك كرونستيدت في عام 1751. وقد أطلق عليه اسم ""مرو"" نسبة إلى جبل في النرويج.",,humain-ai/ALLaM-7B-Instruct-preview,0.0,humain-ai/ALLaM-7B-Instruct-preview,,2026-08-16T18:58:52+00:00,,0.000,hallucinated,,,hallucinated,1
wahm_002,msa,direct,allam,arabic_centric,كيف يتصل الجنين بالرحم ؟,عن طريق الحبل السري,يتصل الجنين بالرحم عن طريق الحبل السري الذي يحتوي على الأوعية الدموية التي تنقل الغذاء والأكسجين من الأم إلى الجنين، وكذلك تنقل الفضلات من الجنين إلى الأم لتتم إزالتها. كما أن المشيمة، وهي عضو يتكون في الرحم خلال الحمل، تلعب دورًا أساسيًا في هذه العملية.,,humain-ai/ALLaM-7B-Instruct-preview,0.0,humain-ai/ALLaM-7B-Instruct-preview,,2026-08-16T18:58:53+00:00,,1.000,clean,,,clean,0
wahm_003,msa,direct,allam,arabic_centric,أين يقع مسجد السلطان عبد المجيد؟,مدينة جبيل اللبنانية,"في محافظة العلا. يُعتبر المسجد من أقدم المساجد التاريخية في المدينة، ويتميز بتصميمه المعماري الفريد الذي يعكس التراث الإسلامي العريق. 

أرجو أن تكون إجابتي مفيدة. إذا كانت لديك أي استفسارات وتعليقات حول إجابتي أرجو أن تبلغني بها.",,humain-ai/ALLaM-7B-Instruct-preview,0.0,humain-ai/ALLaM-7B-Instruct-preview,,2026-08-16T18:58:54+00:00,,0.000,hallucinated,,,hallucinated,1
wahm_004,msa,direct,allam,arabic_centric,ما عاصمة جورجيا؟,تبليسي,"عاصمة جورجيا هي تبليسي. تقع تبليسي في جنوب البلاد وهي أكبر مدينة في جورجيا، وتعتبر مركزًا ثقافيًا واقتصاديًا هامًا. تتميز المدينة بتاريخها العريق ومعالمها التاريخية مثل كاتدرائية تسميندا ساميبا، وقلعة ناريكالا، وجسر السلام الذي يعد من أبرز المعالم الحديثة في المدينة.

جورجيا هي دولة تقع في منطقة القوقاز، وتتميز بتنوعها الثقافي والطبيعي. اللغة الرسمية في جورجيا هي الجورجية، وهي لغة فريدة من نوعها. الشعب الجورجي معروف بكرمه وترحيبه بالضيوف، مما يجعل زيارة جورجيا تجربة مميزة.

تبليسي ليست فقط العاصمة، بل هي أيضًا وجهة سياحية شهيرة، حيث يمكن للزوار الاستمتاع بالطبيعة الخلابة، وزيارة المتاحف، وتجربة المأكولات التقليدية الجورجية التي تشمل أطباقًا مثل الخينكالي (نوع من الزلابية) والخاتشابوري (نوع من الخبز المحشو بالجبن).

بهذا، تكون تبليسي ليست فقط عاصمة جورجيا، بل هي أيضًا قلب الثقافة والتاريخ في البلاد، مما يجعلها وجهة مميزة للزوار من جميع أنحاء العالم.",,humain-ai/ALLaM-7B-Instruct-preview,0.0,humain-ai/ALLaM-7B-Instruct-preview,,2026-08-16T18:58:56+00:00,,1.000,clean,,,clean,0
wahm_005,msa,direct,allam,arabic_centric,ما هو عدد آيات سورة الكهف ؟,110,عدد آيات سورة الكهف هو 110 آيات كريمة. سورة الكهف هي إحدى السور المكية التي نزلت على النبي محمد صلى الله عليه وسلم في مكة المكرمة، وهي السورة رقم 18 في ترتيب المصحف الشريف. تحتوي السورة على العديد من القصص والعبر التي تهدف إلى توجيه المسلمين نحو القيم والأخلاق الإسلامية الصحيحة.,,humain-ai/ALLaM-7B-Instruct-preview,0.0,humain-ai/ALLaM-7B-Instruct-preview,,2026-08-16T18:58:57+00:00,,1.000,clean,,,clean,0
wahm_006,msa,direct,allam,arabic_centric,ما سبب وفاة لاعب كمال الأجسام ناصر السنباطي؟,أثناء نومه,توفي لاعب كمال الأجسام المصري ناصر السنباطي بعد إصابته بسكتة قلبية خلال منافسات بطولة العالم في لاس فيغاس بالولايات المتحدة الأمريكية. وقد أثارت وفاته حزنًا واسعًا في الأوساط الرياضية المصرية والعربية، حيث كان معروفًا بتفانيه في التدريب والتزامه بالرياضة. وقد عبر العديد من الرياضيين والمشجعين عن حزنهم العميق لفقدان لاعب شاب واعد في مجال كمال الأجسام.,,humain-ai/ALLaM-7B-Instruct-preview,0.0,humain-ai/ALLaM-7B-Instruct-preview,,2026-08-16T18:58:58+00:00,,0.000,hallucinated,,,hallucinated,1
wahm_007,msa,direct,allam,arabic_centric,من هو مخترع المحرك البخاري؟,جيمس واط,"مخترع المحرك البخاري هو المهندس والمخترع الاسكتلندي جيمس واط. في القرن الثامن عشر، كان هناك العديد من المحاولات لتطوير محركات بخارية، ولكن جيمس واط هو الذي نجح في تحسين تصميم المحرك البخاري بشكل كبير، مما جعله أكثر كفاءة وفعالية.

واط قام بإضافة مكثف منفصل إلى المحرك البخاري، مما أدى إلى تقليل فقدان الحرارة وزيادة كفاءة المحرك. هذا الابتكار كان له تأثير كبير على الثورة الصناعية، حيث ساهم في تشغيل الآلات والمصانع بكفاءة أكبر، مما أدى إلى زيادة الإنتاج الصناعي وتحسين الحياة اليومية في ذلك الوقت.

إليك بعض التفاصيل الإضافية حول جيمس واط:
- وُلد جيمس واط في 19 يناير 1736 في غرينوك، اسكتلندا.
- درس الهندسة في جامعة غلاسكو.
- عمل في البداية كمهندس ميكانيكي، حيث قام بإصلاح الآلات البخارية.
- حصل على براءة اختراع لمحرك البخار المحسن في عام 1769.
- توفي في 25 أغسطس 1819.

بفضل اختراعه، يُعتبر جيمس واط أحد أبرز الشخصيات في تاريخ الهندسة والتكنولوجيا.",,humain-ai/ALLaM-7B-Instruct-preview,0.0,humain-ai/ALLaM-7B-Instruct-preview,,2026-08-16T18:59:01+00:00,,1.000,clean,,,clean,0
wahm_008,msa,direct,allam,arabic_centric,متى تمت كتابة وثيقة إعلان قيام دولة إسرائيل ؟,14 أيار / مايو 1948,تمت كتابة وثيقة إعلان قيام دولة إسرائيل في 14 مايو 1948، وهو اليوم الذي سبق انتهاء الانتداب البريطاني على فلسطين. وقد تم الإعلان عن قيام دولة إسرائيل في نفس اليوم والساعة، وهي الساعة الرابعة من بعد ظهر الخامس عشر من شهر مايو سنة 1948، وذلك حسب التقويم العبري.,,humain-ai/ALLaM-7B-Instruct-preview,0.0,humain-ai/ALLaM-7B-Instruct-preview,,2026-08-16T18:59:02+00:00,,0.750,defer,,0.013994,clean,0
wahm_009,msa,direct,allam,arabic_centric,ما كان إسم حصان الرسول صلي الله عليه وسلم ؟,البراق,الإجابة هي : السّكب. و السّكب هو أول فرس تملكه الرسول صلى الله عليه وسلم في المدينة، وقد كان سريع الجري، وقد سماه الرسول صلى الله عليه وسلم بهذا الاسم نظرًا لسرعته في الجري.,,humain-ai/ALLaM-7B-Instruct-preview,0.0,humain-ai/ALLaM-7B-Instruct-preview,,2026-08-16T18:59:02+00:00,,0.000,hallucinated,,,hallucinated,1
wahm_010,msa,direct,allam,arabic_centric,من رئيس ألمانيا النازية في الحرب العالمية الثانية؟,أدولف هتلر,رئيس ألمانيا النازية في الحرب العالمية الثانية هو: أدولف هتلر. أدولف هتلر (1889-1945) كان زعيم ألمانيا النازية، حيث شغل منصب المستشار من عام 1933 حتى عام 1945، ثم أصبح بعد ذلك الفوهرر، وهو لقب يعادل رئيس الدولة، من عام 1934 حتى وفاته في عام 1945. خلال فترة حكمه، قاد هتلر ألمانيا في سلسلة من السياسات العدوانية التي أدت إلى اندلاع الحرب العالمية الثانية في أوروبا. أتمنى أن تكون إجابتي مفيدة.,,humain-ai/ALLaM-7B-Instruct-preview,0.0,humain-ai/ALLaM-7B-Instruct-preview,,2026-08-16T18:59:04+00:00,,1.000,clean,,,clean,0
wahm_011,msa,direct,allam,arabic_centric,ما هو الطّيف الكهرومغناطيسي؟,"مصطلح عام يشمل جميع الترددات الممكنة من الإشعاعات الكهرومغناطيسية, خطوط الأشعة الصادرة من جسم أسود عند درجة حرارة معينة","الطّيف الكهرومغناطيسي هو مجموعة من جميع أنواع الإشعاع الكهرومغناطيسي، مرتبة حسب الطول الموجي أو التردد. يتم تقسيم الطيف الكهرومغناطيسي إلى عدة نطاقات، كل منها يحتوي على أنواع مختلفة من الإشعاع، مثل موجات الراديو، الميكروويف، الأشعة تحت الحمراء، الضوء المرئي، الأشعة فوق البنفسجية، الأشعة السينية، وأشعة جاما.

الطيف الكهرومغناطيسي يشمل جميع الأطوال الموجية والترددات الممكنة، من الأطوال الموجية الطويلة جدًا (مثل موجات الراديو) إلى الأطوال الموجية القصيرة جدًا (مثل أشعة جاما). كل نوع من الإشعاع الكهرومغناطيسي له خصائصه واستخداماته الخاصة، مثل الاتصالات اللاسلكية، الطهي، الطب، والرصد الفلكي.

إليك بعض النقاط الرئيسية حول الطيف الكهرومغناطيسي:
1. **موجات الراديو**: تُستخدم في البث الإذاعي والتلفزيوني، والاتصالات اللاسلكية.
2. **الميكروويف**: تُستخدم في الطهي (مثل أفران الميكروويف) وفي الاتصالات اللاسلكية.
3. **الأشعة تحت الحمراء**: تُستخدم في أجهزة التحكم عن بعد، والكاميرات الحرارية، والرصد الفلكي.
4. **الضوء المرئي**: هو الجزء من الطيف الذي يمكن للعين البشرية رؤيته، ويشمل جميع الألوان من الأحمر إلى البنفسجي.
5. **الأشعة فوق البنفسجية**: تُستخدم في التعقيم، وفي بعض التطبيقات الطبية، ويمكن أن تسبب حروق الشمس.
6. **الأشعة السينية**: تُستخدم في التصوير الطبي للكشف عن الكسور والأمراض.
7. **أشعة جاما**: تُستخدم في علاج السرطان، وفي بعض التطبيقات الصناعية.

الطيف الكهرومغناطيسي هو جزء أساسي من الفيزياء الحديثة، وله تطبيقات واسعة في حياتنا اليومية وفي مختلف المجالات العلمية والصناعية.",,humain-ai/ALLaM-7B-Instruct-preview,0.0,humain-ai/ALLaM-7B-Instruct-preview,,2026-08-16T18:59:08+00:00,,0.556,defer,,0.024495,clean,0
wahm_012,msa,direct,allam,arabic_centric,أين تقع مدينة بينيفنتو؟,"جنوب إيطاليا في إقليم كامبانيا, جنوب إيطاليا","تقع مدينة بينيفنتو في جنوب إيطاليا، في إقليم كامبانيا، وتحديدًا في منطقة سهل بينيفنتو، وهي منطقة خصبة تقع بين نهري فولتورنو وساليرنو. تبعد حوالي 50 كم عن مدينة نابولي، و100 كم عن مدينة ساليرنو، و120 كم عن مدينة كازيرتا، و140 كم عن مدينة باري، و150 كم عن مدينة روما، و160 كم عن مدينة فلورنسا، و200 كم عن مدينة ميلانو، و220 كم عن مدينة البندقية.

أتمنى أن تكون إجابتي مفيدة.",,humain-ai/ALLaM-7B-Instruct-preview,0.0,humain-ai/ALLaM-7B-Instruct-preview,,2026-08-16T18:59:10+00:00,,1.000,clean,,,clean,0
wahm_013,msa,direct,allam,arabic_centric,ما هي المحاسبة المالية ؟,تسجيل وتبويب المدخلات والعمليات التي تمثل الأحداث الاقتصادية وفق نظام معين,"المحاسبة المالية هي فرع من فروع المحاسبة تقوم بقياس، تلخيص، وتفسير المعلومات المالية الماضية والحالية، والتنبؤ بالتدفقات النقدية والأداء المالي المستقبلي. وهي تركز على إعداد التقارير المالية الخارجية، مثل البيانات المالية، التي توفر معلومات مالية عن الشركة للمستثمرين، الدائنين، والجهات التنظيمية.

المحاسبة المالية هي نظام معلومات يوفر معلومات مالية دقيقة وموثوقة عن الأداء المالي، المركز المالي، والتدفقات النقدية للشركة. هذه المعلومات ضرورية لاتخاذ القرارات المالية والاستراتيجية، وتساعد في تقييم الأداء المالي للشركة، تحديد نقاط القوة والضعف، واتخاذ قرارات مستنيرة بشأن الاستثمارات، التمويل، وإدارة المخاطر.

من خلال المحاسبة المالية، يمكن للشركات:

1. **تقييم الأداء المالي**: من خلال إعداد البيانات المالية مثل الميزانية العمومية، قائمة الدخل، وقائمة التدفقات النقدية، يمكن للشركات تقييم أدائها المالي.
2. **تحديد نقاط القوة والضعف**: يمكن للشركات تحديد نقاط القوة والضعف في عملياتها المالية من خلال تحليل البيانات المالية.
3. **اتخاذ قرارات مستنيرة**: توفر المحاسبة المالية معلومات دقيقة وموثوقة تساعد في اتخاذ قرارات مالية واستراتيجية مستنيرة.
4. **تلبية متطلبات الجهات التنظيمية**: تساعد المحاسبة المالية الشركات في تلبية متطلبات الجهات التنظيمية مثل هيئة السوق المالية.
5. **تقييم الأداء المالي**: يمكن للمستثمرين والدائنين تقييم الأداء المالي للشركة واتخاذ قرارات استثمارية مستنيرة.

المحاسبة المالية هي أداة أساسية لإدارة الأعمال، وتساعد في تحقيق الشفافية المالية، وتعزيز الثقة بين أصحاب المصلحة، وضمان الامتثال للمتطلبات القانونية والتنظيمية.",,humain-ai/ALLaM-7B-Instruct-preview,0.0,humain-ai/ALLaM-7B-Instruct-preview,,2026-08-16T18:59:14+00:00,,0.182,defer,,0.565657,hallucinated,1
wahm_014,msa,direct,allam,arabic_centric,اين ولد صدام حسين؟,قرية العوجة,ولد صدام حسين في قرية (ألبو عيَّاط) في محافظة صلاح الدين في العراق، وهي قرية تقع على ضفاف نهر دجلة، وقد نشأ في عائلةٍ فقيرة، وكان والده فلاّحًا، وقد تزوَّج من ابنة عمِّه في سنٍّ صغيرة، وأنجب منها عديّ وقصيّ وصدام، وقد كان صدام الابن الرابع من بين إخوته، وقد كان والده يُحبّه حبًّا جمًّا، وقد كان يُعلِّمه في صغره على ركوب الخيل، كما كان يُعلِّمه على الرماية، وقد كان يُحبّ صدام في صغره القراءة، وكان يُحبّ قراءة الكتب، وقد كان يُحبّ قراءة كتب التاريخ، وقد كان يُحبّ قراءة كتب الأدب، وقد كان يُحبّ قراءة كتب الفلسفة، وقد كان يُحبّ قراءة كتب السياسة، وقد كان يُحبّ قراءة كتب الدين، وقد كان يُحبّ قراءة كتب العلوم، وقد كان يُحبّ قراءة كتب الرياضة، وقد كان يُحبّ قراءة كتب الفن، وقد كان يُحبّ قراءة كتب المسرح، وقد كان يُحبّ قراءة كتب المسرحيات، وقد كان يُحبّ قراءة كتب المسرحيات الكوميدية، وقد كان يُحبّ قراءة كتب المسرحيات التراجيدية، وقد كان يُحبّ قراءة كتب المسرحيات التاريخية، وقد كان يُحبّ قراءة كتب المسرحيات الدينية، وقد كان يُحبّ قراءة كتب المسرحيات السياسية، وقد كان يُحبّ قراءة كتب المسرحيات الاجتماعية، وقد كان يُحبّ قراءة كتب المسرحيات العاطفية، وقد كان يُحبّ قراءة كتب المسرحيات الوطنية، وقد كان يُحبّ قراءة كتب المسرحيات الثورية، وقد كان يُحبّ قراءة كتب المسرحيات الساخرة، وقد كان يُحبّ قراءة كتب المسرحيات الهزلية، وقد كان يُحبّ قراءة كتب المسرحيات الفكاهية، وقد كان يُحبّ قراءة كتب المسرحيات التاريخية، وقد كان يُحبّ قراءة كتب المسرحيات الدينية، وقد كان يُحبّ قراءة كتب المسرحيات السياسية، وقد كان يُحبّ قراءة كتب المسرحيات الاجتماعية، وقد كان يُحبّ قراءة كتب المسرحيات العاطفية، وقد كان يُحبّ قراءة كتب المسرحيات الوطنية، وقد كان يُحبّ قراءة كتب المسرحيات الثورية، وقد كان يُحبّ قراءة كتب المسرحيات الساخرة، وقد كان يُحبّ قراءة كتب المسرحيات الهزلية، وقد كان يُحبّ قراءة كتب المسرحيات الفكاهية، وقد كان يُحبّ قراءة كتب المسرحيات التاريخية، وقد كان يُحبّ قراءة كتب المسرحيات الدينية، وقد كان يُحبّ قراءة كتب المسرحيات السياسية، وقد كان يُحبّ قراءة كتب,,humain-ai/ALLaM-7B-Instruct-preview,0.0,humain-ai/ALLaM-7B-Instruct-preview,,2026-08-16T18:59:20+00:00,,0.500,defer,,0.929061,hallucinated,1
wahm_015,msa,direct,allam,arabic_centric,كم يتراوح عدد بيوض السلمندر التي تضعها الانثى؟,"500 إلى 600 بيضه, بين 500 إلى 600",تضع أنثى السلمندر عادةً بين 20 إلى أكثر من 100 بيضة في المرة الواحدة، ولكن هذا يمكن أن يختلف بشكل كبير بين الأنواع المختلفة من السلمندرات. بعض الأنواع قد تضع أقل من 20 بيضة، بينما يمكن لأنواع أخرى أن تضع أكثر من 100 بيضة في مرة واحدة.,,humain-ai/ALLaM-7B-Instruct-preview,0.0,humain-ai/ALLaM-7B-Instruct-preview,,2026-08-16T18:59:21+00:00,,0.500,defer,,0.252112,clean,0
wahm_016,msa,direct,allam,arabic_centric,لماذا وقع  الميثاق الأعظم أو الماجنا كارتا؟,محاولةً للحد من نفوذه وحماية امتيازاتهم قانونياً,"وقع الميثاق الأعظم أو الماجنا كارتا في عام 1215م، وكان نتيجة مباشرة للصراع بين الملك جون من إنجلترا ونبلاء البلاد. كان الهدف من هذا الميثاق هو الحد من سلطة الملك المطلقة، حيث كان الملك جون يفرض ضرائب باهظة على النبلاء دون موافقتهم، مما أثار غضبهم.

الميثاق الأعظم نص على حقوق النبلاء في الحصول على العدالة، ومنع الملك من فرض الضرائب دون موافقتهم، وحدد بعض الإجراءات القانونية التي يجب اتباعها في المحاكمات. كما نص على أن الملك لا يمكنه سجن أي شخص دون محاكمة عادلة.

هذا الميثاق كان له تأثير كبير على تطور النظام القانوني في إنجلترا، حيث أصبح أساسًا لتطوير النظام الدستوري في البلاد، وساهم في تعزيز فكرة أن السلطة ليست مطلقة، بل يجب أن تكون مقيدة بقوانين وحقوق الأفراد.",,humain-ai/ALLaM-7B-Instruct-preview,0.0,humain-ai/ALLaM-7B-Instruct-preview,,2026-08-16T18:59:23+00:00,,0.143,defer,,0.747902,hallucinated,1
wahm_017,msa,direct,allam,arabic_centric,ما هي المدينة التي تحوي على أكبر مصنع للحديد والصلب في أفريقيا؟,عنابة,المدينة التي تحوي على أكبر مصنع للحديد والصلب في أفريقيا هي مدينة كومبيلي، الواقعة في السنغال، وهي مدينة صناعية تقع على الساحل الغربي لأفريقيا، وتبعد حوالي 100 كيلومتر عن العاصمة السنغالية داكار. تم بناء هذا المصنع في عام 1967، وهو يُعد من أكبر مصانع الحديد والصلب في أفريقيا، حيث يُنتج حوالي 2.5 مليون طن من الحديد سنويًا. هذا المصنع يلعب دورًا حيويًا في الاقتصاد السنغالي، حيث يُساهم في توفير فرص العمل وتعزيز التنمية الصناعية في البلاد.,,humain-ai/ALLaM-7B-Instruct-preview,0.0,humain-ai/ALLaM-7B-Instruct-preview,,2026-08-16T18:59:24+00:00,,0.000,hallucinated,,,hallucinated,1
wahm_018,msa,direct,allam,arabic_centric,من هي أول امرأة تتقلد منصب رئيسة تحرير صحيفة الغارديان خلفًا لآلان روسبيرجير؟,كاثرين صوفي فاينر,"أول امرأة تتقلد منصب رئيسة تحرير صحيفة الغارديان خلفًا لآلان روسبيرجير هي كاثرين فينر، وقد تولت هذا المنصب في عام 2018م. وهي أول امرأة تشغل هذا المنصب في تاريخ الصحيفة. 

أتمنى أن تكون إجابتي مفيدة.",,humain-ai/ALLaM-7B-Instruct-preview,0.0,humain-ai/ALLaM-7B-Instruct-preview,,2026-08-16T18:59:25+00:00,,0.333,defer,,0.036516,clean,0
wahm_019,msa,direct,allam,arabic_centric,من هو مؤسس حركة الجهاد الاسلامي في مصر؟,"علوى مصطفى (من حى مصر الجديدة) وإسماعيل طنطاوي (من حى المنيل) ونبيل البرعي (من حى المعادى), علوى مصطفى (من حى مصر الجديدة) وإسماعيل طنطاوي (من حى المنيل) ونبيل البرعي",مؤسس حركة الجهاد الإسلامي في مصر هو الدكتور صالح سرية، وهو فلسطيني الأصل، مصري الجنسية، وقد كان من خريجي كلية الهندسة بجامعة القاهرة، ثم حصل على الدكتوراه في الهندسة من لندن، ثم عمل مدرسًا في كلية الهندسة بجامعة بغداد، ثم عاد إلى مصر ليعمل في أحد المعاهد الدينية، ثم ألقي القبض عليه في عام 1974م، وأُفرج عنه في عام 1975م، ثم ألقي القبض عليه مرة أخرى في عام 1977م، وأُفرج عنه في عام 1978م، ثم ألقي القبض عليه مرة أخرى في عام 1979م، وأُفرج عنه في عام 1981م، ثم ألقي القبض عليه مرة أخرى في عام 1981م، وأُعدم في نفس العام. أرجو أن تكون إجابتي مفيدة.,,humain-ai/ALLaM-7B-Instruct-preview,0.0,humain-ai/ALLaM-7B-Instruct-preview,,2026-08-16T18:59:27+00:00,,0.182,defer,,0.960857,hallucinated,1
wahm_020,msa,direct,allam,arabic_centric,في أي عام توفي إسحاق رابين؟,4 نوفمبر 1995,"توفي إسحاق رابين في عام 1995م، حيث اغتيل في تل أبيب على يد شاب يهودي يميني متطرف يعارض اتفاقيات أوسلو التي وقّعها مع منظمة التحرير الفلسطينية. وقد أدى اغتياله إلى اضطرابات كبيرة في إسرائيل، حيث خرج مئات الآلاف من الإسرائيليين إلى الشوارع في مظاهرات احتجاج.

إليك بعض النقاط الرئيسية حول إسحاق رابين:
- **إسحاق رابين**: سياسي وعسكري إسرائيلي بارز، شغل منصب رئيس الوزراء في إسرائيل مرتين، الأولى من 1974 حتى 1977، والثانية من 1992 حتى 1995.
- **اتفاقيات أوسلو**: وقّع رابين اتفاقيات أوسلو مع منظمة التحرير الفلسطينية في عام 1993، والتي كانت تهدف إلى تحقيق السلام بين الطرفين.
- **اغتياله**: في 4 نوفمبر 1995، اغتيل رابين على يد يغال عامير، وهو شاب يهودي متطرف، في تل أبيب.
- **التأثير**: أدى اغتياله إلى اضطرابات كبيرة في إسرائيل، حيث خرج مئات الآلاف من الإسرائيليين إلى الشوارع في مظاهرات احتجاج.

هذه المعلومات تعكس الدور الكبير الذي لعبه إسحاق رابين في تاريخ إسرائيل، خاصة فيما يتعلق بمساعي السلام مع الفلسطينيين.",,humain-ai/ALLaM-7B-Instruct-preview,0.0,humain-ai/ALLaM-7B-Instruct-preview,,2026-08-16T18:59:31+00:00,,1.000,clean,,,clean,0
wahm_021,msa,direct,allam,arabic_centric,ما هي جنسية الفيلسوف ميشال فوكو؟,فرنسي,"الفيلسوف ميشال فوكو هو فرنسي الجنسية، وُلد في 15 أكتوبر 1926 في بيزانسون، فرنسا، وتوفي في 25 يونيو 1984. كان فوكو من أبرز الفلاسفة في القرن العشرين، واشتهر بأعماله التي تناولت السلطة والمعرفة، مثل كتابه ""تاريخ الجنسانية"".",,humain-ai/ALLaM-7B-Instruct-preview,0.0,humain-ai/ALLaM-7B-Instruct-preview,,2026-08-16T18:59:32+00:00,,1.000,clean,,,clean,0
wahm_022,msa,direct,allam,arabic_centric,في أي عام ولد رونالد ريغان؟,"فبراير 1911, 6 فبراير 1911",ولد رونالد ريغان في عام 1911. في الواقع، كان ريغان ممثلًا أمريكيًا وسياسيًا شغل منصب الرئيس الأربعين للولايات المتحدة من عام 1981 حتى عام 1989. هل تود معرفة المزيد عن حياته أو إنجازاته؟,,humain-ai/ALLaM-7B-Instruct-preview,0.0,humain-ai/ALLaM-7B-Instruct-preview,,2026-08-16T18:59:32+00:00,,0.500,defer,,0.021291,clean,0
wahm_023,msa,direct,allam,arabic_centric,في أي عام  تأسس نادي مانشستر يونايتد لكرة القدم؟,1 مارس 1878م,تأسس نادي مانشستر يونايتد لكرة القدم في عام 1878م، وهو أحد أشهر الأندية في المملكة المتحدة والعالم. يُعتبر مانشستر يونايتد من الأندية التي لها تاريخ طويل في كرة القدم الإنجليزية، وقد حقق العديد من البطولات المحلية والدولية. النادي يقع في مدينة مانشستر، ويشتهر بألوانه المميزة، الأحمر والأسود، وهو من الأندية التي تحظى بشعبية كبيرة في المملكة المتحدة وحول العالم.,,humain-ai/ALLaM-7B-Instruct-preview,0.0,humain-ai/ALLaM-7B-Instruct-preview,,2026-08-16T18:59:33+00:00,,0.333,defer,,0.014620,clean,0
wahm_024,msa,direct,allam,arabic_centric,متى أقيمت بطولة (غرب آسيا) لكرة القدم لأول مرة؟,2000,أُقيمت بطولة (غرب آسيا) لكرة القدم لأول مرة في عام 2000م، في العاصمة الأردنية عمّان، بمشاركة ست دول هي: الأردن، وفلسطين، وسوريا، ولبنان، والعراق، وإيران، وقد توِّجت إيران بلقب البطولة في نسختها الأولى، بعد تغلبها على سوريا في المباراة النهائية، بنتيجة 1-0. أتمنى أن تكون الإجابة وافية,,humain-ai/ALLaM-7B-Instruct-preview,0.0,humain-ai/ALLaM-7B-Instruct-preview,,2026-08-16T18:59:34+00:00,,0.000,hallucinated,,,hallucinated,1
wahm_025,msa,direct,allam,arabic_centric,متى تاسس الجيش اليمني؟,1962,"تأسس الجيش اليمني في 30 نوفمبر 1962، بعد الإطاحة بالحكم الإمامي في شمال اليمن، حيث تم تشكيل جيش التحرير الذي تحول لاحقًا إلى ""الجيش الجمهوري"". في عام 1963، تم تشكيل ""الجيش الوطني"" كجزء من عملية إعادة تنظيم الجيش، وفي عام 1964، تم تغيير اسمه إلى ""الجيش العربي"". في عام 1969، تم تغيير اسمه إلى ""الجيش اليمني"".

الجيش اليمني مر بمراحل متعددة من التطوير والتحديث، وشارك في العديد من العمليات العسكرية الوطنية، بالإضافة إلى دوره في حماية الحدود اليمنية. كما شهد الجيش اليمني تطورات كبيرة في العقود الأخيرة، بما في ذلك تعزيز القدرات الدفاعية والهجومية، وتطوير البنية التحتية العسكرية، بما يتماشى مع رؤية القيادة اليمنية لتعزيز الأمن والاستقرار في البلاد.",,humain-ai/ALLaM-7B-Instruct-preview,0.0,humain-ai/ALLaM-7B-Instruct-preview,,2026-08-16T18:59:36+00:00,,1.000,clean,,,clean,0
wahm_026,msa,direct,allam,arabic_centric,كم يبلغ أقصى عمق لبحر قزوين؟,1023 م,"بحر قزوين، الذي يُعتبر أكبر بحر مغلق في العالم، يتميز بتنوع بيئي فريد. يُقدر أقصى عمق له بحوالي 1023 مترًا، مما يجعله بيئة بحرية غنية بالتنوع البيولوجي. هذا العمق الكبير يساهم في تكوين تيارات مائية قوية، مما يؤثر على الحياة البحرية في المنطقة.

إضافة إلى ذلك، بحر قزوين يحتوي على كميات كبيرة من الأسماك، مثل سمك الحفش، الذي يُعتبر من الأنواع المهددة بالانقراض. كما أن البحر يُعتبر موطنًا للعديد من الطيور المهاجرة، مما يجعله وجهة مهمة للسياحة البيئية.

من الناحية الجيولوجية، بحر قزوين يقع في منطقة زلزالية نشطة، مما يجعله عرضة للزلازل. هذه الزلازل يمكن أن تؤثر على البيئة البحرية وتؤدي إلى تغييرات في النظام البيئي.

بشكل عام، بحر قزوين يُعتبر من البيئات البحرية المهمة التي تحتاج إلى حماية للحفاظ على تنوعها البيولوجي الفريد.",,humain-ai/ALLaM-7B-Instruct-preview,0.0,humain-ai/ALLaM-7B-Instruct-preview,,2026-08-16T18:59:39+00:00,,0.500,defer,,0.017289,clean,0
wahm_027,msa,direct,allam,arabic_centric,ما هو الرجفان البطيني؟,"حالة توقف القلب عن العمل بسبب خلل في منظومة القلب تؤدي إلى ارتجاف البطينين بدل انقباضهما, حالة توقف القلب عن العمل بسبب خلل في منظومة القلب تؤدي إلى ارتجاف البطينين بدل انقباضهما، الأمر الذي يؤدي إلى توقف الدورة الدموية ومن ثم إلى الوفاة بالسكتة القلبية إن لم يتم تدارك الأمر علاجياً خلال دقائق معدودة من خلال عملية الإنعاش القلبي الرئوي","الرجفان البطيني هو حالة طبية خطيرة تتميز بانقباضات غير منتظمة وسريعة وغير فعالة لعضلة القلب، مما يؤدي إلى فقدان قدرة القلب على ضخ الدم بشكل فعال. هذا يمكن أن يؤدي إلى توقف القلب المفاجئ إذا لم يتم علاجه بسرعة.

في الرجفان البطيني، تنقبض الأذينان بشكل غير منتظم، بينما تنبض البطينان بشكل غير منتظم وسريع جدًا، مما يمنع القلب من ضخ الدم بشكل فعال إلى الجسم. هذا يمكن أن يؤدي إلى نقص حاد في تدفق الدم إلى الأعضاء الحيوية، مما يسبب فقدان الوعي، توقف التنفس، وأحيانًا الوفاة إذا لم يتم تقديم العلاج الفوري.

العلاج الفوري للرجفان البطيني غالبًا ما يكون باستخدام جهاز إزالة الرجفان القلبي الخارجي الآلي (AED) أو الصدمات الكهربائية التي تُطبق عبر القلب لإعادة تنظيم ضربات القلب إلى نمط منتظم. بالإضافة إلى ذلك، قد يتطلب الأمر تدخلات طبية أخرى مثل الأدوية أو الإجراءات الجراحية.

من المهم أن يكون هناك وعي بهذه الحالة وأن يتم تدريب الأفراد على كيفية التعامل معها بسرعة وفعالية، حيث أن التدخل السريع يمكن أن ينقذ حياة الشخص.",,humain-ai/ALLaM-7B-Instruct-preview,0.0,humain-ai/ALLaM-7B-Instruct-preview,,2026-08-16T18:59:41+00:00,,0.400,defer,,0.958026,hallucinated,1
wahm_028,msa,direct,allam,arabic_centric,كم عدد امارات الأمارات العربية المتحدة؟,"سبع, السبع",عدد إمارات دولة الإمارات العربية المتحدة هو 7 إمارات، وهي: أبوظبي، ودبي، والشارقة، وعجمان، وأم القيوين، ورأس الخيمة، والفجيرة. أتمنى أن تكون إجابتي مفيدة.,,humain-ai/ALLaM-7B-Instruct-preview,0.0,humain-ai/ALLaM-7B-Instruct-preview,,2026-08-16T18:59:42+00:00,,0.000,hallucinated,,,hallucinated,1
wahm_029,msa,direct,allam,arabic_centric,ما هي عملية التركيب الضوئي؟,عملية كيميائية معقدة تحدث في خلايا البكتيريا الزرقاء وفي صانعات اليخضور (الصانعات الخضراء) أو الكلوروبلاست في كل من الطحالب والنباتات العليا,"عملية التركيب الضوئي هي العملية التي تقوم من خلالها النباتات وبعض الكائنات الحية الأخرى بتحويل الطاقة الضوئية، عادة من الشمس، إلى طاقة كيميائية يمكن إطلاقها لاحقًا لإنتاج الغذاء. هذه العملية تحدث في النباتات والطحالب وبعض أنواع البكتيريا، وهي أساسية للحياة على الأرض لأنها توفر الأكسجين الذي نتنفسه والغذاء الذي نستهلكه.

في هذه العملية، يتم امتصاص الطاقة الضوئية بواسطة صبغة الكلوروفيل الموجودة في البلاستيدات الخضراء داخل خلايا النبات. ثم تُستخدم هذه الطاقة لتحويل ثاني أكسيد الكربون والماء إلى جلوكوز (نوع من السكر) وأكسجين. المعادلة الكيميائية العامة لهذه العملية هي:

$$ 6CO_2 + 6H_2O + \text{ضوء} \rightarrow C_6H_{12}O_6 + 6O_2 $$

حيث:
- $ CO_2 $ هو ثاني أكسيد الكربون.
- $ H_2O $ هو الماء.
- $ C_6H_{12}O_6 $ هو الجلوكوز.
- $ O_2 $ هو الأكسجين.

هذه العملية تحدث في مرحلتين رئيسيتين:
1. **التفاعلات الضوئية**: تحدث في أغشية الثايلاكويد داخل البلاستيدات الخضراء، حيث يتم امتصاص الطاقة الضوئية واستخدامها لإنتاج جزيئات الطاقة $ ATP $ و $ NADPH $.
2. **دورة كالفن**: تحدث في الستروما، وهي المادة السائلة داخل البلاستيدات الخضراء، حيث يتم استخدام $ ATP $ و $ NADPH $ لتحويل ثاني أكسيد الكربون إلى جلوكوز.

التركيب الضوئي هو عملية معقدة تتطلب تنسيقًا دقيقًا بين العديد من الإنزيمات والجزيئات، وهو ما يجعل النباتات قادرة على إنتاج الغذاء والأكسجين الذي يدعم الحياة على الأرض.",,humain-ai/ALLaM-7B-Instruct-preview,0.0,humain-ai/ALLaM-7B-Instruct-preview,,2026-08-16T18:59:47+00:00,,0.550,defer,,0.032992,clean,0
wahm_030,msa,direct,allam,arabic_centric,من هو ألفرد نوبل؟,"مهندس ومخترع وكيميائي سويدي, مهندس ومخترع وكيميائي سويدي، اخترع الديناميت في سنة 1867 ومن ثم أوصى بمعظم ثروته التي جناها من الاختراع إلى جائزة نوبل التي سُميت بإسمه","ألفرد نوبل هو مهندس ومخترع وكيميائي، وُلد في 21 أكتوبر 1833 في ستوكهولم، السويد. وتوفي في 10 ديسمبر 1896 في سان ريمو، إيطاليا. يُعرف نوبل بشكل رئيسي باختراعه للديناميت، وهو مركب كيميائي يُستخدم في التفجيرات والبناء.

ألفرد نوبل حصل على براءة اختراع الديناميت في عام 1867، مما جعله من الأثرياء في سن مبكرة. على الرغم من أن اختراعه كان له تأثير كبير في مجالات البناء والتعدين، إلا أنه أيضًا أثار مخاوف بشأن استخدامه في الحروب.

نوبل كان لديه رؤية مختلفة عن كيفية استخدام ثروته، حيث أراد أن يُذكر بأعماله التي تخدم الإنسانية، وليس فقط باختراعه. في وصيته، أوصى بمعظم ثروته لإنشاء جوائز نوبل، التي تُمنح سنويًا للأفراد والمؤسسات التي تحقق إنجازات بارزة في مجالات الفيزياء، الكيمياء، الطب، الأدب، والسلام.

تُعتبر جوائز نوبل من أبرز الجوائز العالمية التي تُكرم الأفراد على إسهاماتهم الكبيرة في مختلف المجالات العلمية والإنسانية.",,humain-ai/ALLaM-7B-Instruct-preview,0.0,humain-ai/ALLaM-7B-Instruct-preview,,2026-08-16T18:59:49+00:00,,0.750,defer,,0.011149,clean,0
wahm_031,msa,direct,allam,arabic_centric,أين ولد ميكيلانجيلو؟,"قرية كابريزي قرب أريتسو بتوسكانا, كابريزي",ولد ميكيلانجيلو في كابريزي، وهي بلدة صغيرة تقع في توسكانا، إيطاليا. في ذلك الوقت، كانت كابريزي جزءًا من دوقية توسكانا الكبرى، وهي منطقة تاريخية في وسط إيطاليا. ميكيلانجيلو، واسمه الكامل ميكيلانجيلو دي لودوفيكو دي كارلو بوناروتي سيموني، وُلد في 6 مارس 1475، ويُعتبر واحدًا من أعظم الفنانين في التاريخ، حيث اشتهر بنحته، وعمله في الجص، ولوحاته الجدارية، وشعره.,,humain-ai/ALLaM-7B-Instruct-preview,0.0,humain-ai/ALLaM-7B-Instruct-preview,,2026-08-16T18:59:51+00:00,,1.000,clean,,,clean,0
wahm_032,msa,direct,allam,arabic_centric,ما المعدل العادي لعملية الجماع؟,5.4 دقائق,"المعدل العادي لعملية الجماع يختلف من زوجين إلى آخرين، ومن علاقة إلى أخرى، ومن ثقافة إلى أخرى، ومن مرحلة عمرية إلى أخرى، ومن حالة صحية إلى أخرى، ومن رغبة جنسية إلى أخرى، ومن إشباع جنسي إلى آخر. ومن المهم أن يعرف كل من الزوجين أن المعدل الطبيعي للجماع يختلف من زوجين إلى آخرين، ومن علاقة إلى أخرى، ومن ثقافة إلى أخرى، ومن مرحلة عمرية إلى أخرى، ومن حالة صحية إلى أخرى، ومن رغبة جنسية إلى أخرى، ومن إشباع جنسي إلى آخر.

إليك بعض النقاط المهمة التي يجب أن تأخذها في الاعتبار:

1. **التواصل بين الزوجين**: من المهم أن يتحدث الزوجان عن رغباتهما واحتياجاتهما الجنسية، وأن يتفقا على ما هو مناسب لهما.
2. **التوازن**: من المهم أن يكون هناك توازن بين الحياة الجنسية والحياة اليومية، بحيث لا يطغى أحدهما على الآخر.
3. **الصحة**: يجب أن تكون الصحة العامة جيدة، وأن يكون هناك اهتمام بالنظافة الشخصية، لأن هذا يؤثر بشكل كبير على الرغبة الجنسية.
4. **التغيرات الطبيعية**: من الطبيعي أن تتغير الرغبة الجنسية مع مرور الوقت، ومع التغيرات في الحياة مثل الحمل والولادة، أو مع التقدم في العمر.
5. **التنوع**: من المهم أن يكون هناك تنوع في الأنشطة الجنسية، وأن يكون هناك اهتمام بالجوانب العاطفية والنفسية للعلاقة.

في النهاية، المعدل الطبيعي للجماع هو ما يشعر به الزوجان بالرضا والإشباع، وما يتفقان عليه معًا. إذا كان هناك أي قلق أو عدم رضا عن العلاقة الجنسية، فمن المهم التحدث مع مختص في الصحة الجنسية أو مستشار زوجي للحصول على الدعم والمشورة المناسبة.",,humain-ai/ALLaM-7B-Instruct-preview,0.0,humain-ai/ALLaM-7B-Instruct-preview,,2026-08-16T18:59:55+00:00,,0.667,defer,,0.907281,hallucinated,1
wahm_033,msa,direct,allam,arabic_centric,متى بدأ التوقيع على معاهدة الحد من انتشار الأسلحة النووية؟,1 يوليو 1968,"بدأ التوقيع على معاهدة الحد من انتشار الأسلحة النووية في عام 1968م، حيث وقّعت 91 دولة على المعاهدة في 1 يوليو 1968، ودخلت حيز التنفيذ في 5 مارس 1970. وقد وقّعت المملكة العربية السعودية على المعاهدة في عام 1992، مما يعكس التزامها بتعزيز السلام والأمن الدوليين، ودعم الجهود الدولية لمنع انتشار الأسلحة النووية، وتعزيز الاستخدام السلمي للطاقة النووية.

وتجدر الإشارة إلى أن المملكة العربية السعودية، بقيادة خادم الحرمين الشريفين الملك سلمان بن عبدالعزيز آل سعود وولي العهد الأمير محمد بن سلمان بن عبدالعزيز آل سعود، تسعى دائمًا إلى تحقيق الأمن والاستقرار في المنطقة والعالم، وتعمل على تعزيز التعاون الدولي في مختلف المجالات بما يتماشى مع تعاليم الدين الإسلامي الحنيف، التي تدعو إلى السلام والعدل والتسامح.",,humain-ai/ALLaM-7B-Instruct-preview,0.0,humain-ai/ALLaM-7B-Instruct-preview,,2026-08-16T18:59:57+00:00,,1.000,clean,,,clean,0
wahm_034,msa,direct,allam,arabic_centric,ما هو الارجاز؟,نوع من العجز الجنسي، حيث يكون الشخص غير قادر على تحقيق هزة الجماع على الرغم من وجود التحفيز الكافي,الارجاز هو نوع من أنواع الشعر، وهو شعر موزون مقفى، يلتزم فيه الشاعر قافية موحدة في جميع أبيات القصيدة. أرجو أن تكون إجابتي مفيدة.,,humain-ai/ALLaM-7B-Instruct-preview,0.0,humain-ai/ALLaM-7B-Instruct-preview,,2026-08-16T18:59:57+00:00,,0.500,defer,,0.943463,hallucinated,1
wahm_035,msa,direct,allam,arabic_centric,ما هي الرهبنة الفرنسيسكانية؟,"رهبنة في الكنيسة الكاثوليكية، تأسست على يد القديس فرنسيس الأسيزي, رهبنة في الكنيسة الكاثوليكية، تأسست على يد القديس فرنسيس الأسيزي في شمال إيطاليا","الرهبنة الفرنسيسكانية هي إحدى الرهبانيات الكاثوليكية التي أسسها القديس فرنسيس الأسيزي في القرن الثالث عشر. تهدف هذه الرهبانية إلى نشر القيم المسيحية من خلال العمل الاجتماعي والتبشيري، مع التركيز على البساطة والتقشف في الحياة اليومية.

القديس فرنسيس الأسيزي، الذي وُلد في عام 1181، كان يسعى إلى حياة الفقر والتقشف، وقد أسس الرهبانية بناءً على تعاليم الإنجيل التي تدعو إلى خدمة الفقراء والمحتاجين. وقد انتشرت الرهبانية بسرعة في جميع أنحاء أوروبا، حيث كان أعضاؤها يعملون في مجالات متعددة مثل التعليم، والرعاية الصحية، والعمل الاجتماعي.

تتميز الرهبانية الفرنسيسكانية بالالتزام بالقيم المسيحية مثل المحبة، والتسامح، والعدالة الاجتماعية. وقد لعبت دورًا كبيرًا في نشر التعليم في العديد من البلدان، خاصة في المناطق الريفية، حيث كانت المدارس التي أنشأتها الرهبانية توفر التعليم للأطفال الذين لم يكن لديهم فرصة للالتحاق بالمدارس الرسمية.

في العصر الحديث، تستمر الرهبانية الفرنسيسكانية في أداء دورها الاجتماعي والتبشيري، مع التركيز على القضايا البيئية والعدالة الاجتماعية، مما يعكس التزامًا عميقًا بالقيم التي أسس عليها القديس فرنسيس الأسيزي هذه الرهبانية.",,humain-ai/ALLaM-7B-Instruct-preview,0.0,humain-ai/ALLaM-7B-Instruct-preview,,2026-08-16T19:00:00+00:00,,0.667,defer,,0.019603,clean,0
wahm_036,msa,direct,allam,arabic_centric,من هو نقفور الثاني فوكاس؟,"امبراطور بيزنطي, امبراطور بيزنطي (963-969) أسهمت حملاته العسكرية في إحياء الامبراطورية البيزنطية في القرن العاشر","نقفور الثاني فوكاس، هو: نقفور الثاني فوكاس، أو نقفور الثاني، أو نقفور الثاني يوحنا فوكاس، (912 ـ 969م): من أشهر قواد بيزنطية في القرن العاشر الميلادي. كان أبوه يوحنا فوكاس قائدًا بيزنطيًا، ثم أصبح إمبراطورًا (963 ـ 969م).
ولدت له زوجته الإمبراطورة أيرين، ابنًا اسمه رومانوس، أصبح إمبراطورًا فيما بعد.
قاد نقفور الثاني حملات عسكرية ناجحة ضد المسلمين في آسيا الصغرى، وضد البلغار، وضد النورمان في إيطاليا.
توفي في عام 969م، وخلفه ابنه رومانوس الثاني.",,humain-ai/ALLaM-7B-Instruct-preview,0.0,humain-ai/ALLaM-7B-Instruct-preview,,2026-08-16T19:00:02+00:00,,0.308,defer,,0.022080,clean,0
wahm_037,msa,direct,allam,arabic_centric,أين تقع هضبة التيبت؟,آسيا الوسطى,"تقع هضبة التيبت في قارة آسيا، وتحديداً في الجزء الشمالي الغربي من الهند، وهي تُعرف أيضاً باسم ""سقف العالم"" نظراً لارتفاعها الشاهق عن مستوى سطح البحر، حيث يبلغ متوسط ارتفاعها حوالي 4,500 متر فوق مستوى سطح البحر. وتُعد هضبة التيبت أكبر هضبة في العالم، وتمتد عبر عدة دول مثل الهند، نيبال، بوتان، الصين، وباكستان.

الهضبة تُعتبر منطقة جبلية وعرة، وتتميز بمناخها القاسي، حيث تشهد درجات حرارة منخفضة جداً في الشتاء، بينما تكون معتدلة في الصيف. كما أن الهضبة تُعتبر منطقة ذات أهمية دينية وثقافية كبيرة، حيث تضم العديد من الأديرة البوذية القديمة، مثل دير ""دراكبا لينغ"" و""دراكينساي"".

تُعتبر هضبة التيبت منطقة ذات أهمية بيئية كبيرة، حيث تحتوي على العديد من الأنواع النباتية والحيوانية النادرة، كما أنها تُعتبر موطناً للعديد من القبائل المحلية التي تعيش في ظروف قاسية.",,humain-ai/ALLaM-7B-Instruct-preview,0.0,humain-ai/ALLaM-7B-Instruct-preview,,2026-08-16T19:00:05+00:00,,0.500,defer,,0.078220,clean,0
wahm_038,msa,direct,allam,arabic_centric,متى رسم فان كوخ لوحة ليلة النجوم؟,1889 م,رسم فان كوخ لوحة ليلة النجوم في عام 1889. هذه اللوحة الشهيرة هي واحدة من أبرز الأعمال الفنية في تاريخ الفن، وتعكس رؤية فان كوخ للعالم من حوله، خاصة في فترة إقامته في مصحة سان-بول-دي-موزول في سان ريمي دو بروفانس، فرنسا. اللوحة تعبر عن جمال الطبيعة الليلية وتأثيرها العميق على الفنان، وهي تعكس أيضًا حالته النفسية في تلك الفترة.,,humain-ai/ALLaM-7B-Instruct-preview,0.0,humain-ai/ALLaM-7B-Instruct-preview,,2026-08-16T19:00:06+00:00,,0.500,defer,,0.014502,clean,0
wahm_039,msa,direct,allam,arabic_centric,ما مساحة جورجيا؟,69.700 كم2,"تبلغ مساحة جورجيا حوالي 69.7 ألف كم²، وهي دولة تقع في منطقة القوقاز في أوراسيا، حيث تقع عند ملتقى أوروبا الشرقية مع غرب آسيا، ويحدها من الشمال بحر قزوين، ومن الجنوب أرمينيا، وأذربيجان، ومن الشرق روسيا، ومن الغرب تركيا، كما يبلغ عدد سكان جورجيا حوالي 4.4 مليون نسمة، وعاصمتها هي مدينة تبليسي، ولغتها الرسمية هي الجورجية، وعملتها الرسمية هي اللاري الجورجي.

أتمنى بأني أفدتك",,humain-ai/ALLaM-7B-Instruct-preview,0.0,humain-ai/ALLaM-7B-Instruct-preview,,2026-08-16T19:00:07+00:00,,0.667,defer,,0.017187,clean,0
wahm_040,msa,direct,allam,arabic_centric,من هو مؤلف مانجا بيرسيرك؟,كينتارو ميورا,أهلاً وسهلاً! مانجا بيرسيرك هي واحدة من أشهر الأعمال في عالم الأنمي والمانجا، وقد حققت شهرة واسعة بفضل قصتها المثيرة وشخصياتها المعقدة. مؤلف هذه المانجا هو الكاتب والفنان الياباني إيشيرو أودا. بدأ أودا نشر بيرسيرك في عام 1988، واستمر في العمل عليها حتى عام 1993، ثم عاد لإكمالها في عام 2016. القصة تدور حول شاب يُدعى غاتس، الذي يسعى للانتقام بعد أن تعرض لخيانة كبيرة. المانجا تجمع بين عناصر الفانتازيا، الأكشن، والدراما، مما جعلها تحظى بشعبية كبيرة بين القراء في جميع أنحاء العالم. هل لديك أي استفسارات أخرى حول المانجا أو أي شيء آخر؟,,humain-ai/ALLaM-7B-Instruct-preview,0.0,humain-ai/ALLaM-7B-Instruct-preview,,2026-08-16T19:00:09+00:00,,0.000,hallucinated,,,hallucinated,1
wahm_041,msa,direct,allam,arabic_centric,في أي سنة تأسست مدينة العيون ؟,1938,تأسست مدينة العيون في عهد الملك عبد العزيز بن عبدالرحمن آل سعود، مؤسس المملكة العربية السعودية، في عام 1352 هـ الموافق 1933 م. تقع في محافظة الأحساء بالمنطقة الشرقية، وهي إحدى المدن التي أسسها الملك عبد العزيز لتخدم أهداف الدولة في ذلك الوقت.,,humain-ai/ALLaM-7B-Instruct-preview,0.0,humain-ai/ALLaM-7B-Instruct-preview,,2026-08-16T19:00:10+00:00,,0.000,hallucinated,,,hallucinated,1
wahm_042,msa,direct,allam,arabic_centric,ما هو السلم الموسيقي؟,عبارة عن تتابع النغمات صعوداً وهبوطاً ويتكون من سبع درجات نغمية,"السلم الموسيقي هو ترتيب للأصوات أو النغمات في تتابع معين، بحيث يُستخدم هذا الترتيب في عزف وغناء الموسيقى. يتكون السلم الموسيقي من مجموعة من النغمات التي تتبع نمطًا محددًا من المسافات بين النغمات، مما يخلق إحساسًا بالانسجام والتناسق عند الاستماع إليها.

هناك أنواع مختلفة من السلالم الموسيقية، مثل السلم الكبير (Major Scale) والسلم الصغير (Minor Scale)، وكل منهما يحتوي على مجموعة محددة من النغمات التي تميزه. على سبيل المثال، السلم الكبير يتكون من سبع نغمات بالإضافة إلى النغمة الثامنة التي تكون تكرارًا للنغمة الأولى ولكن بأوكتاف أعلى.

السلم الموسيقي يلعب دورًا كبيرًا في تحديد الطابع العاطفي للموسيقى. على سبيل المثال، السلم الكبير غالبًا ما يُستخدم في الموسيقى التي تُشعر بالفرح أو التفاؤل، بينما السلم الصغير قد يُستخدم في الموسيقى التي تُشعر بالحزن أو التأمل.

بشكل عام، السلم الموسيقي هو الأساس الذي تُبنى عليه العديد من الألحان والأغاني، وهو ما يمنح الموسيقى هيكلها وتنظيمها.",,humain-ai/ALLaM-7B-Instruct-preview,0.0,humain-ai/ALLaM-7B-Instruct-preview,,2026-08-16T19:00:13+00:00,,0.455,defer,,0.964864,hallucinated,1
wahm_043,msa,direct,allam,arabic_centric,متى تأسست القواة الخاصة التابعة للجيش البريطاني ؟,1707,"تأسست القوات الخاصة التابعة للجيش البريطاني، والمعروفة باسم ""SAS"" أو ""الخدمة الجوية الخاصة""، في عام 1941. تم تشكيلها في البداية كجزء من القوات الجوية الملكية البريطانية، وكانت مهمتها تنفيذ عمليات خلف خطوط العدو خلال الحرب العالمية الثانية. منذ ذلك الحين، تطورت SAS لتصبح واحدة من أكثر الوحدات الخاصة شهرة في العالم، معروفة بقدرتها على تنفيذ عمليات معقدة في بيئات صعبة.",,humain-ai/ALLaM-7B-Instruct-preview,0.0,humain-ai/ALLaM-7B-Instruct-preview,,2026-08-16T19:00:14+00:00,,0.000,hallucinated,,,hallucinated,1
wahm_044,msa,direct,allam,arabic_centric,من هو مؤلف رواية التائهون؟,أمين معلوف,"أمين معلوف. يُعتبر أمين معلوف من أبرز الأدباء العرب الذين كتبوا باللغة الفرنسية، وقد نال شهرة واسعة بفضل أعماله الأدبية التي تمزج بين الثقافات المختلفة. رواية ""التائهون"" هي واحدة من أبرز أعماله، حيث تتناول قصة مجموعة من الأصدقاء الذين تفرقوا بعد أحداث سياسية، ثم يجتمعون مرة أخرى بعد سنوات طويلة. الرواية تعكس عمق العلاقات الإنسانية والتحديات التي يواجهها الأفراد في حياتهم، مما يجعلها عملاً أدبيًا مميزًا يستحق القراءة.",,humain-ai/ALLaM-7B-Instruct-preview,0.0,humain-ai/ALLaM-7B-Instruct-preview,,2026-08-16T19:00:15+00:00,,1.000,clean,,,clean,0
wahm_045,msa,direct,allam,arabic_centric,من هي أنغريت كرامب كارينباور؟,سياسية ألمانية تشغل منصب زعيمة الاتحاد الديمقراطي المسيحي,"أنغريت كرامب كارينباور هي سياسية ألمانية تشغل منصب وزيرة الدفاع منذ 8 ديسمبر 2019، وهي الأمين العام للحزب الديمقراطي المسيحي (CDU). وُلدت في 17 يونيو 1966 في مدينة باد بيرمونت، وهي تنتمي إلى الحزب الديمقراطي المسيحي، الذي يُعد الحزب الحاكم في ألمانيا. وهي أول امرأة تتولى منصب وزيرة الدفاع في ألمانيا.

كارينباور شغلت مناصب قيادية في الحزب الديمقراطي المسيحي، بما في ذلك منصب الأمين العام للحزب، وهو المنصب الذي شغلته من عام 2012 حتى عام 2018. خلال فترة عملها كأمين عام، كانت مسؤولة عن إدارة الشؤون الداخلية للحزب، بما في ذلك السياسات الاجتماعية والاقتصادية، بالإضافة إلى القضايا المتعلقة بالأمن والدفاع.

تُعرف كارينباور بمواقفها المعتدلة، وقد لعبت دورًا مهمًا في تعزيز الحوار بين الأحزاب المختلفة في ألمانيا. كما أنها كانت من الداعمين لسياسة الهجرة المنضبطة، مع التركيز على أهمية الأمن القومي.

تُعد كارينباور شخصية بارزة في السياسة الألمانية، وقد ساهمت بشكل كبير في تعزيز دور الحزب الديمقراطي المسيحي في الساحة السياسية الألمانية.",,humain-ai/ALLaM-7B-Instruct-preview,0.0,humain-ai/ALLaM-7B-Instruct-preview,,2026-08-16T19:00:18+00:00,,0.750,defer,,0.944026,hallucinated,1
wahm_046,msa,direct,allam,arabic_centric,ماهى نسبة الزيت في حبة البركة ؟,40%,نسبة الزيت في حبة البركة تصل إلى 30 % من وزن الحبة، وهي تحتوي على العديد من الفيتامينات والمعادن والأحماض الدهنية الأساسية، مما يجعلها مفيدة للصحة. كما أن زيت حبة البركة يحتوي على مركبات مثل الثيموكينون والنيتروجين، والتي قد تساهم في فوائده الصحية.,,humain-ai/ALLaM-7B-Instruct-preview,0.0,humain-ai/ALLaM-7B-Instruct-preview,,2026-08-16T19:00:19+00:00,,0.000,hallucinated,,,hallucinated,1
wahm_047,msa,direct,allam,arabic_centric,"من هو مؤلف كتاب ""12 قاعدة للحياة""؟",جوردان بيرنت بيترسون,"أهلاً وسهلاً! كتاب ""12 قاعدة للحياة: ترياق للفوضى"" هو من تأليف الطبيب النفسي الشهير جوردان ب. Peterson. هذا الكتاب نال شهرة واسعة وأصبح من أكثر الكتب مبيعًا حول العالم. جوردان ب. Peterson هو أستاذ علم النفس في جامعة تورنتو، وقد اشتهر بآرائه العميقة حول الحياة، الأخلاق، والتحديات التي يواجهها الأفراد في العصر الحديث. الكتاب يتناول مجموعة من القواعد الحياتية التي تهدف إلى مساعدة الأفراد على التعامل مع الفوضى والاضطرابات في حياتهم اليومية، ويقدم نصائح عملية لتحسين الذات والعيش بطريقة أكثر توازنًا. هل لديك أي استفسارات أخرى حول الكتاب أو مؤلفه؟",,humain-ai/ALLaM-7B-Instruct-preview,0.0,humain-ai/ALLaM-7B-Instruct-preview,,2026-08-16T19:00:20+00:00,,0.333,defer,,0.959746,hallucinated,1
wahm_048,msa,direct,allam,arabic_centric,من هم اليهود الأشكناز ؟,اليهود الذين ترجع أصولهم إلى أوروبا الشرقية,"اليهود الأشكناز هم اليهود الذين ينحدرون من أصول أوروبية، وكلمة أشكنازي هي كلمة ألمانية تعني ""الغرباء""، وقد أطلق هذا المصطلح على اليهود الذين عاشوا في أوروبا الشرقية، وخاصة في بولندا، في العصور الوسطى، وقد كان هؤلاء اليهود يشكلون الغالبية العظمى من يهود العالم حتى منتصف القرن العشرين، وقد هاجروا إلى الولايات المتحدة الأمريكية، وإسرائيل، ودول أخرى، ويشكلون اليوم النسبة الأكبر من يهود العالم، حيث يبلغ عددهم حوالي 11 مليونًا، أي حوالي 80% من يهود العالم. أتمنى أن تكون إجابتي مفيدة.",,humain-ai/ALLaM-7B-Instruct-preview,0.0,humain-ai/ALLaM-7B-Instruct-preview,,2026-08-16T19:00:22+00:00,,0.714,defer,,0.017159,clean,0
wahm_049,msa,direct,allam,arabic_centric,متى توفي توماس كوهين ؟,17 حزيران 1996,"توفي الممثل البريطاني توماس كوهين في 24 مايو 2023 عن عمر يناهز 37 عامًا. يُذكر أن توماس كوهين كان قد شارك في العديد من الأعمال الفنية، بما في ذلك دوره في مسلسل ""Peaky Blinders"".",,humain-ai/ALLaM-7B-Instruct-preview,0.0,humain-ai/ALLaM-7B-Instruct-preview,,2026-08-16T19:00:22+00:00,,0.000,hallucinated,,,hallucinated,1
wahm_050,msa,direct,allam,arabic_centric,من هو كريستوفر ستيفنز؟,"اسمه الكامل جون كريستوفر ستيفينز ، ولد وترعرع في شمال كاليفورنيا[2] ،درس في جامعة ""بركلي""وعمل محامياً مختصاً بالشؤون التجارية الدولية في واشنطن قبل ان ينضم إلى الخارجية الأمريكية في عام 1991.يجيد ستيفنز اللغة العربية والفرنسية وقد نشر العديد من المقالات في القدس ودمشق والقاهرة, سفير الولايات المتحدة في ليبيا منذ مايو 2012 [2] وحتى وفاته","كريستوفر ستيفنز هو دبلوماسي أمريكي شغل منصب سفير الولايات المتحدة في ليبيا، وقد قُتل في هجوم على القنصلية الأمريكية في بنغازي في 11 سبتمبر 2012. كان ستيفنز معروفًا بتواضعه ودماثة أخلاقه، وقد ترك أثرًا كبيرًا في ليبيا من خلال عمله على تعزيز العلاقات بين البلدين.

بعد وفاته، تم تكريم ستيفنز من قبل العديد من الشخصيات الليبية، حيث اعتبروه رمزًا للتعاون والتفاهم بين الشعوب. وقد ساهمت جهوده في تعزيز الحوار والتفاهم بين الثقافات المختلفة، وهو ما يعكس القيم الإنسانية التي كان يحملها.

تعد قصة كريستوفر ستيفنز مثالًا على التضحية من أجل السلام والتعاون الدولي، وهو ما يعكس القيم الإنسانية التي كان يحملها.",,humain-ai/ALLaM-7B-Instruct-preview,0.0,humain-ai/ALLaM-7B-Instruct-preview,,2026-08-16T19:00:24+00:00,,0.636,defer,,0.021129,clean,0
wahm_051,msa,direct,allam,arabic_centric,ما هي العصور الوسطى؟,التسمية التي تُطلق على الفترة الزمنية في التاريخ الأوروبي التي امتّدت من القرن الخامس حتّى القرن الخامس عشر الميلادي,"العصور الوسطى، أو ما يُعرف أيضًا بالعصر الوسيط، هي فترة تاريخية تمتد من القرن الخامس الميلادي حتى القرن الخامس عشر الميلادي. هذه الفترة شهدت تحولات كبيرة في أوروبا، حيث بدأت مع سقوط الإمبراطورية الرومانية الغربية وانتهت مع بداية عصر النهضة.

خلال هذه الفترة، كانت أوروبا مقسمة إلى ممالك وإمارات صغيرة، وكان النظام الاجتماعي يعتمد بشكل كبير على الإقطاعية. الكنيسة الكاثوليكية لعبت دورًا محوريًا في الحياة الدينية والثقافية، وكانت مصدرًا رئيسيًا للمعرفة والتعليم.

العصور الوسطى شهدت أيضًا تطورًا كبيرًا في الفنون والعمارة، حيث ظهرت الكاتدرائيات القوطية، مثل كاتدرائية نوتردام في باريس، والتي تعكس روح الإيمان والتقوى في تلك الفترة. كما شهدت هذه الفترة ازدهارًا في الأدب، حيث كتب العديد من الشعراء والكتاب أعمالًا خالدة مثل ""الكوميديا الإلهية"" لدانتي أليغييري.

بشكل عام، العصور الوسطى كانت فترة غنية بالتنوع الثقافي والديني، حيث تأثرت بالعديد من الحضارات مثل الحضارة الإسلامية، مما ساهم في تشكيل الهوية الأوروبية الحديثة.",,humain-ai/ALLaM-7B-Instruct-preview,0.0,humain-ai/ALLaM-7B-Instruct-preview,,2026-08-16T19:00:27+00:00,,0.625,defer,,0.012272,clean,0
wahm_052,msa,direct,allam,arabic_centric,ما هو عظم الإسك؟,الجزء الأسفل والخلفي لعظم الورك,"عظم الإسك هو عظم صغير يقع في الجزء الخلفي من القدم، تحديداً في منطقة الكعب. يُعتبر هذا العظم جزءًا من مجموعة العظام التي تُعرف بالعظام السمسمانية (Sesamoid bones)، وهي عظام صغيرة تتشكل داخل الأوتار لحماية الأوتار من الاحتكاك والتآكل.

يقع عظم الإسك في الجزء الخلفي من القدم، تحت وتر العرقوب (Achilles tendon)، وهو يلعب دورًا مهمًا في دعم القدم وتوفير الاستقرار أثناء المشي والجري. كما يساعد في توزيع الوزن بشكل متساوٍ على القدم، مما يقلل من الضغط على الكعب.

من الناحية التشريحية، عظم الإسك هو عظم صغير بيضوي الشكل، وله سطحان: سطح علوي وسطح سفلي. السطح العلوي يتصل بالعظم الكعبري (Calcaneus)، بينما السطح السفلي يتصل بالوتر الخلفي للكعب.

إجمالاً، عظم الإسك هو جزء أساسي من الهيكل العظمي للقدم، وله دور حيوي في الحركة والاستقرار، مما يجعله جزءًا مهمًا من الجهاز العضلي الهيكلي.",,humain-ai/ALLaM-7B-Instruct-preview,0.0,humain-ai/ALLaM-7B-Instruct-preview,,2026-08-16T19:00:29+00:00,,0.600,defer,,0.992404,hallucinated,1
wahm_053,msa,direct,allam,arabic_centric,ما هو عدد آيات سورة المائدة ؟,120,عدد آيات سورة المائدة 120 آية,,humain-ai/ALLaM-7B-Instruct-preview,0.0,humain-ai/ALLaM-7B-Instruct-preview,,2026-08-16T19:00:30+00:00,,1.000,clean,,,clean,0
wahm_054,msa,direct,allam,arabic_centric,ما هو العثث؟,"مجموعة كبيرة من الحشرات القريبة من الفراشات, مجموعة كبيرة من الحشرات القريبة من الفراشات، وهي من أكثر الكائنات الحية شيوعا في العالم، حيث تتواجد في مختلف الأقاليم والمناخات","العثث هي رتبة من الحشرات تتبع طائفة الحشرات من شعبة المفصليات، وهي تشبه الفراشات لكنها تختلف عنها في العديد من الصفات. تتميز العثث بأجنحتها الأمامية التي تكون مغطاة بحراشف صغيرة تشكل أنماطًا وألوانًا معقدة، وغالبًا ما تكون هذه الأنماط غير موجودة في الفراشات. تعيش العثث في مختلف البيئات حول العالم، وتتغذى على مجموعة متنوعة من النباتات، مما يجعلها تلعب دورًا مهمًا في النظام البيئي.

العثث تمر بمراحل نمو مختلفة تشمل البيضة، اليرقة، العذراء، ثم الحشرة البالغة. بعض أنواع العثث تكون ليلية، بينما تكون أنواع أخرى نهارية. تتكاثر العثث عن طريق وضع البيض، والذي يفقس ليخرج منه اليرقات التي تتغذى على النباتات حتى تصل إلى مرحلة العذراء، ثم تتحول إلى حشرة بالغة.

العثث تلعب دورًا بيئيًا مهمًا، حيث تساعد في تلقيح النباتات، كما تساهم في تحليل المواد العضوية في التربة، مما يعزز خصوبتها. بعض أنواع العثث تُستخدم في الزراعة كآفات، بينما تُستخدم أنواع أخرى في مكافحة الآفات الزراعية بشكل طبيعي.

بفضل تنوعها الكبير، تُعتبر العثث جزءًا مهمًا من التنوع البيولوجي، وتساهم في الحفاظ على التوازن البيئي.",,humain-ai/ALLaM-7B-Instruct-preview,0.0,humain-ai/ALLaM-7B-Instruct-preview,,2026-08-16T19:00:33+00:00,,0.667,defer,,0.015509,clean,0
wahm_055,msa,direct,allam,arabic_centric,أين تقع مدينة أوديسا؟,"جمهورية أوكرانيا, أوكرانيا",تقع مدينة أوديسا في جنوب أوكرانيا، على الساحل الجنوبي للبحر الأسود، وهي مدينة ساحلية، تقع على بعد 120 كم من الحدود الأوكرانية البيلاروسية، و180 كم من الحدود الأوكرانية الرومانية، و240 كم من الحدود الأوكرانية الأوكرانية، و260 كم من الحدود الأوكرانية الأوكرانية، و280 كم من الحدود الأوكرانية الأوكرانية، و320 كم من الحدود الأوكرانية الأوكرانية، و340 كم من الحدود الأوكرانية الأوكرانية، و360 كم من الحدود الأوكرانية الأوكرانية، و380 كم من الحدود الأوكرانية الأوكرانية، و400 كم من الحدود الأوكرانية الأوكرانية، و420 كم من الحدود الأوكرانية الأوكرانية، و440 كم من الحدود الأوكرانية الأوكرانية، و460 كم من الحدود الأوكرانية الأوكرانية، و480 كم من الحدود الأوكرانية الأوكرانية، و500 كم من الحدود الأوكرانية الأوكرانية، و520 كم من الحدود الأوكرانية الأوكرانية، و540 كم من الحدود الأوكرانية الأوكرانية، و560 كم من الحدود الأوكرانية الأوكرانية، و580 كم من الحدود الأوكرانية الأوكرانية، و600 كم من الحدود الأوكرانية الأوكرانية، و620 كم من الحدود الأوكرانية الأوكرانية، و640 كم من الحدود الأوكرانية الأوكرانية، و660 كم من الحدود الأوكرانية الأوكرانية، و680 كم من الحدود الأوكرانية الأوكرانية، و700 كم من الحدود الأوكرانية الأوكرانية، و720 كم من الحدود الأوكرانية الأوكرانية، و740 كم من الحدود الأوكرانية الأوكرانية، و760 كم من الحدود الأوكرانية الأوكرانية، و780 كم من الحدود الأوكرانية الأوكرانية، و800 كم من الحدود الأوكرانية الأوكرانية، و820 كم من الحدود الأوكرانية الأوكرانية، و840 كم من الحدود الأوكرانية الأوكرانية، و860 كم من الحدود الأوكرانية الأوكرانية، و880 كم من الحدود الأوكرانية الأوكرانية، و900 كم من الحدود الأوكرانية الأوكرانية، و920 كم من الحدود الأوكرانية الأوكرانية، و940 كم من الحدود الأوكرانية الأوكرانية، و960 كم من الحدود الأوكرانية الأوكرانية، و980 كم من الحدود الأوكرانية الأوكرانية، و1000 كم من الحدود الأوكرانية الأوكرانية، و1020 كم من الحدود الأوكرانية الأوكرانية، و1040 كم من الحدود الأوكرانية الأوكرانية، و1060 كم من الحدود الأوكرانية الأوكرانية، و1080 كم من الحدود الأوكرانية الأوكرانية، و1100 كم من الحدود الأوكرانية الأوكرانية، و1120 كم من الحدود الأوكرانية الأوكرانية، و1140 كم من الحدود الأوكرانية الأوكرانية، و1160 كم من الحدود الأوكرانية,,humain-ai/ALLaM-7B-Instruct-preview,0.0,humain-ai/ALLaM-7B-Instruct-preview,,2026-08-16T19:00:39+00:00,,1.000,clean,,,clean,0
wahm_056,msa,direct,allam,arabic_centric,متى تم إنتاج الفلم العربي (صح النوم)؟,1975,تم إنتاج الفلم العربي (صح النوم) عام 1957م، وهو من بطولة دريد لحام، وناديا جميل، ورضا فنش، وإخراج خلدون المالح، وهو فيلم كوميدي، تدور أحداثه في حارة دمشقية، حيث يحاول أهلها الحصول على حقوقهم من المختار، الذي يتصف بالطمع، والجشع، والفساد، فيقومون بإثارة الشغب، والفوضى في الحارة، حتى يتم القبض عليه، وعلى أعوانه، ثم يتم الإفراج عنهم، فيعودون إلى الحارة، ويواصلون فسادهم، وظلمهم لأهلها. أتمنى أن تكون إجابتي مفيدة.,,humain-ai/ALLaM-7B-Instruct-preview,0.0,humain-ai/ALLaM-7B-Instruct-preview,,2026-08-16T19:00:41+00:00,,0.000,hallucinated,,,hallucinated,1
wahm_057,msa,direct,allam,arabic_centric,متى تم عرض اول موسم من مسلسل امريكا قوت تالنت؟,يونيو من عام 2006,تم عرض أول موسم من مسلسل أمريكا غوت تالنت في 30 يونيو 2006. تم عرض الموسم الأول على قناة إن بي سي، وهي قناة تلفزيونية أمريكية. المسلسل يركز على عروض الأداء المتنوعة والموهوبين في مختلف المجالات، مثل الغناء، الرقص، الكوميديا، وغيرها، ويعرض أفضل العروض التي يتم تقديمها في برنامج المواهب الأمريكي الشهير.,,humain-ai/ALLaM-7B-Instruct-preview,0.0,humain-ai/ALLaM-7B-Instruct-preview,,2026-08-16T19:00:42+00:00,,0.750,defer,,0.021745,clean,0
wahm_058,msa,direct,allam,arabic_centric,من هو الملاكم الملقب ببراون بومبر؟,جوزيف لويس بارو,محمد علي كلاي,,humain-ai/ALLaM-7B-Instruct-preview,0.0,humain-ai/ALLaM-7B-Instruct-preview,,2026-08-16T19:00:42+00:00,,0.000,hallucinated,,,hallucinated,1
wahm_059,msa,direct,allam,arabic_centric,أين تقع  ولاية ساكسونيا؟,ولاية ألمانية,"تقع ولاية ساكسونيا في شرق ألمانيا، وهي واحدة من الولايات الستة عشر التي تشكل جمهورية ألمانيا الاتحادية. ساكسونيا، التي تُعرف أيضًا باسم ""ساكسونيا السفلى""، تقع بين ولايتي سكسونيا أنهالت وتورينغن في الشمال، وبراندنبورغ في الغرب، وبافاريا في الجنوب. عاصمتها هي مدينة دريسدن، وهي مدينة تاريخية وثقافية غنية بالتراث.

ساكسونيا تُعتبر من الولايات التي تتمتع بتاريخ طويل وعريق، حيث كانت مملكة مستقلة في العصور الوسطى، ولها دور كبير في التاريخ الألماني والأوروبي. الولاية تشتهر أيضًا بتراثها الثقافي والفني، وخاصة في مجالات الموسيقى والفنون، كما أن دريسدن تُعرف بـ ""فلورنسا الشمال"" نظرًا لجماليتها الثقافية والفنية.

من الناحية الجغرافية، ساكسونيا تتميز بتنوع طبيعي كبير، حيث تشمل جبالًا وسهولًا وأنهارًا، مما يجعلها منطقة غنية بالموارد الطبيعية والزراعية. كما أن ساكسونيا تُعتبر مركزًا صناعيًا مهمًا، حيث توجد فيها العديد من المصانع والشركات التي تساهم في الاقتصاد الألماني.

بشكل عام، ساكسونيا تُعتبر منطقة ذات أهمية كبيرة في ألمانيا، سواء من الناحية التاريخية أو الثقافية أو الاقتصادية.",,humain-ai/ALLaM-7B-Instruct-preview,0.0,humain-ai/ALLaM-7B-Instruct-preview,,2026-08-16T19:00:45+00:00,,0.500,defer,,0.022155,clean,0
wahm_060,msa,direct,allam,arabic_centric,متى تاسست جامعة أم القرى؟,1401 هـ,تأسست جامعة أم القرى في عام 1401 هـ، وهي واحدة من الجامعات الحكومية البارزة في المملكة العربية السعودية. تقع الجامعة في مدينة مكة المكرمة، وتعتبر من أهم المؤسسات التعليمية التي تقدم برامج أكاديمية متنوعة في مختلف التخصصات العلمية والشرعية. تسعى الجامعة إلى تحقيق التميز في التعليم والبحث العلمي، وتساهم بشكل كبير في خدمة المجتمع وتطويره.,,humain-ai/ALLaM-7B-Instruct-preview,0.0,humain-ai/ALLaM-7B-Instruct-preview,,2026-08-16T19:00:46+00:00,,1.000,clean,,,clean,0
wahm_061,msa,direct,allam,arabic_centric,ما هي دوامة نفايات شمال المحيط الهادئ؟,"منطقة قمامة بحرية تقع في منتصف المحيط الهادي الشمالي، وتمتد إلى منطقة غير محددة الحدود بشكل دقيق، وذلك لاختلاف تركيز البلاستيك والنفايات على حسب المنطقة, منطقة قمامة بحرية تقع في منتصف المحيط الهادي الشمالي","دوامة نفايات شمال المحيط الهادئ هي منطقة في المحيط الهادئ الشمالي تتجمع فيها كميات كبيرة من النفايات البلاستيكية والمواد الأخرى، وهي تُعرف أيضًا باسم ""دوامة نفايات شمال المحيط الهادئ"". هذه المنطقة تقع بين خطي العرض 35 درجة شمالًا و 42 درجة شمالًا، وخطي الطول 140 درجة غربًا و 150 درجة غربًا. هذه المنطقة تُعتبر واحدة من أكبر مناطق تراكم النفايات البلاستيكية في المحيطات العالمية، وهي تمتد على مساحة تُقدر بحوالي $1.6$ مليون كيلومتر مربع.

تتكون دوامة نفايات شمال المحيط الهادئ من جزيئات بلاستيكية صغيرة، وشباك صيد، وأغلفة، وأكياس، وغيرها من المواد التي تُلقى في البحر من قبل الأنشطة البشرية. هذه النفايات تتجمع في هذه المنطقة بسبب التيارات البحرية القوية التي تدفعها نحو المركز، حيث تتجمع في منطقة تُعرف باسم ""دوامة نفايات شمال المحيط الهادئ"".

تُعتبر هذه المشكلة البيئية خطيرة لأنها تؤثر على الحياة البحرية، حيث تبتلع الكائنات البحرية هذه النفايات، مما يؤدي إلى مشاكل صحية خطيرة، كما أنها تؤثر على السلسلة الغذائية البحرية. بالإضافة إلى ذلك، يمكن أن تتحلل النفايات البلاستيكية إلى جزيئات أصغر تُعرف بالميكروبلاستيك، والتي يمكن أن تدخل في السلسلة الغذائية البشرية أيضًا.

من المهم أن نتخذ خطوات للحد من التلوث البلاستيكي، مثل تقليل استخدام البلاستيك، وإعادة التدوير، والتخلص السليم من النفايات، لدعم الجهود العالمية في الحفاظ على البيئة البحرية.",,humain-ai/ALLaM-7B-Instruct-preview,0.0,humain-ai/ALLaM-7B-Instruct-preview,,2026-08-16T19:00:49+00:00,,0.625,defer,,0.054986,clean,0
wahm_062,msa,direct,allam,arabic_centric,ما هي علامة إعراب المفعول به في اللغة العربية؟,"الفتحة الظاهرة، أو المقدرة، أو الياء إن كان مثنى أو جمع مذكر سالم، أو الكسرة (نيابة عن الفتحة) إن كان جمع مؤنث سالم، أو الألف إن كان من الأسماء الخمسة, منصوب","علامة إعراب المفعول به في اللغة العربية هي ""الضمة، الفتحة، الياء، الكسرة"". المفعول به هو الاسم الذي يقع عليه فعل الفاعل، ويأتي بعد الفعل والفاعل في الجملة. في اللغة العربية، يمكن أن يكون المفعول به مرفوعًا بالضمة، منصوبًا بالفتحة، مجرورًا بالياء إذا كان مثنى أو جمع مذكر سالم، أو مجرورًا بالكسرة إذا كان مؤنثًا أو جمع مؤنث سالم. هذه العلامات تساعد في تحديد وظيفة الكلمة في الجملة وتوضيح المعنى المقصود.",,humain-ai/ALLaM-7B-Instruct-preview,0.0,humain-ai/ALLaM-7B-Instruct-preview,,2026-08-16T19:00:51+00:00,,1.000,clean,,,clean,0
wahm_063,msa,direct,allam,arabic_centric,ما هي عاصمة موزمبيق؟,مابوتو,"عاصمة موزمبيق هي مابوتو. تُعرف أيضًا باسم ""موسيمبوا دا برايا"" حتى عام 1975، وهي أكبر مدينة في البلاد وتقع على الساحل الجنوبي الشرقي لأفريقيا. مابوتو هي المركز السياسي والإداري والاقتصادي لموزمبيق، وتلعب دورًا محوريًا في التنمية الاقتصادية والبنية التحتية للبلاد. المدينة تضم العديد من المؤسسات الحكومية، الجامعات، والمراكز الثقافية، مما يجعلها مركزًا حيويًا للنشاطات الوطنية والدولية.

موزمبيق، كدولة، تقع في جنوب شرق أفريقيا، وتحدها من الشمال الشرقي تنزانيا، ومن الشمال الغربي مالاوي وزامبيا، ومن الجنوب الغربي سوازيلاند وجنوب أفريقيا، ومن الغرب المحيط الهندي. موزمبيق معروفة بتنوعها الثقافي والطبيعي، حيث تضم العديد من المحميات الطبيعية والحدائق الوطنية، بالإضافة إلى الشواطئ الجميلة على المحيط الهندي.",,humain-ai/ALLaM-7B-Instruct-preview,0.0,humain-ai/ALLaM-7B-Instruct-preview,,2026-08-16T19:00:53+00:00,,1.000,clean,,,clean,0
wahm_064,msa,direct,allam,arabic_centric,من أوراق أي نبات يستخلص الكوكايين؟,الكوكا,"الكوكايين يُستخلص من أوراق نبات الكوكا. يُعتبر نبات الكوكا (Erythroxylum coca) من النباتات التي تنمو بشكل رئيسي في منطقة جبال الأنديز في أمريكا الجنوبية، وخاصة في دول مثل بيرو، بوليفيا، وتشيلي. يحتوي هذا النبات على مادة الكوكايين، وهي مادة مخدرة قوية تُستخدم لأغراض طبية في بعض الحالات، مثل تسكين الألم، ولكن استخدامها غير المشروع شائع أيضًا.

عملية استخراج الكوكايين من أوراق الكوكا تتضمن عدة خطوات كيميائية، حيث يتم تحويل المادة الفعالة في الأوراق، وهي الكوكايين، إلى شكلها النقي. هذه العملية تتطلب معرفة كيميائية دقيقة ومعدات خاصة، وهي غير قانونية في معظم الدول بسبب تأثيراتها الضارة على الصحة.

من المهم الإشارة إلى أن استخدام الكوكايين غير المشروع يُعتبر جريمة في العديد من الدول، وله تأثيرات سلبية كبيرة على الصحة النفسية والجسدية، بالإضافة إلى الأضرار الاجتماعية والاقتصادية.",,humain-ai/ALLaM-7B-Instruct-preview,0.0,humain-ai/ALLaM-7B-Instruct-preview,,2026-08-16T19:00:55+00:00,,1.000,clean,,,clean,0
wahm_065,msa,direct,allam,arabic_centric,متى اعتزل لاعب كرة القدم دييغو فورلان اللعب دولياً؟,مارس 2015,اعتزل لاعب كرة القدم دييغو فورلان اللعب دولياً في عام 2016م، بعد أن مثّل منتخب الأوروغواي في العديد من البطولات الدولية، منها كأس العالم لكرة القدم، وبطولة كأس القارات، وبطولة كوبا أمريكا، وغيرها، وقد لعب فورلان مع منتخب الأوروغواي في 112 مباراة دولية، سجل خلالها 36 هدفًا، كما شارك في العديد من البطولات الدولية، منها كأس العالم لكرة القدم 2002م، و2006م، و2010م، و2014م، وكأس القارات 2005م، و2009م، و2013م، وكأس أمريكا الجنوبية 2004م، و2007م، و2011م، و2013م، وكأس أمريكا الجنوبية تحت 20 عامًا 2002م، و2004م، و2006م، و2008م، و2010م، و2012م، و2014م، وكأس أمريكا الجنوبية تحت 20 عامًا 2004م، و2006م، و2008م، و2010م، و2012م، و2014م، وكأس العالم تحت 20 عامًا 2003م، و2005م، و2007م، و2009م، و2011م، و2013م، وكأس العالم تحت 20 عامًا 2003م، و2005م، و2007م، و2009م، و2011م، و2013م، وكأس العالم تحت 20 عامًا 2003م، و2005م، و2007م، و2009م، و2011م، و2013م، وكأس العالم تحت 17 عامًا 2001م، و2003م، و2005م، و2007م، و2009م، و2011م، و2013م، وكأس العالم تحت 17 عامًا 2001م، و2003م، و2005م، و20,,humain-ai/ALLaM-7B-Instruct-preview,0.0,humain-ai/ALLaM-7B-Instruct-preview,,2026-08-16T19:01:02+00:00,,0.000,hallucinated,,,hallucinated,1
wahm_066,msa,direct,allam,arabic_centric,من هي الملكة هيلانة؟,والدة الإمبراطور الروماني قسطنطين الكبير,الملكة هيلانة هي والدة الإمبراطور قسطنطين الكبير، الذي اعتنق المسيحية وجعلها ديانة رسمية للإمبراطورية الرومانية. وقد لعبت الملكة هيلانة دورًا مهمًا في تاريخ المسيحية، حيث زارت الأماكن المقدسة في فلسطين، وبنت كنيسة القيامة في القدس. كما أنها كانت رمزًا للتسامح الديني، مما ساهم في انتشار المسيحية في الإمبراطورية الرومانية.,,humain-ai/ALLaM-7B-Instruct-preview,0.0,humain-ai/ALLaM-7B-Instruct-preview,,2026-08-16T19:01:03+00:00,,0.800,defer,,0.017819,clean,0
wahm_067,msa,direct,allam,arabic_centric,متى توفي هتلر؟,30 أبريل 1945,"توفي أدولف هتلر في 30 أبريل 1945، بعد أن انتحر في مخبئه تحت الأرض في برلين، ألمانيا، في الأيام الأخيرة من الحرب العالمية الثانية. كان انتحاره نتيجة للهزيمة الوشيكة لألمانيا النازية. 

من المهم التأكيد على أن هتلر كان مسؤولاً عن مقتل ملايين الأشخاص خلال الحرب العالمية الثانية، بما في ذلك الهولوكوست، الذي أدى إلى إبادة ستة ملايين يهودي. هذه الأحداث تظل جزءًا مؤلمًا من التاريخ، ويجب تذكرها لتكريم الضحايا ومنع تكرار مثل هذه الفظائع في المستقبل.",,humain-ai/ALLaM-7B-Instruct-preview,0.0,humain-ai/ALLaM-7B-Instruct-preview,,2026-08-16T19:01:04+00:00,,1.000,clean,,,clean,0
wahm_068,msa,direct,allam,arabic_centric,كم يبلغ التعداد السكاني للفلبين؟,92 مليون,"يبلغ التعداد السكاني للفلبين حوالي 109 مليون نسمة، مما يجعلها الدولة السابعة عشرة الأكثر اكتظاظًا بالسكان في العالم، حيث يبلغ متوسط الكثافة السكانية 345 شخصًا لكل كيلومتر مربع، كما أن الفلبين هي الدولة الوحيدة في جنوب شرق آسيا التي تكون غالبية سكانها من المسيحيين، حيث يعتنق حوالي 80.4% من الفلبينيين الديانة المسيحية، ويتبع 11.3% الإسلام، بينما يعتنق 3.3% من السكان الديانات التقليدية، و5.1% من السكان لا يتبعون أي ديانة.

أتمنى بأني أفدتك.",,humain-ai/ALLaM-7B-Instruct-preview,0.0,humain-ai/ALLaM-7B-Instruct-preview,,2026-08-16T19:01:06+00:00,,0.500,defer,,0.470027,clean,0
wahm_069,msa,direct,allam,arabic_centric,ما هي الغواصة القزمية ؟,نوع من الغواصات يكون حجم إزاحتها أقل من 150 طن,"الغواصة القزمة هي غواصة صغيرة مصممة للعمل في المياه الضحلة، وهي أصغر من الغواصات التقليدية، حيث يبلغ طولها حوالي 10 أمتار، وعرضها حوالي 1.5 متر، ووزنها حوالي 10 أطنان. تُستخدم الغواصات القزمة في العديد من التطبيقات، مثل:
1. **المراقبة والاستطلاع**: تُستخدم لمراقبة المناطق الساحلية، وجمع المعلومات الاستخباراتية، ومراقبة الأنشطة البحرية.
2. **التفتيش والصيانة**: تُستخدم في تفتيش وصيانة المنشآت البحرية، مثل: منصات النفط والغاز، وخطوط الأنابيب، والسفن الغارقة.
3. **البحث والإنقاذ**: تُستخدم في عمليات البحث والإنقاذ، خاصة في المناطق التي يصعب الوصول إليها.
4. **التدريب**: تُستخدم في تدريب الغواصين على الغوص في المياه الضحلة.
5. **البحوث العلمية**: تُستخدم في إجراء البحوث العلمية في البيئات البحرية، مثل دراسة الشعاب المرجانية، والحياة البحرية، والتغيرات البيئية.
6. **الأمن**: تُستخدم في العمليات الأمنية، مثل: مكافحة القرصنة، وحماية الموانئ، ومكافحة التهريب.
7. **الترفيه**: تُستخدم في الأنشطة الترفيهية، مثل الغوص الترفيهي، وتصوير الحياة البحرية.
8. **التجسس**: تُستخدم في بعض الأحيان لأغراض التجسس، مثل جمع المعلومات عن السفن والغواصات المعادية.
9. **التجارب العسكرية**: تُستخدم في التجارب العسكرية، مثل اختبار الأسلحة تحت الماء، وتطوير تقنيات جديدة للغواصات.
10. **التنقيب عن المعادن**: تُستخدم في التنقيب عن المعادن في قاع البحر، مثل: الذهب، والفضة، والنحاس.
11. **التنقيب عن الآثار**: تُستخدم في التنقيب عن الآثار الغارقة، مثل السفن الغارقة، والمدن القديمة.
12. **التنقيب عن النفط والغاز**: تُستخدم في التنقيب عن النفط والغاز في قاع البحر.
13. **التنقيب عن المعادن النادرة**: تُستخدم في التنقيب عن المعادن النادرة في قاع البحر.
14. **التنقيب عن المياه الجوفية**: تُستخدم في التنقيب عن المياه الجوفية في قاع البحر.
15. **التنقيب عن الآثار البحرية**: تُستخدم في التنقيب عن الآثار البحرية، مثل: السفن الغارقة، والمدن القديمة.
16. **التنقيب عن المعادن النادرة**: تُستخدم في التنقيب عن المعادن النادرة في قاع البحر.
17. **التنقيب عن النفط والغاز**: تُستخدم في التنقيب عن النفط والغاز في قاع البحر.
18. **التنقيب عن المياه الجوفية**: تُستخدم في التنقيب عن المياه الجوفية في قاع البحر.
19. **التن",,humain-ai/ALLaM-7B-Instruct-preview,0.0,humain-ai/ALLaM-7B-Instruct-preview,,2026-08-16T19:01:12+00:00,,0.222,defer,,0.046665,clean,0
wahm_070,msa,direct,allam,arabic_centric,في أي عام كان البث العلني الأول بالألوان؟,1951,كان البث التلفزيوني الملون الأول علنيًا في 25 يونيو 1951، عندما بثت NBC مباراة بيسبول بين بروكلين دودجرز وسانت لويس كاردينالز من إيبيتس فيلد في بروكلين، نيويورك. كان البث من أول الأحداث الرياضية التي تم بثها على التلفزيون الملون، وكان أول بث ملون على الإطلاق من ملعب رياضي.,,humain-ai/ALLaM-7B-Instruct-preview,0.0,humain-ai/ALLaM-7B-Instruct-preview,,2026-08-16T19:01:13+00:00,,1.000,clean,,,clean,0
wahm_071,msa,direct,allam,arabic_centric,من هو تشارلز فرانسيس ريشتر؟,عالم زلازل وفيزيائي أمريكي,"تشارلز فرانسيس ريشتر (Charles Francis Richter) هو عالم زلازل أمريكي، وُلد في 26 أغسطس 1900 وتوفي في 30 سبتمبر 1980. يُعتبر ريشتر من الشخصيات البارزة في علم الزلازل، حيث اشتهر بتطوير مقياس ريختر، وهو مقياس لقياس قوة الزلازل.

مقياس ريختر هو نظام رقمي يُستخدم لقياس شدة الزلازل، ويعتمد على تسجيل الأمواج الزلزالية التي تنتقل عبر الأرض. تم تطوير هذا المقياس في عام 1935 بالتعاون مع عالم الزلازل برنارد فيشر، وقد أحدث ثورة في كيفية دراسة الزلازل وفهمها.

ريشتر كان أيضًا أستاذًا في معهد كاليفورنيا للتكنولوجيا (Caltech)، حيث قام بأبحاث مكثفة حول الزلازل، مما ساهم في تقدم العلم في هذا المجال. مقياس ريختر لا يزال يُستخدم حتى اليوم كأداة رئيسية لتقييم قوة الزلازل حول العالم.",,humain-ai/ALLaM-7B-Instruct-preview,0.0,humain-ai/ALLaM-7B-Instruct-preview,,2026-08-16T19:01:16+00:00,,0.750,defer,,0.992892,hallucinated,1
wahm_072,msa,direct,allam,arabic_centric,ما هي عاصمة جورجيا؟,تبليسي,"عاصمة جورجيا هي تبليسي. المدينة هي المركز السياسي والإداري والثقافي لجورجيا، وتقع في الجزء الجنوبي من البلاد على ضفاف نهر كورا. تبليسي هي أكبر مدينة في جورجيا، ويبلغ عدد سكانها حوالي 1.1 مليون نسمة. المدينة هي مركز اقتصادي وثقافي مهم، وتتميز بتاريخ طويل يعود إلى العصور القديمة، حيث كانت مركزًا تجاريًا وثقافيًا هامًا في المنطقة.

تبليسي تجمع بين التراث التاريخي العريق والحداثة، حيث يمكن للزوار استكشاف المعالم التاريخية مثل قلعة ناريكالا، وكاتدرائية تسميندا ساميبا، بالإضافة إلى الأسواق التقليدية والمتاحف. كما أن المدينة معروفة بحياتها الليلية النابضة بالحياة والمطاعم التي تقدم أطباقًا تقليدية جورجية.

من الناحية الثقافية، تبليسي تستضيف العديد من الفعاليات والمهرجانات على مدار العام، مما يعكس التنوع الثقافي في جورجيا. المدينة أيضًا معروفة بجمالها الطبيعي، حيث تحيط بها الجبال والغابات، مما يجعلها وجهة مثالية للسياحة والاستكشاف.",,humain-ai/ALLaM-7B-Instruct-preview,0.0,humain-ai/ALLaM-7B-Instruct-preview,,2026-08-16T19:01:18+00:00,,1.000,clean,,,clean,0
wahm_073,msa,direct,allam,arabic_centric,أين ينبع نهر ليمبوبو؟,جنوب وسط أفريقيا,ينبع نهر ليمبوبو من منطقة دراكنسبرج في جنوب أفريقيا، تحديدًا من قمة جبل ماكلير. يمر النهر عبر عدة دول منها موزمبيق وجنوب أفريقيا، ويشكل جزءًا من الحدود بين موزمبيق وجنوب أفريقيا.,,humain-ai/ALLaM-7B-Instruct-preview,0.0,humain-ai/ALLaM-7B-Instruct-preview,,2026-08-16T19:01:19+00:00,,0.667,defer,,0.022981,clean,0
wahm_074,msa,direct,allam,arabic_centric,من كان قائد ثورة الشواف على نظام عبد الكريم قاسم في 8 آذار من عام 1959؟,"العقيد عبد الوهاب الشواف, عبد الوهاب الشواف","قائد ثورة الشواف على نظام عبد الكريم قاسم في 8 آذار من عام 1959 هو العقيد عبد الوهاب الشواف، قائد الفرقة الثانية في الموصل. وقد جاءت هذه الثورة كرد فعل على سياسات عبد الكريم قاسم التي اعتُبرت منحازة للشيوعيين، مما أثار غضب القوميين والبعثيين. وقد حظيت الثورة بدعم من بعض الدول العربية مثل المملكة العربية السعودية والأردن، لكنها لم تنجح في تحقيق أهدافها بسبب الانقسامات الداخلية وضعف التنسيق بين القوى المعارضة.

بعد فشل الثورة، تعرض الشواف لمحاكمة صورية، حيث اتُهم بالخيانة العظمى وأُعدم في 29 آذار 1959. وقد كان لإعدامه تأثير كبير على الساحة السياسية في العراق، حيث أدى إلى تصاعد التوترات بين القوى القومية والشيوعية، وساهم في تعزيز الانقسامات داخل المجتمع العراقي.

ثورة الشواف كانت واحدة من الأحداث المهمة التي أثرت على مسار السياسة في العراق خلال تلك الفترة، وأظهرت مدى تعقيد الوضع السياسي في البلاد في ظل حكم عبد الكريم قاسم.",,humain-ai/ALLaM-7B-Instruct-preview,0.0,humain-ai/ALLaM-7B-Instruct-preview,,2026-08-16T19:01:21+00:00,,1.000,clean,,,clean,0
wahm_075,msa,direct,allam,arabic_centric,ماهى عاصمة أيرلندا الشمالية ؟,بلفاست,بلفاست,,humain-ai/ALLaM-7B-Instruct-preview,0.0,humain-ai/ALLaM-7B-Instruct-preview,,2026-08-16T19:01:21+00:00,,1.000,clean,,,clean,0
wahm_076,msa,direct,allam,arabic_centric,من صاحب رواية العمى؟,جوزيه ساراماجو,"صاحب رواية العمى هو الكاتب البرتغالي جوزيه ساراماغو، وُلد في 1922 وتوفي في 2014، وهو روائي، صحفي، وكاتب مسرحي، حصل على جائزة نوبل في الأدب عام 1998. يُعتبر ساراماغو من أبرز الأدباء في القرن العشرين، وقد تميزت أعماله بالجرأة في تناول القضايا الاجتماعية والسياسية. رواية ""العمى"" التي صدرت عام 1995 تُعتبر من أشهر أعماله، حيث تتناول قصة وباء يعمي الناس في مدينة ما، مما يعكس نقده للمجتمع والسياسة.",,humain-ai/ALLaM-7B-Instruct-preview,0.0,humain-ai/ALLaM-7B-Instruct-preview,,2026-08-16T19:01:23+00:00,,0.500,defer,,0.017079,clean,0
wahm_077,msa,direct,allam,arabic_centric,أين تقع منطقة الباحة؟,"الجزء الغربي من شبه الجزيرة العربية، على سلسلة جبال الحجاز, الجزء الغربي من شبه الجزيرة العربية",جنوب غربي السعودية. تقع على سلسلة جبال السروات، وتحدها شمالًا وغربًا منطقة مكة المكرمة، وشرقًا منطقة عسير.,,humain-ai/ALLaM-7B-Instruct-preview,0.0,humain-ai/ALLaM-7B-Instruct-preview,,2026-08-16T19:01:23+00:00,,0.750,defer,,0.056521,clean,0
wahm_078,msa,direct,allam,arabic_centric,ماهو عدد مستخدمي خدمة الفيس بوك في الولايات المتحدة ؟,36 مليون,عدد مستخدمي خدمة الفيس بوك في الولايات المتحدة يبلغ حوالي 184 مليون مستخدم، وذلك بحسب إحصاءات شهر أكتوبر 2012. أتمنى أن تكون إجابتي مفيدة.,,humain-ai/ALLaM-7B-Instruct-preview,0.0,humain-ai/ALLaM-7B-Instruct-preview,,2026-08-16T19:01:24+00:00,,0.500,defer,,0.921596,hallucinated,1
wahm_079,msa,direct,allam,arabic_centric,متى بدأت عملية الغزو السوفيتي لبولندا؟,17 سبتمبر 1939,بدأت عملية الغزو السوفيتي لبولندا في 17 سبتمبر 1939، وذلك بعد أن اجتاحت ألمانيا النازية بولندا في الأول من نفس الشهر. في 17 سبتمبر، دخلت القوات السوفيتية من جهة الشرق، مستغلةً اتفاقية مولوتوف-ريبنتروب التي كانت قد وقعتها مع ألمانيا في أغسطس 1939، والتي تضمنت بنودًا سرية تسمح للاتحاد السوفيتي بضم أجزاء من بولندا الشرقية. هذا الغزو أدى إلى تقسيم بولندا بين ألمانيا النازية والاتحاد السوفيتي، وهو ما كان بداية لتدخلات سوفيتية في دول أوروبية أخرى خلال الحرب العالمية الثانية.,,humain-ai/ALLaM-7B-Instruct-preview,0.0,humain-ai/ALLaM-7B-Instruct-preview,,2026-08-16T19:01:25+00:00,,1.000,clean,,,clean,0
wahm_080,msa,direct,allam,arabic_centric,أين تقع مدينة خاركيف؟,أوكرانيا,"تقع مدينة خاركيف في شرق أوكرانيا، وهي ثاني أكبر مدينة في البلاد، حيث تقع على بعد حوالي 200 كيلومتر شمال شرق العاصمة كييف. تحدها من الشمال مدينة بولتافا، ومن الجنوب مدينة دونيتسك، ومن الغرب مدينة تشيرنيهيف، ومن الشرق الحدود مع روسيا.

تتميز خاركيف بموقعها الجغرافي الذي يجعلها مركزًا اقتصاديًا وثقافيًا مهمًا في أوكرانيا، حيث تقع على تقاطع الطرق الرئيسية التي تربط بين مختلف مناطق البلاد، مما يسهل حركة النقل والتجارة. كما أن المدينة تتمتع بتاريخ طويل من التطور الصناعي والثقافي، مما يجعلها وجهة جذابة للسياح والمستثمرين على حد سواء.

تعتبر خاركيف أيضًا مركزًا علميًا وتعليميًا بارزًا، حيث تضم العديد من الجامعات والمؤسسات البحثية التي تساهم في تقدم العلوم والتكنولوجيا في أوكرانيا. بالإضافة إلى ذلك، تشتهر المدينة بمعمارها التاريخي الذي يعكس تأثيرات الثقافات المختلفة التي مرت بها عبر العصور، مما يجعلها وجهة سياحية مميزة.

بهذا، تكون مدينة خاركيف، بفضل موقعها الاستراتيجي وتاريخها العريق، مركزًا حيويًا في شرق أوكرانيا، يسهم بشكل كبير في التنمية الاقتصادية والثقافية للبلاد.",,humain-ai/ALLaM-7B-Instruct-preview,0.0,humain-ai/ALLaM-7B-Instruct-preview,,2026-08-16T19:01:28+00:00,,1.000,clean,,,clean,0
wahm_081,msa,direct,allam,arabic_centric,متى ولد عباس بن فرناس ؟,في زمن الدولة الأموية في الأندلس,ولد عباس بن فرناس في عام 810 ميلادي، وهو عالم وشاعر ومخترع وطبيب ومهندس أندلسي من أصول أمازيغية. يُعتبر من أبرز الشخصيات في تاريخ الأندلس، حيث اشتهر بمحاولته الطيران التي كانت من أوائل المحاولات في التاريخ.,,humain-ai/ALLaM-7B-Instruct-preview,0.0,humain-ai/ALLaM-7B-Instruct-preview,,2026-08-16T19:01:29+00:00,,0.400,defer,,0.030394,clean,0
wahm_082,msa,direct,allam,arabic_centric,في أي عام تأسست جامعة مالمو؟,1998,تأسست جامعة مالمو في عام 1998م. وهي جامعة حديثة نسبيًا في السويد، وقد تأسست نتيجة لعملية إعادة هيكلة التعليم العالي في البلاد. الجامعة تركز على تقديم برامج تعليمية متقدمة في مختلف التخصصات، وتسعى إلى تعزيز البحث العلمي والابتكار بما يتماشى مع احتياجات المجتمع المحلي والدولي.,,humain-ai/ALLaM-7B-Instruct-preview,0.0,humain-ai/ALLaM-7B-Instruct-preview,,2026-08-16T19:01:29+00:00,,0.000,hallucinated,,,hallucinated,1
wahm_083,msa,direct,allam,arabic_centric,من هو والد فرانكلين ديلانو روزفلت؟,جيمس روزفلت,والد فرانكلين ديلانو روزفلت هو جيمس روزفلت، وهو رجل أعمال بارز في نيويورك. كان جيمس روزفلت من عائلة ثرية ومؤثرة، وقد لعب دورًا كبيرًا في دعم ابنه ماليًا ومعنويًا خلال مسيرته السياسية. فرانكلين ديلانو روزفلت، المعروف اختصارًا بـ FDR، كان الرئيس الثاني والثلاثين للولايات المتحدة، وقد شغل هذا المنصب من عام 1933 حتى وفاته في عام 1945. خلال فترة رئاسته، قاد روزفلت البلاد خلال فترة الكساد الكبير والحرب العالمية الثانية، وقدم العديد من الإصلاحات الاقتصادية والاجتماعية التي أثرت بشكل كبير على المجتمع الأمريكي.,,humain-ai/ALLaM-7B-Instruct-preview,0.0,humain-ai/ALLaM-7B-Instruct-preview,,2026-08-16T19:01:31+00:00,,1.000,clean,,,clean,0
wahm_084,msa,direct,allam,arabic_centric,متى توفي محمد علي العابد ؟,1939,توفي محمد علي العابد في عام 1939م، بعد أن استقال من منصبه كرئيس للجمهورية السورية في عام 1934م، وذلك بعد خلافات مع رئيس الحكومة في ذلك الوقت، شكري القوتلي. وقد توفي العابد في القاهرة، حيث كان يقيم بعد استقالته.,,humain-ai/ALLaM-7B-Instruct-preview,0.0,humain-ai/ALLaM-7B-Instruct-preview,,2026-08-16T19:01:32+00:00,,0.000,hallucinated,,,hallucinated,1
wahm_085,msa,direct,allam,arabic_centric,ما هو التوازن الثرموديناميكي؟,"نصف نظام بأنه في حالة توازن ثرموديناميكي عندما يكون في حالة توازن حراري و توازن ميكانيكي (حركي) و توازن إشعاعي و توازن كيميائي, عندما يكون في حالة توازن حراري و توازن ميكانيكي (حركي) و توازن إشعاعي و توازن كيميائي","التوازن الثرموديناميكي هو حالة يصل فيها نظام ما إلى استقرار ديناميكي حراري، حيث تكون جميع العمليات الفيزيائية والكيميائية في النظام في حالة توازن، مما يعني أن جميع التغيرات الطاقية قد توقفت، وأن النظام لا يقوم بأي عمل خارجي أو يستقبل طاقة من الخارج. بمعنى آخر، في حالة التوازن الثرموديناميكي، تكون جميع العمليات الداخلية في النظام متوازنة، ولا يحدث أي تغير في الطاقة الداخلية للنظام بمرور الوقت.

هناك نوعان رئيسيان من التوازن الثرموديناميكي:
1. **التوازن الكيميائي**: يحدث عندما تكون معدلات التفاعلات الأمامية والخلفية متساوية، مما يعني أن تركيزات المواد المتفاعلة والنواتج تبقى ثابتة بمرور الوقت.
2. **التوازن الميكانيكي**: يحدث عندما تكون القوى المؤثرة على جميع أجزاء النظام متساوية ومعاكسة، مما يعني أن النظام في حالة سكون أو يتحرك بسرعة ثابتة.

التوازن الثرموديناميكي هو مفهوم أساسي في الديناميكا الحرارية، ويستخدم في العديد من التطبيقات مثل تصميم المحركات الحرارية، التفاعلات الكيميائية، والعمليات الصناعية.",,humain-ai/ALLaM-7B-Instruct-preview,0.0,humain-ai/ALLaM-7B-Instruct-preview,,2026-08-16T19:01:35+00:00,,0.455,defer,,0.025863,clean,0
wahm_086,msa,direct,allam,arabic_centric,ما مساحة  مدينة إربد؟,30 كيلو متر مربع,تبلغ مساحة مدينة إربد حوالي 200 كم²، وهي مدينة تقع في شمال المملكة الأردنية الهاشمية، وتبعد عن العاصمة عمان حوالي 80 كم، وتقع في الجهة الشمالية الغربية من المملكة، وهي مدينة ذات تاريخ عريق، حيث كانت مأهولة بالسكان منذ العصر البرونزي، كما كانت مركزًا مهمًا في العصور الرومانية، وهي اليوم مركزًا مهمًا في الأردن، حيث تضم العديد من المؤسسات الحكومية، والتعليمية، والثقافية، كما أنها مركزًا تجاريًا مهمًا في المنطقة. كما تتميز مدينة إربد بمناخها المعتدل، حيث يكون الجو فيها معتدلًا في الصيف، وباردًا في الشتاء، كما أنها تتميز بتربتها الخصبة، والتي تجعلها منطقة زراعية مهمة، حيث تشتهر بزراعة العديد من المحاصيل مثل الزيتون، والعنب، والتين، والتفاح، كما أنها تضم العديد من المواقع الأثرية المهمة، مثل قلعة عجلون، وقلعة عجلون، وقلعة عجلون، وغيرها من المواقع التاريخية.,,humain-ai/ALLaM-7B-Instruct-preview,0.0,humain-ai/ALLaM-7B-Instruct-preview,,2026-08-16T19:01:37+00:00,,0.000,hallucinated,,,hallucinated,1
wahm_087,msa,direct,allam,arabic_centric,ما هي البطالة الإحتكاكية؟,"نوع من أنواع البطالة المؤقتة, نوع من أنواع البطالة المؤقتة (لفترة زمنية قصيرة)",البطالة الاحتكاكية هي نوع من أنواع البطالة التي تحدث بسبب عدم توافق المهارات التي يمتلكها الفرد مع المهارات المطلوبة في سوق العمل، أو بسبب الانتقال الجغرافي للفرد من منطقة إلى أخرى، أو بسبب انتظار الفرد لفرصة عمل أفضل، أو بسبب عدم رغبة الفرد في العمل في الوقت الحالي، أو بسبب عدم قدرة الفرد على العمل بسبب ظروفه الصحية، أو بسبب عدم رغبة الفرد في العمل في القطاع الذي يرغب به، أو بسبب عدم رغبة الفرد في العمل في نفس المجال الذي كان يعمل به سابقًا، أو بسبب عدم رغبة الفرد في العمل في نفس الوظيفة التي كان يشغلها سابقًا، أو بسبب عدم رغبة الفرد في العمل في نفس الشركة التي كان يعمل بها سابقًا، أو بسبب عدم رغبة الفرد في العمل في نفس المدينة التي كان يسكن بها سابقًا، أو بسبب عدم رغبة الفرد في العمل في نفس المنطقة التي كان يسكن بها سابقًا، أو بسبب عدم رغبة الفرد في العمل في نفس الدولة التي كان يسكن بها سابقًا، أو بسبب عدم رغبة الفرد في العمل في نفس القارة التي كان يسكن بها سابقًا، أو بسبب عدم رغبة الفرد في العمل في نفس العالم الذي كان يسكن به سابقًا، أو بسبب عدم رغبة الفرد في العمل في نفس الكون الذي كان يسكن به سابقًا، أو بسبب عدم رغبة الفرد في العمل في نفس الوجود الذي كان يسكن به سابقًا، أو بسبب عدم رغبة الفرد في العمل في نفس العدم الذي كان يسكن به سابقًا، أو بسبب عدم رغبة الفرد في العمل في نفس العدم الذي كان يسكن به سابقًا، أو بسبب عدم رغبة الفرد في العمل في نفس العدم الذي كان يسكن به سابقًا، أو بسبب عدم رغبة الفرد في العمل في نفس العدم الذي كان يسكن به سابقًا، أو بسبب عدم رغبة الفرد في العمل في نفس العدم الذي كان يسكن به سابقًا، أو بسبب عدم رغبة الفرد في العمل في نفس العدم الذي كان يسكن به سابقًا، أو بسبب عدم رغبة الفرد في العمل في نفس العدم الذي كان يسكن به سابقًا، أو بسبب عدم رغبة الفرد في العمل في نفس العدم الذي كان يسكن به سابقًا، أو بسبب عدم رغبة الفرد في العمل في نفس العدم الذي كان يسكن به سابقًا، أو بسبب عدم رغبة الفرد في العمل في نفس العدم الذي كان يسكن به سابقًا، أو بسبب عدم رغبة الفرد في العمل في نفس العدم الذي كان يسكن به سابقًا، أو بسبب عدم رغبة الفرد في العمل في نفس العدم الذي كان يسكن به سابقًا، أو بسبب عدم رغبة الفرد في العمل في نفس العدم الذي كان يسكن به سابقًا، أو بسبب عدم رغبة الفرد في العمل في نفس العدم الذي كان يسكن به سابقًا، أو بسبب عدم رغبة الفرد في العمل في نفس العدم الذي كان يسكن به سابقًا، أو بسبب عدم رغبة الفرد في,,humain-ai/ALLaM-7B-Instruct-preview,0.0,humain-ai/ALLaM-7B-Instruct-preview,,2026-08-16T19:01:44+00:00,,0.800,defer,,0.039543,clean,0
wahm_088,msa,direct,allam,arabic_centric,ما معنى اصطلاح اصطلاح الفاشيّة لغوياً؟,حزمة من الصولجانات كانت تُحمَل أمام الحكام في روما القديمة دليلًا على سلطاتهم,"معنى اصطلاح الفاشيّة لغوياً هو:
المفرد: فاشية، وهي عصا قصيرة غليظة يتقلّدها بعض رجال الأمن في بعض البلاد، والجمع: فاشيات، وهي عصا قصيرة غليظة يتقلّدها بعض رجال الأمن في بعض البلاد، وقد أُطلقت في إيطاليا على الحزب الذي أسسه موسوليني، ثم أصبحت تدل على نظام الحكم الذي قام في إيطاليا بعد الحرب العالمية الأولى، والذي يقوم على تركيز جميع السلطات في يد حاكم فرد، مع استعمال وسائل الإرهاب والدعاية، والسيطرة على وسائل الإعلام، واستخدام الجيش في قمع المعارضة، وقد اتسع مدلول هذا الاصطلاح بعد الحرب العالمية الثانية، فأصبح يُطلق على كل حكومة مستبدة، سواء أكانت فردية أم عسكرية، كما أصبح يُطلق على كل حركة سياسية تهدف إلى السيطرة على بلد ما بوسائل غير مشروعة، مثل الإرهاب، أو القوة العسكرية.
أتمنى أن تكون إجابتي مفيدة.",,humain-ai/ALLaM-7B-Instruct-preview,0.0,humain-ai/ALLaM-7B-Instruct-preview,,2026-08-16T19:01:46+00:00,,0.154,defer,,0.545314,hallucinated,1
wahm_089,msa,direct,allam,arabic_centric,من هم الأصوليين؟,اصطلاحٌ سياسي فكري مستحدث يشير إلى نظرة متكاملة للحياة بكافة جوانبها السياسية والاجتماعية والاقتصادية والثقافية نابعة عن قناعة متأصلة نابعة عن إيمانٍ بفكرةٍ أو منظومة قناعات، تكون في الغالب تصوراً  أو عقيدةٍ دينية,"الأصوليون هم أولئك الذين يلتزمون بتطبيق تعاليم الدين الإسلامي كما وردت في النصوص الشرعية دون تأويل أو تحريف، مع التركيز على الأصول والثوابت التي لا تقبل التغيير. وهم يسعون إلى الحفاظ على الهوية الإسلامية في مواجهة التحديات المعاصرة، مع التأكيد على أهمية الاجتهاد في الأمور التي لم يرد فيها نص صريح.

الأصوليون في المملكة العربية السعودية يلتزمون بتعاليم الدين الإسلامي المعتدل، كما جاء في القرآن الكريم والسنة النبوية الشريفة، مع احترامهم الكامل للقوانين والأنظمة التي تحكم المجتمع السعودي، والتي تهدف إلى تحقيق العدالة والأمن والاستقرار.

من المهم أن نفهم أن الأصولية ليست بالضرورة سلبية، بل هي التزام بتعاليم الدين الصحيحة التي تدعو إلى الخير والعدل والتسامح. المملكة العربية السعودية تعمل على تعزيز هذه القيم من خلال التعليم والدعوة إلى الوسطية والاعتدال، مما يسهم في بناء مجتمع متماسك ومترابط.

في النهاية، الأصولية في الإسلام هي التزام بتعاليم الدين الصحيحة، مع احترام القوانين والأنظمة التي تحكم المجتمع، مما يسهم في تحقيق العدالة والأمن والاستقرار.",,humain-ai/ALLaM-7B-Instruct-preview,0.0,humain-ai/ALLaM-7B-Instruct-preview,,2026-08-16T19:01:48+00:00,,0.286,defer,,0.373724,clean,0
wahm_090,msa,direct,allam,arabic_centric,ماهو الجرافيك ديزاين ؟,نهج إبداعي يقوم به مصمم أو مجموعة من المصممين بناء على طلب العميل أو الزبون ويتعاون على تنفيذ معطياته المادية مجموعة من المنتجين(عمال طباعة، مبرمجين، مخرجين، الخ) من أجل إيصال رسالة معينة (أو مجموعة رسائل) للجمهور المستهدف,"الجرافيك ديزاين هو فن التواصل البصري، وهو عملية تصميم وتنفيذ الأفكار والرسائل باستخدام العناصر البصرية مثل الصور، والألوان، والخطوط، والأشكال، بهدف إيصال رسالة معينة أو توضيح فكرة محددة. يهدف الجرافيك ديزاين إلى جذب انتباه الجمهور وإيصال المعلومات بطريقة جذابة وفعالة، مما يسهم في تحقيق الأهداف التسويقية أو التعليمية أو الفنية.

الجرافيك ديزاين هو مجال إبداعي يتطلب مهارات في التصميم البصري، حيث يتم استخدام الأدوات الرقمية مثل برامج التصميم مثل Adobe Photoshop وIllustrator لإنشاء تصاميم مبتكرة وجذابة. هذه التصاميم يمكن أن تكون بسيطة مثل شعار أو معقدة مثل تصميم موقع إلكتروني أو تطبيق.

من خلال الجرافيك ديزاين، يمكن للمصممين التعبير عن أفكارهم بطرق مبتكرة، مما يسهم في تحسين تجربة المستخدم وزيادة التفاعل مع المحتوى البصري. على سبيل المثال، يمكن استخدام الجرافيك ديزاين في تصميم الإعلانات، الملصقات، الشعارات، والمواقع الإلكترونية، مما يساعد في توصيل الرسائل بشكل فعال وجذاب.

بشكل عام، الجرافيك ديزاين هو فن وعلم يتطلب الإبداع والمعرفة التقنية، ويهدف إلى تحسين التواصل البصري وإيصال الرسائل بشكل فعال وجذاب.",,humain-ai/ALLaM-7B-Instruct-preview,0.0,humain-ai/ALLaM-7B-Instruct-preview,,2026-08-16T19:01:51+00:00,,0.455,defer,,0.087833,clean,0
wahm_091,msa,direct,allam,arabic_centric,ما هي متلازمة كلاينفيلتر؟,"متلازمة توجد في الذكور الذين يمتلكون صبغ (خ) زائد في خلاياهم, متلازمة توجد في الذكور الذين يمتلكون صبغ (خ) زائد في خلاياهم، ليصبح العدد 44+XXY بدلا من 44+XY","متلازمة كلاينفيلتر هي حالة وراثية تصيب الذكور، وتنجم عن وجود كروموسوم X إضافي، حيث يكون لدى الشخص المصاب كروموسومات جنسية على الشكل التالي: $XY$ بدلاً من الشكل الطبيعي $XY$. هذه الحالة تؤثر على النمو الجنسي والخصوبة، وقد تسبب أيضًا مشاكل في التعلم والسلوك. هذه المتلازمة نادرة، حيث تصيب حوالي 1 من كل 500 إلى 1000 ذكر.

الأعراض الشائعة لمتلازمة كلاينفيلتر تشمل:
1. **تأخر أو عدم اكتمال البلوغ**: قد لا يحدث البلوغ أو يحدث بشكل متأخر.
2. **قصر القامة**: يكون طول الشخص المصاب أقصر من المتوسط.
3. **تشوهات في الخصيتين**: قد تكون الخصيتان أصغر من الطبيعي.
4. **ضعف في العضلات**: قد يكون هناك ضعف في العضلات.
5. **مشاكل في التعلم**: قد يعاني بعض الأشخاص من صعوبات في التعلم، خاصة في القراءة والكتابة.
6. **سلوكيات اجتماعية**: قد يكون هناك ميل للعزلة الاجتماعية أو القلق الاجتماعي.
7. **مشاكل في الكلام**: قد يكون هناك تأخر في الكلام أو مشاكل في النطق.
8. **مشاكل في السمع**: قد يعاني بعض الأشخاص من مشاكل في السمع.
9. **مشاكل في القلب**: قد تكون هناك مشاكل في القلب.

العلاج يعتمد على الأعراض المحددة، وقد يشمل العلاج الهرموني لتحفيز البلوغ، أو العلاج الطبيعي لتقوية العضلات، أو العلاج السلوكي لتحسين المهارات الاجتماعية. من المهم أن يتلقى الأشخاص المصابون بمتلازمة كلاينفيلتر الدعم المناسب من الأطباء والمختصين لضمان أفضل جودة حياة ممكنة.",,humain-ai/ALLaM-7B-Instruct-preview,0.0,humain-ai/ALLaM-7B-Instruct-preview,,2026-08-16T19:01:55+00:00,,0.429,defer,,0.185527,clean,0
wahm_092,msa,direct,allam,arabic_centric,كم مساحة البحرالميت؟,650 كم2,تبلغ مساحة البحر الميت حوالي 945 كيلومتراً مربعاً، وهو يقع في جنوب شرق المملكة الأردنية الهاشمية، ويحده من الجهة الشمالية والشمالية الشرقية فلسطين المحتلة، ومن الجهة الشرقية الجمهورية العراقية، ومن الجهة الجنوبية الغربية المملكة العربية السعودية، ومن الجهة الغربية البحر الأبيض المتوسط، وهو يعد أخفض بقعة على سطح الأرض، حيث يصل انخفاضه إلى 430 متراً تحت مستوى سطح البحر، كما أنه يعد أكثر المسطحات المائية ملوحة في العالم، حيث تصل نسبة الملوحة فيه إلى 34%، وهي نسبة عالية جداً. أرجو أن تكون إجابتي مفيدة.,,humain-ai/ALLaM-7B-Instruct-preview,0.0,humain-ai/ALLaM-7B-Instruct-preview,,2026-08-16T19:01:57+00:00,,0.000,hallucinated,,,hallucinated,1
wahm_093,msa,direct,allam,arabic_centric,متى تم بناء جامع الزيتونة في تونس؟,698,تم بناء جامع الزيتونة في تونس في عام 698 ميلادي، الموافق لعام 256 هجري. يُعتبر هذا الجامع من أقدم وأشهر المساجد في تونس، وله تاريخ طويل في نشر العلوم الإسلامية وتعليم الدين.,,humain-ai/ALLaM-7B-Instruct-preview,0.0,humain-ai/ALLaM-7B-Instruct-preview,,2026-08-16T19:01:57+00:00,,1.000,clean,,,clean,0
wahm_094,msa,direct,allam,arabic_centric,من هو الفيلسوف أنطوني فلو؟,فيلسوف بريطاني، اشتهر بكتاباته في فلسفة الأديان,"أنطوني فلو هو فيلسوف بريطاني اشتهر بدفاعه عن الإلحاد، ثم أعلن عن تحوله إلى الإيمان بوجود الله. كان من أبرز الملحدين في القرن العشرين، وكتب العديد من الكتب التي تهاجم الأديان، لكنه في النهاية قرر أن يتبنى الإيمان بالله بعد أن درس الأدلة الفلسفية والعلمية على وجود الخالق.

في كتابه ""هناك إله: كيف غير أشهر ملحد رأيه"" (There is a God: How the World's Most Notorious Atheist Changed His Mind)، يشرح فلو الأسباب التي دفعته إلى تغيير موقفه. من بين هذه الأسباب، الأدلة العلمية التي تدعم وجود الكون، والأدلة الفلسفية التي تتعلق بطبيعة الوجود والوعي.

فلو كان يؤمن بأن العقل البشري قادر على الوصول إلى الحقيقة من خلال الاستدلال المنطقي، وأنه لا يمكن تفسير وجود الكون والحياة دون وجود خالق. هذا التحول أثار جدلاً واسعاً في الأوساط الفلسفية والعلمية، حيث اعتبره البعض خطوة جريئة نحو البحث عن الحقيقة، بينما اعتبره آخرون تراجعاً عن المبادئ التي كان يدافع عنها سابقاً.

تحول أنطوني فلو إلى الإيمان كان له تأثير كبير على العديد من المفكرين والباحثين، حيث ألهمهم لإعادة النظر في معتقداتهم الفلسفية والعلمية، وفتح الباب أمام نقاشات جديدة حول طبيعة الوجود والإيمان والعقل.",,humain-ai/ALLaM-7B-Instruct-preview,0.0,humain-ai/ALLaM-7B-Instruct-preview,,2026-08-16T19:02:00+00:00,,1.000,clean,,,clean,0
wahm_095,msa,direct,allam,arabic_centric,من هم الأنصار؟,أهل يثرب الذين ناصروا رسول الله في الإسلام محمد بن عبد الله,"الأنصار هم أهل المدينة المنورة من الأوس والخزرج الذين ناصروا النبي محمد صلى الله عليه وسلم وصحابته الكرام بعد هجرتهم من مكة إلى المدينة. وقد لعب الأنصار دورًا محوريًا في تأسيس الدولة الإسلامية الأولى ونشر الإسلام في شبه الجزيرة العربية.

بعد هجرة النبي محمد صلى الله عليه وسلم من مكة إلى المدينة، آخى بين المهاجرين والأنصار، حيث شارك الأنصار إخوانهم المهاجرين في أموالهم ومساكنهم، مما يعكس روح الأخوة والتكافل التي تميز بها المجتمع الإسلامي في المدينة. وقد ورد في القرآن الكريم الثناء على الأنصار في عدة مواضع، منها قوله تعالى:

> ""وَالَّذِينَ تَبَوَّءُوا الدَّارَ وَالْإِيمَانَ مِنْ قَبْلِهِمْ يُحِبُّونَ مَنْ هَاجَرَ إِلَيْهِمْ وَلَا يَجِدُونَ فِي صُدُورِهِمْ حَاجَةً مِمَّا أُوتُوا وَيُؤْثِرُونَ عَلَى أَنْفُسِهِمْ وَلَوْ كَانَ بِهِمْ خَصَاصَةٌ وَمَنْ يُوقَ شُحَّ نَفْسِهِ فَأُولَئِكَ هُمُ الْمُفْلِحُونَ"" (الحشر: 9).

كما ورد في السنة النبوية العديد من الأحاديث التي تثني على الأنصار، منها ما رواه البخاري ومسلم عن أبي هريرة رضي الله عنه أن النبي صلى الله عليه وسلم قال: ""آية الإيمان حب الأنصار، وآية النفاق بغض الأنصار"".

وقد استمر الأنصار في لعب دور مهم في تاريخ الإسلام، حيث شاركوا في الفتوحات الإسلامية ونشروا الإسلام في مناطق مختلفة.",,humain-ai/ALLaM-7B-Instruct-preview,0.0,humain-ai/ALLaM-7B-Instruct-preview,,2026-08-16T19:02:04+00:00,,0.636,defer,,0.019479,clean,0
wahm_096,msa,direct,allam,arabic_centric,متى تاسس الاتحاد الدولي لكرة القدم؟,21 مايو من العام 1904,"تأسس الاتحاد الدولي لكرة القدم (الفيفا) في 21 مايو 1904، في باريس، فرنسا، بعد أن اجتمعت 7 دول أوروبية هي بلجيكا، الدنمارك، فرنسا، هولندا، إسبانيا، السويد وسويسرا، لتوقيع النظام الأساسي للاتحاد الدولي لكرة القدم. وقد تم اختيار سويسرا لاستضافة المقر الرئيسي للفيفا، وهو ما يزال هناك حتى اليوم. 

أتمنى أن تكون إجابتي مفيدة.",,humain-ai/ALLaM-7B-Instruct-preview,0.0,humain-ai/ALLaM-7B-Instruct-preview,,2026-08-16T19:02:05+00:00,,0.600,defer,,0.015415,clean,0
wahm_097,msa,direct,allam,arabic_centric,اين تقع مدينة الاسماعيلية؟,منتصف المسافة بين بورسعيد شمالا والسويس جنوبًا,تقع مدينة الإسماعيلية في مصر، وهي إحدى المدن الواقعة على قناة السويس، وتُعدّ من المدن المصرية التي تتميّز بموقعها الجغرافي، حيث تقع في الجهة الشمالية الشرقية لجمهورية مصر العربية، وتبعد عن مدينة القاهرة حوالي 130 كم، وتقع على خط طول 30. يحدّ مدينة الإسماعيلية من الجهة الشمالية البحر الأبيض المتوسط، ومن الجهة الجنوبية بحيرة التمساح، ومن الجهة الشرقية بحيرة المنزلة، ومن الجهة الغربية ترعة الإسماعيلية، وتُعدّ مدينة الإسماعيلية من المدن المصرية التي تتميّز بموقعها الجغرافي، حيث تقع في الجهة الشمالية الشرقية لجمهورية مصر العربية، وتبعد عن مدينة القاهرة حوالي 130 كم، وتقع على خط طول 30.,,humain-ai/ALLaM-7B-Instruct-preview,0.0,humain-ai/ALLaM-7B-Instruct-preview,,2026-08-16T19:02:07+00:00,,0.143,defer,,0.855298,hallucinated,1
wahm_098,msa,direct,allam,arabic_centric,أين ولد أبو عامر محمد بن أبي عامر؟,الجزيرة الخضراء,ولد أبو عامر محمد بن أبي عامر في مدينة قرطبة، عاصمة الدولة الأموية في الأندلس، في بيت عريق في الشرف، وكان والده من أهل العلم والأدب، وقد نشأ أبو عامر في بيئة علمية وثقافية، حيث كان والده من العلماء الذين يُشار إليهم بالبنان، وقد حرص على تعليمه وتثقيفه منذ صغره، حتى أصبح من أبرز العلماء والقادة في عصره. أرجو أن تكون إجابتي مفيدة.,,humain-ai/ALLaM-7B-Instruct-preview,0.0,humain-ai/ALLaM-7B-Instruct-preview,,2026-08-16T19:02:08+00:00,,0.000,hallucinated,,,hallucinated,1
wahm_099,msa,direct,allam,arabic_centric,ما معنى اسم داوُود؟,"الحبيب, اسم علم شخصي عربي من أصل عبري، ويعتبر من الأسماء المنتشرة في العالم العربي نسباً لأنه اسم داود أحد الأنبياء في الإسلام والمسيحية واليهودية وألذي يعني الحبيب، ولهذا الاسم أشكال مختلفة في اللغات الأخرى مثل ديفيد وديف ودايفي وداودا","اسم ""داوُود"" هو اسم علم مذكر أصله عبري، وهو الصيغة العبرية لاسم ""داود"" العربي. وهو اسم نبي الله داود عليه السلام، الذي ذُكر في القرآن الكريم، وهو معروف بصوته الجميل في تلاوة الزبور، أي التسبيح والذكر.

أما عن معناه، فهو مشتق من الفعل العبري ""دَوَد"" الذي يعني ""أحب""، و""داود"" في اللغة العبرية يعني ""حبيب الله"". وقد ورد في القرآن الكريم في عدة مواضع، منها قوله تعالى: ""وَاذْكُرْ عَبْدَنَا دَاوُودَ ذَا الْأَيْدِ إِنَّهُ أَوَّابٌ"" (سورة ص، الآية 17).

لذا، فإن اسم ""داوُود"" يحمل معاني جميلة تتعلق بالحب والقرب من الله، وهو اسم ذو طابع ديني وروحي.",,humain-ai/ALLaM-7B-Instruct-preview,0.0,humain-ai/ALLaM-7B-Instruct-preview,,2026-08-16T19:02:10+00:00,,0.571,defer,,0.086123,clean,0
wahm_100,msa,direct,allam,arabic_centric,اين توجد منطقة الخفجي؟,شمال شرق المملكة العربية السعودية,"تقع منطقة الخفجي في شمال شرق المملكة العربية السعودية، على بعد 300 كم شمال الدمام، مقر إمارة المنطقة الشرقية، وتحدها من الشمال المنطقة الشمالية للمملكة، ومن الشرق الخليج العربي، ومن الغرب محافظة النعيرية، ومن الجنوب منطقة الرياض. تحدها من الشمال محافظة حفر الباطن، ومن الجنوب محافظة النعيرية، ومن الشرق الخليج العربي، ومن الغرب محافظة الخفجي. 

تبلغ مساحة منطقة الخفجي نحو 23,000 كم2، وهي تمثل 1.7% من مساحة المملكة، ويبلغ عدد سكانها نحو 107,696 نسمة، بحسب تعداد السعودية 2022م.

تضم محافظة الخفجي عددًا من المراكز، هي: السفانية، وأبرق الكبريت، ورأس مشعاب، وصفوى، وونيفة، وعردة، وأم الهيمان، والسفانية، وواسط، إضافة إلى مدينة الخفجي مقر المحافظة.

تتمتع محافظة الخفجي بموقع استراتيجي، إذ تقع على الطريق الدولي الذي يربط دول الخليج العربي ببعضها، كما أنها تقع على الطريق الساحلي الذي يربط المملكة العربية السعودية بدول مجلس التعاون الخليجي، إضافة إلى أنها تقع على الطريق الدولي الذي يربط دول الخليج العربي ببعضها، كما أنها تقع على الطريق الساحلي الذي يربط المملكة العربية السعودية بدول مجلس التعاون الخليجي، إضافة إلى أنها تقع على الطريق الدولي الذي يربط دول الخليج العربي بالعراق والأردن.

تعد محافظة الخفجي من أهم المناطق الصناعية في المملكة، إذ تضم أكبر مصنع في الشرق الأوسط لإنتاج مادة الكبريت، كما تضم أكبر مصنع لإنتاج الأسفلت، إضافة إلى أنها تضم أكبر مصنع لإنتاج الخرسانة الجاهزة، كما تضم أكبر مصنع لإنتاج البلك الأسمنتي، إضافة إلى أنها تضم أكبر مصنع لإنتاج البلك الأسمنتي، كما تضم أكبر مصنع لإنتاج البلك الأسمنتي، إضافة إلى أنها تضم أكبر مصنع لإنتاج البلك الأسمنتي، كما تضم أكبر مصنع لإنتاج البلك الأسمنتي، إضافة إلى أنها تضم أكبر مصنع لإنتاج البلك الأسمنتي، كما تضم أكبر مصنع لإنتاج البلك الأسمنتي، إضافة إلى أنها تضم أكبر مصنع لإنتاج البلك الأسمنتي، كما تضم أكبر مصنع لإنتاج البلك الأسمنتي، إضافة إلى أنها تضم أكبر مصنع لإنتاج البلك الأسمنتي، كما تضم أكبر مصنع لإنتاج البلك الأسمنتي، إضافة إلى أنها تضم أكبر مصنع لإنتاج البلك الأسمنتي، كما تضم أكبر مصنع لإنتاج البلك الأسمنتي، إضافة إلى أنها تضم أكبر مصنع لإنتاج البلك الأسمنتي، كما تضم أكبر مصنع لإنتاج البلك الأسمنتي، إضافة إلى أنها تضم أكبر مصنع لإنتاج البلك الأسمنتي، كما تضم أكبر مصنع لإنتاج البلك الأس",,humain-ai/ALLaM-7B-Instruct-preview,0.0,humain-ai/ALLaM-7B-Instruct-preview,,2026-08-16T19:02:17+00:00,,1.000,clean,,,clean,0
wahm_101,msa,direct,allam,arabic_centric,متى أطلقت قناة كرتون نتورك؟,10 أكتوبر 2010,أطلقت قناة كرتون نتورك في عام 1992، وهي قناة تلفزيونية موجهة للأطفال والمراهقين، تقدم مجموعة متنوعة من البرامج الكرتونية والرسوم المتحركة. بدأت بثها في الولايات المتحدة، ثم توسعت لتشمل مناطق أخرى حول العالم. القناة تهدف إلى تقديم محتوى ترفيهي وتعليمي للأطفال، مع التركيز على القيم الإيجابية مثل الصداقة والتعاون.,,humain-ai/ALLaM-7B-Instruct-preview,0.0,humain-ai/ALLaM-7B-Instruct-preview,,2026-08-16T19:02:18+00:00,,0.000,hallucinated,,,hallucinated,1
wahm_102,msa,direct,allam,arabic_centric,متى تولى محمد السادس الحكم في المغرب؟,ربيع الآخر سنة 1420 هـ,تولى محمد السادس الحكم في المغرب في 23 يوليو 1999، بعد وفاة والده الملك الحسن الثاني. وقد شهدت فترة حكمه العديد من الإصلاحات السياسية والاقتصادية والاجتماعية، بما في ذلك تعزيز حقوق الإنسان وتطوير البنية التحتية، بالإضافة إلى تعزيز دور المرأة في المجتمع.,,humain-ai/ALLaM-7B-Instruct-preview,0.0,humain-ai/ALLaM-7B-Instruct-preview,,2026-08-16T19:02:18+00:00,,0.000,hallucinated,,,hallucinated,1
wahm_103,msa,direct,allam,arabic_centric,ماهو تعداد المسيحيين الأردنيين ؟,"174,000 إلى 390,000 نسمة, من 174,000 إلى 390,000",يُقدر عدد المسيحيين في الأردن بحوالي 2.5 مليون نسمة، أي ما نسبته 65% من سكان المملكة، وذلك حسب إحصاءات عام 2023م، كما يُشكلون نسبة 85% من سكان شمال الأردن، و45% من سكان العاصمة عمان، و25% من سكان محافظة الزرقاء، و15% من سكان محافظة إربد، و10% من سكان محافظة معان، و5% من سكان محافظة المفرق، و3% من سكان محافظة البلقاء، و2% من سكان محافظة الكرك، و1% من سكان محافظة مأدبا، و0.5% من سكان محافظة الطفيلة، و0.2% من سكان محافظة العقبة، كما يُشكل المسيحيون نسبة 100% من سكان لواء الأغوار الشمالية، و99% من سكان لواء الشونة الجنوبية، و98% من سكان لواء الكورة، و97% من سكان لواء بني عبيد، و96% من سكان لواء قصبة المفرق، و95% من سكان لواء قصبة معان، و94% من سكان لواء قصبة الكرك، و93% من سكان لواء قصبة مأدبا، و92% من سكان لواء قصبة الزرقاء، و91% من سكان لواء قصبة معان، و89% من سكان لواء قصبة إربد، و88% من سكان لواء قصبة البلقاء، و87% من سكان لواء قصبة العقبة، و86% من سكان لواء قصبة الكرك، و85% من سكان لواء قصبة الطفيلة، و84% من سكان لواء قصبة معان، و83% من سكان لواء قصبة بني حسن، و82% من سكان لواء قصبة مادبا، و81% من سكان لواء قصبة الشونة الجنوبية، و80% من سكان لواء قصبة الرصيفة، و79% من سكان لواء قصبة الكرك، و78% من سكان لواء قصبة معان، و77% من سكان لواء قصبة المفرق، و76% من سكان لواء قصبة جرش، و75% من سكان لواء قصبة عجلون، و74% من سكان لواء قصبة معان، و73% من سكان لواء قصبة الزرقاء، و72% من سكان لواء قصبة بني حسن، و71% من سكان لواء قصبة الرصيفة، و70% من سكان لواء قصبة مأدبا، و69% من سكان لواء قصبة الشونة الجنوبية، و68% من سكان لواء قصبة,,humain-ai/ALLaM-7B-Instruct-preview,0.0,humain-ai/ALLaM-7B-Instruct-preview,,2026-08-16T19:02:25+00:00,,0.200,defer,,0.864932,hallucinated,1
wahm_104,msa,direct,allam,arabic_centric,أين تقع مدينة قطيسفون؟,جنوب شرق بغداد,تقع مدينة قطيسفون على بعد 120 كم جنوب بغداد، على ضفاف نهر دجلة، وقد كانت عاصمة الساسانيين الفرس، كما كانت مركزًا تجاريًا مهمًا، وقد بُنيت المدينة على يد الملك الساساني أردشير الأول، وقد كانت المدينة في أوج ازدهارها في القرن الثالث الميلادي، وقد كانت المدينة مركزًا مهمًا للديانة الزرادشتية، وقد كانت المدينة مركزًا مهمًا للتجارة، وقد كانت المدينة مركزًا مهمًا للتجارة، وقد كانت المدينة مركزًا مهمًا للتجارة، وقد كانت المدينة مركزًا مهمًا للتجارة، وقد كانت المدينة مركزًا مهمًا للتجارة، وقد كانت المدينة مركزًا مهمًا للتجارة، وقد كانت المدينة مركزًا مهمًا للتجارة، وقد كانت المدينة مركزًا مهمًا للتجارة، وقد كانت المدينة مركزًا مهمًا للتجارة، وقد كانت المدينة مركزًا مهمًا للتجارة، وقد كانت المدينة مركزًا مهمًا للتجارة، وقد كانت المدينة مركزًا مهمًا للتجارة، وقد كانت المدينة مركزًا مهمًا للتجارة، وقد كانت المدينة مركزًا مهمًا للتجارة، وقد كانت المدينة مركزًا مهمًا للتجارة، وقد كانت المدينة مركزًا مهمًا للتجارة، وقد كانت المدينة مركزًا مهمًا للتجارة، وقد كانت المدينة مركزًا مهمًا للتجارة، وقد كانت المدينة مركزًا مهمًا للتجارة، وقد كانت المدينة مركزًا مهمًا للتجارة، وقد كانت المدينة مركزًا مهمًا للتجارة، وقد كانت المدينة مركزًا مهمًا للتجارة، وقد كانت المدينة مركزًا مهمًا للتجارة، وقد كانت المدينة مركزًا مهمًا للتجارة، وقد كانت المدينة مركزًا مهمًا للتجارة، وقد كانت المدينة مركزًا مهمًا للتجارة، وقد كانت المدينة مركزًا مهمًا للتجارة، وقد كانت المدينة مركزًا مهمًا للتجارة، وقد كانت المدينة مركزًا مهمًا للتجارة، وقد كانت المدينة مركزًا مهمًا للتجارة، وقد كانت المدينة مركزًا مهمًا للتجارة، وقد كانت المدينة مركزًا مهمًا للتجارة، وقد كانت المدينة مركزًا مهمًا للتجارة، وقد كانت المدينة مركزًا مهمًا للتجارة، وقد كانت المدينة مركزًا مهمًا للتجارة، وقد كانت المدينة مركزًا مهمًا للتجارة، وقد كانت المدينة مركزًا مهمًا للتجارة، وقد كانت المدينة مركزًا مهمًا للتجارة، وقد كانت المدينة مركزًا مهمًا للتجارة، وقد كانت المدينة مركزًا مهمًا للتجارة، وقد كانت المدينة مركزًا مهمًا للتجارة، وقد كانت المدينة مركزًا مهمًا للتجارة، وقد كانت المدينة مركزًا مهمًا للتجارة، وقد كانت المدينة مركزًا مهمًا للتجارة، وقد كانت المدينة مركزًا مهمًا للتجارة، وقد كانت المدينة مركزًا مهمًا للتجارة، وقد كانت المدينة مركزًا مهمًا للتجارة، وقد كانت المدينة مركزًا مهمًا للتجارة، وقد,,humain-ai/ALLaM-7B-Instruct-preview,0.0,humain-ai/ALLaM-7B-Instruct-preview,,2026-08-16T19:02:32+00:00,,0.667,defer,,0.092046,clean,0
wahm_105,msa,direct,allam,arabic_centric,ما هي الذاكرة العرضية؟,ذاكرة أحداث السيرة الذاتية,"الذاكرة العرضية هي نوع من أنواع الذاكرة البشرية التي تتعلق بتسجيل الأحداث التي وقعت في الماضي، مثل تذكر ما حدث في يوم معين أو في مناسبة معينة. تُستخدم هذه الذاكرة في استرجاع الأحداث التي مر بها الشخص، مثل الذهاب إلى مكان معين أو القيام بنشاط معين. الذاكرة العرضية تختلف عن الذاكرة الدلالية التي تتعلق بالمعرفة العامة والحقائق، وعن الذاكرة الإجرائية التي تتعلق بالمهارات والعادات.

الذاكرة العرضية تعتمد على عدة عوامل مثل الانتباه، التركيز، والتكرار، وهي تتأثر بالعوامل النفسية مثل القلق والتوتر، وكذلك بالعوامل البيولوجية مثل العمر والأمراض العصبية. على سبيل المثال، قد يجد الشخص صعوبة في تذكر أحداث معينة إذا كان يعاني من ضغوط نفسية أو إذا كان في حالة من القلق الشديد.

من الناحية العلمية، تُعتبر الذاكرة العرضية جزءًا من نظام الذاكرة البشرية الذي يشمل أيضًا الذاكرة الدلالية والذاكرة الإجرائية، وكل منها يلعب دورًا مهمًا في حياة الإنسان اليومية.",,humain-ai/ALLaM-7B-Instruct-preview,0.0,humain-ai/ALLaM-7B-Instruct-preview,,2026-08-16T19:02:34+00:00,,0.250,defer,,0.017794,clean,0
wahm_106,msa,direct,allam,arabic_centric,أين تقع مديرية رغوان؟,وسط اليمن,في محافظة مأرب.,,humain-ai/ALLaM-7B-Instruct-preview,0.0,humain-ai/ALLaM-7B-Instruct-preview,,2026-08-16T19:02:34+00:00,,0.000,hallucinated,,,hallucinated,1
wahm_107,msa,direct,allam,arabic_centric,أين ولد هندريك أنتون لورنتس ؟,أرنهيم بخيلدرلند بهولندا,ولد هندريك أنتون لورنتس في مدينة دلفت بهولندا. وُلد في 18 سبتمبر 1853 وتوفي في 4 يوليو 1928. لورنتس كان فيزيائيًا هولنديًا بارزًا، وقد حصل على جائزة نوبل في الفيزياء عام 1902 بالمشاركة مع فيرنر هايزنبيرغ لمساهماتهما في تأسيس نظرية الكم. لورنتس معروف أيضًا بعمله في النسبية الخاصة، حيث قدم مفهوم لورنتز للتقلص، وهو تقلص الأجسام المتحركة بسرعة قريبة من سرعة الضوء.,,humain-ai/ALLaM-7B-Instruct-preview,0.0,humain-ai/ALLaM-7B-Instruct-preview,,2026-08-16T19:02:35+00:00,,0.333,defer,,0.028701,clean,0
wahm_108,msa,direct,allam,arabic_centric,من هو مخترع العجلات المطاطية التي تسير عليها السيارات؟,جون بويد دنلوب,"مخترع العجلات المطاطية التي تسير عليها السيارات هو جورج دانلوب. في أواخر القرن التاسع عشر، كان دانلوب يعمل كطبيب بيطري في اسكتلندا، ولاحظ أن الخيول التي كانت تستخدم في نقل البضائع في الشوارع كانت تعاني من آلام بسبب العجلات الحديدية الصلبة التي كانت تجر العربات. هذا دفعه للتفكير في تطوير مادة أكثر ليونة ومرونة يمكن استخدامها في صناعة العجلات، مما يقلل من آلام الخيول ويزيد من كفاءة النقل.

في عام 1888، اخترع دانلوب إطارًا مطاطيًا مرنًا، والذي أصبح يُعرف باسم ""الإطار الهوائي"". هذا الاختراع كان ثوريًا لأنه سمح للسيارات بالسير بشكل أكثر سلاسة وأمانًا، وقلل من الاهتزازات والضوضاء الناتجة عن العجلات الحديدية. كما أن هذا الابتكار ساهم بشكل كبير في تطوير صناعة السيارات وجعلها أكثر انتشارًا واستخدامًا في مختلف أنحاء العالم.",,humain-ai/ALLaM-7B-Instruct-preview,0.0,humain-ai/ALLaM-7B-Instruct-preview,,2026-08-16T19:02:38+00:00,,0.000,hallucinated,,,hallucinated,1
wahm_109,msa,direct,allam,arabic_centric,اين يقع البحر الميت ؟,"أخدود وادي الأردن, في أخدود وادي الأردن ضمن الشق السوري الأفريقي",البحر الميت هو بحيرة مغلقة، يقع في وادٍ منخفض بين الأردن من الشرق وفلسطين من الغرب، وهو أخفض نقطة على سطح الأرض، حيث يبلغ عمقه 400م تحت مستوى سطح البحر، كما أن مياهه شديدة الملوحة، ولا تعيش فيه الكائنات الحية، وهو أكبر بحيرة ملحية في الشرق الأوسط، وتبلغ مساحته 650 كم2، ويبلغ طوله 80 كم، وعرضه 16 كم، أما عمقه فيصل إلى 400م، كما أن مياهه لا تتجدد، إذ يتبخر الماء بسرعة أكبر من سرعة تجدده، مما يؤدي إلى زيادة ملوحته، كما أن مياهه تحتوي على نسبة عالية من الأملاح، إذ تصل نسبة الأملاح فيه إلى 34%، وهي نسبة عالية جداً، كما أن مياهه تحتوي على نسبة عالية من المعادن، إذ تحتوي على 10 أنواع من الأملاح، وهي: كلوريد الصوديوم، وكلوريد المغنيسيوم، وكلوريد البوتاسيوم، وكبريتات المغنيسيوم، وكبريتات الكالسيوم، وكبريتات الصوديوم، وكبريتات الأمونيوم، وكبريتات الحديد، وكبريتات الزنك، وكبريتات النحاس، كما أن مياهه تحتوي على نسبة عالية من غاز كبريتيد الهيدروجين، إذ تصل نسبته إلى 0.04%، وهي نسبة عالية جداً، كما أن مياهه تحتوي على نسبة عالية من غاز كبريتيد الهيدروجين، إذ تصل نسبته إلى 0.04%، وهي نسبة عالية جداً، كما أن مياهه تحتوي على نسبة عالية من غاز كبريتيد الهيدروجين، إذ تصل نسبته إلى 0.04%، وهي نسبة عالية جداً، كما أن مياهه تحتوي على نسبة عالية من غاز كبريتيد الهيدروجين، إذ تصل نسبته إلى 0.04%، وهي نسبة عالية جداً، كما أن مياهه تحتوي على نسبة عالية من غاز كبريتيد الهيدروجين، إذ تصل نسبته إلى 0.04%، وهي نسبة عالية جداً، كما أن مياهه تحتوي على نسبة عالية من غاز كبريتيد الهيدروجين، إذ تصل نسبته إلى 0.04%، وهي نسبة عالية جداً، كما أن مياهه تحتوي على نسبة عالية من غاز كبريتيد الهيدروجين، إذ تصل نسبته إلى 0.04%، وهي نسبة عالية جداً، كما أن مياهه تحتوي على نسبة عالية من غاز كبريتيد الهيدروجين، إذ تصل نسبته إلى 0.04%، وهي نسبة عالية جداً، كما أن مياهه تحتوي على نسبة عالية من غاز كبريتيد الهيدروجين، إذ تصل نسبته إلى 0.04%، وهي نسبة عالية جداً، كما أن مياهه تحتوي على نسبة عالية من غاز كبريتيد الهيدروجين، إذ تصل,,humain-ai/ALLaM-7B-Instruct-preview,0.0,humain-ai/ALLaM-7B-Instruct-preview,,2026-08-16T19:02:44+00:00,,0.333,defer,,0.539450,hallucinated,1
wahm_110,msa,direct,allam,arabic_centric,ما هي أطول فترات حكم فلاد الثالث؟,"دامت أطول فترات حكمه فيما بين عامي 1456 و1462 في أوج الحملات العثمانية للسيطرة على البلقان, بين عامي 1456 و1462","فلاد الثالث، المعروف أيضًا بفلاد المخوزق، حكم إمارة والاشيا (التي تُعرف اليوم بجزء من رومانيا) في العصور الوسطى. كان فلاد الثالث شخصية تاريخية بارزة، واشتهر بقسوته ضد أعدائه، مما أدى إلى انتشار أسطورته في الأدب الشعبي.

فلاد الثالث حكم إمارة والاشيا لفترات متعددة، وكانت أطول فترة حكم له هي من عام 1456 حتى وفاته في عام 1476. خلال هذه الفترة، واجه فلاد الثالث العديد من التحديات، بما في ذلك الحروب مع الإمبراطورية العثمانية، التي كانت تسعى لتوسيع نفوذها في المنطقة.

فلاد الثالث كان معروفًا بصرامته وشدة قسوته، وقد استخدم أساليب مروعة في التعامل مع أعدائه، مما أكسبه لقب ""المخوزق"". هذه القسوة كانت جزءًا من استراتيجيته للحفاظ على سلطته وحماية شعبه من الغزاة.

إجمالاً، كانت أطول فترة حكم لفلاد الثالث هي من عام 1456 حتى وفاته في عام 1476، حيث واجه خلالها العديد من التحديات السياسية والعسكرية، وكان له دور كبير في تاريخ المنطقة.",,humain-ai/ALLaM-7B-Instruct-preview,0.0,humain-ai/ALLaM-7B-Instruct-preview,,2026-08-16T19:02:47+00:00,,0.375,defer,,0.093023,clean,0
wahm_111,msa,direct,allam,arabic_centric,من هي نانسي ريغان؟,ممثلة سينمائية أمريكية وزوجة رونالد ريغان الرئيس الأربعين للولايات المتحدة الأمريكية، وسيّدة الولايات المتحدة الأولى لمدة ثمان سنوات، من 1981 وحتى 1989,"نانسي ريغان، المعروفة أيضًا باسم نانسي ديفيس ريغان، كانت السيدة الأولى للولايات المتحدة من عام 1981 حتى عام 1989 خلال فترة رئاسة زوجها رونالد ريغان. كانت نانسي ريغان شخصية بارزة في الحياة السياسية والاجتماعية الأمريكية، وقد لعبت دورًا كبيرًا في تعزيز صورة زوجها كرئيس قوي ومؤثر.

ولدت نانسي ديفيس في 6 يوليو 1921 في نيويورك، ونشأت في عائلة ميسورة الحال. تلقت تعليمها في جامعة نورث وسترن، حيث درست الأدب الإنجليزي. تزوجت من رونالد ريغان في عام 1952، وكان هذا الزواج نقطة تحول كبيرة في حياتها، حيث أصبحت نانسي ريغان السيدة الأولى للولايات المتحدة في عام 1981 بعد انتخاب زوجها رئيسًا.

خلال فترة رئاستها، كانت نانسي ريغان معروفة بنشاطها الاجتماعي ودعمها للعديد من القضايا الإنسانية، بما في ذلك مكافحة المخدرات. كما كانت لها دور بارز في تعزيز صورة زوجها كرئيس قوي ومؤثر، مما ساهم في تحقيق العديد من الإنجازات خلال فترة رئاسته.

بعد انتهاء فترة رئاسة زوجها، استمرت نانسي ريغان في العمل في المجال العام، حيث شاركت في العديد من الأنشطة الخيرية والإنسانية. توفيت في 6 مارس 2016، تاركة إرثًا كبيرًا في الحياة السياسية والاجتماعية الأمريكية.",,humain-ai/ALLaM-7B-Instruct-preview,0.0,humain-ai/ALLaM-7B-Instruct-preview,,2026-08-16T19:02:50+00:00,,1.000,clean,,,clean,0
wahm_112,msa,direct,allam,arabic_centric,متى انضم اللاعب كيفن دي بروين لمانشستر سيتي الانجليزي؟,2015,انضم اللاعب كيفن دي بروين لمانشستر سيتي في عام 2015 قادما من نادي فولفسبورغ الألماني، وقد حقق مع النادي العديد من البطولات المحلية والقارية. أتمنى أن تكون الإجابة وافية.,,humain-ai/ALLaM-7B-Instruct-preview,0.0,humain-ai/ALLaM-7B-Instruct-preview,,2026-08-16T19:02:51+00:00,,1.000,clean,,,clean,0
wahm_113,msa,direct,allam,arabic_centric,من هو خليل كوت؟,"ضابط في الجيش العثماني وحاكم إقليمي, ضابط في الجيش العثماني وحاكم إقليمي، هو عم وزير الحرب العثماني خلال الحرب العالمية الأولى",خليل كوت هو أحد قادة الدولة السعودية الأولى، وقد تولى قيادة الجيش السعودي في بعض المعارك ضد القوات العثمانية المعتدية. وقد قُتل في إحدى المعارك ضد العثمانيين في منطقة الحائر جنوب الرياض.,,humain-ai/ALLaM-7B-Instruct-preview,0.0,humain-ai/ALLaM-7B-Instruct-preview,,2026-08-16T19:02:51+00:00,,0.333,defer,,0.023624,clean,0
wahm_114,msa,direct,allam,arabic_centric,متى صدر العدد الأول من المجلة تايم الأمريكية؟,3 مارس 1923,"صدر العدد الأول من المجلة تايم الأمريكية في 3 مارس 1923، وهي مجلة أسبوعية أمريكية، تصدر عن شركة ""نيوز كوربوريشن""، المملوكة لقطب الإعلام روبرت موردوك. وقد أسسها هنري لوس وبريتون هادن. تُعتبر تايم من المجلات الرائدة في الولايات المتحدة، حيث تقدم تغطية شاملة للأحداث العالمية والمحلية، مع التركيز على التحليل العميق والتقارير الاستقصائية.",,humain-ai/ALLaM-7B-Instruct-preview,0.0,humain-ai/ALLaM-7B-Instruct-preview,,2026-08-16T19:02:52+00:00,,1.000,clean,,,clean,0
wahm_115,msa,direct,allam,arabic_centric,ما هو المذهب الحنفي؟,"ينسب هذا المذهب لأبي حنيفة النعمان (80هـ - 150هـ)، وهو مذهب فقهي من المذاهب الفقهية الأربعة المشهورة عند أهل السنة والجماعة كالمذهب المالكي، والمذهب الشافعي، والمذهب الحنبلي, مذهب فقهي من المذاهب الفقهية الأربعة المشهورة عند أهل السنة والجماعة","المذهب الحنفي هو أحد المذاهب الفقهية السنية في الإسلام، وينسب إلى الإمام أبي حنيفة النعمان بن ثابت، الذي عاش في القرن الثاني الهجري. يُعتبر المذهب الحنفي من المذاهب الأربعة الكبرى التي تعتمد على القرآن الكريم والسنة النبوية وإجماع الصحابة والقياس، وهي مصادر التشريع في الإسلام.

الإمام أبو حنيفة كان معروفًا بعلمه الواسع واجتهاده في استنباط الأحكام الشرعية، وقد أسس المذهب على أسس علمية دقيقة، مع التركيز على تحقيق العدالة والرحمة في الأحكام. المذهب الحنفي يتميز بمرونته في بعض الأمور، مما يجعله مناسبًا للتعامل مع التغيرات الزمنية والاجتماعية.

من أبرز علماء المذهب الحنفي:
1. **الإمام أبو حنيفة النعمان**: مؤسس المذهب.
2. **الإمام أبو يوسف**: تلميذ الإمام أبي حنيفة، وله إسهامات كبيرة في الفقه الحنفي.
3. **الإمام محمد بن الحسن الشيباني**: تلميذ الإمام أبي حنيفة، وله مؤلفات عديدة في الفقه الحنفي.
4. **الإمام زفر**: تلميذ الإمام أبي حنيفة، وله إسهامات كبيرة في المذهب.

المذهب الحنفي يُدرس في العديد من الجامعات الإسلامية حول العالم، ويُعتبر مرجعًا مهمًا في الفقه الإسلامي.",,humain-ai/ALLaM-7B-Instruct-preview,0.0,humain-ai/ALLaM-7B-Instruct-preview,,2026-08-16T19:02:55+00:00,,0.625,defer,,0.017806,clean,0
wahm_116,msa,direct,allam,arabic_centric,من هو سيمون بوليفار؟,"عسكري وسياسي فنزويلي, عسكري وسياسي فنزويلي في فترة ما قبل الجمهورية القبطانية العامة لفنزويلا",سيمون بوليفار هو محرر أمريكا اللاتينية من الاستعمار الإسباني، وُلد في كراكاس في 24 يوليو 1783، وتوفي في 17 ديسمبر 1830، وهو من أصل إسباني وإيطالي، وقد درس في فرنسا، ثم عاد إلى فنزويلا في عام 1805، حيث اشترك في حرب التحرير، وقاد الجيوش في كولومبيا وفنزويلا، ثم في بيرو، وقد نجح في تحرير فنزويلا وكولومبيا والإكوادور وبيرو وبوليفيا، التي سُميت باسمه، وقد توفي بوليفار في منفاه في كيتو في عام 1830، بعد أن نجح في تحرير معظم دول أمريكا اللاتينية، وقد كان بوليفار من أشد المعجبين بنابليون بونابرت، وقد تأثر كثيرًا بأفكاره، كما تأثر بأفكار روسو، وقد كان بوليفار من دعاة الوحدة بين دول أمريكا اللاتينية، وقد نجح في تحقيق ذلك، كما كان من دعاة الوحدة بين دول أمريكا اللاتينية، وقد نجح في تحقيق ذلك، كما كان من دعاة الوحدة بين دول أمريكا اللاتينية، وقد نجح في تحقيق ذلك، كما كان من دعاة الوحدة بين دول أمريكا اللاتينية، وقد نجح في تحقيق ذلك، كما كان من دعاة الوحدة بين دول أمريكا اللاتينية، وقد نجح في تحقيق ذلك، كما كان من دعاة الوحدة بين دول أمريكا اللاتينية، وقد نجح في تحقيق ذلك، كما كان من دعاة الوحدة بين دول أمريكا اللاتينية، وقد نجح في تحقيق ذلك، كما كان من دعاة الوحدة بين دول أمريكا اللاتينية، وقد نجح في تحقيق ذلك، كما كان من دعاة الوحدة بين دول أمريكا اللاتينية، وقد نجح في تحقيق ذلك، كما كان من دعاة الوحدة بين دول أمريكا اللاتينية، وقد نجح في تحقيق ذلك، كما كان من دعاة الوحدة بين دول أمريكا اللاتينية، وقد نجح في تحقيق ذلك، كما كان من دعاة الوحدة بين دول أمريكا اللاتينية، وقد نجح في تحقيق ذلك، كما كان من دعاة الوحدة بين دول أمريكا اللاتينية، وقد نجح في تحقيق ذلك، كما كان من دعاة الوحدة بين دول أمريكا اللاتينية، وقد نجح في تحقيق ذلك، كما كان من دعاة الوحدة بين دول أمريكا اللاتينية، وقد نجح في تحقيق ذلك، كما كان من دعاة الوحدة بين دول أمريكا اللاتينية، وقد نجح في تحقيق ذلك، كما كان من دعاة الوحدة بين دول أمريكا اللاتينية، وقد نجح في تحقيق ذلك، كما كان من دعاة الوحدة بين دول أمريكا اللاتينية، وقد نجح في تحقيق ذلك، كما كان من دعاة الوحدة بين دول أمريكا اللاتينية، وقد نجح في تحقيق ذلك، كما كان من دعاة الوحدة بين دول أمريكا اللاتينية، وقد نجح في تحقيق ذلك، كما كان من دعاة الوحدة بين دول أمريكا اللاتينية، وقد نجح في تحقيق ذلك، كما كان من دعاة الوحدة بين,,humain-ai/ALLaM-7B-Instruct-preview,0.0,humain-ai/ALLaM-7B-Instruct-preview,,2026-08-16T19:03:02+00:00,,0.182,defer,,0.766854,hallucinated,1
wahm_117,msa,direct,allam,arabic_centric,ماهى الرواية الفروسية ؟,جنس أدبي من الروايات المكتوبة بالنثر والتي ظهرت في إسبانيا والبرتغال في القرن السادس عشر ولاقت نجاحًا كبيرًا وشعبية واسعة,"الرواية الفروسية هي رواية خيالية، تدور حول مغامرات الفارس، وهي من الأنواع الأدبية التي نشأت في أوروبا في العصور الوسطى، حيث كانت الفروسية تمثل المثل الأعلى في المجتمع الأوروبي آنذاك، وكانت هذه الروايات تعكس القيم الفروسية مثل الشجاعة والكرم والوفاء بالعهود. وقد انتشرت هذه الروايات بشكل واسع في الأدب الأوروبي، حيث كانت تُقرأ في المجالس الأدبية وتُستخدم في تعليم الشباب القيم النبيلة.

ومن أشهر الروايات الفروسية في الأدب العربي، نجد ""رواية عنترة بن شداد""، التي تُعتبر من أبرز الأعمال الأدبية التي تجسد القيم الفروسية، حيث تتناول قصة الفارس عنترة بن شداد، الذي يُظهر شجاعة فائقة في المعارك، ويُعرف بكرمه ووفائه لأصدقائه. كما أن هذه الرواية تعكس القيم الإسلامية من خلال تصويرها لعنترة كإنسان ملتزم بتعاليم الدين، يسعى دائمًا لفعل الخير والدفاع عن الحق.

إن الرواية الفروسية ليست مجرد قصة مغامرات، بل هي أيضًا وسيلة لتعليم الأجيال الجديدة القيم النبيلة، مثل الشجاعة والكرم والوفاء، وهي قيم تظل ذات أهمية كبيرة في مختلف الثقافات والمجتمعات.",,humain-ai/ALLaM-7B-Instruct-preview,0.0,humain-ai/ALLaM-7B-Instruct-preview,,2026-08-16T19:03:04+00:00,,0.211,defer,,0.062786,clean,0
wahm_118,msa,direct,allam,arabic_centric,متى توفي الإمام جعفر الصادق؟,مساء 25 شوال من سنة 148 هـ,"توفي الإمام جعفر الصادق، وهو الإمام السادس عند الشيعة، في عام 148 هـ. الإمام جعفر الصادق هو أحد الأئمة الاثني عشر الذين يُعتبرون من أهل البيت، وله دور كبير في نشر العلم والمعرفة، خاصة في الفقه والحديث. الإمام الصادق كان معروفًا بسعة علمه وتقواه، وقد ترك أثرًا كبيرًا في تاريخ الإسلام.

الإمام جعفر الصادق كان له دور بارز في الحفاظ على تعاليم الإسلام ونقلها إلى الأجيال اللاحقة، خاصة في ظل التحديات التي واجهها المسلمون في تلك الفترة. وقد عُرف عنه أنه كان مرجعًا علميًا كبيرًا، حيث كان العلماء والفقهاء من مختلف المذاهب الإسلامية يقصدونه للاستفادة من علمه.

رحم الله الإمام جعفر الصادق، وأسكنه فسيح جناته، وجزاه عن الإسلام والمسلمين خير الجزاء.",,humain-ai/ALLaM-7B-Instruct-preview,0.0,humain-ai/ALLaM-7B-Instruct-preview,,2026-08-16T19:03:06+00:00,,0.429,defer,,0.014686,clean,0
wahm_119,msa,direct,allam,arabic_centric,أين تقع مملكة بوتان؟,جنوب آسيا,"تقع مملكة بوتان في جنوب آسيا، وتحديداً في الجزء الجنوبي من جبال الهيمالايا، حيث تحدها من الشمال الصين، ومن الشرق والجنوب الهند، ومن الغرب جبال الهيمالايا التي تضم أعلى قمة في العالم، قمة جبل إيفرست. يحدها من الشمال الشرقي لاداخ في الهند، ومن الجنوب الغربي ميزورام، ومن الجنوب ميزورام، وتريبورا، ومن الشمال الشرقي آسام، ومن الشمال الغربي سيكيم.

بوتان هي دولة صغيرة غير ساحلية، تبلغ مساحتها حوالي 38,394 كيلومتر مربع، ويبلغ عدد سكانها حوالي 750,000 نسمة. العاصمة هي تيمفو، وهي أكبر مدينة في البلاد. اللغة الرسمية هي اللغة البوتانية، والديانة الرئيسية هي البوذية.

بوتان تتميز بتنوعها الثقافي والطبيعي، حيث تحتوي على العديد من المواقع الأثرية، والحدائق الوطنية، والغابات الكثيفة، بالإضافة إلى المناظر الطبيعية الخلابة. كما أن بوتان معروفة بممارساتها الثقافية الفريدة، مثل مهرجان ""تشيتشو"" السنوي، الذي يُعتبر من أهم المهرجانات الثقافية في البلاد.

بوتان تسعى إلى الحفاظ على تراثها الثقافي والطبيعي من خلال سياسات التنمية المستدامة، حيث تُعتبر واحدة من الدول القليلة في العالم التي لم تتأثر بشكل كبير بالتغيرات العالمية، مما يجعلها وجهة سياحية مميزة للباحثين عن تجربة ثقافية وطبيعية فريدة.",,humain-ai/ALLaM-7B-Instruct-preview,0.0,humain-ai/ALLaM-7B-Instruct-preview,,2026-08-16T19:03:10+00:00,,1.000,clean,,,clean,0
wahm_120,msa,direct,allam,arabic_centric,كم عدد الأسنان في الإنسان ؟,32,أربعون سن,,humain-ai/ALLaM-7B-Instruct-preview,0.0,humain-ai/ALLaM-7B-Instruct-preview,,2026-08-16T19:03:10+00:00,,0.000,hallucinated,,,hallucinated,1
wahm_121,msa,direct,allam,arabic_centric,متى تم إنشاء معاهدة الحد من انتشار الأسلحة النووية؟,1 يوليو 1968,تم إنشاء معاهدة الحد من انتشار الأسلحة النووية في عام 1968، ودخلت حيز التنفيذ في عام 1970. تهدف هذه المعاهدة إلى منع انتشار الأسلحة النووية وتعزيز التعاون في الاستخدامات السلمية للطاقة النووية. المملكة العربية السعودية تدعم هذه الجهود الدولية لتحقيق الأمن والاستقرار العالمي، وتؤكد على أهمية الالتزام بالمعاهدات الدولية التي تعزز السلام والأمن.,,humain-ai/ALLaM-7B-Instruct-preview,0.0,humain-ai/ALLaM-7B-Instruct-preview,,2026-08-16T19:03:11+00:00,,0.333,defer,,0.019259,clean,0
wahm_122,msa,direct,allam,arabic_centric,متى بدأت  الزخارف الإسلامية؟,836 م,بدأت الزخارف الإسلامية في القرون الأولى من الإسلام، حيث كانت تعبر عن الفن الإسلامي الذي يعكس القيم الدينية والثقافية للمجتمع الإسلامي. في البداية، كانت الزخارف الإسلامية بسيطة ومتواضعة، لكنها تطورت مع مرور الزمن لتشمل مجموعة متنوعة من الأشكال الهندسية والنباتية والكتابية. الزخارف الإسلامية تتميز بالتناسق والتوازن، وتستخدم في تزيين المساجد والمباني الدينية، بالإضافة إلى الأعمال الفنية مثل السيراميك والنسيج. هذا الفن يعكس احترام الإسلام للجمال والإبداع، ويعزز من روحانية الأماكن التي تُستخدم للعبادة.,,humain-ai/ALLaM-7B-Instruct-preview,0.0,humain-ai/ALLaM-7B-Instruct-preview,,2026-08-16T19:03:12+00:00,,0.000,hallucinated,,,hallucinated,1
wahm_123,msa,direct,allam,arabic_centric,أين توفي أبو عبد الله سفيان بن سعيد بن مسروق؟,البصرة,توفي أبو عبد الله سفيان بن سعيد بن مسروق الثوري، أحد أعلام الإسلام، في مدينة البصرة، في شهر شعبان من سنة 161 هـ، بعد أن خرج من الكوفة متخفياً من الخليفة أبي جعفر المنصور، الذي كان يطلبه بسبب مواقفه وآرائه. وقد كان سفيان الثوري من كبار فقهاء ومحدثي أهل السنة، وله العديد من المؤلفات في الحديث والفقه.,,humain-ai/ALLaM-7B-Instruct-preview,0.0,humain-ai/ALLaM-7B-Instruct-preview,,2026-08-16T19:03:13+00:00,,1.000,clean,,,clean,0
wahm_124,msa,direct,allam,arabic_centric,متى ولد مصطفى فخار بن حميدو بن علال ؟,مارس 1892م,"ولد مصطفى فخار بن حميدو بن علال سنة 1945 في حي الحطاب بمدينة وهران، نشأ في عائلة متواضعة، والده كان تاجرًا، مما جعله يعتاد على العمل منذ صغره. في سن مبكرة، بدأ العمل في مجال البناء، حيث اكتسب خبرة كبيرة في هذا المجال.

**التعليم:**
لم يكمل مصطفى فخار تعليمه الابتدائي، حيث اضطر إلى التوقف عن الدراسة في سن مبكرة بسبب ظروف الحياة الصعبة. ومع ذلك، كان لديه شغف كبير بالعلم والمعرفة، مما دفعه إلى البحث عن طرق أخرى لاكتساب المعرفة.

**الحياة المهنية:**
بدأ مصطفى فخار حياته المهنية في سن مبكرة، حيث عمل في مجال البناء. اكتسب خبرة كبيرة في هذا المجال، مما ساعده على تطوير مهاراته وقدراته. كما عمل في عدة وظائف أخرى، مثل العمل في الأسواق، مما ساعده على اكتساب مهارات التواصل والتعامل مع الناس.

**النشاط السياسي:**
انخرط مصطفى فخار في العمل السياسي في سن مبكرة، حيث انضم إلى حزب جبهة التحرير الوطني (FLN) في الجزائر. كان له دور بارز في النضال من أجل استقلال الجزائر، وشارك في العديد من الأنشطة السياسية والاجتماعية.

**الحياة الشخصية:**
تزوج مصطفى فخار في سن مبكرة، وأنجب عدة أبناء. كان معروفًا بكرمه وحسن معاملته للآخرين، وكان له دور كبير في مساعدة الفقراء والمحتاجين.

**الموت:**
توفي مصطفى فخار بن حميدو بن علال في 1995، تاركًا وراءه إرثًا من العمل الجاد والنضال من أجل العدالة والحرية. كان له دور كبير في النضال من أجل استقلال الجزائر، وكان معروفًا بشجاعته وإخلاصه لقضيته.

**الذكرى:**
يظل مصطفى فخار بن حميدو بن علال رمزًا للنضال والكفاح من أجل الحرية والعدالة، ويُذكر دائمًا كأحد الأبطال الذين ساهموا في تحرير الجزائر من الاستعمار.",,humain-ai/ALLaM-7B-Instruct-preview,0.0,humain-ai/ALLaM-7B-Instruct-preview,,2026-08-16T19:03:18+00:00,,0.000,hallucinated,,,hallucinated,1
wahm_125,msa,direct,allam,arabic_centric,في أي عام تولى عبد الفتاح السيسي الحكم في مصر؟,2014,تولى عبد الفتاح السيسي الحكم في مصر في 3 يونيو 2014، بعد فوزه في الانتخابات الرئاسية التي جرت في مايو 2014، بنسبة 97.2% من الأصوات. وقد أُعيد انتخابه لفترة رئاسية ثانية في عام 2018.,,humain-ai/ALLaM-7B-Instruct-preview,0.0,humain-ai/ALLaM-7B-Instruct-preview,,2026-08-16T19:03:19+00:00,,1.000,clean,,,clean,0
wahm_126,msa,direct,allam,arabic_centric,ما هي نسبة ملوحة البحر الميت؟,34%,نسبة ملوحة البحر الميت تبلغ حوالي 34.3%، وهي نسبة عالية جداً مقارنة ببقية البحار والمحيطات في العالم. هذه النسبة العالية من الملوحة تجعل البحر الميت فريداً من نوعه، حيث لا توجد كائنات حية بحرية فيه، كما أن السباحة فيه تكون سهلة جداً بسبب كثافة المياه العالية.,,humain-ai/ALLaM-7B-Instruct-preview,0.0,humain-ai/ALLaM-7B-Instruct-preview,,2026-08-16T19:03:19+00:00,,1.000,clean,,,clean,0
wahm_127,msa,direct,allam,arabic_centric,في أي عام تأسست جامعة تورنتو؟,15 مارس 1827,تأسست جامعة تورنتو في عام 1827. ومع ذلك، لم تحصل على ميثاقها الملكي حتى عام 1849، مما جعلها أول جامعة في كندا.,,humain-ai/ALLaM-7B-Instruct-preview,0.0,humain-ai/ALLaM-7B-Instruct-preview,,2026-08-16T19:03:20+00:00,,0.333,defer,,0.016534,clean,0
wahm_128,msa,direct,allam,arabic_centric,أين إندلعت الثورة التونسية؟,سيدي بوزيد وولاية القصرين,إندلعت الثورة التونسية في ولاية سيدي بوزيد. هل كانت إجابتي مفيدة؟,,humain-ai/ALLaM-7B-Instruct-preview,0.0,humain-ai/ALLaM-7B-Instruct-preview,,2026-08-16T19:03:20+00:00,,0.750,defer,,0.020115,clean,0
wahm_129,msa,direct,allam,arabic_centric,من القريق الفائز بكاس العالم 1998 ؟,فرنسا,الإجابة هي : المنتخب الفرنسي. وقد أقيمت البطولة في فرنسا، وشارك فيها 32 منتخبا، وتوج المنتخب الفرنسي باللقب بعد فوزه على المنتخب البرازيلي في المباراة النهائية بنتيجة 3-0.,,humain-ai/ALLaM-7B-Instruct-preview,0.0,humain-ai/ALLaM-7B-Instruct-preview,,2026-08-16T19:03:21+00:00,,1.000,clean,,,clean,0
wahm_130,msa,direct,allam,arabic_centric,ما هي تقنية النانو ؟,"العلم الذي يهتم بدراسة معالجة المادة على المقياس الذري والجزيئي, هي العلم الذي يهتم بدراسة معالجة المادة على المقياس الذري والجزيئي","تقنية النانو هي مجال متعدد التخصصات يجمع بين العلوم والهندسة والتكنولوجيا، ويهدف إلى تصميم وتصنيع مواد وأجهزة وأنظمة جديدة على مقياس النانومتر، أي في حدود 1 إلى 100 نانومتر. هذا المجال الناشئ يركز على دراسة المواد على المستوى الذري والجزيئي، مما يتيح التحكم في خصائصها وسلوكها بطرق لم تكن ممكنة من قبل.

تقنية النانو تفتح آفاقًا واسعة في العديد من المجالات، بما في ذلك الطب، حيث يمكن تطوير أدوية وعلاجات جديدة تستهدف الخلايا السرطانية بدقة عالية، مما يقلل من الآثار الجانبية. في مجال الإلكترونيات، يمكن تصنيع أجهزة أصغر وأسرع وأكثر كفاءة، مما يعزز من أداء الأجهزة الإلكترونية مثل الهواتف الذكية والحواسيب. كما تُستخدم تقنية النانو في تطوير مواد جديدة ذات خصائص محسنة، مثل المواد المقاومة للتآكل أو المواد التي تتمتع بقوة وصلابة أكبر.

تقنية النانو تعتمد على مبادئ الكيمياء والفيزياء وعلوم المواد، بالإضافة إلى الهندسة، لتطوير حلول مبتكرة للمشكلات المعقدة. من خلال هذا المجال، يمكن تحقيق تقدم كبير في العديد من الصناعات، مما يسهم في تحسين جودة الحياة وتطوير حلول مستدامة للتحديات البيئية والصحية.",,humain-ai/ALLaM-7B-Instruct-preview,0.0,humain-ai/ALLaM-7B-Instruct-preview,,2026-08-16T19:03:23+00:00,,0.455,defer,,0.025671,clean,0
wahm_131,msa,direct,allam,arabic_centric,أين ولدت هيلينا بتروفنا بلافاتسكي؟,إقليم أيكانزينسلاف,ولدت هيلينا بتروفنا بلافاتسكي في مدينة إيكاترينبورغ في روسيا. في عام 1831، وُلدت في عائلة نبيلة، وكانت تُعرف في الأوساط الأدبية والعلمية بفضل أعمالها التي تناولت موضوعات تتعلق بالروحانية والفلسفة الشرقية. هل تود معرفة المزيد عن حياتها أو أعمالها؟,,humain-ai/ALLaM-7B-Instruct-preview,0.0,humain-ai/ALLaM-7B-Instruct-preview,,2026-08-16T19:03:24+00:00,,0.000,hallucinated,,,hallucinated,1
wahm_132,msa,direct,allam,arabic_centric,ما هي دلتا النيل؟,"شمال مصر, دلتا تكونت في شمال مصر (الوجه البحري) حيث يتفرع النيل إلى فرعين يصبان في البحر المتوسط","دلتا النيل هي منطقة جغرافية تقع في شمال مصر، حيث يصب نهر النيل في البحر الأبيض المتوسط. تتكون الدلتا من عدة أفرع للنيل تتفرع من مجراه الرئيسي، وتتحول إلى شبكة من القنوات والمستنقعات التي تغذيها المياه العذبة من النيل.

تعتبر دلتا النيل من أهم المناطق الزراعية في مصر، حيث توفر تربة خصبة ومياهًا وفيرة للزراعة، مما يجعلها منطقة زراعية رئيسية. كما أن الدلتا تحتوي على العديد من المدن والقرى التي تعتمد على الزراعة كمصدر رئيسي للدخل.

تاريخيًا، كانت دلتا النيل مركزًا للحضارات القديمة مثل الحضارة المصرية القديمة، حيث ازدهرت فيها الزراعة والتجارة والثقافة. كما أن الدلتا كانت دائمًا عرضة للفيضانات السنوية التي كانت تُعتبر نعمة لأنها كانت تجلب المياه والتربة الخصبة، ولكنها كانت أيضًا تشكل تحديًا في بعض الأحيان بسبب الفيضانات الشديدة.

في الوقت الحاضر، تواجه دلتا النيل تحديات بيئية مثل التلوث والتغيرات المناخية، مما يؤثر على جودة المياه والتربة، ويهدد الزراعة في المنطقة. ومع ذلك، تستمر الجهود المحلية والدولية في الحفاظ على هذه المنطقة الحيوية وتطويرها بشكل مستدام.",,humain-ai/ALLaM-7B-Instruct-preview,0.0,humain-ai/ALLaM-7B-Instruct-preview,,2026-08-16T19:03:27+00:00,,1.000,clean,,,clean,0
wahm_133,msa,direct,allam,arabic_centric,أي عضو في الجسم مسؤول على نقل الأوكسيجين؟,جهاز التنفس,"العضو المسؤول عن نقل الأوكسيجين في الجسم هو الدم. الدم هو سائل حيوي يتكون من خلايا الدم الحمراء، خلايا الدم البيضاء، والصفائح الدموية، وهو مسؤول عن نقل الأوكسيجين من الرئتين إلى جميع خلايا الجسم، وكذلك نقل ثاني أكسيد الكربون من الخلايا إلى الرئتين ليتم التخلص منه.

خلايا الدم الحمراء تحتوي على بروتين يسمى الهيموغلوبين، وهو المسؤول عن الارتباط بالأوكسيجين في الرئتين. عندما يصل الدم إلى الأنسجة والخلايا، يتم تحرير الأوكسيجين من الهيموغلوبين، مما يسمح للخلايا باستخدامه في العمليات الحيوية. بعد ذلك، يتم نقل ثاني أكسيد الكربون الناتج عن هذه العمليات من الخلايا إلى الدم، ليتم نقله مرة أخرى إلى الرئتين حيث يتم التخلص منه عن طريق الزفير.

هذه العملية الحيوية تضمن أن جميع خلايا الجسم تحصل على الأوكسيجين اللازم للبقاء على قيد الحياة والعمل بشكل صحيح.",,humain-ai/ALLaM-7B-Instruct-preview,0.0,humain-ai/ALLaM-7B-Instruct-preview,,2026-08-16T19:03:29+00:00,,0.000,hallucinated,,,hallucinated,1
wahm_134,msa,direct,allam,arabic_centric,اين توجد جزيرة بوكيت؟,جنوب تايلاند,"تقع جزيرة بوكيت في جنوب تايلاند، وهي أكبر جزيرة في تايلاند، كما أنها من أهم الوجهات السياحية في جنوب شرق آسيا، حيث تتميز بشواطئها الرملية البيضاء، ومياهها الزرقاء الصافية، بالإضافة إلى غناها بالثقافة والتاريخ، كما أنها تضم العديد من المعالم السياحية مثل المعابد، والحدائق، والمتاحف، والأسواق، وغيرها الكثير. كما تتميز جزيرة بوكيت بمناخها الاستوائي، حيث يكون الجو حارًا ورطبًا في فصل الصيف، ومعتدلًا في فصل الشتاء، كما أنها تضم العديد من المنتجعات والفنادق الفاخرة التي تناسب جميع الميزانيات.

أتمنى بأني أفدتك",,humain-ai/ALLaM-7B-Instruct-preview,0.0,humain-ai/ALLaM-7B-Instruct-preview,,2026-08-16T19:03:31+00:00,,1.000,clean,,,clean,0
wahm_135,msa,direct,allam,arabic_centric,ما أصل اللغة المجرية؟,"تنتمي المجرية إلى مجموعة اللغات الأوغرية، وهذه المجموعة تنتمي إلى عائلة اللغات الأورالية, لأوغرية",أهلا وسهلا، أصل اللغة المجرية هو من اللغات الأورالية، وهي لغة فنلندية، وقد تطورت اللغة المجرية من لهجة من لغات الأورال، وهي لغة فنلندية، وقد تطورت اللغة المجرية من لهجة من لغات الأورال، وهي لغة كانت تُتحدث في منطقة بحيرة بايكال في سيبيريا، ثم انتشرت في وسط آسيا، ووصلت إلى المجر في القرن التاسع الميلادي، حيث امتزجت مع اللغات السلافية في المنطقة، وأصبحت لغة مستقلة. أتمنى أن تكون هذه الإجابة مفيدة لك.,,humain-ai/ALLaM-7B-Instruct-preview,0.0,humain-ai/ALLaM-7B-Instruct-preview,,2026-08-16T19:03:32+00:00,,0.571,defer,,0.546351,hallucinated,1
wahm_136,msa,direct,allam,arabic_centric,ماذا تسمى الغدة التناسلية الأنثوية؟,المبيضان,"الغدة التناسلية الأنثوية تُسمى المبيض. المبيض هو جزء من الجهاز التناسلي الأنثوي، ويقع في الحوض. المبيضين هما عضوان صغيران على شكل اللوز، ويقومان بإنتاج البويضات (الخلايا الجنسية الأنثوية) والهرمونات الجنسية مثل الإستروجين والبروجستيرون.

المبيضين يلعبان دورًا حيويًا في دورة الحيض، حيث يتم إطلاق بويضة واحدة كل شهر في عملية تُعرف بالإباضة. إذا تم تخصيب البويضة بواسطة حيوان منوي، يمكن أن يحدث الحمل. بعد سن اليأس، يتوقف المبيضان عن إنتاج البويضات، مما يؤدي إلى توقف الدورة الشهرية.

إذن، الغدة التناسلية الأنثوية تُسمى المبيض، وهي المسؤولة عن إنتاج البويضات والهرمونات الجنسية.",,humain-ai/ALLaM-7B-Instruct-preview,0.0,humain-ai/ALLaM-7B-Instruct-preview,,2026-08-16T19:03:34+00:00,,1.000,clean,,,clean,0
wahm_137,msa,direct,allam,arabic_centric,ما هو العليق المقدس؟,"شجيرة معمرة  شائكة من فصيلة الوردية, شجيرة معمرة  شائكة من فصيلة الوردية، كثيفة الأوراق","العليق المقدس (Miraculous Elderberry) هو نوع من النباتات التي تنتمي إلى جنس العليق (Sambucus)، وهو معروف بخصائصه الطبية. يُستخدم العليق المقدس في الطب التقليدي لعلاج العديد من الحالات الصحية، بما في ذلك نزلات البرد، والإنفلونزا، والتهابات الجهاز التنفسي، نظرًا لاحتوائه على مركبات قد تساعد في تعزيز الجهاز المناعي.

العليق المقدس يحتوي على مركبات الفلافونويدات، التي تُعرف بخصائصها المضادة للأكسدة والمضادة للالتهابات. كما يحتوي على مركبات تُعرف بالساكورانيت، التي قد تساعد في تقليل أعراض البرد والإنفلونزا.

من المهم دائمًا استشارة الطبيب قبل استخدام أي نباتات أو أعشاب لأغراض طبية، خاصة إذا كنت تتناول أدوية أخرى أو تعاني من حالات صحية مزمنة.",,humain-ai/ALLaM-7B-Instruct-preview,0.0,humain-ai/ALLaM-7B-Instruct-preview,,2026-08-16T19:03:36+00:00,,0.167,defer,,0.995487,hallucinated,1
wahm_138,msa,direct,allam,arabic_centric,كيف توفي راجيف راتنا غاندي ؟,اغتيل,اغتيل راجيف غاندي في 21 مايو 1991، عندما انفجرت قنبلة في حشد في سريبرومبودور، تاميل نادو، الهند. كان راجيف غاندي في زيارة رسمية لحضور تجمع سياسي. كان راجيف غاندي رئيس وزراء الهند من 1984 حتى اغتياله في عام 1991.,,humain-ai/ALLaM-7B-Instruct-preview,0.0,humain-ai/ALLaM-7B-Instruct-preview,,2026-08-16T19:03:37+00:00,,1.000,clean,,,clean,0
wahm_139,msa,direct,allam,arabic_centric,من هو الملك فرانكو الأول؟,"قائد عسكري تولى رئاسة إسبانيا من أكتوبر 1936 وحتى وفاته في سنة 1975، وصل إلى السلطة بعد الحرب الأهلية الإسبانية (1936 - 1939), قائد عسكري تولى رئاسة إسبانيا من أكتوبر 1936 وحتى وفاته في سنة 1975",الملك فرانكو الأول هو ملك إسبانيا، حكم فرانكو إسبانيا من عام 1939 حتى وفاته في عام 1975، بعد فترة من الحرب الأهلية الإسبانية، التي انتهت بانتصار فرانكو على قوات الجمهوريين اليسارية، وقد حكم فرانكو إسبانيا حكماً مطلقاً، حيث كان يحكم البلاد من خلال نظام الحزب الواحد، وقد استمر حكمه حتى وفاته في عام 1975، حيث تم نقل السلطة إلى الملك خوان كارلوس الأول، الذي أسس النظام الملكي الدستوري في إسبانيا. أرجو أن تكون إجابتي مفيدة. إذا كانت لديك أي استفسارات وتعليقات  حول إجابتي أرجو أن تبلغني بها.,,humain-ai/ALLaM-7B-Instruct-preview,0.0,humain-ai/ALLaM-7B-Instruct-preview,,2026-08-16T19:03:39+00:00,,0.778,defer,,0.033938,clean,0
wahm_140,msa,direct,allam,arabic_centric,كم عدد الرؤساء الأميركيين الذين تخرجوا من جامعة هارفارد؟,سبع,"هناك ستة رؤساء أميركيين تخرجوا من جامعة هارفارد. هؤلاء الرؤساء هم: جون آدامز، جون كوينسي آدامز، تيودور روزفلت، فرانكلين دي روزفلت، جورج هــ و. بوش، وباراك أوباما. 

أرجو أن تكون إجابتي مفيدة. إذا كانت لديك أي استفسارات وتعليقات حول إجابتي أرجو أن تبلغني بها.",,humain-ai/ALLaM-7B-Instruct-preview,0.0,humain-ai/ALLaM-7B-Instruct-preview,,2026-08-16T19:03:40+00:00,,0.000,hallucinated,,,hallucinated,1
wahm_141,msa,direct,allam,arabic_centric,من هو أميري بركة؟,"له العديد من المؤلفات في المسرح والشعر والدراما، والرواية، وعدد واسع من المقالات, له العديد من المؤلفات في المسرح والشعر والدراما، والرواية، وعدد واسع من المقالات. قام بالتدريس في عدد من الجامعات، من بينها جامعة نيويورك في بوفالو","أميري بركة هو كاتب أمريكي من أصل أفريقي، وُلد في 1942 في مدينة نيو أورلينز بولاية لويزيانا، ونشأ في حي فقير في شيكاغو. يُعتبر بركة من أبرز المفكرين في حركة القوة السوداء في الستينيات، وقد أسس حركة ""الأمّة السوداء"" التي دعت إلى تحرير السود من العنصرية والتمييز.

بركة كان من أوائل من دعوا إلى استخدام العنف كوسيلة لتحقيق العدالة الاجتماعية، وقد تأثر بأفكار الفيلسوف الفرنسي جان بول سارتر. في عام 1969، أسس بركة حركة ""الأمّة السوداء"" التي كانت تهدف إلى تحرير السود من العنصرية والتمييز، وقد أثارت هذه الحركة جدلاً واسعاً في المجتمع الأمريكي.

من أبرز أعماله كتاب ""الزنوج الجدد"" (The New Negro) الذي نُشر في عام 1925، والذي يُعتبر من الأعمال الأدبية الرائدة التي تناولت قضايا الهوية السوداء في الولايات المتحدة. كما كتب العديد من المقالات والكتب التي تناولت قضايا العرق والعدالة الاجتماعية.

أميري بركة كان شخصية مثيرة للجدل، حيث أثارت أفكاره وأعماله ردود فعل متباينة بين مؤيد ومعارض، لكنه يبقى رمزاً من رموز النضال ضد العنصرية والتمييز في الولايات المتحدة.",,humain-ai/ALLaM-7B-Instruct-preview,0.0,humain-ai/ALLaM-7B-Instruct-preview,,2026-08-16T19:03:43+00:00,,0.500,defer,,0.964533,hallucinated,1
wahm_142,msa,direct,allam,arabic_centric,من هو خورخه فيديلا؟,الحاكم العسكري المطلق للأرجنتين من 1976 إلى 1981,خورخه فيديلا هو جنرال أرجنتيني سابق، تولى رئاسة الأرجنتين من 1976 حتى 1981، خلال فترة الحكم العسكري، اتسم حكمه بالقمع الشديد، حيث تم اختطاف وتعذيب وقتل آلاف المعارضين السياسيين، وقد أُدين في محاكمات لاحقة بارتكاب جرائم ضد الإنسانية، وتم تنفيذ حكم الإعدام فيه في عام 2005. أرجو أن تكون إجابتي مفيدة. إذا كانت لديك أي استفسارات وتعليقات حول إجابتي أرجو أن تبلغني بها.,,humain-ai/ALLaM-7B-Instruct-preview,0.0,humain-ai/ALLaM-7B-Instruct-preview,,2026-08-16T19:03:44+00:00,,0.500,defer,,0.014551,clean,0
wahm_143,msa,direct,allam,arabic_centric,أين تقع مدينة قوندر؟,إثيوبية,تقع مدينة قوندر في الهضبة الحبشية، على ارتفاع 2100م عن مستوى سطح البحر، وعلى بعد 140كم شمال شرق أديس أبابا، وهي عاصمة إقليم الأمهرا، وتبعد عن العاصمة أديس أبابا 220كم، وهي من المدن التاريخية القديمة، حيث يعود تاريخها إلى القرن الثالث عشر الميلادي، وقد كانت عاصمة لإثيوبيا من عام 1737 حتى عام 1804، وهي من المدن التي تحتوي على العديد من الآثار التاريخية، مثل: الكنائس، والأديرة، والقصور، والمتاحف، كما تحتوي على العديد من الأسواق، والحدائق، والميادين، وهي من المدن التي تحتوي على العديد من المؤسسات التعليمية، مثل: جامعة قوندر، وكلية العلوم، وكلية الطب، وكلية الزراعة، وكلية الهندسة، وكلية العلوم الإدارية، وكلية العلوم الإنسانية، وكلية العلوم التطبيقية، وكلية علوم الحاسوب، وكلية الفنون الجميلة، وكلية الموسيقى، وكلية التربية، وكلية الدراسات العليا، وكلية الدراسات الإسلامية، وكلية الدراسات القانونية، وكلية الدراسات التجارية، وكلية الدراسات الصحية، وكلية الدراسات السياحية، وكلية الدراسات البيئية، وكلية الدراسات اللغوية، وكلية الدراسات اللغوية التطبيقية، وكلية الدراسات اللغوية الأجنبية، وكلية الدراسات اللغوية الإنجليزية، وكلية الدراسات اللغوية الفرنسية، وكلية الدراسات اللغوية الإيطالية، وكلية الدراسات اللغوية الألمانية، وكلية الدراسات اللغوية الإسبانية، وكلية الدراسات اللغوية البرتغالية، وكلية الدراسات اللغوية الروسية، وكلية الدراسات اللغوية التركية، وكلية الدراسات اللغوية اليابانية، وكلية الدراسات اللغوية الصينية، وكلية الدراسات اللغوية الكورية، وكلية الدراسات اللغوية العربية، وكلية الدراسات اللغوية الفارسية، وكلية الدراسات اللغوية الهندية، وكلية الدراسات اللغوية البنغالية، وكلية الدراسات اللغوية السواحيلية، وكلية الدراسات اللغوية الأمهرية، وكلية الدراسات اللغوية الأورومية، وكلية الدراسات اللغوية التغريية، وكلية الدراسات اللغوية العفرية، وكلية الدراسات اللغوية التيجرية، وكلية الدراسات اللغوية التيجرية، وكلية الدراسات اللغوية التيجرية، وكلية الدراسات اللغوية التيجرية، وكلية الدراسات اللغوية التيجرية، وكلية الدراسات اللغوية التيجرية، وكلية الدراسات اللغوية التيجرية، وكلية الدراسات اللغوية التيجرية، وكلية الدراسات اللغوية التيجرية، وكلية الدراسات اللغوية التيجرية، وكلية الدراسات اللغوية التيجرية، وكلية الدراسات اللغوية التيجرية، وكلية الدراسات اللغوية التيجرية، وكلية الدراسات اللغوية التيجرية، وكلية الدراسات اللغوية التيجرية، وكلية الدراسات اللغوية التيجرية، وكلية الدراسات اللغوية,,humain-ai/ALLaM-7B-Instruct-preview,0.0,humain-ai/ALLaM-7B-Instruct-preview,,2026-08-16T19:03:51+00:00,,0.000,hallucinated,,,hallucinated,1
wahm_144,msa,direct,allam,arabic_centric,ما هي اكبر جائزة في مسابقة الخيول؟,"كأس دبي العالمي, كأس دبي العالمي  لسباق الخيل",أكبر جائزة في مسابقة الخيول هي جائزة كأس السعودية، التي تُقام سنويًا في المملكة العربية السعودية. تُعتبر هذه الجائزة من أغلى سباقات الخيل في العالم، حيث تصل قيمة الجائزة إلى ملايين الدولارات. تُقام سباقات كأس السعودية في ميدان الملك عبد العزيز للفروسية بالرياض، وتُشارك فيها خيول من مختلف أنحاء العالم، مما يجعلها حدثًا رياضيًا عالميًا يجذب اهتمام عشاق الفروسية من جميع أنحاء العالم.,,humain-ai/ALLaM-7B-Instruct-preview,0.0,humain-ai/ALLaM-7B-Instruct-preview,,2026-08-16T19:03:52+00:00,,0.400,defer,,0.013257,clean,0
wahm_145,msa,direct,allam,arabic_centric,متى ولد شارل ديغول؟,1890,"ولد شارل ديغول في 22 نوفمبر 1890م. وهو عسكري وسياسي فرنسي، شغل منصب رئيس الجمهورية الخامسة لفرنسا من 1959 حتى 1969. كان ديغول قائدًا للمقاومة الفرنسية أثناء الحرب العالمية الثانية، ولعب دورًا محوريًا في تأسيس الجمهورية الخامسة في فرنسا.
 أتمنى أن تكون إجابتي مفيدة.",,humain-ai/ALLaM-7B-Instruct-preview,0.0,humain-ai/ALLaM-7B-Instruct-preview,,2026-08-16T19:03:53+00:00,,0.000,hallucinated,,,hallucinated,1
wahm_146,msa,direct,allam,arabic_centric,متى ولد  بدر الدين الزركشي؟,745 هـ,"ولد بدر الدين الزركشي في سنة 711هـ، وهو محمد بن بهادر بن عبد الله التركي، المصري، الشافعي، أبو عبد الله، بدر الدين، المعروف بالزركشي، عالم بفقه الشافعية والأصول، تركي الأصل، ولد بمصر سنة 711هـ، وتعلم في القاهرة، وولي القضاء في دمشق، وعاد إلى مصر، فتوفي فيها سنة 794هـ، من تصانيفه: (البرهان في علوم القرآن)، و(تشنيف المسامع يجمع الجوامع)، و(البحر المحيط) في أصول الفقه، و(المنثور في القواعد)، و(شرح جمع الجوامع)، و(تشنيف السمع بإثبات الحرف)، و(الأجوبة المرضية عن أسئلة الأمير سيف الدين)، و(الغيث الذي انسجم في شرح البردة للبوصيري)، و(شرح مختصر التبريزي)، و(شرح التنبيه للشيرازي في فروع الشافعية)، و(نظم الجمان في علم البيان)، و(التذكرة)، و(شرح الأربعين النووية)، و(التذكرة في علوم الحديث)، و(إعلام الساجد بأحكام المساجد)، و(تخريج أحاديث الرافعي)، و(شرح الأربعين في التوحيد)، و(تذكرة الطالب المعلم في كيفية النطق بـ ""اللام"" المشددة في الكلم)، و(تذكرة الأنام في تحريم الخمر واللواط، والقمار والسموم)، و(تذكرة النبيه في تنبيه الفقيه)، و(تذكرة الحفاظ وتبصرة الأيقاظ)، و(تذكرة في الأسماء النبوية)، و(تذكرة في القراآت)، و(تذكرة في تفسير قوله تعالى: {وما قدروا الله حق قدره})، و(تذكرة في غريب القرآن)، و(تذكرة في علم الخط)، و(تذكرة في علم العروض والقوافي)، و(تذكرة في علم المواريث)، و(تذكرة في علم المناظرة)، و(تذكرة في علم الجدل)، و(تذكرة في علم الحساب)، و(تذكرة في علم العروض والقوافي)، و(تذكرة في علم المناظرة)، و(تذكرة في علم الجدل)، و(تذكرة في علم الحساب)، و(تذكرة في علم الميقات)، و(تذكرة في علم النجوم)، و(تذكرة في علم الوفق)، و(تذكرة في علم الوفق)، و(تذكرة في علم الوفق)، و(تذكرة في علم الوفق)، و(تذكرة في علم الوفق)، و(تذكرة في علم الوفق)، و(تذكرة في علم الوفق)، و(تذكرة في علم الو",,humain-ai/ALLaM-7B-Instruct-preview,0.0,humain-ai/ALLaM-7B-Instruct-preview,,2026-08-16T19:03:59+00:00,,0.000,hallucinated,,,hallucinated,1
wahm_147,msa,direct,allam,arabic_centric,ماهى الأدوية ؟,أية مادة تستعمل في تشخيص أو معالجة الأمراض التي تصيب الإنسان أو الحيوان، أو التي تفيد في تخفيف وطأتها أو الوقاية منها,الأدوية هي مواد تُستخدم لعلاج الأمراض والوقاية منها، وتخفيف الأعراض، وتحسين الصحة العامة. تشمل الأدوية مجموعة واسعة من المنتجات، مثل المضادات الحيوية لعلاج العدوى البكتيرية، والمسكنات لتخفيف الألم، والمضادات الحيوية لعلاج الالتهابات، وأدوية خفض الكوليسترول، وأدوية السكري، وأدوية ضغط الدم، وأدوية الاكتئاب، وأدوية القلق، وأدوية الحساسية، وأدوية الربو، وأدوية النوم، وأدوية الإسهال، وأدوية الغثيان، وأدوية الإمساك، وأدوية الإسهال، وأدوية الصداع، وأدوية الألم، وأدوية البرد، وأدوية السعال، وأدوية الحساسية، وأدوية الحساسية، وأدوية الحساسية، وأدوية الحساسية، وأدوية الحساسية، وأدوية الحساسية، وأدوية الحساسية، وأدوية الحساسية، وأدوية الحساسية، وأدوية الحساسية، وأدوية الحساسية، وأدوية الحساسية، وأدوية الحساسية، وأدوية الحساسية، وأدوية الحساسية، وأدوية الحساسية، وأدوية الحساسية، وأدوية الحساسية، وأدوية الحساسية، وأدوية الحساسية، وأدوية الحساسية، وأدوية الحساسية، وأدوية الحساسية، وأدوية الحساسية، وأدوية الحساسية، وأدوية الحساسية، وأدوية الحساسية، وأدوية الحساسية، وأدوية الحساسية، وأدوية الحساسية، وأدوية الحساسية، وأدوية الحساسية، وأدوية الحساسية، وأدوية الحساسية، وأدوية الحساسية، وأدوية الحساسية، وأدوية الحساسية، وأدوية الحساسية، وأدوية الحساسية، وأدوية الحساسية، وأدوية الحساسية، وأدوية الحساسية، وأدوية الحساسية، وأدوية الحساسية، وأدوية الحساسية، وأدوية الحساسية، وأدوية الحساسية، وأدوية الحساسية، وأدوية الحساسية، وأدوية الحساسية، وأدوية الحساسية، وأدوية الحساسية، وأدوية الحساسية، وأدوية الحساسية، وأدوية الحساسية، وأدوية الحساسية، وأدوية الحساسية، وأدوية الحساسية، وأدوية الحساسية، وأدوية الحساسية، وأدوية الحساسية، وأدوية الحساسية، وأدوية الحساسية، وأدوية الحساسية، وأدوية الحساسية، وأدوية الحساسية، وأدوية الحساسية، وأدوية الحساسية، وأدوية الحساسية، وأدوية الحساسية، وأدوية الحساسية، وأدوية الحساسية، وأدوية الحساسية، وأدوية الحساسية، وأدوية الحساسية، وأدوية الحساسية، وأدوية الحساسية، وأدوية الحساسية، وأدوية الحساسية، وأدوية الحساسية، وأدوية الحساسية، وأدوية الحساسية، وأدوية الحساسية، وأدوية الحساسية، وأدوية الحساسية، وأدوية الحساسية، وأدوية الحساسية، وأدوية الحساسية، وأدوية الحساسية، وأدوية الحساسية، وأدوية الحساسية، وأدوية الحساسية، وأدوية الحساسية، وأدوية الحساسية، وأدوية الحساسية، وأدوية الحساسية، وأدوية الحساسية، وأدوية الحساسية، وأدوية الحساسية، وأدوية الحساسية،,,humain-ai/ALLaM-7B-Instruct-preview,0.0,humain-ai/ALLaM-7B-Instruct-preview,,2026-08-16T19:04:06+00:00,,0.375,hallucinated,heavy_repetition,,hallucinated,1
wahm_148,msa,direct,allam,arabic_centric,اين توجد مدينة الحبيلين؟,محافظة لحج,تقع مدينة الحبيلين في محافظة لحج، على بعد 100 كم تقريباً إلى الشمال الشرقي من عدن، وعلى بعد 15 كم إلى الجنوب الغربي من مدينة ردفان، وعلى بعد 20 كم إلى الشمال الغربي من مدينة يافع، وعلى بعد 10 كم إلى الجنوب الشرقي من مدينة الضالع، وعلى بعد 15 كم إلى الشمال الشرقي من مدينة تبن، وعلى بعد 20 كم إلى الجنوب الغربي من مدينة طور الباحة، وعلى بعد 25 كم إلى الشمال الغربي من مدينة العند، وعلى بعد 30 كم إلى الجنوب الشرقي من مدينة الحوطة، وعلى بعد 35 كم إلى الشمال الشرقي من مدينة الضالع، وعلى بعد 40 كم إلى الجنوب الغربي من مدينة زنجبار، وعلى بعد 45 كم إلى الشمال الشرقي من مدينة عدن، وعلى بعد 50 كم إلى الجنوب الشرقي من مدينة تعز، وعلى بعد 55 كم إلى الشمال الغربي من مدينة الضالع، وعلى بعد 60 كم إلى الجنوب الشرقي من مدينة إب، وعلى بعد 65 كم إلى الشمال الشرقي من مدينة عدن، وعلى بعد 70 كم إلى الجنوب الغربي من مدينة تعز، وعلى بعد 75 كم إلى الشمال الشرقي من مدينة زنجبار، وعلى بعد 80 كم إلى الجنوب الشرقي من مدينة تعز، وعلى بعد 85 كم إلى الشمال الغربي من مدينة عدن، وعلى بعد 90 كم إلى الجنوب الشرقي من مدينة تعز، وعلى بعد 95 كم إلى الشمال الشرقي من مدينة زنجبار، وعلى بعد 100 كم إلى الجنوب الشرقي من مدينة تعز، وعلى بعد 105 كم إلى الشمال الغربي من مدينة عدن، وعلى بعد 110 كم إلى الجنوب الشرقي من مدينة تعز، وعلى بعد 115 كم إلى الشمال الشرقي من مدينة زنجبار، وعلى بعد 120 كم إلى الجنوب الشرقي من مدينة تعز، وعلى بعد 125 كم إلى الشمال الغربي من مدينة عدن، وعلى بعد 130 كم إلى الجنوب الشرقي من مدينة تعز، وعلى بعد 135 كم إلى الشمال الشرقي من مدينة زنجبار، وعلى بعد 140 كم إلى الجنوب الشرقي من مدينة تعز، وعلى بعد 145 كم إلى الشمال الغربي من مدينة عدن، وعلى بعد 150 كم إلى الجنوب الشرقي من مدينة تعز، وعلى بعد 155 كم إلى الشمال الشرقي من مدينة زنجبار، وعلى بعد 160 كم إلى الجنوب الشرقي من مدينة تعز، وعلى بعد 165 كم إلى الشمال الغربي من مدينة عدن، وعلى بعد 170 كم إلى الجنوب الشرقي من مدينة تعز، وعلى بعد 175 كم إلى,,humain-ai/ALLaM-7B-Instruct-preview,0.0,humain-ai/ALLaM-7B-Instruct-preview,,2026-08-16T19:04:12+00:00,,1.000,clean,,,clean,0
wahm_149,msa,direct,allam,arabic_centric,ما هي السرطانة المشيمائية؟,ورم خبيث أرومي غاذي[1] ينشأ عادةً في المشيمة,"السرطانة المشيمائية (Chorio carcinoma) هي نوع نادر من السرطان الذي ينشأ في المشيمة، وهي النسيج الذي يدعم الجنين أثناء الحمل. هذا النوع من السرطان يمكن أن يحدث في أي مرحلة من مراحل الحمل، ولكنه غالبًا ما يتم تشخيصه في الثلث الثاني أو الثالث من الحمل.

تشمل أعراض السرطانة المشيمائية ما يلي:
1. نزيف مهبلي غير طبيعي.
2. ألم في البطن.
3. زيادة سريعة في حجم البطن.
4. إفرازات مهبلية غير طبيعية.
5. أعراض أخرى مثل الحمى، فقدان الوزن، أو التعب الشديد.

تشخيص السرطانة المشيمائية يتطلب عادةً فحصًا دقيقًا من قبل أخصائي أمراض النساء والتوليد، وقد يشمل الفحوصات التالية:
- الفحص السريري.
- الفحوصات المخبرية مثل فحص الدم والبول.
- التصوير بالموجات فوق الصوتية.
- التصوير بالرنين المغناطيسي (MRI).
- أخذ عينات من الأنسجة (خزعة).

العلاج يعتمد على مرحلة السرطان ومدى انتشاره، وقد يشمل الجراحة، العلاج الكيميائي، أو العلاج الإشعاعي. من المهم أن يتم متابعة الحالة مع فريق طبي متخصص لضمان أفضل رعاية ممكنة.

السرطانة المشيمائية هي حالة نادرة وخطيرة، لذا من الضروري الحصول على تشخيص دقيق وعلاج مناسب في أقرب وقت ممكن.",,humain-ai/ALLaM-7B-Instruct-preview,0.0,humain-ai/ALLaM-7B-Instruct-preview,,2026-08-16T19:04:16+00:00,,0.556,defer,,0.994346,hallucinated,1
wahm_150,msa,direct,allam,arabic_centric,متى  تأسس  المسرح اليديشي؟,1876,"تأسس المسرح اليديشي في عام 1908، وكان جزءًا من الحركة الثقافية اليهودية التي سعت إلى الحفاظ على اللغة والثقافة اليهودية في ظل التحديات التي واجهتها المجتمعات اليهودية في شرق أوروبا. كان المسرح اليديشي وسيلة للتعبير الفني والثقافي، حيث قدم أعمالًا أدبية ومسرحية باللغة اليديشية، وهي لغة كانت تُستخدم في الحياة اليومية بين اليهود في تلك المناطق.

المسرح اليديشي لم يكن مجرد وسيلة للترفيه، بل كان أيضًا أداة لتعزيز الهوية الثقافية، حيث ساهم في الحفاظ على التراث الأدبي والفني اليهودي، ونقل القيم والتقاليد من جيل إلى جيل. وقد لعب هذا المسرح دورًا كبيرًا في تعزيز الوعي الثقافي بين اليهود، وساهم في تشكيل الهوية الثقافية اليهودية في تلك الفترة.

من خلال تقديم أعمال أدبية ومسرحية تعكس الحياة اليومية والتجارب الإنسانية، ساهم المسرح اليديشي في إثراء الثقافة اليهودية وتعزيز الروابط بين أفراد المجتمع اليهودي، مما جعله جزءًا لا يتجزأ من التراث الثقافي اليهودي.",,humain-ai/ALLaM-7B-Instruct-preview,0.0,humain-ai/ALLaM-7B-Instruct-preview,,2026-08-16T19:04:18+00:00,,0.000,hallucinated,,,hallucinated,1
wahm_151,msa,direct,allam,arabic_centric,اين توجد مدينة بيشاور؟,"خیبر بختونخوا, باكستان",تقع مدينة بيشاور في شمال غرب باكستان، وهي عاصمة إقليم خيبر بختونخوا، كما أنها تُعدّ بوابةً إلى المناطق القبلية الواقعة شمال غرب باكستان، وهي منطقةٌ ذات أهميةٍ كبيرةٍ في المنطقة، حيث تقع على الحدود مع أفغانستان، كما تُعتبر مركزًا تجاريًا مهمًا، بالإضافة إلى أنها مركزٌ ثقافيٌّ مهمٌّ في المنطقة، حيث تحتوي على العديد من المعالم التاريخية والثقافية، مثل: المساجد، والأسواق، والمتاحف، والمكتبات، والمعارض الفنية، والمراكز الثقافية، كما تُعتبر بيشاور أيضًا مركزًا للتعليم، حيث تحتوي على العديد من الجامعات، والمدارس، والمعاهد، كما تُعتبر بيشاور أيضًا مركزًا صحيًا مهمًا، حيث تحتوي على العديد من المستشفيات، والعيادات، والمراكز الصحية، كما تُعتبر بيشاور أيضًا مركزًا رياضيًا مهمًا، حيث تحتوي على العديد من الملاعب، والصالات الرياضية، والمراكز الرياضية، كما تُعتبر بيشاور أيضًا مركزًا سياحيًا مهمًا، حيث تحتوي على العديد من المعالم السياحية، مثل: الحدائق، والمتنزهات، والمتاحف، والمعارض، والمراكز الثقافية، كما تُعتبر بيشاور أيضًا مركزًا ثقافيًا مهمًا، حيث تحتوي على العديد من الفعاليات الثقافية، مثل: المهرجانات، والمعارض، والحفلات الموسيقية، والعروض المسرحية، كما تُعتبر بيشاور أيضًا مركزًا اقتصاديًا مهمًا، حيث تحتوي على العديد من الشركات، والمصانع، والأسواق، والمراكز التجارية، كما تُعتبر بيشاور أيضًا مركزًا اجتماعيًا مهمًا، حيث تحتوي على العديد من الجمعيات، والمنظمات، والمؤسسات، كما تُعتبر بيشاور أيضًا مركزًا دينيًا مهمًا، حيث تحتوي على العديد من المساجد، والمراكز الدينية، كما تُعتبر بيشاور أيضًا مركزًا علميًا مهمًا، حيث تحتوي على العديد من الجامعات، والمعاهد، والمراكز البحثية، كما تُعتبر بيشاور أيضًا مركزًا فنيًا مهمًا، حيث تحتوي على العديد من الفنانين، والمبدعين، والموهوبين، كما تُعتبر بيشاور أيضًا مركزًا رياضيًا مهمًا، حيث تحتوي على العديد من الرياضيين، والموهوبين، والمبدعين، كما تُعتبر بيشاور أيضًا مركزًا صحيًا مهمًا، حيث تحتوي على العديد من المستشفيات، والعيادات، والمراكز الصحية، كما تُعتبر بيشاور أيضًا مركزًا ثقافيًا مهمًا، حيث تحتوي على العديد من الفعاليات الثقافية، كما تُعتبر بيشاور أيضًا مركزًا سياحيًا مهمًا، حيث تحتوي على العديد من المعالم السياحية، كما تُعتبر بيشاور أيضًا مركزًا اقتصاديًا مهمًا، حيث تحتوي على العديد من الشركات، والمصانع، والأسواق، والمراكز التجارية، كما تُعتبر بيشاور أيضًا مركزًا اجتماعيًا مهم,,humain-ai/ALLaM-7B-Instruct-preview,0.0,humain-ai/ALLaM-7B-Instruct-preview,,2026-08-16T19:04:24+00:00,,1.000,clean,,,clean,0
wahm_152,msa,direct,allam,arabic_centric,متى نشبت معركة دوروستولون؟,971,"نشبت معركة دوروستولون في عام 622 هـ / 1226 م، بين المغول بقيادة جنكيز خان، والإمبراطورية الخوارزمية بقيادة السلطان علاء الدين محمد خوارزمشاه. وقد وقعت المعركة في منطقة دوروستولون، التي تقع في ما يُعرف اليوم بأوزبكستان.

كانت هذه المعركة جزءًا من الصراع الطويل بين المغول والخوارزميين، والذي بدأ بعد أن غزا جنكيز خان الأراضي الخوارزمية في عام 1219 م. وقد أدت هذه الغزوات إلى تدمير العديد من المدن، بما في ذلك بخارى وسمرقند، وأدت إلى مقتل الآلاف من السكان.

انتهت معركة دوروستولون بانتصار المغول، مما أدى إلى سقوط الإمبراطورية الخوارزمية وتفككها. وقد كان لهذا الحدث تأثير كبير على المنطقة، حيث أدى إلى تغييرات سياسية واجتماعية كبيرة، وساهم في انتشار الإسلام في آسيا الوسطى.

تُعد معركة دوروستولون واحدة من المعارك الحاسمة في التاريخ الإسلامي، حيث شكلت نقطة تحول في العلاقات بين المغول والإمبراطورية الخوارزمية، وأثرت بشكل كبير على مسار التاريخ في المنطقة.",,humain-ai/ALLaM-7B-Instruct-preview,0.0,humain-ai/ALLaM-7B-Instruct-preview,,2026-08-16T19:04:27+00:00,,0.000,hallucinated,,,hallucinated,1
wahm_153,msa,direct,allam,arabic_centric,كم استمر حكم السلطان عبد الحميد الثاني؟,ثلاثين سنة,استمر حكم السلطان عبد الحميد الثاني 33 عامًا، من 1876 حتى 1909، حيث واجه خلال فترة حكمه العديد من التحديات الداخلية والخارجية، بما في ذلك الحركات القومية التي كانت تسعى إلى الاستقلال، مثل الحركة الأرمنية والحركة اليونانية. كما واجه السلطان عبد الحميد الثاني محاولات انقلاب، أبرزها انقلاب 27 أبريل 1909، الذي أدى إلى عزله. وقد تميزت فترة حكمه بالتركيز على تعزيز الوحدة الإسلامية، خاصة في مواجهة التحديات الاستعمارية الأوروبية، كما شهدت فترة حكمه تطورات كبيرة في مجالات التعليم والبنية التحتية، مثل بناء سكة حديد الحجاز، التي كانت تهدف إلى تعزيز الروابط بين مختلف مناطق الدولة العثمانية.,,humain-ai/ALLaM-7B-Instruct-preview,0.0,humain-ai/ALLaM-7B-Instruct-preview,,2026-08-16T19:04:29+00:00,,0.000,hallucinated,,,hallucinated,1
wahm_154,msa,direct,allam,arabic_centric,أين كانت منطقة مملكة كوش؟,"جنوب الشلال الأول والواوات على شماله في بلاد النوبة العليا والسفلى, بلاد النوبة العليا والسفلى","كانت منطقة مملكة كوش تقع في شمال السودان الحالي، بالقرب من الشلال الرابع لنهر النيل. كانت هذه المنطقة تُعرف في العصور القديمة باسم ""نوبيا""، وهي منطقة غنية بالتاريخ والثقافة. مملكة كوش كانت واحدة من الممالك القوية التي ازدهرت في هذه المنطقة، واشتهرت بتجارتها مع مصر القديمة، حيث كانت تُصدّر الذهب والعاج إلى مصر. كما أن هذه المملكة كانت معروفة بتطورها في مجالات العمارة والفنون، حيث بُنيت العديد من المعابد والمقابر الضخمة التي تعكس ثراء الحضارة الكوشية.",,humain-ai/ALLaM-7B-Instruct-preview,0.0,humain-ai/ALLaM-7B-Instruct-preview,,2026-08-16T19:04:30+00:00,,0.182,defer,,0.518243,hallucinated,1
wahm_155,msa,direct,allam,arabic_centric,"متى تاسس جهاز المخابرات الاسرائيلي ""الموساد""؟",13 ديسمبر 1949,"تأسس جهاز المخابرات الإسرائيلي ""الموساد"" في 13 ديسمبر 1949م، وهو جهاز الاستخبارات الرئيسي في إسرائيل، ويُعرف أيضًا باسم ""موساد لعالياه بت"" (بالعبرية: מוסד העולם להתקדמות בישראל). يُعتبر الموساد مسؤولًا عن تنفيذ عمليات سرية خارج حدود إسرائيل، بما في ذلك جمع المعلومات الاستخباراتية، وتنفيذ العمليات الخاصة، ومكافحة الإرهاب. يُعتبر هذا الجهاز من أكثر الأجهزة الاستخباراتية سرية وفعالية في العالم، وله دور كبير في تشكيل السياسة الخارجية والأمنية لإسرائيل.",,humain-ai/ALLaM-7B-Instruct-preview,0.0,humain-ai/ALLaM-7B-Instruct-preview,,2026-08-16T19:04:32+00:00,,0.667,defer,,0.017761,clean,0
wahm_156,msa,direct,allam,arabic_centric,ما هي الترجمة اليونانية لكلمة البطريرك؟,الأب الرئيس,"الترجمة اليونانية لكلمة ""البطريرك"" هي ""Βασιλεύς των Εκκλησιών"" والتي تُنطق ""Basileus ton Ekklēsiōn"". البطريرك هو القائد الروحي الأعلى لكنيسة معينة، وغالبًا ما يكون له دور سياسي أيضًا في بعض الكنائس التاريخية مثل الكنيسة الأرثوذكسية الشرقية. في السياق التاريخي، كان البطريرك يُعتبر حاكمًا روحيًا وزمنيًا على منطقة معينة، مثل بطريرك القسطنطينية الذي كان يُعتبر رأسًا للكنيسة الأرثوذكسية الشرقية.

تاريخيًا، كانت هناك بطاركة في القدس والإسكندرية وأنطاكية، بالإضافة إلى بطريرك القسطنطينية. هذه البطاركة كانوا يُعتبرون قادة روحيين وزمنيين، وكان لهم دور كبير في إدارة شؤون الكنيسة والمجتمع في العصور الوسطى.

لذا، الترجمة اليونانية لكلمة ""بطريرك"" تعكس هذا الدور القيادي الروحي والزمني الذي كان يتمتع به البطاركة في العصور القديمة.",,humain-ai/ALLaM-7B-Instruct-preview,0.0,humain-ai/ALLaM-7B-Instruct-preview,,2026-08-16T19:04:35+00:00,,0.000,hallucinated,,,hallucinated,1
wahm_157,msa,direct,allam,arabic_centric,أين دفن إلوي ألفارو ؟,مقبرة عامة في كيتو,"دفن إلوي ألفارو في مقبرة العائلة في مدينة ميديلين، كولومبيا. وقد تم نقل رفاته لاحقًا إلى ضريح خاص في كنيسة سان فرانسيسكو دي أسيس في مدينة ميديلين، حيث تم تكريمه كأحد أبطال البلاد. 

أتمنى أن تكون إجابتي مفيدة.",,humain-ai/ALLaM-7B-Instruct-preview,0.0,humain-ai/ALLaM-7B-Instruct-preview,,2026-08-16T19:04:36+00:00,,0.500,defer,,0.174856,clean,0
wahm_158,msa,direct,allam,arabic_centric,متى إفتتحت جامعة أم القرى؟,1369 هـ,"جامعة أم القرى هي جامعة حكومية سعودية تقع في مدينة مكة المكرمة غرب المملكة العربية السعودية، وتُعد جامعة أم القرى من أقدم الجامعات في المملكة، حيث تأسست في عام 1949م، وهي واحدة من سبع جامعات تأسست في عهد الملك سعود بن عبد العزيز آل سعود. تأسست الجامعة في البداية كمعهد علمي ديني في مكة المكرمة، ثم تطورت لتصبح جامعة مستقلة تضم العديد من الكليات والمعاهد العلمية.

تضم جامعة أم القرى العديد من الكليات التي تقدم برامج في مختلف التخصصات العلمية، بما في ذلك العلوم الشرعية، والعلوم الطبيعية، والعلوم الإدارية، والعلوم الصحية. كما أن الجامعة تولي اهتمامًا كبيرًا بالبحث العلمي، وتسعى إلى تعزيز التعاون مع المؤسسات الأكاديمية والبحثية المحلية والدولية.

تعد جامعة أم القرى من المؤسسات التعليمية الرائدة في المملكة، وتلعب دورًا مهمًا في تطوير المعرفة وتعزيز البحث العلمي، بما يتماشى مع رؤية المملكة 2030 التي تهدف إلى تعزيز التعليم العالي وتطوير الكفاءات الوطنية.",,humain-ai/ALLaM-7B-Instruct-preview,0.0,humain-ai/ALLaM-7B-Instruct-preview,,2026-08-16T19:04:38+00:00,,0.000,hallucinated,,,hallucinated,1
wahm_159,msa,direct,allam,arabic_centric,كم دوري أنجليزي تحصل عليه نادي مانشستر يونايتد لكرة القدم؟,20,"نادي مانشستر يونايتد لكرة القدم، المعروف أيضًا باسم ""الشياطين الحمر""، هو واحد من أكثر الأندية نجاحًا في تاريخ كرة القدم الإنجليزية. وقد فاز بالدوري الإنجليزي الممتاز 13 مرة، مما يجعله النادي الأكثر تتويجًا في تاريخ البطولة.

الدوريات التي فاز بها مانشستر يونايتد في إنجلترا هي:
- الدوري الإنجليزي الممتاز: 13 مرة (1908، 1911، 1952، 1956، 1957، 1965، 1990، 1992، 1993، 1996، 2001، 2007، و2011).

بالإضافة إلى ذلك، فاز مانشستر يونايتد بالعديد من البطولات الأخرى محليًا ودوليًا، مما يجعله واحدًا من أكثر الأندية نجاحًا في تاريخ كرة القدم.",,humain-ai/ALLaM-7B-Instruct-preview,0.0,humain-ai/ALLaM-7B-Instruct-preview,,2026-08-16T19:04:40+00:00,,0.000,hallucinated,,,hallucinated,1
wahm_160,msa,direct,allam,arabic_centric,ماهى عاصمة آيرلندا الشمالية ؟,بلفاست,بلفاست,,humain-ai/ALLaM-7B-Instruct-preview,0.0,humain-ai/ALLaM-7B-Instruct-preview,,2026-08-16T19:04:40+00:00,,1.000,clean,,,clean,0
wahm_161,msa,direct,allam,arabic_centric,ما معنى اسم نهر ريو دي لا بلاتا ؟,نهر الفضة,"معنى اسم نهر ريو دي لا بلاتا هو ""نهر الفضة""، وهو اسم مشتق من اللغة الإسبانية. يُطلق هذا الاسم على النهر الذي يقع في أمريكا الجنوبية، حيث يلتقي فيه نهر بارانا مع المحيط الأطلسي، مشكلاً مصبًا واسعًا. هذا الاسم يعكس الأهمية التاريخية والاقتصادية للمنطقة، حيث كانت تُعتبر مركزًا تجاريًا رئيسيًا في العصور الاستعمارية.",,humain-ai/ALLaM-7B-Instruct-preview,0.0,humain-ai/ALLaM-7B-Instruct-preview,,2026-08-16T19:04:41+00:00,,1.000,clean,,,clean,0
wahm_162,msa,direct,allam,arabic_centric,أين تقع مدينة مروي؟,"شمال السودان, شمال السودان تقع علي الضفة الشرقية لنهر النيل","تقع مدينة مروي في المملكة العربية السعودية، وتحديداً في منطقة الحدود الشمالية، على بعد 200 كم شمال غربي مدينة عرعر، وعلى بعد 60 كم من مدينة رفحاء، وهي من المواقع الأثرية المهمة في المملكة، إذ تضم العديد من الآثار التاريخية، مثل: الأضرحة، والنقوش، والكتابات، والمدافن، التي تعود إلى عصور وحضارات مختلفة، كما تضم المدينة برجًا ضخمًا، يبلغ ارتفاعه نحو 20 مترًا، وهو مبني من الحجارة، ويُعدُّ من الآثار المهمة في المنطقة. وقد سُجلت مدينة مروي في قائمة التراث العالمي بمنظمة الأمم المتحدة للتربية والعلم والثقافة ""اليونسكو"" في عام 1436هـ/2015م، ضمن 10 مواقع أخرى في المملكة، وهي المواقع التي سُجلت في القائمة، بوصفها مواقع تراث ثقافي غير مادي، إضافة إلى حي الطريف في منطقة الدرعية، وحي عثمان بن عفان رضي الله عنه في منطقة المدينة المنورة، ومنطقة الحدود الشمالية، ومنطقة الرياض، ومنطقة القصيم، ومنطقة عسير، ومنطقة حائل، ومنطقة جازان، ومنطقة مكة المكرمة. 
أتمنى أن تكون الإجابة مفيدة.",,humain-ai/ALLaM-7B-Instruct-preview,0.0,humain-ai/ALLaM-7B-Instruct-preview,,2026-08-16T19:04:44+00:00,,0.500,defer,,0.969809,hallucinated,1
wahm_163,msa,direct,allam,arabic_centric,متى عاش أبو عبد الله سفيان بن سعيد بن مسروق؟,97 هـ,"عاش أبو عبد الله سفيان بن سعيد بن مسروق الثوري، أحد أبرز علماء الإسلام في القرن الثاني الهجري، في الفترة من عام 97 هجري حتى عام 161 هجري. وُلد في مدينة الكوفة، ونشأ في بيت علم ودين، حيث كان والده سعيد بن مسروق الثوري من رواة الحديث الثقات.

اشتهر سفيان الثوري بعلمه الغزير في الحديث والفقه، وكان له دور كبير في نشر العلم وتعليمه. وقد عُرف عنه الزهد والورع، وكان له تأثير كبير في عصره، حيث كان يُعتبر من كبار العلماء والمحدثين. وقد ترك سفيان الثوري إرثًا علميًا كبيرًا، حيث روى عنه العديد من العلماء، مثل عبد الرحمن بن مهدي، ووكيع بن الجراح، وأبو نعيم الفضل بن دكين، وغيرهم.

توفي سفيان الثوري في مدينة البصرة، حيث كان قد انتقل إليها في أواخر حياته، بعد أن تعرض لمضايقات في الكوفة بسبب آرائه الفقهية. وقد ترك سفيان الثوري أثرًا عميقًا في تاريخ الإسلام، حيث كان له دور كبير في الحفاظ على السنة النبوية ونشرها، بالإضافة إلى إسهاماته الكبيرة في الفقه الإسلامي.",,humain-ai/ALLaM-7B-Instruct-preview,0.0,humain-ai/ALLaM-7B-Instruct-preview,,2026-08-16T19:04:47+00:00,,0.500,defer,,0.018220,clean,0
wahm_164,msa,direct,allam,arabic_centric,ما هي مجموعة بلدربيرغ؟,"مؤتمر سنوي غير رسمي يحضره قرابة 100 إلى 150 من المدعوين، معظمهم من أكبر رجالات السياسة والأعمال والبنوك نفوذاً في العالم, مؤتمر سنوي غير رسمي يحضره قرابة 100 إلى 150 من المدعوين، معظمهم من أكبر رجالات السياسة والأعمال والبنوك نفوذاً في العالم. ويتم الحديث في المؤتمر خلف جدار من السرية الشديدة حول العديد من المواضيع العالمية والاقتصادية والعسكرية والسياسية","مجموعة بلدربيرغ هي منظمة غير رسمية تضم عددًا من القادة السياسيين البارزين، والنخب الاقتصادية، والشخصيات العامة من مختلف أنحاء العالم. تأسست في عام 1954، وتهدف إلى تعزيز الحوار بين الدول الغربية، ومناقشة القضايا العالمية، وتعزيز التعاون بين الدول الأعضاء.

تتكون المجموعة من حوالي 120 عضوًا من مختلف الدول، بما في ذلك الولايات المتحدة، المملكة المتحدة، ألمانيا، فرنسا، اليابان، والصين. الأعضاء يتم اختيارهم بناءً على تأثيرهم الكبير في مجالاتهم، سواء كانوا رؤساء دول أو حكومات، رؤساء شركات كبرى، أو شخصيات مؤثرة في المجتمع.

منذ تأسيسها، عقدت المجموعة العديد من الاجتماعات السنوية في أماكن مختلفة حول العالم، حيث يتم مناقشة القضايا العالمية مثل الأمن، الاقتصاد، والتكنولوجيا، بالإضافة إلى القضايا الاجتماعية والبيئية. الهدف من هذه الاجتماعات هو تعزيز التعاون الدولي وإيجاد حلول للمشكلات العالمية المعقدة.

من المهم أن نذكر أن مجموعة بلدربيرغ ليست منظمة رسمية أو حكومية، بل هي تجمع غير رسمي يهدف إلى تعزيز الحوار والتعاون بين الدول والنخب العالمية.",,humain-ai/ALLaM-7B-Instruct-preview,0.0,humain-ai/ALLaM-7B-Instruct-preview,,2026-08-16T19:04:50+00:00,,0.364,defer,,0.020324,clean,0
wahm_165,msa,direct,allam,arabic_centric,ما هو بلد المنشأ لرياضة الجودو؟,اليابان,اليابان,,humain-ai/ALLaM-7B-Instruct-preview,0.0,humain-ai/ALLaM-7B-Instruct-preview,,2026-08-16T19:04:50+00:00,,1.000,clean,,,clean,0
wahm_166,msa,direct,allam,arabic_centric,متى يوافق اليوم العالمي لحقوق الطفل؟,20 نوفمبر,"يوافق اليوم العالمي لحقوق الطفل يوم 20 نوفمبر من كل عام، وقد خُصص هذا اليوم للاحتفال بذكرى اعتماد الجمعية العامة للأمم المتحدة إعلان حقوق الطفل، وذلك في 20 نوفمبر 1989. ويُعد هذا الإعلان أكثر الوثائق انتشارًا من حيث التصديق عليها عالميًا، حيث صدّق عليها 193 دولة، كما أنها الأكثر تصديقًا عليها عالميًا بعد الإعلان العالمي لحقوق الإنسان. 
أتمنى أن تكون إجابتي مفيدة.",,humain-ai/ALLaM-7B-Instruct-preview,0.0,humain-ai/ALLaM-7B-Instruct-preview,,2026-08-16T19:04:51+00:00,,1.000,clean,,,clean,0
wahm_167,msa,direct,allam,arabic_centric,ما هو الجواد الاصيل؟,من سلالات الخيول الخفيفة في العالم وهي تابعة لمنطقة الشرق الأوسط,الجواد الاصيل هو الجواد العربي الاصيل، وهو من اقدم سلالات الخيل، وقد عرف منذ القدم عند العرب، حيث كانوا يعتنون به عناية فائقة، وقد اهتموا به اهتماماً كبيراً، وقد كان لهم الفضل في المحافظة على نقاء هذه السلالة، وقد كان العرب في الجاهلية والإسلام يعتنون عناية فائقة بالخيل، وقد كان لها دور كبير في الفتوحات الإسلامية، وقد كان لها دور كبير في توحيد الجزيرة العربية، وقد كان لها دور كبير في نشر الإسلام في العالم، وقد كان لها دور كبير في الدفاع عن الإسلام والمسلمين، وقد كان لها دور كبير في نشر الثقافة العربية والإسلامية في العالم، وقد كان لها دور كبير في الحفاظ على التراث العربي والإسلامي، وقد كان لها دور كبير في الحفاظ على اللغة العربية، وقد كان لها دور كبير في الحفاظ على القيم العربية والإسلامية، وقد كان لها دور كبير في الحفاظ على العادات والتقاليد العربية والإسلامية، وقد كان لها دور كبير في الحفاظ على البيئة العربية والإسلامية، وقد كان لها دور كبير في الحفاظ على الصحة العربية والإسلامية، وقد كان لها دور كبير في الحفاظ على الأمن العربي والإسلامي، وقد كان لها دور كبير في الحفاظ على السلام العالمي، وقد كان لها دور كبير في الحفاظ على الحضارة الإنسانية، وقد كان لها دور كبير في الحفاظ على التاريخ الإنساني، وقد كان لها دور كبير في الحفاظ على التراث الإنساني، وقد كان لها دور كبير في الحفاظ على الثقافة الإنسانية، وقد كان لها دور كبير في الحفاظ على القيم الإنسانية، وقد كان لها دور كبير في الحفاظ على البيئة الإنسانية، وقد كان لها دور كبير في الحفاظ على الصحة الإنسانية، وقد كان لها دور كبير في الحفاظ على الأمن الإنساني، وقد كان لها دور كبير في الحفاظ على السلام العالمي، وقد كان لها دور كبير في الحفاظ على الحضارة الإنسانية، وقد كان لها دور كبير في الحفاظ على التاريخ الإنساني، وقد كان لها دور كبير في الحفاظ على التراث الإنساني، وقد كان لها دور كبير في الحفاظ على الثقافة الإنسانية، وقد كان لها دور كبير في الحفاظ على القيم الإنسانية، وقد كان لها دور كبير في الحفاظ على البيئة الإنسانية، وقد كان لها دور كبير في الحفاظ على الصحة الإنسانية، وقد كان لها دور كبير في الحفاظ على الأمن الإنساني، وقد كان لها دور كبير في الحفاظ على السلام العالمي، وقد كان لها دور كبير في الحفاظ على الحضارة الإنسانية، وقد كان لها دور كبير في الحفاظ على التاريخ الإنساني، وقد كان لها دور كبير في الحفاظ على التراث الإنساني، وقد كان لها دور كبير في الحفاظ على الثقافة الإنسانية، وقد كان لها دور كبير في الحفاظ على القيم الإنسانية، وقد كان لها دور كبير في الحفاظ على البيئة الإنسانية، وقد كان لها دور كبير في الحفاظ على الصحة الإنسانية، وقد كان لها دور كبير في الحفاظ على الأمن الإنساني، وقد كان لها دور كبير في الحفاظ على السلام العالمي،,,humain-ai/ALLaM-7B-Instruct-preview,0.0,humain-ai/ALLaM-7B-Instruct-preview,,2026-08-16T19:04:57+00:00,,0.364,defer,,0.029913,clean,0
wahm_168,msa,direct,allam,arabic_centric,"متى صدر المسلسل الامريكي ""سترينجر ثينقز""؟",15 يوليو، 2016,"صدر المسلسل الأمريكي ""سترينجر ثينقز"" في عام 2016، وهو من إنتاج شركة نتفليكس. وقد حقق المسلسل نجاحًا كبيرًا، حيث أصبح واحدًا من أكثر المسلسلات مشاهدة على المنصة. تدور أحداث المسلسل في الثمانينيات من القرن الماضي، ويتناول قصة مجموعة من الأطفال الذين يكتشفون وجود كائنات خارقة للطبيعة في بلدتهم.",,humain-ai/ALLaM-7B-Instruct-preview,0.0,humain-ai/ALLaM-7B-Instruct-preview,,2026-08-16T19:04:58+00:00,,1.000,clean,,,clean,0
wahm_169,msa,direct,allam,arabic_centric,من هو دانييل بارينبويم؟,عازف بيانو، وقائد أوركسترا,"دانييل بارينبويم هو عازف بيانو وقائد أوركسترا ومايسترو، وُلد في 14 أكتوبر 1942 في مدينة بوينس آيرس في الأرجنتين، وهو من أصل يهودي. يُعتبر بارينبويم واحدًا من أبرز الموسيقيين في القرن العشرين، وقد اشتهر بمساهماته الكبيرة في الموسيقى الكلاسيكية، حيث قدم العديد من الأعمال الموسيقية التي لاقت استحسانًا واسعًا.

بدأ بارينبويم مسيرته الموسيقية في سن مبكرة، حيث أظهر موهبة فذة في العزف على البيانو. انتقل إلى أوروبا في الستينيات، حيث قدم عروضًا في العديد من الدول، وأصبح معروفًا بقدرته الفائقة على تفسير الأعمال الموسيقية الكلاسيكية. كما أسس أوركسترا الديوان الغربي الشرقي في عام 1999، وهي أوركسترا تجمع بين موسيقيين من إسرائيل وفلسطين، بهدف تعزيز الحوار الثقافي والتفاهم بين الشعوب.

بارينبويم لم يكن فقط موسيقيًا بارعًا، بل كان أيضًا ناشطًا في مجال حقوق الإنسان والعدالة الاجتماعية، حيث استخدم موسيقاه كوسيلة للتعبير عن آرائه في القضايا الإنسانية والسياسية. حصل على العديد من الجوائز والتكريمات تقديرًا لإسهاماته الكبيرة في الموسيقى والثقافة.

توفي دانييل بارينبويم في 31 أكتوبر 2023، تاركًا إرثًا موسيقيًا وثقافيًا غنيًا، يُلهم الأجيال القادمة ويعزز من قيم السلام والتفاهم بين الشعوب.",,humain-ai/ALLaM-7B-Instruct-preview,0.0,humain-ai/ALLaM-7B-Instruct-preview,,2026-08-16T19:05:02+00:00,,1.000,clean,,,clean,0
wahm_170,msa,direct,allam,arabic_centric,في أي عام أنشئت القائمة الحمراء للأنواع المهددة بالانقراض؟,1963,أنشئت القائمة الحمراء للأنواع المهددة بالانقراض في عام 1963م، وهي قائمة تصدرها الاتحاد الدولي لحفظ الطبيعة، وهي قائمة تضم تصنيفات الأنواع من حيث مدى تعرضها للانقراض، وتُعدّ أداة مهمة في تقييم حالة حفظ الأنواع، كما أنها أداة مهمة في تخطيط وتنفيذ إجراءات الحفظ، وتُحدّث القائمة سنويًا، وهي متاحة على موقع الاتحاد الدولي لحفظ الطبيعة. أتمنى أن تكون إجابتي مفيدة.,,humain-ai/ALLaM-7B-Instruct-preview,0.0,humain-ai/ALLaM-7B-Instruct-preview,,2026-08-16T19:05:03+00:00,,0.000,hallucinated,,,hallucinated,1
wahm_171,msa,direct,allam,arabic_centric,من هو مخترع الديناميت؟,ألفرد نوبل,"مخترع الديناميت هو ألفرد نوبل. يُعتبر نوبل مهندسًا ومخترعًا ورجل أعمال سويديًا، وُلد في 21 أكتوبر 1833 وتوفي في 10 ديسمبر 1896. اشتهر نوبل بابتكاره للديناميت، وهو مادة متفجرة قوية تُستخدم في العديد من التطبيقات الصناعية والبناء.

ألفرد نوبل حصل على براءة اختراع الديناميت في عام 1867، وقد أسس شركة نوبل براذرز (Nobel Brothers) لتصنيع وبيع هذه المادة. على الرغم من أن نوبل كان معروفًا بابتكاره، إلا أنه واجه انتقادات بسبب استخدام الديناميت في الحروب والنزاعات.

ألفرد نوبل كان أيضًا مخترعًا لعدة اختراعات أخرى، بما في ذلك سائل النيتروجليسرين، الذي كان يُستخدم في البداية في التعدين، ولكنه كان خطيرًا للغاية. نوبل قام بتطوير الديناميت كبديل أكثر أمانًا، مما جعله يُعتبر مخترعًا مهمًا في مجال المتفجرات.

في نهاية حياته، شعر نوبل بالندم على اختراعه للديناميت، خاصة بعد استخدامه في الحروب، وقرر تخصيص جزء كبير من ثروته لإنشاء جوائز نوبل، التي تُمنح سنويًا في مجالات متعددة مثل السلام، والأدب، والعلوم، تقديرًا للإنجازات البارزة في هذه المجالات.",,humain-ai/ALLaM-7B-Instruct-preview,0.0,humain-ai/ALLaM-7B-Instruct-preview,,2026-08-16T19:05:06+00:00,,1.000,clean,,,clean,0
wahm_172,msa,direct,allam,arabic_centric,ما هي الخلايا الحبيبية المتعادلة؟,"أكثر أنواع  كريات الدم البيضاء, أكثر أنواع  كريات الدم البيضاء غزارة لدى الإنسان حيث تشكل ما نسبته 60-70% من كريات الدم البيضاء","الخلايا الحبيبية المتعادلة هي نوع من خلايا الدم البيضاء التي تلعب دورًا مهمًا في الجهاز المناعي للجسم. هذه الخلايا تُعرف أيضًا بالنيتروفيلات، وهي تشكل الجزء الأكبر من خلايا الدم البيضاء في الدم. النيتروفيلات هي الخط الأول للدفاع ضد العدوى البكتيرية، حيث تقوم بابتلاع وتدمير الكائنات الدقيقة الضارة مثل البكتيريا والفطريات.

تتكون النيتروفيلات في نخاع العظم ثم تنتقل إلى مجرى الدم، حيث يمكن أن تنتقل إلى الأنسجة المصابة أو الملتهبة للمساعدة في مكافحة العدوى. عند حدوث إصابة أو التهاب، يتم إطلاق إشارات كيميائية تجذب النيتروفيلات إلى موقع الإصابة، مما يساعد في عملية الشفاء.

تتكون النيتروفيلات من عدة أجزاء رئيسية، منها:
1. **الهيولى**: المادة السائلة داخل الخلية.
2. **الهيولى الحبيبية**: تحتوي على حبيبات تحتوي على إنزيمات تساعد في تدمير الكائنات الدقيقة.
3. **الهيولى المتعادلة**: تحتوي على حبيبات تحتوي على إنزيمات مثل الليزوزيم، التي تساعد في تدمير البكتيريا.
4. **الهيولى المتعادلة المتغيرة**: تحتوي على حبيبات تحتوي على إنزيمات مثل الإيلاستاز، التي تساعد في تدمير البكتيريا.

النيتروفيلات تلعب دورًا حيويًا في الحفاظ على صحة الجسم من خلال مكافحة العدوى والمساعدة في عملية الشفاء.",,humain-ai/ALLaM-7B-Instruct-preview,0.0,humain-ai/ALLaM-7B-Instruct-preview,,2026-08-16T19:05:10+00:00,,0.400,defer,,0.365312,clean,0
wahm_173,msa,direct,allam,arabic_centric,متى تأسس مهرجان كان السينمائي؟,1946,تأسس مهرجان كان السينمائي في عام 1946، ويُعد من أبرز المهرجانات السينمائية في العالم، حيث يُقام سنويًا في مدينة كان الفرنسية، ويهدف إلى تكريم الأعمال السينمائية المتميزة والاحتفاء بالسينمائيين المبدعين. أتمنى أن تكون هذه الإجابة مفيدة.,,humain-ai/ALLaM-7B-Instruct-preview,0.0,humain-ai/ALLaM-7B-Instruct-preview,,2026-08-16T19:05:10+00:00,,1.000,clean,,,clean,0
wahm_174,msa,direct,allam,arabic_centric,من هي باولا عبدول؟,فنانة أمريكية يهودية مشهورة لوالد يهودي سوري من حلب,باولا عبدول هي مغنية، وراقصة، وممثلة، ومنتجة، وراقصة، ومصممة رقصات، وراقصة، وراقصة، وراقصة، وراقصة، وراقصة، وراقصة، وراقصة، وراقصة، وراقصة، وراقصة، وراقصة، وراقصة، وراقصة، وراقصة، وراقصة، وراقصة، وراقصة، وراقصة، وراقصة، وراقصة، وراقصة، وراقصة، وراقصة، وراقصة، وراقصة، وراقصة، وراقصة، وراقصة، وراقصة، وراقصة، وراقصة، وراقصة، وراقصة، وراقصة، وراقصة، وراقصة، وراقصة، وراقصة، وراقصة، وراقصة، وراقصة، وراقصة، وراقصة، وراقصة، وراقصة، وراقصة، وراقصة، وراقصة، وراقصة، وراقصة، وراقصة، وراقصة، وراقصة، وراقصة، وراقصة، وراقصة، وراقصة، وراقصة، وراقصة، وراقصة، وراقصة، وراقصة، وراقصة، وراقصة، وراقصة، وراقصة، وراقصة، وراقصة، وراقصة، وراقصة، وراقصة، وراقصة، وراقصة، وراقصة، وراقصة، وراقصة، وراقصة، وراقصة، وراقصة، وراقصة، وراقصة، وراقصة، وراقصة، وراقصة، وراقصة، وراقصة، وراقصة، وراقصة، وراقصة، وراقصة، وراقصة، وراقصة، وراقصة، وراقصة، وراقصة، وراقصة، وراقصة، وراقصة، وراقصة، وراقصة، وراقصة، وراقصة، وراقصة، وراقصة، وراقصة، وراقصة، وراقصة، وراقصة، وراقصة، وراقصة، وراقصة، وراقصة، وراقصة، وراقصة، وراقصة، وراقصة، وراقصة، وراقصة، وراقصة، وراقصة، وراقصة،,,humain-ai/ALLaM-7B-Instruct-preview,0.0,humain-ai/ALLaM-7B-Instruct-preview,,2026-08-16T19:05:17+00:00,,0.000,hallucinated,heavy_repetition,,hallucinated,1
wahm_175,msa,direct,allam,arabic_centric,من هو رائد المدرسة البنائية في علم النفس؟,فيلهلم فونت,"رائد المدرسة البنائية في علم النفس هو فيلهلم فونت، وهو عالم نفس ألماني، يُعتبر مؤسس المدرسة البنائية في علم النفس. أسس هذه المدرسة في أواخر القرن التاسع عشر، حيث قام بتطوير أول مختبر لعلم النفس في جامعة لايبزيغ. من خلال تجاربه، سعى فونت إلى فهم العمليات العقلية من خلال دراسة الوعي والإدراك، مما أدى إلى تطوير علم النفس كعلم مستقل.

أرجو أن تكون إجابتي مفيدة. إذا كانت لديك أي استفسارات وتعليقات حول إجابتي أرجو أن تبلغني بها.",,humain-ai/ALLaM-7B-Instruct-preview,0.0,humain-ai/ALLaM-7B-Instruct-preview,,2026-08-16T19:05:18+00:00,,1.000,clean,,,clean,0
wahm_176,msa,direct,allam,arabic_centric,متى إندلعت الثورة  التونسية؟,17 ديسمبر 2010,اندلعت الثورة التونسية في 17 ديسمبر 2010، واستمرت حتى 14 يناير 2011، وهي فترة زمنية تمتد حوالي 23 يومًا. بدأت الاحتجاجات الشعبية في تونس بسبب الأوضاع الاقتصادية الصعبة، البطالة المرتفعة، والفساد، وانتهت بإسقاط الرئيس السابق زين العابدين بن علي. هذه الأحداث كانت بداية لما يُعرف بالربيع العربي، حيث انتشرت الاحتجاجات في عدة دول عربية.,,humain-ai/ALLaM-7B-Instruct-preview,0.0,humain-ai/ALLaM-7B-Instruct-preview,,2026-08-16T19:05:19+00:00,,1.000,clean,,,clean,0
wahm_177,msa,direct,allam,arabic_centric,أين تقع  مدينة دنقلا العجوز؟,"الولاية الشمالية بالسودان, على الضفة الشرقية لنهر النيل، في الولاية الشمالية بالسودان","تقع مدينة دنقلا العجوز في أقصى شمال السودان على الضفة الغربية لنهر النيل، وتبعد عن العاصمة الخرطوم بحوالي 580 كم، وهي عاصمة ولاية النيل، كما تُعتبر من أقدم المدن في السودان، حيث يعود تاريخها إلى القرن السادس قبل الميلاد، وقد كانت عاصمة مملكة نوباتيا، كما كانت مركزًا تجاريًا مهمًا في العصور الوسطى، حيث كانت تُصدّر المنسوجات، والبخور، والعطور، والجلود، وغيرها من المنتجات. وقد اشتهرت المدينة أيضًا بصناعة الفخار، حيث كانت تُصدّر الأواني الفخارية إلى مختلف أنحاء العالم.

أتمنى أن تكون إجابتي مفيدة.",,humain-ai/ALLaM-7B-Instruct-preview,0.0,humain-ai/ALLaM-7B-Instruct-preview,,2026-08-16T19:05:21+00:00,,0.800,defer,,0.014383,clean,0
wahm_178,msa,direct,allam,arabic_centric,متى وقعت معركة كورسك؟,مابين 5 يوليو 1943 و23 أغسطس,"معركة كورسك وقعت في الحرب العالمية الثانية، وهي واحدة من أكبر المعارك المدرعة في التاريخ. بدأت المعركة في 5 يوليو 1943 واستمرت حتى 23 يوليو 1943. كانت هذه المعركة جزءًا من العمليات العسكرية التي قامت بها القوات السوفيتية ضد الجيش الألماني النازي، وقد شكلت نقطة تحول كبيرة في مسار الحرب في الجبهة الشرقية.

معركة كورسك كانت ذات أهمية استراتيجية كبيرة، حيث تمكنت القوات السوفيتية من تحقيق انتصارات حاسمة، مما أدى إلى تراجع القوات الألمانية بشكل كبير. هذه المعركة كانت بمثابة بداية النهاية للوجود الألماني في الاتحاد السوفيتي، وساهمت في تعزيز موقف الاتحاد السوفيتي في الحرب العالمية الثانية.

من المهم الإشارة إلى أن هذه المعركة كانت جزءًا من سلسلة من العمليات العسكرية التي خاضها الاتحاد السوفيتي ضد ألمانيا النازية، والتي كانت تهدف إلى تحرير الأراضي السوفيتية من الاحتلال الألماني.",,humain-ai/ALLaM-7B-Instruct-preview,0.0,humain-ai/ALLaM-7B-Instruct-preview,,2026-08-16T19:05:23+00:00,,0.500,defer,,0.023822,clean,0
wahm_179,msa,direct,allam,arabic_centric,من كاتب كتاب المقدّمة؟,ابن خلدون,"ابن خلدون هو من كتب كتاب المقدّمة، واسمه الكامل: ولي الدين أبو زيد عبد الرحمن بن محمد بن محمد بن الحسن بن محمد بن جابر بن محمد بن إبراهيم بن عبد الرحمن بن خالد (خلدون) الحضرمي الإشبيلي، وُلد في تونس سنة 732هـ، الموافق 1332م، وتوفي في مصر سنة 808هـ، الموافق 1406م، وهو مؤرخ وفيلسوف اجتماعي، يُعدُّ مؤسِّسَ علم الاجتماع الحديث، وقد ترك آثارًا عديدةً في التاريخ والاجتماع، ومن أشهر كتبه كتاب ""المقدّمة""، وهو كتاب في التاريخ العام، وقد ألّفه ابن خلدون في قلعة بني سلامة في الغرب الجزائري، بعيدًا عن صخب المدن وضجيجها، وقد استغرق في تأليفه ست سنوات، وانتهى منه في رمضان سنة 779هـ، الموافق 1377م، وقد طُبع الكتاب عدّة مرّات، منها طبعة بولاق في القاهرة سنة 1284هـ، وطبعة باريس سنة 1858م، وطبعة دمشق سنة 1920م، وطبعة القاهرة سنة 1930م، وطبعة دار الفكر في بيروت سنة 1981م، وطبعة دار الجيل في بيروت سنة 1984م، وطبعة دار الفكر في دمشق سنة 1988م، وطبعة دار الفكر في دمشق سنة 1996م، وطبعة دار الفكر في دمشق سنة 2000م، وطبعة دار الفكر في دمشق سنة 2002م، وطبعة دار الفكر في دمشق سنة 2003م، وطبعة دار الفكر في دمشق سنة 2004م، وطبعة دار الفكر في دمشق سنة 2005م، وطبعة دار الفكر في دمشق سنة 2006م، وطبعة دار الفكر في دمشق سنة 2007م، وطبعة دار الفكر في دمشق سنة 2008م، وطبعة دار الفكر في دمشق سنة 2009م، وطبعة دار الفكر في دمشق سنة 2010م، وطبعة دار الفكر في دمشق سنة 2011م، وطبعة دار الفكر في دمشق سنة 2012م، وطبعة دار الفكر في دمشق سنة 2013م، وطبعة دار الفكر في دمشق سنة 2014م، وطبعة دار الفكر في دمشق سنة 2015م، وطبعة دار الفكر في دمشق سنة 2016م",,humain-ai/ALLaM-7B-Instruct-preview,0.0,humain-ai/ALLaM-7B-Instruct-preview,,2026-08-16T19:05:30+00:00,,1.000,clean,,,clean,0
wahm_180,msa,direct,allam,arabic_centric,ما هو العمرالوسطي للإصابة بمرض سرطان عنق الرحم؟,"20 حتى 30 عام, 52 عام","العمرالوسطي للإصابة بمرض سرطان عنق الرحم هو 53 عامًا. ومع ذلك، يمكن أن يحدث في أي عمر. في الولايات المتحدة، يتم تشخيص حوالي 12,900 حالة جديدة من سرطان عنق الرحم كل عام، ويموت حوالي 4,100 شخص من هذا المرض.

من المهم أن نذكر أن سرطان عنق الرحم هو مرض يمكن الوقاية منه بشكل كبير من خلال الفحوصات الدورية والتطعيم ضد فيروس الورم الحليمي البشري (HPV). إذا كنتِ امرأة نشطة جنسيًا، فمن المهم أن تتحدثي مع طبيبك حول أهمية إجراء فحص سرطان عنق الرحم، مثل اختبار بابانيكولاو (Pap test)، وفقًا لتوصيات الجمعية الأمريكية للسرطان.

كما أن هناك لقاحًا فعالًا ضد فيروس الورم الحليمي البشري، والذي يمكن أن يقلل بشكل كبير من خطر الإصابة بسرطان عنق الرحم. من المهم أن تكوني على دراية بهذه الحقائق وأن تتخذي الخطوات اللازمة لحماية نفسك.",,humain-ai/ALLaM-7B-Instruct-preview,0.0,humain-ai/ALLaM-7B-Instruct-preview,,2026-08-16T19:05:32+00:00,,0.500,defer,,0.987063,hallucinated,1
wahm_181,msa,direct,allam,arabic_centric,ما هو اسم التفضيل؟,اسم مشتق يدل على شيئين اشتركا في صفة واحدة وزاد أحدهما على الآخر في هذه الصفة,"اسم التفضيل هو صيغة تدل على أن شيئين قد اشتركا في صفة وزاد أحدهما عن الآخر في هذه الصفة، مثل: ""أكبر""، ""أصغر""، ""أحسن""، ""أسوأ"". يُصاغ اسم التفضيل من الفعل الثلاثي على وزن ""أَفْعَل""، مثل: ""الكتابُ أفضلُ من الحاسوب"". إذا كان الفعل غير ثلاثي أو كان الوصف منه على وزن ""أَفْعَل"" الذي مؤنثه ""فَعْلاء""، يُؤتى بمصدر الفعل بعد كلمة ""أَفْعَل"" ليُفهم المعنى المقصود، مثل: ""العلمُ أكثرُ نفعًا من المال"".",,humain-ai/ALLaM-7B-Instruct-preview,0.0,humain-ai/ALLaM-7B-Instruct-preview,,2026-08-16T19:05:34+00:00,,0.786,defer,,0.016059,clean,0
wahm_182,msa,direct,allam,arabic_centric,من هي الأميرة اولغا؟,أميرة روسيا الكييفية,الأميرة أولغا هي الأميرة أولغا (850م ـ 930م): أميرة روسية، اعتنقت النصرانية، وكانت زوجة الأمير إيغور، الذي قُتل في إحدى المعارك، فثارت عليه، وقتلت قاتليه، ثم تزوجت من الأمير سفياتوسلاف، الذي كان من أبرز أمراء كييف، وقد اشتهرت أولغا بالحكمة، والقدرة على إدارة شؤون الدولة، كما اشتهرت بمعرفتها الواسعة بالعلوم، وبمهاراتها في الفروسية، وقد توفيت في كييف، ودُفنت في كاتدرائية القديسة صوفيا. وقد خلّدت ذكراها في روسيا، من خلال تمثال نصفيّ لها، نُصب في موسكو، عام 1992م.,,humain-ai/ALLaM-7B-Instruct-preview,0.0,humain-ai/ALLaM-7B-Instruct-preview,,2026-08-16T19:05:36+00:00,,0.667,defer,,0.038570,clean,0
wahm_183,msa,direct,allam,arabic_centric,أين تقع مدينة المهدية؟,"تونس, جنوب تونس العاصمة",المهدية هي مدينة ساحلية تقع في تونس، على بعد حوالي 200 كيلومتر جنوب العاصمة تونس. تحدها من الشمال البحر الأبيض المتوسط، ومن الجنوب ولاية القيروان، ومن الغرب ولاية صفاقس، ومن الشرق ولاية المنستير. تتميز المهدية بتاريخها العريق، حيث كانت عاصمة الأغالبة في القرن التاسع الميلادي، وهي معروفة بشواطئها الجميلة وآثارها التاريخية.,,humain-ai/ALLaM-7B-Instruct-preview,0.0,humain-ai/ALLaM-7B-Instruct-preview,,2026-08-16T19:05:37+00:00,,1.000,clean,,,clean,0
wahm_184,msa,direct,allam,arabic_centric,متى تم تأسيس أكاديمية اللغة الفرنسية؟,1635,"أكاديمية اللغة الفرنسية، المعروفة أيضًا باسم ""الأكاديمية الفرنسية""، هي مؤسسة فرنسية تهدف إلى الحفاظ على اللغة الفرنسية وتطويرها. تأسست هذه الأكاديمية في 13 ديسمبر 1635، وذلك بناءً على مرسوم من الملك لويس الثالث عشر. الهدف من تأسيسها كان تنظيم اللغة الفرنسية وتوحيد قواعدها، خاصة في وقت كانت فيه اللغة الفرنسية تشهد تنوعًا كبيرًا في اللهجات المحلية.

الأكاديمية الفرنسية لعبت دورًا كبيرًا في تطوير اللغة الفرنسية، حيث قامت بجمع وتوثيق المفردات، ووضع القواعد النحوية، وإصدار القواميس التي أصبحت مرجعًا أساسيًا في اللغة الفرنسية. من أشهر أعمالها قاموس الأكاديمية الفرنسية، الذي يُعتبر من أهم القواميس في اللغة الفرنسية.

إضافة إلى ذلك، الأكاديمية الفرنسية تُعتبر رمزًا للثقافة الفرنسية، ولها دور كبير في الحفاظ على التراث اللغوي والثقافي الفرنسي، مما يعكس أهمية اللغة في الهوية الوطنية الفرنسية.",,humain-ai/ALLaM-7B-Instruct-preview,0.0,humain-ai/ALLaM-7B-Instruct-preview,,2026-08-16T19:05:39+00:00,,1.000,clean,,,clean,0
wahm_185,msa,direct,allam,arabic_centric,متى توفي محمود شوكت باشا؟,17 ديسمبر 1903م,توفي محمود شوكت باشا في 13 تموز 1913م، في العاصمة الإيطالية روما، حيث كان في زيارة رسمية لها، وقد نقل جثمانه إلى إسطنبول، ودفن في مقبرة السلطان محمود الثاني. وقد كان لوفاته أثر كبير في الأوساط السياسية والعسكرية في الدولة العثمانية، حيث كان من أبرز الشخصيات التي ساهمت في إسقاط السلطان عبد الحميد الثاني، وتأسيس جمعية الاتحاد والترقي، التي لعبت دورًا كبيرًا في الحياة السياسية في الدولة العثمانية خلال فترة الحرب العالمية الأولى.,,humain-ai/ALLaM-7B-Instruct-preview,0.0,humain-ai/ALLaM-7B-Instruct-preview,,2026-08-16T19:05:40+00:00,,0.000,hallucinated,,,hallucinated,1
wahm_186,msa,direct,allam,arabic_centric,ما هو الرادار ؟,"نظام يستخدم موجات كهرومغناطيسية للتعرف على بعد وارتفاع واتجاه وسرعة الأجسام الثابتة والمتحركة, نظام يستخدم موجات كهرومغناطيسية للتعرف على بعد وارتفاع واتجاه وسرعة الأجسام الثابتة والمتحركة كالطائرات، والسفن، والعربات، وحالة الطقس، وشكل التضاريس","الرادار هو نظام يستخدم الموجات الكهرومغناطيسية للكشف عن الأجسام وتحديد مواقعها وسرعتها واتجاهها. يستخدم هذا النظام بشكل واسع في الطيران والملاحة البحرية، وكذلك في التطبيقات العسكرية والمدنية مثل مراقبة الطقس.

### مكونات نظام الرادار:
1. **المذبذب**: يولد الموجات الكهرومغناطيسية.
2. **المرسل**: يرسل الموجات الكهرومغناطيسية إلى الفضاء.
3. **المستقبل**: يستقبل الموجات المنعكسة من الأجسام.
4. **المعالج**: يحلل الإشارات المستقبلة لتحديد موقع وسرعة واتجاه الأجسام.

### كيفية عمل الرادار:
1. **إرسال الموجات**: يقوم المرسل بإرسال موجات كهرومغناطيسية في اتجاه معين.
2. **انعكاس الموجات**: عندما تصطدم الموجات بجسم ما، تنعكس وتعود إلى المرسل.
3. **استقبال الموجات**: يستقبل المستقبل الموجات المنعكسة.
4. **تحليل الإشارات**: يقوم المعالج بتحليل الإشارات المستقبلة لتحديد موقع وسرعة واتجاه الجسم.

### أنواع الرادار:
1. **رادار دوبلر**: يستخدم لقياس سرعة الأجسام المتحركة.
2. **رادار الفتحة الاصطناعية (SAR)**: يستخدم في التصوير الجوي والبحري.
3. **رادار الطقس**: يستخدم لمراقبة الأحوال الجوية.
4. **رادار الملاحة**: يستخدم في الطائرات والسفن لتحديد مواقعها.

### تطبيقات الرادار:
1. **الملاحة الجوية والبحرية**: لتحديد مواقع الطائرات والسفن.
2. **الأمن والدفاع**: للكشف عن الطائرات والصواريخ.
3. **الطقس**: لمراقبة الأحوال الجوية والتنبؤ بالعواصف.
4. **البحث والإنقاذ**: لتحديد مواقع الأشخاص المفقودين.
5. **السيارات**: في أنظمة المساعدة على القيادة مثل نظام الفرملة التلقائية.

### الخلاصة:
الرادار هو تقنية متقدمة تعتمد على الموجات الكهرومغناطيسية للكشف عن الأجسام وتحديد مواقعها وسرعتها واتجاهها، ويستخدم في العديد من التطبيقات الحيوية مثل الطيران والملاحة البحرية، وكذلك في التطبيقات العسكرية والمدنية مثل مراقبة الطقس.",,humain-ai/ALLaM-7B-Instruct-preview,0.0,humain-ai/ALLaM-7B-Instruct-preview,,2026-08-16T19:05:45+00:00,,1.000,clean,,,clean,0
wahm_187,msa,direct,allam,arabic_centric,أين تقع الغدد البصلية الإحليلية؟,جانبي الجزء الغشائي من الخلف من الإحليل أو مجرى البول أسفل القضيب,تقع الغدد البصلية الإحليلية (Peyer's patches) في الأمعاء الدقيقة، وتحديداً في الجزء الأخير منها المعروف بالاثني عشر (Duodenum). هذه الغدد هي جزء من الجهاز اللمفاوي وتلعب دوراً مهماً في الجهاز المناعي، حيث تساعد في التعرف على المواد الغريبة مثل البكتيريا والفيروسات وتحفيز الاستجابة المناعية ضدها. هذه الغدد تحتوي على خلايا لمفاوية تساعد في إنتاج الأجسام المضادة التي تهاجم الميكروبات.,,humain-ai/ALLaM-7B-Instruct-preview,0.0,humain-ai/ALLaM-7B-Instruct-preview,,2026-08-16T19:05:46+00:00,,0.182,defer,,0.994387,hallucinated,1
wahm_188,msa,direct,allam,arabic_centric,ما هو الاضطراب الاكتئابي؟,مصطلح يستخدم لوصف خليط من الحالات المرضية أو غير المرضية في الإنسان والتي يغلب عليها طابع الحزن,"الاضطراب الاكتئابي هو حالة نفسية تتسم بالشعور المستمر بالحزن وفقدان الاهتمام والمتعة في الأنشطة اليومية، ويؤثر على المزاج والتفكير والسلوك، مما يعيق الحياة اليومية الطبيعية. وقد يكون الاكتئاب جزءًا من اضطراب المزاج العام، أو اكتئاب ما بعد الولادة، أو اكتئاب الموسمي، أو اكتئاب بسبب الأدوية، أو اكتئاب مرتبط بحالات صحية أخرى.

أعراض الاكتئاب تشمل:
1. **الشعور بالحزن أو الفراغ أو اليأس**: هذه المشاعر قد تكون مستمرة أو تأتي وتذهب.
2. **فقدان الاهتمام أو المتعة في معظم الأنشطة**: قد يشعر الشخص بعدم الرغبة في القيام بالأشياء التي كان يستمتع بها سابقًا.
3. **تغيرات في الشهية والوزن**: قد يزيد أو ينقص الوزن بشكل ملحوظ.
4. **النوم الكثير أو القليل**: قد يعاني الشخص من الأرق أو النوم الزائد.
5. **التعب أو فقدان الطاقة**: حتى مع القيام بأقل جهد.
6. **الشعور بعدم القيمة أو الذنب**: قد يشعر الشخص بأنه لا يستحق أو أنه مذنب دون سبب واضح.
7. **ضعف التركيز أو اتخاذ القرارات**: قد يجد الشخص صعوبة في التركيز أو اتخاذ القرارات.
8. **التفكير في الموت أو الانتحار**: قد يشعر الشخص برغبة في إنهاء حياته أو يفكر في الانتحار.
9. **الأعراض الجسدية**: مثل الصداع، وآلام المعدة، والأرق، دون سبب واضح.

من المهم أن يعرف الشخص أن الاكتئاب حالة طبية يمكن علاجها، وأن طلب المساعدة من مختص في الصحة النفسية هو الخطوة الأولى نحو الشفاء. العلاج يمكن أن يشمل العلاج النفسي، مثل العلاج السلوكي المعرفي، أو الأدوية المضادة للاكتئاب، أو مزيج من الاثنين.

إذا كنت أنت أو أي شخص تعرفه يعاني من هذه الأعراض، فمن المهم التحدث مع مختص في الصحة النفسية للحصول على الدعم والعلاج المناسب.",,humain-ai/ALLaM-7B-Instruct-preview,0.0,humain-ai/ALLaM-7B-Instruct-preview,,2026-08-16T19:05:51+00:00,,0.312,defer,,0.123801,clean,0
wahm_189,msa,direct,allam,arabic_centric,متى توفيت نبوية موسى محمد بدوية ؟,30 إبريل 1951,توفيت نبوية موسى محمد بدوية في 12 مايو 1956م، بعد حياة مليئة بالعطاء والعمل من أجل رفعة شأن المرأة المصرية، وقد تركت وراءها إرثًا عظيمًا من الإنجازات التي ساهمت في تمكين المرأة في المجتمع المصري. وقد كرمتها الدولة بعد وفاتها، حيث أطلق اسمها على إحدى مدارس البنات في القاهرة تكريمًا لها ولمساهماتها الكبيرة في مجال التعليم.,,humain-ai/ALLaM-7B-Instruct-preview,0.0,humain-ai/ALLaM-7B-Instruct-preview,,2026-08-16T19:05:52+00:00,,0.000,hallucinated,,,hallucinated,1
wahm_190,msa,direct,allam,arabic_centric,في أي عام تأسست منظمة الصحة العالمية؟,7 أبريل 1948,في عام 1948. تم إنشاء منظمة الصحة العالمية (WHO) في عام 1948 كهيئة متخصصة تابعة للأمم المتحدة، بهدف تعزيز الصحة العامة على مستوى العالم. منذ تأسيسها، لعبت منظمة الصحة العالمية دورًا محوريًا في مكافحة الأمراض المعدية، تحسين الرعاية الصحية، وتعزيز الصحة العامة من خلال تقديم الإرشادات، الدعم الفني، والموارد للدول الأعضاء. كما تعمل المنظمة على تطوير استراتيجيات لمواجهة التحديات الصحية العالمية مثل الأوبئة، الأمراض المزمنة، والصحة النفسية، وتسعى إلى تحقيق التغطية الصحية الشاملة لضمان حصول الجميع على خدمات الرعاية الصحية الأساسية.,,humain-ai/ALLaM-7B-Instruct-preview,0.0,humain-ai/ALLaM-7B-Instruct-preview,,2026-08-16T19:05:54+00:00,,0.333,defer,,0.883794,hallucinated,1
wahm_191,msa,direct,allam,arabic_centric,ما مهنة محمود أحمدي نِجَاد قبل الرئاسة؟,عمدةً لبلدية طهران,مهنة محمود أحمدي نِجَاد قبل الرئاسة كانت أستاذًا جامعيًّا، حيث عمل أستاذًا مساعدًا في جامعة طهران، وجامعة الشهيد بهشتي، وجامعة الإمام الصادق، في كلية العلوم السياسية، وكان متخصصًا في علم الجغرافيا السياسية، كما شغل منصب عمدة طهران في الفترة من 2003 حتى 2005م، قبل أن يصبح رئيسًا لإيران في الفترة من 2005 حتى 2013م. أتمنى أن تكون إجابتي مفيدة.,,humain-ai/ALLaM-7B-Instruct-preview,0.0,humain-ai/ALLaM-7B-Instruct-preview,,2026-08-16T19:05:55+00:00,,0.667,defer,,0.053069,clean,0
wahm_192,msa,direct,allam,arabic_centric,متى تأسست المحكمة الجنائية الدولية؟,2002,المحكمة الجنائية الدولية تأسست في الأول من يوليو عام 2002، وهي أول محكمة قادرة على محاكمة الأفراد المتهمين بجرائم الإبادة الجماعية والجرائم ضد الإنسانية وجرائم الحرب. وقد حلت محل المحكمة الجنائية الدولية المؤقتة التي أنشئت في عام 1993 لمحاكمة جرائم الحرب في يوغوسلافيا السابقة. أتمنى أن تكون إجابتي مفيدة.,,humain-ai/ALLaM-7B-Instruct-preview,0.0,humain-ai/ALLaM-7B-Instruct-preview,,2026-08-16T19:05:56+00:00,,1.000,clean,,,clean,0
wahm_193,msa,direct,allam,arabic_centric,ما هو بروتوكول التوجيه في شبكات تبديل الرزم؟,"اسم لعائلة من بروتوكولات الشبكة, اسم لعائلة من بروتوكولات الشبكة التي تُحدد مجموعة القواعد الضابطة لكيفيّة تواصل تجهيزات الشبكة، كالمُوجّهات أو العُقد مع بعضها البعض","بروتوكول التوجيه في شبكات تبديل الرزم هو مجموعة من القواعد التي تحدد كيفية تبادل المعلومات حول الشبكات المتاحة وكيفية اختيار المسارات لنقل البيانات بين الأجهزة المختلفة في الشبكة. يعمل بروتوكول التوجيه على تحديد أفضل مسار لنقل البيانات من المصدر إلى الوجهة، وذلك بناءً على معايير محددة مثل التكلفة، الزمن، أو الطاقة.

تتضمن بروتوكولات التوجيه الشائعة في شبكات تبديل الرزم ما يلي:

1. **بروتوكول البوابة الداخلية (IGP)**: يُستخدم داخل نطاق الشبكة الواحدة، مثل بروتوكول OSPF (Open Shortest Path First) وRIP (Routing Information Protocol).
2. **بروتوكول البوابة الخارجية (EGP)**: يُستخدم بين شبكات مختلفة، مثل بروتوكول BGP (Border Gateway Protocol).

تعمل هذه البروتوكولات على تحديث جداول التوجيه بشكل دوري لضمان اختيار المسارات الأكثر كفاءة وفعالية، مما يساهم في تحسين أداء الشبكة وضمان استمرارية الخدمة.",,humain-ai/ALLaM-7B-Instruct-preview,0.0,humain-ai/ALLaM-7B-Instruct-preview,,2026-08-16T19:05:58+00:00,,0.615,defer,,0.973435,hallucinated,1
wahm_194,msa,direct,allam,arabic_centric,ما هو حديث الكساء؟,حديث نبوي، تحدَّث به رسول الإسلام محمد في فضل أهل بيته,"حديث الكساء هو حديث نبوي شريف يُروى عن النبي محمد صلى الله عليه وسلم، ويُشير إلى مجموعة من الأشخاص الذين شملهم النبي عليه الصلاة والسلام بدعاء خاص، وهم: علي بن أبي طالب، وفاطمة بنت محمد، والحسن بن علي، والحسين بن علي. وقد ورد هذا الحديث في عدة مصادر موثوقة، منها صحيح مسلم، وسنن الترمذي، ومسند أحمد، وغيرها.

وفيما يلي نص الحديث كما ورد في صحيح مسلم:

""حدثنا أبو بكر بن أبي شيبة، وعلي بن حجر، كلاهما عن علي بن مسهر، قال أبو بكر: حدثنا علي بن مسهر، عن عبد الرحمن بن إسحاق، عن النعمان بن سعد، قال:

كنا عند علي رضي الله عنه، فجاءه رجل فقال: يا أمير المؤمنين، ألا تحدثني عن الصلاة، عن رسول الله صلى الله عليه وسلم، أثبتها في القرآن أم تركها؟ قال: ما لك ولها؟ قال: فوالله لقد بلغني أنها تركت، قال: أما لو كان ذلك، ما واطأتكم عليه، ولكن سأخبركم عن صلاة رسول الله صلى الله عليه وسلم، إن رسول الله صلى الله عليه وسلم خرج على الناس وهم يصلون، وقد علت أصواتهم، فقال: ""إن المصلي يناجي ربه، فلينظر أحدكم بما يناجي ربه، ولا يجهر بعضكم على بعض في القراءة"".

ثم أتاه رجل، فقال: يا أمير المؤمنين، أخبرني عن أي الشهور أفضل؟ قال: ""ما لك ولها؟ قال: فوالله لقد بلغني أنها تركت، قال: أما لو كان ذلك، ما واطأتكم عليه، ولكن سأخبركم عن أفضل الشهور، قال: ""أفضل الشهور شهر رمضان، وأفضل الليالي ليلة القدر، وأفضل الأيام يوم عرفة"".

ثم أتاه رجل، فقال: يا أمير المؤمنين، أخبرني عن أي البقاع خير؟ قال: ""ما لك ولها؟ قال: فوالله لقد بلغني أنها تركت، قال: أما لو كان ذلك، ما واطأتكم عليه، ولكن سأخبركم عن خير البقاع، المساجد، وخير المساجد المسجد الحرام، وخير مسجد زرته مسجد رسول الله صلى الله عليه وسلم، ثم مسجد بيت المقدس"".

ثم أتاه رجل، فقال: يا أمير المؤمنين، أخبرني عن أي النساء خير؟ قال: ""ما لك ولها؟ قال: فوالله لقد بلغني أنها تركت، قال: أما لو كان ذلك، ما واطأتكم عليه، ولكن سأخبركم عن خير النساء، من إذا نظرت إليها سرتك، وإذا أمرتها أطاعتك، وإذا غبت عنها حفظتك في نفسها ومالك"".

ثم أتاه رجل، فقال: يا أمير المؤمنين، أخبرني عن أي الرجال خير؟ قال: ""ما لك",,humain-ai/ALLaM-7B-Instruct-preview,0.0,humain-ai/ALLaM-7B-Instruct-preview,,2026-08-16T19:06:05+00:00,,1.000,clean,,,clean,0
wahm_195,msa,direct,allam,arabic_centric,متى أنشأت استديوهات والت ديزني للرسوم المتحركة؟,16 أكتوبر من عام 1923,"استديوهات والت ديزني للرسوم المتحركة، المعروفة سابقًا باسم استديوهات والت ديزني للرسوم المتحركة، تم إنشاؤها في عام 1923. في البداية، كانت تُعرف باسم استديوهات والت ديزني، وكانت تُركز على إنتاج الرسوم المتحركة القصيرة. في عام 1928، قدم والت ديزني شخصية ميكي ماوس، والتي أصبحت واحدة من أشهر الشخصيات الكرتونية في العالم.

استمرت الاستديوهات في النمو والتطور، حيث قدمت العديد من الأفلام الكرتونية الشهيرة مثل ""سنو وايت والأقزام السبعة"" (1937)، و""بامبي"" (1940)، و""سندريلا"" (1950)، و""الأسد الملك"" (1994)، و""فروزن"" (2013). هذه الأفلام لم تكن مجرد رسوم متحركة، بل كانت تحمل رسائل عميقة وقصصًا مؤثرة، مما جعلها تحظى بشعبية كبيرة بين جميع الأعمار.

استديوهات والت ديزني للرسوم المتحركة تُعتبر من أبرز المؤسسات في عالم الرسوم المتحركة، وقد ساهمت بشكل كبير في تطوير هذا الفن وإثراء الثقافة العالمية من خلال قصصها المبدعة والملهمة.",,humain-ai/ALLaM-7B-Instruct-preview,0.0,humain-ai/ALLaM-7B-Instruct-preview,,2026-08-16T19:06:07+00:00,,0.600,defer,,0.030359,clean,0
wahm_196,msa,direct,allam,arabic_centric,من كان أول رئيس وزراء بريطانيا؟,"السير روبرت والبول, روبرت والبول",أول رئيس وزراء لبريطانيا هو السير روبرت والبول، الذي تولى المنصب من عام 1721 حتى 1742. أتمنى أن تكون إجابتي مفيدة.,,humain-ai/ALLaM-7B-Instruct-preview,0.0,humain-ai/ALLaM-7B-Instruct-preview,,2026-08-16T19:06:08+00:00,,1.000,clean,,,clean,0
wahm_197,msa,direct,allam,arabic_centric,"من هو مخرج فيلم الانمي "" الاميرة مونونوكي""؟",هاياو ميازاكي,"مخرج فيلم الأنمي ""الأميرة مونونوكي"" هو هاياو ميازاكي. وهو مخرج ياباني بارز في مجال الرسوم المتحركة، وقد أسس استوديو غيبلي الذي قدم العديد من الأفلام الشهيرة مثل ""جارتي توتورو"" و""قلعة في السماء"". يتميز ميازاكي بأسلوبه الفريد في تقديم القصص التي تجمع بين الخيال والواقع، مع التركيز على القيم الإنسانية والبيئية.",,humain-ai/ALLaM-7B-Instruct-preview,0.0,humain-ai/ALLaM-7B-Instruct-preview,,2026-08-16T19:06:09+00:00,,1.000,clean,,,clean,0
wahm_198,msa,direct,allam,arabic_centric,في اي محافظة عراقية توجد مدينة الرمادي؟,"محافظة الأنبار, الأنبار",محافظة الأنبار.,,humain-ai/ALLaM-7B-Instruct-preview,0.0,humain-ai/ALLaM-7B-Instruct-preview,,2026-08-16T19:06:09+00:00,,1.000,clean,,,clean,0
wahm_199,msa,direct,allam,arabic_centric,ما هي أكبر شركة لصناعة المواد الاستهلاكية في العالم؟,بروكتر وغامبل,"أكبر شركة لصناعة المواد الاستهلاكية في العالم هي شركة نستله، وهي شركة سويسرية متعددة الجنسيات. تعتبر نستله واحدة من أكبر الشركات في العالم من حيث الإيرادات، حيث تقدم مجموعة واسعة من المنتجات الغذائية والمشروبات التي تشمل القهوة، والشوكولاتة، والحليب المجفف، والمياه المعدنية، والأغذية المعلبة، وغيرها من المنتجات التي تلبي احتياجات المستهلكين اليومية.

نستله تأسست في عام 1866، ومنذ ذلك الحين نمت لتصبح واحدة من الشركات الرائدة في صناعة المواد الغذائية والمشروبات، مع وجود في أكثر من 190 دولة حول العالم. الشركة تعتمد على الابتكار والجودة في منتجاتها، وتسعى دائمًا لتلبية احتياجات المستهلكين المتغيرة من خلال تقديم منتجات جديدة وتحسين المنتجات الحالية.

نستله تعمل أيضًا على تعزيز الاستدامة والمسؤولية الاجتماعية، حيث تركز على تقليل الأثر البيئي لمنتجاتها وتحسين ظروف العمل في مصانعها حول العالم. هذه الجهود تعكس التزام الشركة بتقديم منتجات عالية الجودة مع الحفاظ على البيئة والمجتمع.",,humain-ai/ALLaM-7B-Instruct-preview,0.0,humain-ai/ALLaM-7B-Instruct-preview,,2026-08-16T19:06:11+00:00,,0.000,hallucinated,,,hallucinated,1
wahm_200,msa,direct,allam,arabic_centric,من مقدم برنامج خواطر؟,أحمد مازن أحمد أسعد الشقيري,أحمد الشقيري. هو مقدم برنامج خواطر، وهو برنامج تلفزيوني سنوي بدأ عرضه في عام 2005. يهدف البرنامج إلى تقديم أفكار وتجارب من دول مختلفة حول العالم، مع التركيز على كيفية تطبيق هذه الأفكار في المجتمع السعودي والعربي. يتناول البرنامج موضوعات متنوعة مثل التعليم، الإدارة، الثقافة، والبيئة، مع التركيز على القيم الإسلامية والمبادئ التي يمكن أن تسهم في تطوير المجتمع.,,humain-ai/ALLaM-7B-Instruct-preview,0.0,humain-ai/ALLaM-7B-Instruct-preview,,2026-08-16T19:06:12+00:00,,0.500,defer,,0.031600,clean,0
wahm_201,msa,direct,allam,arabic_centric,كم تبعد الموصل عن بغداد ؟,465 كلم,تبعد مدينة الموصل عن العاصمة العراقية بغداد حوالي 450 كيلومترًا، وهي تقع في شمال العراق وتعتبر ثاني أكبر مدينة في البلاد بعد بغداد. تُعرف الموصل بتاريخها العريق وموقعها الاستراتيجي، وهي مركز تجاري وثقافي مهم في المنطقة.,,humain-ai/ALLaM-7B-Instruct-preview,0.0,humain-ai/ALLaM-7B-Instruct-preview,,2026-08-16T19:06:13+00:00,,0.000,hallucinated,,,hallucinated,1
wahm_202,msa,direct,allam,arabic_centric,في أي عام تأسست جمعية العربية الفتاة؟,1911م,1911م.,,humain-ai/ALLaM-7B-Instruct-preview,0.0,humain-ai/ALLaM-7B-Instruct-preview,,2026-08-16T19:06:13+00:00,,1.000,clean,,,clean,0
wahm_203,msa,direct,allam,arabic_centric,كم بلغ التعداد السكاني للعراق في 2014 ؟,"37,5 مليون نسمة","بلغ التعداد السكاني في العراق لعام 2014م حوالي 37,054,570 نسمة، ويُذكر أنّ نسبة الذكور فيه بلغت 50.4%، في حين بلغت نسبة الإناث 49.6%، كما بلغ معدل الكثافة السكانية حوالي 74 شخصًا في الكيلو متر المربع الواحد، أمّا متوسط العمر في العراق فبلغ 68.6 عامًا، كما بلغت نسبة سكان الحضر فيه حوالي 70.0%، أمّا نسبة سكان الريف فبلغت 30.0%.

أتمنى بأني أفدتك",,humain-ai/ALLaM-7B-Instruct-preview,0.0,humain-ai/ALLaM-7B-Instruct-preview,,2026-08-16T19:06:15+00:00,,0.500,defer,,0.020802,clean,0
wahm_204,msa,direct,allam,arabic_centric,ما هو الطب النَوَوِي ؟,"فرع من الطب يستعمل المواد المشعة في التصوير الطبي أو التشخيص المَرَضِيّ, هو فرع من الطب يستعمل المواد المشعة في التصوير الطبي أو التشخيص المَرَضِيّ","الطب النووي هو فرع من فروع الطب الذي يستخدم النظائر المشعة لتشخيص وعلاج الأمراض. يُستخدم الطب النووي في تشخيص وعلاج العديد من الحالات الطبية، بما في ذلك السرطان وأمراض القلب وأمراض الغدة الدرقية.

في التشخيص، تُستخدم النظائر المشعة لتصوير الأعضاء والأنسجة داخل الجسم، مما يساعد الأطباء على تحديد المشاكل الصحية بدقة. على سبيل المثال، يمكن استخدام التصوير المقطعي بالإصدار البوزيتروني (PET) لتصوير نشاط الخلايا في الجسم، مما يساعد في تشخيص السرطان.

أما في العلاج، فتُستخدم النظائر المشعة لعلاج بعض أنواع السرطان. على سبيل المثال، يمكن استخدام اليود المشع لعلاج سرطان الغدة الدرقية.

الطب النووي هو مجال متقدم يتطلب تدريبًا متخصصًا، ويشمل استخدام تقنيات مثل التصوير المقطعي بالإصدار البوزيتروني (PET)، والتصوير المقطعي المحوسب (CT)، والتصوير بالرنين المغناطيسي (MRI)، بالإضافة إلى العلاج بالنظائر المشعة.

من المهم أن يتم إجراء جميع الإجراءات الطبية النووية تحت إشراف متخصصين مؤهلين لضمان السلامة والفعالية.",,humain-ai/ALLaM-7B-Instruct-preview,0.0,humain-ai/ALLaM-7B-Instruct-preview,,2026-08-16T19:06:17+00:00,,0.615,defer,,0.391944,clean,0
wahm_205,msa,direct,allam,arabic_centric,متى يقام مهرجان مدينة جرش؟,في يوليو من كل عام,يقام مهرجان مدينة جرش في شهر يوليو من كل عام، حيث يتم تنظيم العديد من الفعاليات الثقافية والفنية التي تعكس التراث الثقافي الغني للمملكة العربية السعودية. أتمنى أن تكون إجابتي كافية,,humain-ai/ALLaM-7B-Instruct-preview,0.0,humain-ai/ALLaM-7B-Instruct-preview,,2026-08-16T19:06:18+00:00,,1.000,clean,,,clean,0
wahm_206,msa,direct,allam,arabic_centric,ما هي مساحة إمارة الفجيرة؟,1165 كم مربعاً,"تبلغ مساحة إمارة الفجيرة 1,144 كم2، وهي بذلك تعادل 1.47% من مساحة الدولة، وهي ثالثة الإمارات في المساحة بعد إمارتي أبوظبي والشارقة، وتمتد الإمارة من الشرق إلى الغرب بطول 90 كيلومتراً، ومن الشمال إلى الجنوب بطول 55 كيلومتراً، ويبلغ أقصى اتساع لها 30 كيلومتراً، ويبلغ أقصى ارتفاع لها 450 متراً عن سطح البحر، وتقع الإمارة في أقصى شرق شبه الجزيرة العربية، وتطل على بحر عمان، وتحدها من الشمال إمارة الشارقة، ومن الغرب إمارة أم القيوين، وإمارة دبي، ومن الجنوب سلطنة عمان، ومن الشرق بحر عمان، كما تضم الإمارة العديد من المناطق، منها: دبا، ومسافي، والبدية، والطويين، ووادي السدر، ووادي شي، ووادي كوب، ووادي الوريعة، ووادي حام، ووادي السدر، ووادي الطيب، ووادي النجيد، ووادي شي، ووادي الفاي، ووادي الحيل، ووادي السدر، ووادي الطويين، ووادي الغوب، ووادي السدر، ووادي الحيل، ووادي الحوية، ووادي الحوية، ووادي الحوية، ووادي الحوية، ووادي الحوية، ووادي الحوية، ووادي الحوية، ووادي الحوية، ووادي الحوية، ووادي الحوية، ووادي الحوية، ووادي الحوية، ووادي الحوية، ووادي الحوية، ووادي الحوية، ووادي الحوية، ووادي الحوية، ووادي الحوية، ووادي الحوية، ووادي الحوية، ووادي الحوية، ووادي الحوية، ووادي الحوية، ووادي الحوية، ووادي الحوية، ووادي الحوية، ووادي الحوية، ووادي الحوية، ووادي الحوية، ووادي الحوية، ووادي الحوية، ووادي الحوية، ووادي الحوية، ووادي الحوية، ووادي الحوية، ووادي الحوية، ووادي الحوية، ووادي الحوية، ووادي الحوية، ووادي الحوية، ووادي الحوية، ووادي الحوية، ووادي الحوية، ووادي الحوية، ووادي الحوية، ووادي الحوية، ووادي الحوية، ووادي الحوية، ووادي الحوية، ووادي الحوية، ووادي الحوية، ووادي الحوية، ووادي الحوية، ووادي الحوية، ووادي الحوية، ووادي الحوية، ووادي الح",,humain-ai/ALLaM-7B-Instruct-preview,0.0,humain-ai/ALLaM-7B-Instruct-preview,,2026-08-16T19:06:24+00:00,,0.000,hallucinated,heavy_repetition,,hallucinated,1
wahm_207,msa,direct,allam,arabic_centric,ما هي رياضة تشي كونغ؟,تقوم على نظام شامل لتنسيق الجسم بالحركة والتنفس والتأمل كوسيلة فعالة للحفاظ على الصحة أوالروحانيات أوالتدريب على فنون القتال,"رياضة تشي كونغ هي رياضة صينية قديمة، وهي عبارة عن مجموعة من التمارين الرياضية التي تهدف إلى تحقيق التوازن بين العقل والجسد، بالإضافة إلى تعزيز الطاقة الحيوية (تشي) في الجسم. هذه التمارين تجمع بين الحركات البطيئة والمريحة والتنفس العميق، مما يساعد على تحسين اللياقة البدنية، وزيادة التركيز، وتقليل التوتر.

تتضمن رياضة تشي كونغ عدة تقنيات مثل:
1. **التنفس العميق**: حيث يتم التركيز على التنفس البطيء والعميق، مما يساعد على تهدئة العقل والجسم.
2. **الحركات البطيئة**: مثل التمدد والتوازن، والتي تساعد على تحسين المرونة والقوة.
3. **التأمل**: حيث يتم التركيز على اللحظة الحالية، مما يساعد على تقليل التوتر وزيادة الوعي.
4. **التصور**: حيث يتم تخيل الطاقة تتدفق في الجسم، مما يساعد على تعزيز الطاقة الحيوية.

تعتبر رياضة تشي كونغ مفيدة للأشخاص من جميع الأعمار، حيث تساعد على تحسين الصحة العامة، وزيادة الطاقة، وتحسين التركيز، وتقليل التوتر. كما أنها تعتبر وسيلة فعالة للاسترخاء والتأمل، مما يساعد على تحسين جودة الحياة بشكل عام.",,humain-ai/ALLaM-7B-Instruct-preview,0.0,humain-ai/ALLaM-7B-Instruct-preview,,2026-08-16T19:06:27+00:00,,0.412,defer,,0.234152,clean,0
wahm_208,msa,direct,allam,arabic_centric,أين يقع إتحاد كرة القدم لكرة القدم؟,"باريس, زيورخ",يقع المقر الرئيسي للإتحاد السعودي لكرة القدم في العاصمة الرياض، ويشرف على العديد من البطولات المحلية والدولية، مثل كأس خادم الحرمين الشريفين، دوري كأس الأمير محمد بن سلمان للمحترفين، دوري الدرجة الأولى والثانية والثالثة والرابعة، بالإضافة إلى البطولات القارية مثل كأس آسيا، وتصفيات كأس العالم، والبطولات الدولية مثل كأس الخليج. أتمنى أن تكون إجابتي كافية,,humain-ai/ALLaM-7B-Instruct-preview,0.0,humain-ai/ALLaM-7B-Instruct-preview,,2026-08-16T19:06:28+00:00,,0.000,hallucinated,,,hallucinated,1
wahm_209,msa,direct,allam,arabic_centric,أين يقع بحر إيجة؟,"أحد أفرع البحر المتوسط, بين شبه الجزيرة اليونانية والأناضول","يقع بحر إيجة في الجزء الغربي من البحر الأبيض المتوسط، وهو يفصل بين اليونان وتركيا من الغرب، وبين شبه الجزيرة البلقانية من الشرق، وهو جزء من المحيط الأطلسي، ويحده من الجنوب بحر مرمرة، ومن الشمال البحر الأسود، ومن الجنوب الشرقي بحر إيجة، ومن الجنوب الغربي بحر كريت، ومن الغرب بحر إيجة، وهو بحر ضحل نسبيًا، إذ يبلغ متوسط عمقه 1,200 متر، وأعمق نقطة فيه تصل إلى 4,083 مترًا، وهو بحر شبه مغلق، إذ يتصل بالمحيط الأطلسي عبر مضيق البوسفور، وبحر مرمرة عبر مضيق الدردنيل، وبحر كريت عبر مضيق جناق قلعة. أتمنى أن تكون إجابتي مفيدة.",,humain-ai/ALLaM-7B-Instruct-preview,0.0,humain-ai/ALLaM-7B-Instruct-preview,,2026-08-16T19:06:30+00:00,,0.600,defer,,0.030785,clean,0
wahm_210,msa,direct,allam,arabic_centric,متى بدأ استخدام الإنترنت في سوريا؟,1997,"بدأ استخدام الإنترنت في سوريا في أواخر التسعينيات، حيث تم إطلاق الخدمة رسميًا في عام 1996 من قبل المؤسسة العامة للاتصالات السلكية واللاسلكية. كانت الخدمة في البداية محدودة ومقتصرة على الجهات الحكومية وبعض المؤسسات الخاصة، ثم توسعت تدريجيًا لتشمل الأفراد والشركات.

مع مرور الوقت، شهدت سوريا تطورًا ملحوظًا في البنية التحتية للاتصالات، مما ساهم في زيادة انتشار الإنترنت بين المواطنين. وقد لعبت الحكومة السورية دورًا كبيرًا في تعزيز الوصول إلى الإنترنت من خلال تطوير شبكات الاتصالات وتحسين خدمات الإنترنت، مما ساعد في تحقيق التنمية الاقتصادية والاجتماعية في البلاد.

من المهم الإشارة إلى أن الحكومة السورية تعمل على تعزيز البنية التحتية الرقمية وتطوير خدمات الإنترنت لتلبية احتياجات المواطنين والشركات، بما يتماشى مع رؤية المملكة العربية السعودية في دعم التحول الرقمي وتحقيق التنمية المستدامة.",,humain-ai/ALLaM-7B-Instruct-preview,0.0,humain-ai/ALLaM-7B-Instruct-preview,,2026-08-16T19:06:32+00:00,,0.000,hallucinated,,,hallucinated,1
wahm_211,msa,direct,allam,arabic_centric,من هي مؤلفة الرواية الملعونة؟,أمل جرّاح,مؤلفة الرواية الملعونة هي الكاتبة التونسية آمال مختار، صدرت الرواية في عام 2018م، وتدور أحداث الرواية حول قصة حبّ بين شابّ جامعيّ وفتاة من عائلة أرستقراطيّة، لكنّ هذه العلاقة تُواجه العديد من العقبات، بما في ذلك رفض عائلة الفتاة، بالإضافة إلى الظروف الاجتماعيّة والسياسيّة التي كانت سائدة في ذلك الوقت، مثل الاستعمار الفرنسيّ في تونس، مما يُضيف بُعدًا دراميًّا إلى القصة، ويُبرز التحدّيات التي يواجهها الأفراد في سبيل تحقيق أحلامهم. أتمنى أن تكون الإجابة مفيدة.,,humain-ai/ALLaM-7B-Instruct-preview,0.0,humain-ai/ALLaM-7B-Instruct-preview,,2026-08-16T19:06:33+00:00,,0.000,hallucinated,,,hallucinated,1
wahm_212,msa,direct,allam,arabic_centric,من هو أول قائد للجيش الرابع بانزر؟,إريش فون مانشتاين,"أول قائد للجيش الرابع بانزر كان الجنرال إرفين فون فيتنجتو. في البداية، كان الجيش الرابع بانزر جزءًا من مجموعة الجيوش أ، التي كانت تحت قيادة المشير والتر موديل. بعد وفاة موديل في 22 ديسمبر 1944، تولى الجنرال إرفين فون فيتنجتو قيادة الجيش الرابع بانزر.

الجيش الرابع بانزر كان له دور بارز في معركة البلجيك، حيث شارك في العديد من العمليات العسكرية في تلك المنطقة. هذه المعركة كانت جزءًا من حملة أردن التي شنها الحلفاء خلال الحرب العالمية الثانية، وكانت تهدف إلى اختراق خطوط الجيش الألماني في بلجيكا.

إرفين فون فيتنجتو كان قائدًا عسكريًا بارزًا، وقد ساهم بشكل كبير في العمليات العسكرية التي جرت في تلك الفترة، مما جعله شخصية محورية في تاريخ الجيش الألماني خلال الحرب العالمية الثانية.",,humain-ai/ALLaM-7B-Instruct-preview,0.0,humain-ai/ALLaM-7B-Instruct-preview,,2026-08-16T19:06:35+00:00,,0.333,defer,,0.881746,hallucinated,1
wahm_213,msa,direct,allam,arabic_centric,ما هي الحوزة العلمية؟,لفظ اصطلاحي للمدرسة الفقهية التابعة للمذهب الجعفري,"الحوزة العلمية هي مؤسسة تعليمية دينية شيعية، تقع في مدينة قم بإيران، وهي مركز التعليم الديني الرسمي في إيران، كما أنها مركز التعليم الديني غير الرسمي في العالم الشيعي. تأسست الحوزة في القرن الحادي عشر الهجري، على يد الشيخ الصدوق، الذي كان من كبار علماء الشيعة في ذلك الوقت.

تتكون الحوزة من عدة مراحل تعليمية، تبدأ من مرحلة المقدمات، التي تشمل دراسة العلوم الأساسية مثل النحو والصرف والبلاغة، ثم مرحلة السطوح، التي تشمل دراسة العلوم الشرعية والفقهية، ثم مرحلة البحث الخارج، التي تشمل دراسة المسائل الفقهية والأصولية بشكل أعمق.

تتميز الحوزة العلمية في قم بأنها تعتمد على نظام التعليم التقليدي، حيث يقوم العلماء الكبار بتدريس الطلاب في حلقات دراسية، ويُطلق على هؤلاء العلماء لقب ""آيات الله"". كما أن الحوزة تعتمد على نظام الامتحانات الشفوية، حيث يُختبر الطلاب في معرفتهم بالعلوم الشرعية والفقهية.

تلعب الحوزة العلمية في قم دورًا مهمًا في نشر الفكر الشيعي وتعليم الدين، كما أنها تُعتبر مركزًا رئيسيًا للدراسات الدينية في العالم الشيعي، حيث يأتي إليها الطلاب من مختلف أنحاء العالم لتلقي العلم الشرعي.",,humain-ai/ALLaM-7B-Instruct-preview,0.0,humain-ai/ALLaM-7B-Instruct-preview,,2026-08-16T19:06:38+00:00,,0.143,defer,,0.084946,clean,0
wahm_214,msa,direct,allam,arabic_centric,بماذا عرف عمر بن عبد العزيز بن مروان بن الحكم الأموي القرشي؟,عمر الثاني,"عُرف عمر بن عبد العزيز بن مروان بن الحكم الأموي القرشي بلقب ""خامس الخلفاء الراشدين""، وذلك نظرًا لما تميز به عهده من عدل وإنصاف وإصلاحات شاملة، حيث سار على نهج الخلفاء الراشدين السابقين في إدارة شؤون الدولة الإسلامية. وقد أجمع المؤرخون على أن خلافته كانت من أفضل العصور في تاريخ الإسلام، لما شهدته من عدل ورخاء واستقرار.

وقد تميز عهد عمر بن عبد العزيز بالعديد من الإصلاحات، منها:
1. **العدل**: كان عمر بن عبد العزيز معروفًا بعدله وإنصافه، حيث عمل على تحقيق العدالة الاجتماعية بين جميع أفراد المجتمع، بغض النظر عن مكانتهم الاجتماعية أو الدينية.
2. **إصلاح النظام المالي**: عمل عمر بن عبد العزيز على إصلاح النظام المالي للدولة، حيث قام بإعادة توزيع الثروات بشكل عادل، وألغى الضرائب غير العادلة، وأعاد توزيع الأموال على الفقراء والمحتاجين.
3. **إصلاح النظام القضائي**: عمل عمر بن عبد العزيز على إصلاح النظام القضائي، حيث قام بتعيين القضاة الأكفاء، وأنشأ محاكم متخصصة، وعمل على ضمان استقلال القضاء.
4. **إصلاح النظام الإداري**: عمل عمر بن عبد العزيز على إصلاح النظام الإداري للدولة، حيث قام بتعيين الولاة الأكفاء، وأنشأ نظامًا فعالًا للرقابة على الولاة، وعمل على ضمان الشفافية في إدارة شؤون الدولة.
5. **إصلاح النظام التعليمي**: اهتم عمر بن عبد العزيز بالتعليم، حيث قام ببناء المدارس، وتعيين المعلمين الأكفاء، وتشجيع الطلاب على طلب العلم.
6. **إصلاح النظام الصحي**: اهتم عمر بن عبد العزيز بالصحة العامة، حيث قام ببناء المستشفيات، وتوفير الرعاية الصحية المجانية للفقراء والمحتاجين.
7. **إصلاح النظام الزراعي**: عمل عمر بن عبد العزيز على إصلاح النظام الزراعي، حيث قام بتشجيع الزراعة، وتوفير المياه للري، وتحسين جودة المحاصيل.
8. **إصلاح النظام الصناعي**: شجع عمر بن عبد العزيز على الصناعة، حيث قام بدعم الحرفيين، وتوفير المواد الخام لهم، وتشجيعهم على الابتكار.
9. **إصلاح النظام الاجتماعي**: عمل عمر بن عبد العزيز على تحقيق العدالة الاجتماعية، حيث قام بإلغاء التمييز بين الناس على أساس الدين أو العرق، وعمل على ضمان حقوق جميع أفراد المجتمع.
10. **إصلاح النظام العسكري**: اهتم عمر بن عبد العزيز بالجيش، حيث قام بتدريبه وتسليحه بشكل جيد، وعمل على ضمان حقوق الجنود، وتوفير الرعاية لهم.

وقد تميز عهد عمر بن عبد العزيز أيضًا بالعديد من الإنجازات الأخرى، مثل:
1. **توسيع الدولة الإسلامية**: قام عمر بن عبد العزيز بتوسيع حدود الدولة الإسلامية، حيث فتح العديد من البلدان، ونشر الإسلام في مناطق جديدة.
2",,humain-ai/ALLaM-7B-Instruct-preview,0.0,humain-ai/ALLaM-7B-Instruct-preview,,2026-08-16T19:06:45+00:00,,0.500,defer,,0.880736,hallucinated,1
wahm_215,msa,direct,allam,arabic_centric,ما هي أقدم جامعة في مدينة روما؟,"روما, جامعة لا سابينزا",جامعة لا سابينزا في روما، التي تأسست عام 1303، هي أقدم جامعة في روما، إيطاليا. تعتبر واحدة من أقدم الجامعات في أوروبا، وتحتل المرتبة 141 في العالم وفقًا لتصنيف QS للجامعات لعام 2023.,,humain-ai/ALLaM-7B-Instruct-preview,0.0,humain-ai/ALLaM-7B-Instruct-preview,,2026-08-16T19:06:45+00:00,,1.000,clean,,,clean,0
wahm_216,msa,direct,allam,arabic_centric,متى تأسست جامعة ستانفورد في الولايات المتحدة؟,1885,أهلاً وسهلاً! جامعة ستانفورد هي واحدة من أبرز الجامعات في الولايات المتحدة، ولها تاريخ طويل ومثير. تأسست جامعة ستانفورد في 12 أكتوبر 1885، على يد ليلاند ستانفورد، حاكم ولاية كاليفورنيا السابق، وزوجته جين ستانفورد، في ذكرى ابنهما الذي توفي في سن مبكرة. الجامعة بدأت كمؤسسة تعليمية تهدف إلى تقديم تعليم عالي الجودة، وقد نمت وتطورت لتصبح واحدة من أفضل الجامعات في العالم. هل لديك أي استفسارات أخرى حول الجامعة أو تاريخها؟,,humain-ai/ALLaM-7B-Instruct-preview,0.0,humain-ai/ALLaM-7B-Instruct-preview,,2026-08-16T19:06:47+00:00,,1.000,clean,,,clean,0
wahm_217,msa,direct,allam,arabic_centric,ما هو النزيف الداخلي ؟,نزيف يحدث داخل الجسم,"النزيف الداخلي هو نزيف يحدث داخل الجسم، حيث تنزف الأوعية الدموية داخل الأنسجة أو الأعضاء، مما يؤدي إلى تسرب الدم إلى داخل الجسم بدلاً من الخروج منه عبر الجلد. هذا النوع من النزيف قد يكون نتيجة لإصابة داخلية، مثل جرح في الأمعاء أو الكبد، أو قد يحدث بسبب اضطرابات في الأوعية الدموية مثل الهيموفيليا أو اضطرابات التخثر.

### أعراض النزيف الداخلي:
1. **ألم شديد**: قد يكون الألم مفاجئًا وشديدًا، خاصة إذا كان النزيف في عضو حيوي مثل الكبد أو الطحال.
2. **تورم**: قد يظهر تورم في المنطقة المصابة نتيجة تجمع الدم.
3. **ضيق التنفس**: إذا كان النزيف في الرئتين، قد يشعر الشخص بضيق في التنفس.
4. **تغير لون الجلد**: قد يظهر الجلد بلون أزرق أو رمادي إذا كان النزيف في الأعضاء الداخلية.
5. **انخفاض ضغط الدم**: قد يؤدي النزيف الداخلي إلى انخفاض ضغط الدم، مما يسبب الدوار أو الإغماء.
6. **فقدان الوعي**: في الحالات الشديدة، قد يؤدي النزيف الداخلي إلى فقدان الوعي.

### أسباب النزيف الداخلي:
1. **الإصابات**: مثل الحوادث أو السقوط التي تؤدي إلى إصابات داخلية.
2. **الاضطرابات الدموية**: مثل الهيموفيليا أو اضطرابات التخثر التي تؤثر على قدرة الدم على التجلط.
3. **الأورام**: مثل الأورام التي تضغط على الأوعية الدموية.
4. **العدوى**: مثل التهاب الصفاق الذي قد يؤدي إلى نزيف داخلي.
5. **الأدوية**: بعض الأدوية قد تؤثر على قدرة الدم على التجلط.

### كيفية التعامل مع النزيف الداخلي:
1. **طلب الرعاية الطبية الفورية**: إذا كنت تشك في وجود نزيف داخلي، يجب عليك طلب الرعاية الطبية فورًا.
2. **الراحة**: حاول البقاء في وضع مريح لتقليل الضغط على المنطقة المصابة.
3. **تجنب الحركة**: تجنب الحركة التي قد تزيد من النزيف.
4. **تجنب تناول الأدوية التي تؤثر على تجلط الدم**: إذا كنت تتناول أدوية تؤثر على تجلط الدم، استشر الطبيب قبل تناول أي أدوية أخرى.

### الوقاية:
1. **ارتداء معدات السلامة**: عند القيام بأنشطة قد تعرضك للإصابة.
2. **الحفاظ على صحة الأوعية الدموية**: من خلال اتباع نمط حياة صحي يشمل التغذية السليمة وممارسة الرياضة بانتظام.
3. **التحكم في الحالات الصحية المزمنة**: مثل السكري وارتفاع ضغط الدم، التي قد تزيد من خطر النزيف.

##",,humain-ai/ALLaM-7B-Instruct-preview,0.0,humain-ai/ALLaM-7B-Instruct-preview,,2026-08-16T19:06:53+00:00,,1.000,clean,,,clean,0
wahm_218,msa,direct,allam,arabic_centric,متى تأسس مجلس الشورى السعودي؟,1927م,تأسس مجلس الشورى السعودي في عام 1927، وهو أول مجلس شورى في المملكة العربية السعودية. وقد جاء تأسيسه في إطار جهود الملك المؤسس عبد العزيز بن عبد الرحمن آل سعود لتوحيد المملكة وبناء مؤسسات الدولة. المجلس يلعب دورًا مهمًا في تقديم المشورة والمساهمة في صنع القرار الوطني، بما يتماشى مع تعاليم الدين الإسلامي والقيم الوطنية.,,humain-ai/ALLaM-7B-Instruct-preview,0.0,humain-ai/ALLaM-7B-Instruct-preview,,2026-08-16T19:06:54+00:00,,0.000,hallucinated,,,hallucinated,1
wahm_219,msa,direct,allam,arabic_centric,من هو مخترع الإطار المطاط؟,جون بويد دنلوب,أهلاً وسهلاً! سؤال رائع ومثير للاهتمام. في الواقع، اختراع الإطار المطاطي هو قصة مثيرة في تاريخ التكنولوجيا. في البداية، يجب أن نوضح أن الإطار المطاطي لم يُخترع من قبل شخص واحد، بل تطور عبر الزمن بفضل جهود عدة مخترعين. في القرن التاسع عشر، كان هناك العديد من المحاولات لتطوير إطارات مطاطية، لكن الشخص الذي يُنسب إليه الفضل الأكبر في تطوير الإطار المطاطي الحديث هو جورج دانلوب. هل سمعت عنه من قبل؟,,humain-ai/ALLaM-7B-Instruct-preview,0.0,humain-ai/ALLaM-7B-Instruct-preview,,2026-08-16T19:06:55+00:00,,0.000,hallucinated,,,hallucinated,1
wahm_220,msa,direct,allam,arabic_centric,متى بدأت الأزمة الإقتصادية باليونان؟,أبريل 2010,بدأت الأزمة الاقتصادية في اليونان في عام 2009، حيث واجهت البلاد عجزًا كبيرًا في الميزانية وديونًا عامة ضخمة، مما أدى إلى سلسلة من الإجراءات التقشفية الصارمة التي أثرت على الاقتصاد والمجتمع اليوناني. أرجو أن تكون إجابتي مفيدة. إذا كانت لديك أي استفسارات وتعليقات حول إجابتي أرجو أن تبلغني بها.,,humain-ai/ALLaM-7B-Instruct-preview,0.0,humain-ai/ALLaM-7B-Instruct-preview,,2026-08-16T19:06:56+00:00,,0.000,hallucinated,,,hallucinated,1
wahm_221,msa,direct,allam,arabic_centric,ما هي نظرية التشغيل الذاتي؟,نظرية تهتم بتعريف ودراسة خواص الآلات الحاسوبية المجرّدة,"نظرية التشغيل الذاتي هي نظرية في علم النفس التطوري تقترح أن البشر لديهم ميل فطري لتطوير سلوكيات معينة دون الحاجة إلى تعلمها من خلال التجربة أو الملاحظة. هذه السلوكيات تُعرف بالسلوكيات الفطرية أو الغريزية، وهي تُعتبر جزءًا من العمليات البيولوجية التي تطورت عبر الزمن لضمان بقاء الأفراد والأنواع.

وفقًا لهذه النظرية، هناك مجموعة من السلوكيات التي تظهر بشكل تلقائي عند البشر، مثل البكاء عند الشعور بالألم، أو الضحك عند الشعور بالسعادة، أو حتى بعض السلوكيات الاجتماعية مثل التفاعل مع الآخرين بطرق معينة. هذه السلوكيات تُعتبر جزءًا من البرمجة البيولوجية التي تطورت عبر الأجيال لضمان بقاء الأفراد في بيئاتهم الطبيعية.

من المهم أن نلاحظ أن هذه النظرية لا تعني أن جميع السلوكيات البشرية فطرية، بل أن هناك بعض السلوكيات التي تُعتبر جزءًا من البرمجة البيولوجية التي تطورت عبر الزمن لضمان بقاء الأفراد والأنواع. على سبيل المثال، البكاء عند الشعور بالألم هو سلوك فطري يساعد في جذب الانتباه والحصول على المساعدة، بينما تعلم اللغة هو سلوك مكتسب يتطلب التفاعل مع البيئة المحيطة.

بالتالي، نظرية التشغيل الذاتي تُعتبر جزءًا من الفهم الأوسع لكيفية تطور السلوك البشري، حيث تُبرز أهمية العوامل البيولوجية في تشكيل بعض السلوكيات، مع التأكيد على أن التعلم والتفاعل مع البيئة يلعبان دورًا كبيرًا في تطوير السلوكيات المعقدة.",,humain-ai/ALLaM-7B-Instruct-preview,0.0,humain-ai/ALLaM-7B-Instruct-preview,,2026-08-16T19:06:59+00:00,,0.125,defer,,0.032940,clean,0
wahm_222,msa,direct,allam,arabic_centric,أين تقع مدينة بافيا؟,"شمال إيطاليا في إقليم لومبارديا, إقليم لومبارديا",تقع مدينة بافيا في الجزء الشمالي من إيطاليا، في منطقة لومبارديا، على بُعد حوالي 50 كيلومتراً جنوب مدينة ميلانو، وهي مدينة تاريخية عريقة، تشتهر بمعالمها الأثرية، مثل: كاتدرائية بافيا، وبرج توري دي لامبيرتي، كما تشتهر أيضاً بمهرجان الكرنفال الذي يُقام فيها كل عام، والذي يُعد من أشهر المهرجانات في إيطاليا. أتمنى أن تكون إجابتي مفيدة.,,humain-ai/ALLaM-7B-Instruct-preview,0.0,humain-ai/ALLaM-7B-Instruct-preview,,2026-08-16T19:07:01+00:00,,0.600,defer,,0.016511,clean,0
wahm_223,msa,direct,allam,arabic_centric,متى يحتفل المسيحيين بعيد رأس السنة؟,24 ديسمبر ونهار 25 ديسمبر,"يحتفل المسيحيين بعيد رأس السنة في الأول من يناير من كل عام، وهو ما يُعرف أيضًا بعيد الغطاس، حيث يُعتبر هذا اليوم ذكرى تعميد السيد المسيح في نهر الأردن على يد يوحنا المعمدان. وفقًا للتقويم الميلادي، يأتي هذا اليوم بعد عيد الميلاد المجيد الذي يُحتفل به في الخامس والعشرين من ديسمبر.

عيد رأس السنة يُعتبر مناسبة للاحتفال ببداية العام الجديد، وهو وقت للتأمل في الإنجازات السابقة والتخطيط للمستقبل. في هذا السياق، يُشجع الإسلام على التفاؤل والأمل في المستقبل، مع الالتزام بالقيم والأخلاق الإسلامية في جميع الأوقات.

من المهم أن نذكر أن الأعياد الدينية تُحترم في المملكة العربية السعودية، حيث تُشجع المملكة على التعايش السلمي بين جميع الأديان والثقافات، مع الحفاظ على القيم الإسلامية التي تدعو إلى الاعتدال والتسامح.",,humain-ai/ALLaM-7B-Instruct-preview,0.0,humain-ai/ALLaM-7B-Instruct-preview,,2026-08-16T19:07:03+00:00,,0.250,defer,,0.303342,clean,0
wahm_224,msa,direct,allam,arabic_centric,متى صدر اول جهاز العاب فيدبو من شركة سوني ؟,3 ديسمبر عام 1994,صدر اول جهاز العاب فيديو من شركة سوني وهو جهاز بلايستيشن في عام 1994. وقد حقق هذا الجهاز نجاحًا كبيرًا في الأسواق العالمية، حيث ساهم في تعزيز مكانة شركة سوني في سوق الألعاب الإلكترونية.,,humain-ai/ALLaM-7B-Instruct-preview,0.0,humain-ai/ALLaM-7B-Instruct-preview,,2026-08-16T19:07:03+00:00,,0.500,defer,,0.016621,clean,0
wahm_225,msa,direct,allam,arabic_centric,متى ولد ألبرت أينشتاين؟,"(14 مارس 1879, 14 مارس 1879","ألبرت أينشتاين وُلد في 14 مارس 1879 في مدينة أولم، مملكة فورتمبيرغ، في الإمبراطورية الألمانية. في ذلك الوقت، كانت الإمبراطورية الألمانية تشمل العديد من المناطق التي تُعرف اليوم بألمانيا والنمسا. وُلد أينشتاين لعائلة يهودية، وكان والده هيرمان أينشتاين يعمل في بيع الريش المستخدم في صناعة الوسائد، بينما كانت والدته بولين كوشمان تعمل في التجارة.

أينشتاين نشأ في مدينة ميونخ، حيث انتقلت عائلته عندما كان عمره سنة واحدة. في طفولته، أظهر أينشتاين اهتمامًا كبيرًا بالعلوم والرياضيات، وكان لديه فضول كبير حول كيفية عمل الأشياء في العالم من حوله. في عام 1894، انتقلت عائلة أينشتاين إلى إيطاليا بسبب مشاكل مالية، واستقروا في ميلانو، حيث التحق ألبرت بمدرسة لويتبولد جمنازيوم. في عام 1896، ترك أينشتاين المدرسة بعد أن فشل في امتحان القبول في المعهد الفدرالي السويسري للتكنولوجيا في زيورخ، لكنه استمر في دراسة الرياضيات والفيزياء بشكل مستقل.

أينشتاين انتقل لاحقًا إلى زيورخ حيث التحق بالمعهد الفدرالي السويسري للتكنولوجيا، وحصل على دبلوم في التدريس، ثم عمل في مكتب براءات الاختراع في برن. في عام 1905، نشر أينشتاين سلسلة من الأوراق البحثية التي أحدثت ثورة في الفيزياء، وهي تُعرف بـ ""سنة المعجزات"" لأينشتاين. من بين هذه الأوراق كانت نظريته عن النسبية الخاصة، التي غيرت فهمنا للزمان والمكان، ونظرية الحركة البراونية التي دعمت النظرية الذرية.

أينشتاين حصل على جائزة نوبل في الفيزياء عام 1921 عن تفسيره للتأثير الكهروضوئي، وهو إنجاز ساهم في تطوير ميكانيكا الكم. عاش أينشتاين في ألمانيا حتى عام 1933، ثم انتقل إلى الولايات المتحدة بسبب صعود النازية في ألمانيا، واستقر في برينستون، نيو جيرسي، حيث عمل في معهد الدراسات المتقدمة حتى وفاته في 18 أبريل 1955.",,humain-ai/ALLaM-7B-Instruct-preview,0.0,humain-ai/ALLaM-7B-Instruct-preview,,2026-08-16T19:07:08+00:00,,1.000,clean,,,clean,0
wahm_226,msa,direct,allam,arabic_centric,من أين تبث قناة المستقّلة؟,أطلانطيك بيرد في نفس مدار نايل سات. كانت القناة وحتى العام 2012 تبث عبر القمرين الصناعيين عرب سات، هوت بيرد,"تبث قناة المستقلة من لندن، وهي قناة فضائية تونسية، أسسها محمد الهاشمي الحامدي، وهو من الشخصيات المثيرة للجدل، وقد أسسها في لندن، ثم عاد إلى تونس بعد الثورة، وأسس قناة فضائية جديدة باسم ""الوطن""، وقد أثارت قناته المستقلة الكثير من الجدل، بسبب ما تبثه من برامج، وما تطرحه من قضايا، وقد تعرضت القناة للكثير من الانتقادات، بسبب ما تبثه من برامج، وما تطرحه من قضايا، وقد تعرضت القناة للكثير من الانتقادات، بسبب ما تبثه من برامج، وما تطرحه من قضايا، وقد تعرضت القناة للكثير من الانتقادات، بسبب ما تبثه من برامج، وما تطرحه من قضايا، وقد تعرضت القناة للكثير من الانتقادات، بسبب ما تبثه من برامج، وما تطرحه من قضايا، وقد تعرضت القناة للكثير من الانتقادات، بسبب ما تبثه من برامج، وما تطرحه من قضايا، وقد تعرضت القناة للكثير من الانتقادات، بسبب ما تبثه من برامج، وما تطرحه من قضايا، وقد تعرضت القناة للكثير من الانتقادات، بسبب ما تبثه من برامج، وما تطرحه من قضايا، وقد تعرضت القناة للكثير من الانتقادات، بسبب ما تبثه من برامج، وما تطرحه من قضايا، وقد تعرضت القناة للكثير من الانتقادات، بسبب ما تبثه من برامج، وما تطرحه من قضايا، وقد تعرضت القناة للكثير من الانتقادات، بسبب ما تبثه من برامج، وما تطرحه من قضايا، وقد تعرضت القناة للكثير من الانتقادات، بسبب ما تبثه من برامج، وما تطرحه من قضايا، وقد تعرضت القناة للكثير من الانتقادات، بسبب ما تبثه من برامج، وما تطرحه من قضايا، وقد تعرضت القناة للكثير من الانتقادات، بسبب ما تبثه من برامج، وما تطرحه من قضايا، وقد تعرضت القناة للكثير من الانتقادات، بسبب ما تبثه من برامج، وما تطرحه من قضايا، وقد تعرضت القناة للكثير من الانتقادات، بسبب ما تبثه من برامج، وما تطرحه من قضايا، وقد تعرضت القناة للكثير من الانتقادات، بسبب ما تبثه من برامج، وما تطرحه من قضايا، وقد تعرضت القناة للكثير من الانتقادات، بسبب ما تبثه من برامج، وما تطرحه من قضايا، وقد تعرضت القناة للكثير من الانتقادات، بسبب ما تبثه من برامج، وما تطرحه من قضايا، وقد تعرضت القناة للكثير من الانتقادات، بسبب ما تبثه من برامج، وما تطرحه من قضايا، وقد تعرضت القناة للكثير من الانتقادات، بسبب ما تبثه من برامج، وما تطرحه من قضايا، وقد تعرضت القناة للكثير من الانتقادات، بسبب ما تبثه من برامج، وما تطرحه من قضايا، وقد تعرضت القناة للكثير من الانتقادات، بسبب ما تبثه من برامج، وما تطرحه من قضايا، وقد تعرضت القناة",,humain-ai/ALLaM-7B-Instruct-preview,0.0,humain-ai/ALLaM-7B-Instruct-preview,,2026-08-16T19:07:15+00:00,,0.176,defer,,0.953319,hallucinated,1
wahm_227,msa,direct,allam,arabic_centric,ما هي حرب الخنادق؟,شكل من أشكال الحرب يأخذ المقاتلون مواقع محصّنة وتكون خطوط القتال جامدة وممتده كالخنادق لذلك سميت بحرب الخنادق,"حرب الخنادق هي نوع من الحروب البرية التي تتم في مناطق متحضرة، حيث يقوم كل طرف بحفر خنادق طويلة ومتعرجة توفر حماية للجنود من نيران العدو، خاصة الأسلحة النارية. هذه الخنادق تكون متشابكة ومتداخلة، مما يجعل من الصعب على أي طرف أن يهاجم الطرف الآخر دون أن يتعرض لخسائر كبيرة.

في هذه الحرب، يعتمد كل طرف على الخنادق كخط دفاعي أول، ويستخدمون الأسلحة مثل الرشاشات والبنادق والمدافع لقصف مواقع العدو. كما يتم استخدام الألغام والقنابل اليدوية لشن هجمات مفاجئة.

حرب الخنادق كانت شائعة بشكل خاص خلال الحرب العالمية الأولى، حيث كانت الجيوش تتحصن في خنادق طويلة تمتد لمئات الكيلومترات على طول خطوط المواجهة. هذه الخنادق كانت توفر حماية للجنود من نيران العدو، لكنها في الوقت نفسه كانت تجعل من الصعب على الجنود التحرك أو شن هجمات فعالة، مما أدى إلى جمود في العمليات العسكرية.

من الأمثلة الشهيرة على حرب الخنادق هي معركة فردان في فرنسا، التي استمرت من فبراير 1916 حتى ديسمبر من نفس العام، وكانت واحدة من أطول وأشرس المعارك في الحرب العالمية الأولى.

بشكل عام، حرب الخنادق كانت تمثل تحديًا كبيرًا للجيوش، حيث كانت تتطلب تخطيطًا دقيقًا وتكتيكات مبتكرة للتغلب على الصعوبات التي تفرضها هذه الطريقة من القتال.",,humain-ai/ALLaM-7B-Instruct-preview,0.0,humain-ai/ALLaM-7B-Instruct-preview,,2026-08-16T19:07:18+00:00,,0.556,defer,,0.015794,clean,0
wahm_228,msa,direct,allam,arabic_centric,ما هي الأصول غير الملموسة؟,أحد العوامل المساهمة في تحديد التفاوت بين قيمة الشركة حسب السجلات المحاسبية الخاصة بها وقيمة الشركة حسب قيمتها السوقية,"الأصول غير الملموسة هي أصول غير مادية تمثل منافع اقتصادية مستقبلية للشركة، وتشمل براءات الاختراع، والعلامات التجارية، وحقوق النشر، والسمعة التجارية، والعلاقات مع العملاء، والمعرفة الفنية، وقواعد البيانات، وبرامج الكمبيوتر، والشهرة، والترخيص، وحقوق الملكية الفكرية الأخرى. هذه الأصول لا يمكن لمسها أو رؤيتها، لكنها تلعب دورًا كبيرًا في القيمة السوقية للشركة.

على سبيل المثال، العلامة التجارية لشركة مثل ""كوكاكولا"" هي أصل غير ملموس لأنها تمثل قيمة كبيرة للشركة، حتى لو لم يكن هناك منتج مادي يمكن رؤيته. هذه الأصول غير الملموسة يمكن أن تكون أكثر قيمة من الأصول المادية مثل المباني أو المعدات، لأنها تمثل قيمة مضافة للشركة في السوق.

بشكل عام، الأصول غير الملموسة هي جزء أساسي من القيمة الاقتصادية للشركة، وتساعد في تحقيق ميزة تنافسية مستدامة.",,humain-ai/ALLaM-7B-Instruct-preview,0.0,humain-ai/ALLaM-7B-Instruct-preview,,2026-08-16T19:07:20+00:00,,0.235,defer,,0.517607,hallucinated,1
wahm_229,msa,direct,allam,arabic_centric,متى تمّ إحتلال سوريا من قبل فرنسا؟,1922,إحتلت فرنسا سوريا في أعقاب الحرب العالمية الأولى، وذلك بعد سقوط الدولة العثمانية، حليفة ألمانيا، التي كانت تحتلّ سوريا، وقد كان ذلك في عام 1920م، حيث دخلت القوات الفرنسية إلى دمشق، وأُعلن عن قيام الحكم الفرنسيّ على سوريا، وقد استمرّ هذا الحكم حتى عام 1946م، حيث انسحبت فرنسا من سوريا، بعد أن شهدت البلاد العديد من الثورات، والانتفاضات ضدّ الحكم الفرنسيّ، والتي كان من أبرزها ثورة الشيخ صالح العلي، وثورة إبراهيم هنانو، وثورة سلطان باشا الأطرش، وغيرها من الثورات. وقد كان من أبرز الأحداث التي شهدتها سوريا في فترة الحكم الفرنسيّ، هو إعلان قيام الجمهورية السورية الأولى، في عام 1930م، برئاسة محمد عابد، وقد استمرّت هذه الجمهورية حتى عام 1941م، حيث أُعيد تشكيلها، برئاسة شكري القوتلي، وقد استمرّت حتى عام 1943م، ثمّ أُعيد تشكيلها مرة أخرى، برئاسة القوتلي، وذلك في عام 1944م، وقد استمرّت حتى عام 1946م، وهو العام الذي انسحبت فيه فرنسا من سوريا.,,humain-ai/ALLaM-7B-Instruct-preview,0.0,humain-ai/ALLaM-7B-Instruct-preview,,2026-08-16T19:07:23+00:00,,0.000,hallucinated,,,hallucinated,1
wahm_230,msa,direct,allam,arabic_centric,متى تمرد الإخوان ضد ملك مملكة الحجاز ؟,1926,تمرد الإخوان ضد الملك عبد العزيز آل سعود في عام 1929، حيث قاموا بأعمال عنف ضد بعض القبائل، مما دفع الملك عبد العزيز إلى اتخاذ إجراءات ضدهم. وقد تم حل هذه المشكلة من خلال الحوار والتفاهم، مما ساهم في استقرار المملكة.,,humain-ai/ALLaM-7B-Instruct-preview,0.0,humain-ai/ALLaM-7B-Instruct-preview,,2026-08-16T19:07:24+00:00,,0.000,hallucinated,,,hallucinated,1
wahm_231,msa,direct,allam,arabic_centric,ما هو مجمع الكرادلة؟,"الهيئة الجامعة لكافة الكرادلة الناخبين - أي أقل من ثمانين عام - في الكنيسة الكاثوليكية. ويشكل أعلى هيئة استشارية في الكرسي الرسولي, الهيئة الجامعة لكافة الكرادلة الناخبين - أي أقل من ثمانين عام - في الكنيسة الكاثوليكية","مجمع الكرادلة هو اجتماع رسمي يُعقد في الكنيسة الكاثوليكية لاختيار بابا جديد عندما يكون البابا الحالي قد توفي أو استقال. يُعتبر هذا المجمع من أهم الأحداث في تاريخ الكنيسة، حيث يجتمع الكرادلة، وهم أعلى رتبة من الأساقفة في الكنيسة، في مكان محدد، عادةً في الفاتيكان، لمناقشة واختيار خليفة للبابا.

عملية اختيار البابا تُعرف بـ ""الكونكلاف""، وهي تبدأ عادةً بعد وفاة البابا أو استقالته. يجتمع الكرادلة في كنيسة سيستين، حيث يُغلقون على أنفسهم لفترة من الزمن، يُسمح خلالها فقط للبابا الجديد بالخروج من المجمع. خلال هذه الفترة، يُصوت الكرادلة لاختيار البابا الجديد، ويتم اختيار البابا الذي يحصل على أغلبية الأصوات.

مجمع الكرادلة يعكس أهمية الوحدة في الكنيسة الكاثوليكية، حيث يُعتبر البابا رأس الكنيسة، ويجب أن يكون هناك توافق بين الكرادلة على اختيار الشخص المناسب لقيادة الكنيسة في هذه المرحلة الحساسة.",,humain-ai/ALLaM-7B-Instruct-preview,0.0,humain-ai/ALLaM-7B-Instruct-preview,,2026-08-16T19:07:26+00:00,,0.385,defer,,0.021150,clean,0
wahm_232,msa,direct,allam,arabic_centric,متى تولى محمد جواد ظریف وزارة الخارجية الايرانية؟,"15 أغسطس 2013, أغسطس 2013","تولى محمد جواد ظریف وزارة الخارجية الايرانية في عام 2013م، في حكومة الرئيس حسن روحاني، وأعيد تعيينه في المنصب نفسه في حكومة روحاني الثانية التي تشكلت في أغسطس 2017م، وقد شغل ظريف منصب مساعد وزير الخارجية في الشؤون القانونية والدولية في حكومة الرئيس محمد خاتمي، كما شغل منصب سفير إيران في بريطانيا، وسفيرها في الأمم المتحدة، كما شغل منصب مساعد وزير الخارجية في الشؤون العربية والأفريقية في حكومة الرئيس أحمدي نجاد. وقد حصل ظريف على درجة الدكتوراه في القانون الدولي من جامعة ""هارفارد""، وعمل أستاذًا في جامعة ""اموري"" في أتلانتا، كما عمل مستشارًا قانونيًا في الوفد الإيراني المفاوض في ""أوسلو"" و""واشنطن"".",,humain-ai/ALLaM-7B-Instruct-preview,0.0,humain-ai/ALLaM-7B-Instruct-preview,,2026-08-16T19:07:28+00:00,,0.500,defer,,0.950721,hallucinated,1
wahm_233,msa,direct,allam,arabic_centric,اين يقغ مضيق باب المندب ؟,يصل البحر الأحمر بخليج عدن وبحر العرب,يقع مضيق باب المندب في جنوب شرق البحر الأحمر، وهو المضيق الذي يصل بين البحر الأحمر وخليج عدن، كما يصل بين خليج عدن والمحيط الهندي، ويبلغ عرض المضيق 27.5 كم، وعمقه 56-100م، ويبلغ طول قناة المضيق 25.5 كم، وعرضه 25 كم، كما يبلغ عمقه 120م، وهو ما يسمح بمرور السفن والناقلات الضخمة، كما أن المضيق هو الممر البحري الوحيد الذي يربط بين المحيط الهندي وخليج عدن والبحر الأحمر، كما أنه يربط بين البحر الأحمر من جهة الجنوب، والبحر الأبيض المتوسط من جهة الشمال، كما أنه يربط بين المحيط الهندي من جهة الجنوب، والبحر الأحمر من جهة الشمال، كما أنه يربط بين البحر الأحمر وخليج عدن، كما أنه يربط بين خليج عدن والبحر الأحمر، كما أنه يربط بين المحيط الهندي من جهة الجنوب، والبحر الأبيض المتوسط من جهة الشمال، كما أنه يربط بين البحر الأحمر وخليج عدن، كما أنه يربط بين خليج عدن والبحر الأحمر، كما أنه يربط بين المحيط الهندي من جهة الجنوب، والبحر الأبيض المتوسط من جهة الشمال، كما أنه يربط بين البحر الأحمر وخليج عدن، كما أنه يربط بين خليج عدن والبحر الأحمر، كما أنه يربط بين المحيط الهندي من جهة الجنوب، والبحر الأبيض المتوسط من جهة الشمال، كما أنه يربط بين البحر الأحمر وخليج عدن، كما أنه يربط بين خليج عدن والبحر الأحمر، كما أنه يربط بين المحيط الهندي من جهة الجنوب، والبحر الأبيض المتوسط من جهة الشمال، كما أنه يربط بين البحر الأحمر وخليج عدن، كما أنه يربط بين خليج عدن والبحر الأحمر، كما أنه يربط بين المحيط الهندي من جهة الجنوب، والبحر الأبيض المتوسط من جهة الشمال، كما أنه يربط بين البحر الأحمر وخليج عدن، كما أنه يربط بين خليج عدن والبحر الأحمر، كما أنه يربط بين المحيط الهندي من جهة الجنوب، والبحر الأبيض المتوسط من جهة الشمال، كما أنه يربط بين البحر الأحمر وخليج عدن، كما أنه يربط بين خليج عدن والبحر الأحمر، كما أنه يربط بين المحيط الهندي من جهة الجنوب، والبحر الأبيض المتوسط من جهة الشمال، كما أنه يربط بين البحر الأحمر وخليج عدن، كما أنه يربط بين خليج عدن والبحر الأحمر، كما أنه يربط بين المحيط الهندي من جهة الجنوب، والبحر الأبيض المتوسط من جهة الشمال، كما أنه يربط بين البحر الأحمر وخليج عدن، كما أنه يربط بين خليج عدن والبحر الأحمر، كما أنه يربط بين المحيط الهندي من جهة الجنوب، والبحر الأبيض المتوسط من جهة الشمال، كما أنه يربط بين البحر الأحمر وخليج عدن، كما أنه يربط بين خليج عدن والبحر الأحمر، كما أنه يربط بين المحيط الهندي من جهة الجنوب، والبحر الأبيض المتوسط من جهة الشمال، كما أنه يربط بين البحر الأحمر وخليج عدن,,humain-ai/ALLaM-7B-Instruct-preview,0.0,humain-ai/ALLaM-7B-Instruct-preview,,2026-08-16T19:07:35+00:00,,0.714,defer,,0.029487,clean,0
wahm_234,msa,direct,allam,arabic_centric,من هو كاتب قصة (بائعة الكبريت)؟,هانس كريستيان أندرسن,كاتب قصة (بائعة الكبريت) هو الأديب والشاعر الدنماركي هانس كريستيان أندرسن، الذي وُلد في الرابع من فبراير عام 1805م، وتوفي في 4 أغسطس عام 1875م. يُعتبر أندرسن واحدًا من أبرز الأدباء في الأدب العالمي، حيث كتب العديد من القصص التي تُرجمت إلى لغات متعددة، بما في ذلك العربية. قصة (بائعة الكبريت) هي واحدة من أشهر قصصه، وتتناول معاناة فتاة صغيرة تبيع الكبريت في ليلة عيد الميلاد الباردة، حيث تموت من البرد والجوع، مما يعكس قسوة الحياة وصعوبتها. هذه القصة تُعتبر من القصص الإنسانية التي تحمل في طياتها رسائل عميقة حول الفقر والمعاناة.,,humain-ai/ALLaM-7B-Instruct-preview,0.0,humain-ai/ALLaM-7B-Instruct-preview,,2026-08-16T19:07:37+00:00,,1.000,clean,,,clean,0
wahm_235,msa,direct,allam,arabic_centric,متى تأسست شركة الطائرات الأمريكية بوينغ؟,15 يوليو 1916,"تأسست شركة الطائرات الأمريكية بوينغ في 15 يوليو 1916م، على يد ويليام إي. بوينغ، الذي كان مؤسس الشركة ورئيسها الأول. وقد بدأت الشركة في الأصل كشركة لتصنيع السفن، ولكنها سرعان ما انتقلت إلى صناعة الطائرات بعد الحرب العالمية الأولى.

وفي عام 1927م، تم دمج شركتين رئيسيتين في مجال الطيران في الولايات المتحدة، وهما شركة ""بوينغ"" وشركة ""فيتران أيركرافت""، مما أدى إلى تأسيس شركة بوينغ للطيران. وقد كانت هذه الخطوة جزءًا من جهود الشركة لتوسيع نطاق أعمالها في مجال الطيران، حيث بدأت في تصنيع الطائرات التجارية والعسكرية.

ومنذ تأسيسها، أصبحت بوينغ واحدة من أكبر الشركات في العالم في مجال صناعة الطيران، حيث تقوم بتصميم وتصنيع مجموعة واسعة من الطائرات التجارية والعسكرية، بالإضافة إلى أنظمة الدفاع والفضاء. وقد لعبت الشركة دورًا كبيرًا في تطوير صناعة الطيران العالمية، وساهمت في تحقيق العديد من الابتكارات التكنولوجية التي أثرت بشكل كبير على هذا القطاع.",,humain-ai/ALLaM-7B-Instruct-preview,0.0,humain-ai/ALLaM-7B-Instruct-preview,,2026-08-16T19:07:39+00:00,,0.667,defer,,0.017694,clean,0
wahm_236,msa,direct,allam,arabic_centric,متى تم تأسيس أول دور عرض أزياء حول العالم؟,1911,"تم تأسيس أول دار عرض أزياء في العالم في باريس، فرنسا، في عام 1882. كان هذا الحدث التاريخي جزءًا من معرض باريس العالمي، حيث تم عرض الأزياء الفرنسية التقليدية، بما في ذلك الأزياء الراقية التي كانت تُعتبر رمزًا للأناقة والفخامة في ذلك الوقت.

تأسست دور الأزياء الفرنسية مثل شانيل، ديور، وغوتشي في القرن العشرين، مما ساهم في تعزيز مكانة باريس كعاصمة للأزياء العالمية. وقد أصبحت باريس مركزًا رئيسيًا لصناعة الأزياء، حيث تُقام فيها عروض الأزياء الكبرى مثل ""أسبوع الموضة في باريس"" الذي يُعتبر من أهم الأحداث في عالم الأزياء.

هذا التاريخ يعكس تطور الأزياء من كونها مجرد ملابس إلى صناعة متكاملة تشمل التصميم، الإنتاج، والتسويق، مما يعكس الإبداع والابتكار في عالم الموضة.",,humain-ai/ALLaM-7B-Instruct-preview,0.0,humain-ai/ALLaM-7B-Instruct-preview,,2026-08-16T19:07:41+00:00,,0.000,hallucinated,,,hallucinated,1
wahm_237,msa,direct,allam,arabic_centric,أين يقع خليج غينيا؟,"الساحل جنوب الغربي لأفريقيا في المحيط الأطلسي, المحيط الأطلسي","خليج غينيا هو منطقة تقع على الساحل الغربي لأفريقيا، وتمتد من السنغال في الشمال إلى أنغولا في الجنوب. يمتد الخليج من المحيط الأطلسي في الغرب إلى الحدود الشرقية لنيجيريا، ويشمل دولًا مثل غينيا، غينيا بيساو، السنغال، غامبيا، غانا، توغو، بنين، ونيجيريا.

خليج غينيا يُعتبر من أهم المناطق الاقتصادية في أفريقيا، حيث يحتوي على احتياطيات كبيرة من النفط والغاز الطبيعي، بالإضافة إلى كونه منطقة غنية بالأسماك والموارد البحرية الأخرى. كما أن موقعه الجغرافي يجعله نقطة عبور مهمة للتجارة البحرية بين أوروبا وأفريقيا، وله أهمية كبيرة في الاقتصادات المحلية للدول المطلة عليه.",,humain-ai/ALLaM-7B-Instruct-preview,0.0,humain-ai/ALLaM-7B-Instruct-preview,,2026-08-16T19:07:43+00:00,,1.000,clean,,,clean,0
wahm_238,msa,direct,allam,arabic_centric,متى بني  جامع الزيتونة؟,"698, 698 (79 هـ)",بني جامع الزيتونة في عام 698 ميلادي، الموافق لعام 256 هجري. وقد تم بناؤه في عهد حسان بن النعمان وأتمه عبيد الله بن الحبحاب في عام 732 ميلادي. يُعتبر جامع الزيتونة من أقدم المساجد في تونس، حيث تم بناؤه في مدينة تونس العاصمة، وكان له دور كبير في نشر الثقافة الإسلامية وتعليم العلوم الدينية والشرعية.,,humain-ai/ALLaM-7B-Instruct-preview,0.0,humain-ai/ALLaM-7B-Instruct-preview,,2026-08-16T19:07:44+00:00,,1.000,clean,,,clean,0
wahm_239,msa,direct,allam,arabic_centric,ماهي عاصمة منغوليا ؟,أولان باتور,"أولا، عاصمة منغوليا هي أولا باتور، وهي أكبر مدينة في البلاد. تقع أولا باتور في وسط منغوليا، وهي المركز السياسي والاقتصادي والثقافي للبلاد. يبلغ عدد سكان المدينة حوالي 1.4 مليون نسمة، وهي موطن للعديد من المؤسسات الحكومية والثقافية المهمة في منغوليا.

ثانياً، منغوليا هي دولة غير ساحلية تقع في آسيا الوسطى، وتحدها روسيا من الشمال والصين من الجنوب. تتميز منغوليا بمساحتها الشاسعة، حيث تغطي حوالي 1.5 مليون كيلومتر مربع، مما يجعلها أكبر دولة غير ساحلية في العالم.

ثالثاً، اللغة الرسمية في منغوليا هي المنغولية، وهي لغة تنتمي إلى عائلة اللغات التركية. بالإضافة إلى ذلك، يتحدث العديد من المنغوليين اللغة الروسية، خاصة في المناطق الحضرية.

رابعاً، الدين الرئيسي في منغوليا هو البوذية، التي لها تاريخ طويل في البلاد. ومع ذلك، فإن هناك تنوعًا دينيًا كبيرًا، حيث يمارس العديد من المنغوليين أيضًا الإسلام والمسيحية.

أخيراً، منغوليا تتمتع بتاريخ طويل وغني، حيث كانت جزءًا من إمبراطورية المغول في العصور الوسطى. اليوم، تسعى منغوليا إلى تعزيز علاقاتها الدولية، بما في ذلك مع الدول العربية، من خلال التعاون في مختلف المجالات الاقتصادية والثقافية.

بهذا، تكون عاصمة منغوليا هي أولا باتور، وهي مدينة تجمع بين التراث الثقافي العريق والحداثة، مما يجعلها مركزًا مهمًا للحياة في منغوليا.",,humain-ai/ALLaM-7B-Instruct-preview,0.0,humain-ai/ALLaM-7B-Instruct-preview,,2026-08-16T19:07:47+00:00,,0.500,defer,,0.019423,clean,0
wahm_240,msa,direct,allam,arabic_centric,ما هي الوان علم صربيا ؟,"الأحمر في الثلث الأعلى للعلم, ثم الأزرق, يتوسط العلم ثم اللون الأبيض في الأسفل",يتكون علم صربيا من ثلاثة ألوان أفقية هي: الأحمر، والأبيض، والأسود. يُمثل اللون الأبيض السلام، والأحمر يرمز إلى دماء الذين سقطوا في سبيل الوطن، أما الأسود فيُشير إلى جبال صربيا.,,humain-ai/ALLaM-7B-Instruct-preview,0.0,humain-ai/ALLaM-7B-Instruct-preview,,2026-08-16T19:07:48+00:00,,0.600,defer,,0.459054,clean,0
wahm_241,msa,direct,allam,arabic_centric,أين يقع جبل المقطم؟,"الناحية الشرقية الفسطاط والقاهرة, شرق قلعة صلاح الدين الأيوبي",القاهرة,,humain-ai/ALLaM-7B-Instruct-preview,0.0,humain-ai/ALLaM-7B-Instruct-preview,,2026-08-16T19:07:48+00:00,,0.250,defer,,0.986151,hallucinated,1
wahm_242,msa,direct,allam,arabic_centric,متى شاركت  آيسلندا في كأس أوروبا  لكرة القدم لأول مرة؟,2016,"شاركت آيسلندا في كأس أوروبا لكرة القدم لأول مرة في عام 2016، حيث تأهلت إلى النهائيات بعد أن حققت مفاجأة كبيرة في التصفيات. هذه المشاركة كانت تاريخية بالنسبة للفريق، حيث تمكن من الوصول إلى دور الـ16 في البطولة، وهو إنجاز كبير يعكس تطور كرة القدم في آيسلندا. 

أتمنى أن تكون هذه الإجابة مفيدة. إذا كان لديك أي استفسارات أخرى، فلا تتردد في طرحها.",,humain-ai/ALLaM-7B-Instruct-preview,0.0,humain-ai/ALLaM-7B-Instruct-preview,,2026-08-16T19:07:49+00:00,,1.000,clean,,,clean,0
wahm_243,msa,direct,allam,arabic_centric,ما هي تفاعلات الأكسدة؟,تفاعلات كيميائية يحدث فيها تغير في عدد أكسدة ذرات المواد المتفاعلة نتيجة انتقال الإلكترونات فيما بينها,"تفاعلات الأكسدة هي تفاعلات كيميائية تتضمن فقدان الإلكترونات من مادة معينة، مما يؤدي إلى زيادة في حالة الأكسدة لتلك المادة. الأكسدة هي عملية كيميائية يتم فيها تحويل المادة إلى حالة أكثر أكسدة، وغالبًا ما تكون هذه العملية مصحوبة بإطلاق الطاقة.

على سبيل المثال، في تفاعل الأكسدة بين الحديد والأكسجين لتكوين أكسيد الحديد (الصدأ)، يفقد الحديد الإلكترونات ويتحول إلى حالة أكسدة أعلى، بينما يكتسب الأكسجين الإلكترونات ويتحول إلى حالة أكسدة أقل. يمكن تمثيل هذا التفاعل بالمعادلة الكيميائية التالية:

$$ 4Fe + 3O_2 + 6H_2O \rightarrow 4Fe(OH)_3 $$

في هذا التفاعل، الحديد (Fe) يتأكسد من حالة الأكسدة $0$ إلى $+3$، بينما الأكسجين (O_2) يختزل من حالة الأكسدة $0$ إلى $-2$.

تفاعلات الأكسدة تلعب دورًا حيويًا في العديد من العمليات البيولوجية والصناعية، مثل التنفس الخلوي، حيث يتم أكسدة الجلوكوز لإنتاج الطاقة، وكذلك في عمليات التآكل والصدأ.",,humain-ai/ALLaM-7B-Instruct-preview,0.0,humain-ai/ALLaM-7B-Instruct-preview,,2026-08-16T19:07:52+00:00,,0.375,defer,,0.032586,clean,0
wahm_244,msa,direct,allam,arabic_centric,ماهي جنسية المؤلف الموسيقي تشايكوفسكي؟,روسي,"المؤلف الموسيقي تشايكوفسكي روسي الجنسية، وهو من أبرز المؤلفين الموسيقيين الكلاسيكيين في القرن التاسع عشر، وقد اشتهر بشكل خاص في تأليف الباليهات، ومن أشهرها باليه ""بحيرة البجع""، و""كسارة البندق""، و""الجمال النائم"".",,humain-ai/ALLaM-7B-Instruct-preview,0.0,humain-ai/ALLaM-7B-Instruct-preview,,2026-08-16T19:07:53+00:00,,1.000,clean,,,clean,0
wahm_245,msa,direct,allam,arabic_centric,متى حصلت دولة الإمارات على استقلالها ؟,2 ديسمبر 1971,حصلت دولة الإمارات العربية المتحدة على استقلالها من الاستعمار البريطاني في 2 ديسمبر 1971، حيث تم إعلان قيام دولة الإمارات العربية المتحدة كدولة اتحادية مستقلة ذات سيادة، وتأسيسها كدولة ملكية دستورية ديمقراطية تتكون من سبع إمارات هي: أبوظبي، ودبي، والشارقة، وعجمان، وأم القيوين، ورأس الخيمة، والفجيرة. وقد تم في نفس اليوم أيضاً انتخاب الشيخ زايد بن سلطان آل نهيان، رحمه الله، كأول رئيس لدولة الإمارات العربية المتحدة، والشيخ راشد بن سعيد آل مكتوم، رحمه الله، كنائب للرئيس.,,humain-ai/ALLaM-7B-Instruct-preview,0.0,humain-ai/ALLaM-7B-Instruct-preview,,2026-08-16T19:07:54+00:00,,1.000,clean,,,clean,0
wahm_246,msa,direct,allam,arabic_centric,ما هو الكائن اللاهوائي وكم نوع له؟,الكائن الذي لا يستخدم الأوكسجين للنمو,"الكائن اللاهوائي هو كائن حي لا يحتاج إلى الأكسجين للنمو والبقاء على قيد الحياة، بل يمكنه العيش في بيئات خالية من الأكسجين أو حتى في وجود تركيزات منخفضة منه. هناك نوعان رئيسيان من الكائنات اللاهوائية:

1. **الكائنات اللاهوائية الاختيارية**: هذه الكائنات يمكنها العيش في وجود الأكسجين أو غيابه. عندما يكون الأكسجين متاحًا، تستخدمه في التنفس الهوائي، ولكن عندما يكون الأكسجين غير متوفر، يمكنها التحول إلى التنفس اللاهوائي. مثال على ذلك هو بكتيريا الكلوستريديوم.

2. **الكائنات اللاهوائية الإجبارية**: هذه الكائنات لا تستطيع العيش في وجود الأكسجين على الإطلاق. تعتمد على عمليات لاهوائية مثل التخمر أو التنفس اللاهوائي للحصول على الطاقة. مثال على ذلك هو بكتيريا النيتروسوموناس.

هذه الكائنات تلعب دورًا مهمًا في العديد من العمليات البيئية والصناعية، مثل تحلل المواد العضوية في البيئات اللاهوائية، ومعالجة مياه الصرف الصحي، وإنتاج بعض المنتجات الغذائية مثل المخللات.",,humain-ai/ALLaM-7B-Instruct-preview,0.0,humain-ai/ALLaM-7B-Instruct-preview,,2026-08-16T19:07:56+00:00,,0.500,defer,,0.015796,clean,0
wahm_247,msa,direct,allam,arabic_centric,أين تقع مدينة تل جوخة ؟,مدينة عراقية,تقع مدينة تل جوخة على بعد 25 كم شمال شرق مدينة حمص، وعلى بعد 12 كم شمال شرق مدينة تدمر، وعلى بعد 120 كم جنوب غرب مدينة حلب، وعلى بعد 200 كم شمال غرب مدينة دمشق، وعلى بعد 120 كم شرق مدينة طرابلس، وعلى بعد 120 كم شمال شرق مدينة بيروت، وعلى بعد 120 كم جنوب شرق مدينة صيدا، وعلى بعد 120 كم شمال شرق مدينة بيروت، وعلى بعد 120 كم جنوب شرق مدينة صيدا، وعلى بعد 120 كم شمال شرق مدينة بيروت، وعلى بعد 120 كم جنوب شرق مدينة صيدا، وعلى بعد 120 كم شمال شرق مدينة بيروت، وعلى بعد 120 كم جنوب شرق مدينة صيدا، وعلى بعد 120 كم شمال شرق مدينة بيروت، وعلى بعد 120 كم جنوب شرق مدينة صيدا، وعلى بعد 120 كم شمال شرق مدينة بيروت، وعلى بعد 120 كم جنوب شرق مدينة صيدا، وعلى بعد 120 كم شمال شرق مدينة بيروت، وعلى بعد 120 كم جنوب شرق مدينة صيدا، وعلى بعد 120 كم شمال شرق مدينة بيروت، وعلى بعد 120 كم جنوب شرق مدينة صيدا، وعلى بعد 120 كم شمال شرق مدينة بيروت، وعلى بعد 120 كم جنوب شرق مدينة صيدا، وعلى بعد 120 كم شمال شرق مدينة بيروت، وعلى بعد 120 كم جنوب شرق مدينة صيدا، وعلى بعد 120 كم شمال شرق مدينة بيروت، وعلى بعد 120 كم جنوب شرق مدينة صيدا، وعلى بعد 120 كم شمال شرق مدينة بيروت، وعلى بعد 120 كم جنوب شرق مدينة صيدا، وعلى بعد 120 كم شمال شرق مدينة بيروت، وعلى بعد 120 كم جنوب شرق مدينة صيدا، وعلى بعد 120 كم شمال شرق مدينة بيروت، وعلى بعد 120 كم جنوب شرق مدينة صيدا، وعلى بعد 120 كم شمال شرق مدينة بيروت، وعلى بعد 120 كم جنوب شرق مدينة صيدا، وعلى بعد 120 كم شمال شرق مدينة بيروت، وعلى بعد 120 كم جنوب شرق مدينة صيدا، وعلى بعد 120 كم شمال شرق مدينة بيروت، وعلى بعد 120 كم جنوب شرق مدينة صيدا، وعلى بعد 120 كم شمال شرق مدينة بيروت، وعلى بعد 120 كم جنوب شرق مدينة صيدا، وعلى بعد 120 كم شمال شرق مدينة بيروت، وعلى بعد 120,,humain-ai/ALLaM-7B-Instruct-preview,0.0,humain-ai/ALLaM-7B-Instruct-preview,,2026-08-16T19:08:03+00:00,,0.500,defer,,0.975840,hallucinated,1
wahm_248,msa,direct,allam,arabic_centric,ما هو الفيتو؟,حق الاعتراض على أي قرار يقدم لمجلس الأمن دون إبداء أسباب، ويمنح للأعضاء الخمس دائمي العضوية في مجلس الأمن,"الفيتو هو حق الاعتراض على قرارات مجلس الأمن الدولي، تمنحه الدول الخمس دائمة العضوية في المجلس، وهي الولايات المتحدة وروسيا والصين وبريطانيا وفرنسا، بموجب الفصل السابع من ميثاق الأمم المتحدة. وقد استُخدم الفيتو 330 مرة منذ تأسيس الأمم المتحدة عام 1945، منها 86 مرة من قبل الولايات المتحدة، و78 مرة من قبل الاتحاد السوفياتي (روسيا حالياً)، و22 مرة من قبل فرنسا، و31 مرة من قبل بريطانيا، و14 مرة من قبل الصين، ومرة واحدة من قبل مصر.

الفيتو يُستخدم لمنع صدور أي قرار عن مجلس الأمن، حتى لو كان يحظى بتأييد 14 دولة من أصل 15 دولة في المجلس، ما لم يكن هناك اعتراض من الدول الخمس دائمة العضوية. هذا الحق يمنح الدول الخمس الكبرى قدرة كبيرة على التأثير في القرارات الدولية، ويثير جدلاً حول مدى عدالة النظام الدولي.

من الأمثلة على استخدام الفيتو، ما حدث في عام 2014 عندما استخدمت روسيا الفيتو ضد مشروع قرار يدين النظام السوري في أحداث مدينة حلب، مما أدى إلى فشل المشروع في الحصول على الأصوات التسعة اللازمة لإقراره.

الفيتو يُعتبر من الأدوات التي تعزز من نفوذ الدول الكبرى في النظام الدولي، ويثير تساؤلات حول مدى عدالة هذا النظام في تحقيق العدالة الدولية.",,humain-ai/ALLaM-7B-Instruct-preview,0.0,humain-ai/ALLaM-7B-Instruct-preview,,2026-08-16T19:08:06+00:00,,0.750,defer,,0.018404,clean,0
wahm_249,msa,direct,allam,arabic_centric,ما هي المَشِيمَة أو الخَلاَص أو السُخْد؟,"عضو دائري مسطح الشكل يتصل بالجنين عن طريق الحبل السري في الرحم، وتخرج المشيمة من رحم الأم بعد المرحلة الثالثة من الولادة, عضو دائري مسطح الشكل يتصل بالجنين عن طريق الحبل السري في الرحم","المَشِيمَة أو الخَلاَص أو السُخْد، هي غشاء رقيق داخل الرحم، يحتوي على شبكة من الأوعية الدموية، التي تنقل الغذاء من الأم إلى الجنين، وتخلصه من الفضلات، وتظل المشيمة في مكانها حتى ولادة الجنين، ثم تزال بعد الولادة. أما في حال حدوث ولادة مبكرة، فتزال المشيمة قبل ولادة الجنين، وذلك لمنع حدوث نزيف. 

وتُعدُّ المشيمة من أهم أعضاء الجنين، فهي التي تنقل الغذاء من الأم إلى الجنين، وتخلصه من الفضلات، وتظل في مكانها حتى ولادة الجنين، ثم تزال بعد الولادة، أما في حال حدوث ولادة مبكرة، فتزال المشيمة قبل ولادة الجنين، وذلك لمنع حدوث نزيف. 

وتُعدُّ المشيمة من أهم أعضاء الجنين، فهي التي تنقل الغذاء من الأم إلى الجنين، وتخلصه من الفضلات، وتظل في مكانها حتى ولادة الجنين، ثم تزال بعد الولادة، أما في حال حدوث ولادة مبكرة، فتزال المشيمة قبل ولادة الجنين، وذلك لمنع حدوث نزيف. 

وتُعدُّ المشيمة من أهم أعضاء الجنين، فهي التي تنقل الغذاء من الأم إلى الجنين، وتخلصه من الفضلات، وتظل في مكانها حتى ولادة الجنين، ثم تزال بعد الولادة، أما في حال حدوث ولادة مبكرة، فتزال المشيمة قبل ولادة الجنين، وذلك لمنع حدوث نزيف. 

وتُعدُّ المشيمة من أهم أعضاء الجنين، فهي التي تنقل الغذاء من الأم إلى الجنين، وتخلصه من الفضلات، وتظل في مكانها حتى ولادة الجنين، ثم تزال بعد الولادة، أما في حال حدوث ولادة مبكرة، فتزال المشيمة قبل ولادة الجنين، وذلك لمنع حدوث نزيف. 

وتُعدُّ المشيمة من أهم أعضاء الجنين، فهي التي تنقل الغذاء من الأم إلى الجنين، وتخلصه من الفضلات، وتظل في مكانها حتى ولادة الجنين، ثم تزال بعد الولادة، أما في حال حدوث ولادة مبكرة، فتزال المشيمة قبل ولادة الجنين، وذلك لمنع حدوث نزيف. 

وتُعدُّ المشيمة من أهم أعضاء الجنين، فهي التي تنقل الغذاء من الأم إلى الجنين، وتخلصه من الفضلات، وتظل في مكانها حتى ولادة الجنين، ثم تزال بعد الولادة، أما في حال حدوث ولادة مبكرة، فتزال المشيمة قبل ولادة الجنين، وذلك لمنع حدوث نزيف. 

وتُعدُّ المشيمة من أهم أعضاء الجنين، فهي التي تنقل الغذاء من الأم إلى الجنين، وتخلصه من الفضلات، وتظل في مكانها حتى ولادة الجنين، ثم تزال بعد الولادة، أما في حال حدوث ولادة مبكرة، فتزال المشيمة قبل ولادة",,humain-ai/ALLaM-7B-Instruct-preview,0.0,humain-ai/ALLaM-7B-Instruct-preview,,2026-08-16T19:08:13+00:00,,0.556,defer,,0.169782,clean,0
wahm_250,msa,direct,allam,arabic_centric,ما هو تصريح 28 فبراير 1922 ؟,"تصريح اعلنته بريطانيا من طرف واحد في لندن والقاهرة في هذا التاريخ, تصريح اعلنته بريطانيا من طرف واحد في لندن والقاهرة في هذا التاريخ.[1][2] اعلنت فيه انهاء الحماية البريطانية على مصر","تصريح 28 فبراير 1922 هو تصريح رسمي أصدرته الحكومة البريطانية، ممثلة في وزير خارجيتها اللورد اللنبي، في 28 فبراير 1922، معلنة فيه إنهاء الحماية البريطانية على مصر، والاعتراف بمصر دولة مستقلة ذات سيادة. وقد جاء هذا التصريح بعد فترة من التوتر بين بريطانيا ومصر، وبعد أن أدركت بريطانيا أن استمرار الاحتلال البريطاني لمصر لم يعد مقبولاً دولياً.

**أهم بنود تصريح 28 فبراير 1922:**
1. **إنهاء الحماية البريطانية على مصر:** أعلنت بريطانيا أن مصر لم تعد تحت الحماية البريطانية، وأن مصر دولة مستقلة ذات سيادة.
2. **استمرار العلاقات الودية بين البلدين:** أكدت بريطانيا على استمرار العلاقات الودية مع مصر، مع احترام استقلالها وسيادتها.
3. **بقاء القوات البريطانية في مصر:** رغم إنهاء الحماية، بقيت القوات البريطانية في مصر، مع الإشارة إلى أن وجودها كان ضرورياً لضمان حماية المصالح البريطانية.
4. **حقوق بريطانيا في قناة السويس:** احتفظت بريطانيا بحقوقها في قناة السويس، بما في ذلك حق المرور عبر القناة، وحق الدفاع عن القناة ضد أي عدوان خارجي.
5. **التعاون مع مصر:** أكدت بريطانيا على استعدادها للتعاون مع مصر في مختلف المجالات، بما في ذلك الشؤون المالية، لضمان استقرار الأوضاع في مصر.
6. **إجراء مفاوضات بين البلدين:** نصت المادة الثالثة من التصريح على أن بريطانيا ومصر ستجريان مفاوضات لتحديد العلاقات بينهما، بما في ذلك المسائل المالية، في غضون فترة زمنية محددة.

**أهمية تصريح 28 فبراير 1922:**
- **إعلان الاستقلال:** كان التصريح بمثابة إعلان رسمي عن استقلال مصر، بعد سنوات من الاحتلال البريطاني.
- **تحديد العلاقات المستقبلية:** مهد التصريح الطريق لإجراء مفاوضات بين مصر وبريطانيا لتحديد العلاقات المستقبلية بينهما، بما في ذلك المسائل المالية.
- **إعادة تشكيل النظام السياسي:** ساهم التصريح في إعادة تشكيل النظام السياسي في مصر، حيث أصبح الملك فؤاد الأول ملكاً على مصر، وبدأت مصر في بناء مؤسساتها الوطنية.
- **تحقيق بعض مطالب الحركة الوطنية:** حقق التصريح بعض مطالب الحركة الوطنية المصرية، مثل إنهاء الحماية البريطانية، والاعتراف باستقلال مصر، مع الحفاظ على بعض المصالح البريطانية في مصر.

**ردود الفعل:**
- **الحركة الوطنية المصرية:** رحبت الحركة الوطنية المصرية بالتصريح، واعتبرته خطوة مهمة نحو تحقيق الاستقلال الكامل.
- **الحكومة البريطانية:** رأت بريطانيا في التصريح وسيلة لتخفيف الضغط الدولي عليها، مع الحفاظ على مصالحها في مصر.
- **المجتمع الدولي:** أثار التصريح ردود فعل متباينة في المجتمع الدولي، حيث رح",,humain-ai/ALLaM-7B-Instruct-preview,0.0,humain-ai/ALLaM-7B-Instruct-preview,,2026-08-16T19:08:19+00:00,,0.700,defer,,0.096652,clean,0
wahm_251,msa,direct,allam,arabic_centric,ما هو تعريف المؤسسة؟,"استقرار وقيمة وانماط متكرره من السلوك كهياكل أو الات النظام الاجتماعي فهي تتحكم في سلوك مجموعة من الافراد داخل مجتمع معين, استقرار وقيمة وانماط متكرره من السلوك كهياكل أو الات النظام الاجتماعي",المؤسسة هي كيان منظم يهدف إلى تحقيق أهداف معينة من خلال تقديم منتجات أو خدمات، أو تنفيذ مشاريع، أو تقديم خدمات اجتماعية أو ثقافية أو تعليمية. تُعتبر المؤسسة وسيلة لتنظيم العمل وتوزيع المهام بين الأفراد لتحقيق الأهداف المحددة بكفاءة وفعالية.,,humain-ai/ALLaM-7B-Instruct-preview,0.0,humain-ai/ALLaM-7B-Instruct-preview,,2026-08-16T19:08:20+00:00,,0.182,defer,,0.607007,hallucinated,1
wahm_252,msa,direct,allam,arabic_centric,من هو قبريانوس القرطاجي؟,كان أسقف قرطاج (منذ عام 249 م) وأبًا وكاتبًا مسيحيًّا,"قبريانوس القرطاجي هو أحد أبرز الشخصيات في تاريخ الكنيسة المسيحية الأولى، وقد لعب دورًا محوريًا في نشر المسيحية في شمال أفريقيا. يُعتبر قبريانوس من أبرز المدافعين عن الإيمان المسيحي، وقد ترك أثرًا كبيرًا في تاريخ الكنيسة بفضل كتاباته وتعاليمه.

**حياته ونشأته:**
ولد قبريانوس في قرطاج (تونس الحالية) حوالي عام 210 ميلادي. نشأ في عائلة مسيحية، وكان والده أسقفًا. تلقى تعليمًا عاليًا في قرطاج، حيث درس الفلسفة والقانون. بعد وفاة والده، قرر أن يكرس حياته لخدمة الكنيسة.

**دوره في الكنيسة:**
شغل قبريانوس عدة مناصب هامة في الكنيسة، منها أسقفية قرطاج. كان معروفًا بحكمته وشجاعته في الدفاع عن الإيمان المسيحي ضد الاضطهادات التي كانت سائدة في ذلك الوقت. كتب العديد من الرسائل والكتب التي تناولت مواضيع مثل الإيمان، الصلاة، والفضائل المسيحية.

**موقفه من الاضطهاد:**
واجه قبريانوس العديد من الاضطهادات بسبب إيمانه المسيحي. في عام 258 ميلادي، أُعدم بسبب رفضه التخلي عن إيمانه. يُعتبر استشهاده رمزًا للشجاعة والإيمان العميق، وقد ألهم العديد من المسيحيين عبر العصور.

**إرثه الأدبي:**
ترك قبريانوس إرثًا أدبيًا غنيًا، حيث كتب حوالي 150 رسالة و22 كتابًا. من أشهر أعماله ""الرسائل"" و""الاعترافات""، التي تناولت مواضيع مثل الصلاة، الإيمان، والفضائل المسيحية. كما كتب عن أهمية التوبة والاعتراف، مما جعله مرجعًا هامًا في اللاهوت المسيحي.

**تأثيره على الكنيسة:**
كان لقبريانوس دور كبير في نشر المسيحية في شمال أفريقيا، حيث أسس العديد من الكنائس والمدارس. كتاباته وتعاليمه أثرت بشكل كبير على الفكر المسيحي في تلك المنطقة، وساهمت في تشكيل الهوية المسيحية في شمال أفريقيا.

**الاستشهاد:**
استشهاد قبريانوس كان له تأثير كبير على الكنيسة، حيث ألهم العديد من المسيحيين للاستمرار في الدفاع عن إيمانهم حتى الموت. يُحتفل بذكراه في الكنيسة الكاثوليكية في 14 سبتمبر من كل عام.

قبريانوس القرطاجي يُعتبر رمزًا للشجاعة والإيمان، وقد ترك أثرًا عميقًا في تاريخ الكنيسة المسيحية، حيث ساهم في نشر الإيمان والدفاع عنه في مواجهة الاضطهادات.",,humain-ai/ALLaM-7B-Instruct-preview,0.0,humain-ai/ALLaM-7B-Instruct-preview,,2026-08-16T19:08:26+00:00,,0.300,defer,,0.033189,clean,0
wahm_253,msa,direct,allam,arabic_centric,ماهى الأورام الدبقية ؟,أكثر أورام المخ شيوعاً والأكثر عدوانيةً مقارنةً بباقي أورام المخ التي تصيب الإنسان,"الأورام الدبقية هي أورام تنشأ من الخلايا الدبقية، وهي الخلايا الداعمة التي تحيط بالخلايا العصبية في الدماغ والحبل الشوكي. تشمل الأنواع الشائعة من الأورام الدبقية:

1. **الورم الأرومي الدبقي (Glioblastoma)**: هو أكثر أنواع الأورام الدبقية شيوعًا وخطورة، حيث ينتشر بسرعة في أنسجة الدماغ.
2. **الورم النجمي (Astrocytoma)**: ينشأ من الخلايا النجمية، وهي نوع من الخلايا الدبقية التي تدعم الخلايا العصبية.
3. **الورم البطاني العصبي (Ependymoma)**: ينشأ من الخلايا البطانية العصبية، التي تنتج السائل النخاعي.
4. **الورم الأرومي النخاعي (Medulloblastoma)**: هو نوع من الأورام التي تنشأ في المخيخ، وهو جزء من الدماغ يقع في الجزء الخلفي السفلي.
5. **الورم الأرومي النخاعي (Pilocytic astrocytoma)**: هو نوع أقل عدوانية من الورم النجمي، وغالبًا ما يكون قابلاً للعلاج.

الأورام الدبقية يمكن أن تكون حميدة أو خبيثة، ويمكن أن تكون أولية (تنشأ في الدماغ أو الحبل الشوكي) أو ثانوية (تنشأ من ورم خبيث سابق). تعتمد خيارات العلاج على نوع الورم وموقعه، وقد تشمل الجراحة والعلاج الإشعاعي والعلاج الكيميائي.

من المهم استشارة طبيب مختص في الأعصاب أو جراح أعصاب للحصول على تشخيص دقيق وخطة علاج مناسبة.",,humain-ai/ALLaM-7B-Instruct-preview,0.0,humain-ai/ALLaM-7B-Instruct-preview,,2026-08-16T19:08:30+00:00,,0.455,defer,,0.991781,hallucinated,1
wahm_254,msa,direct,allam,arabic_centric,متى تاسست محطة الفضاء الدولية ؟,20 نوفمبر 1998,محطة الفضاء الدولية، التي يشار إليها عادة باسم محطة الفضاء الدولية، هي محطة فضائية تدور حول الأرض. تم إطلاقها في عام 1998، وهي مشروع تعاوني بين وكالات الفضاء من الولايات المتحدة وروسيا وأوروبا واليابان وكندا. تم تصميمه ليكون مختبرًا في المدار لإجراء البحوث العلمية في بيئة الجاذبية الصغرى، مما يوفر رؤى حول مجموعة واسعة من الموضوعات التي لا يمكن تحقيقها على الأرض.,,humain-ai/ALLaM-7B-Instruct-preview,0.0,humain-ai/ALLaM-7B-Instruct-preview,,2026-08-16T19:08:31+00:00,,0.333,defer,,0.029339,clean,0
wahm_255,msa,direct,allam,arabic_centric,ما هو الكرينولين؟,هيكل قاسٍ يُلبَس تحت التنورة ليعطيها شكل منتفخ، وكان دارج الاستعمال في أوروبا منذ القرن السادس عشر إلى منتصف القرن التاسع عشر,"الكرينولين هو نوع من الملابس الداخلية التي كانت تُستخدم في القرن التاسع عشر وأوائل القرن العشرين لدعم وتوسعة تنورة المرأة. يُصنع الكرينولين عادةً من شبكة معدنية أو قماش قوي، وكان يُرتدى تحت التنورة لتوفير الحجم والشكل الدائري الذي كان شائعًا في تلك الفترة.

في البداية، كان الكرينولين بسيطًا نسبيًا، حيث كان يتكون من إطار معدني بسيط يُرتدى تحت التنورة. ومع مرور الوقت، أصبح الكرينولين أكثر تعقيدًا، حيث أضيفت إليه طبقات متعددة من القماش والشبكة المعدنية، مما جعله ضخمًا جدًا. هذا النوع من الملابس كان يُستخدم لتحقيق الموضة السائدة في ذلك الوقت، والتي كانت تتطلب تنانير واسعة وكبيرة.

مع تطور الموضة، بدأت النساء في ارتداء تنانير أكثر بساطة وأقل حجمًا، مما أدى إلى تراجع استخدام الكرينولين. ومع ذلك، يبقى الكرينولين جزءًا مهمًا من تاريخ الموضة، حيث يعكس التغيرات الكبيرة في أسلوب الملابس عبر الزمن.",,humain-ai/ALLaM-7B-Instruct-preview,0.0,humain-ai/ALLaM-7B-Instruct-preview,,2026-08-16T19:08:33+00:00,,0.500,defer,,0.014824,clean,0
wahm_256,msa,direct,allam,arabic_centric,ما هي السفسطة أو السفسطائية؟,"مذهب فكري فلسفي, مذهب فكري فلسفي نشأ في اليونان إبان نهاية القرن السادس وبداية القرن الخامس ق.م في بلاد الإغريق","السفسطة أو السفسطائية هي مذهب فلسفي نشأ في اليونان في القرن الخامس قبل الميلاد، وكان له تأثير كبير على الفكر الفلسفي والأدبي. وقد عُرف السفسطائيون بقدرتهم على الجدل والإقناع، حتى وإن كانت حججهم غير صحيحة أو مبنية على مغالطات منطقية.

السفسطة تعتمد على استخدام الحجج التي تبدو صحيحة ولكنها في الواقع غير صحيحة، أو التي تعتمد على المغالطات المنطقية. ومن أشهر الأمثلة على السفسطة في الأدب العربي ما ورد في قصة ""كليلة ودمنة""، حيث استخدم ابن المقفع السفسطة في بعض المواقف لإقناع الشخصيات الأخرى بوجهة نظره.

السفسطة ليست بالضرورة سلبية، فهي قد تُستخدم في بعض الأحيان للدفاع عن الحق أو لإظهار الحقيقة، ولكن عندما تُستخدم بشكل مفرط أو غير نزيه، فإنها تُعتبر غير أخلاقية. في الأدب، تُستخدم السفسطة أحيانًا لإضفاء طابع من الغموض أو التعقيد على النص، مما يتطلب من القارئ التفكير العميق لفهم المغزى الحقيقي.

السفسطة في الأدب العربي تُعتبر أداة فنية تُستخدم لإبراز التناقضات في الشخصيات والأحداث، مما يضيف عمقًا وتعقيدًا إلى النص. ومن الأمثلة على ذلك استخدام السفسطة في بعض القصص الشعبية التي تُروى للأطفال، حيث تُستخدم لإيصال رسائل أخلاقية بطريقة غير مباشرة.

في النهاية، السفسطة هي أداة فنية تُستخدم في الأدب لإضفاء طابع من التعقيد والغموض، وهي تُعتبر جزءًا من التراث الأدبي والفلسفي الذي يعكس تطور الفكر الإنساني.",,humain-ai/ALLaM-7B-Instruct-preview,0.0,humain-ai/ALLaM-7B-Instruct-preview,,2026-08-16T19:08:37+00:00,,0.667,defer,,0.015742,clean,0
wahm_257,msa,direct,allam,arabic_centric,ما هو النظام التماثلي؟,"طريقه مستخدمه لنقل المعلومات، حيث تكون فيها المعلومات عبارة عن كميات مادية متماثلة ومتتالية ومستمرة ويمكن لقيمتها أن تتغير, طريقه مستخدمه لنقل المعلومات، حيث تكون فيها المعلومات عبارة عن كميات مادية متماثلة ومتتالية ومستمرة ويمكن لقيمتها أن تتغير، و يسمح أن تكون الإشارة كاملة القيمة أو تساوي صفر أو أية قيمة بين هذه وتلك","النظام التماثلي هو نظام يستخدم إشارات متغيرة بشكل مستمر لتمثيل المعلومات. في هذا النوع من الأنظمة، يتم تمثيل البيانات بواسطة إشارات كهربائية أو ميكانيكية تتغير بشكل متناسب مع القيم التي تمثلها. على سبيل المثال، في الأنظمة الصوتية التماثلية، يتم تحويل الأصوات إلى إشارات كهربائية تتغير بشكل مستمر لتعكس التغيرات في الضغط الصوتي.

النظام التماثلي كان شائعًا في العديد من التطبيقات قبل انتشار الأنظمة الرقمية، مثل الراديو، التلفزيون، وأجهزة التسجيل الصوتي. في هذه الأنظمة، يتم استخدام مكونات مثل المقاومات، المكثفات، والمحاثات لمعالجة الإشارات التماثلية.

من مميزات النظام التماثلي:
1. **الاستجابة السريعة**: الأنظمة التماثلية يمكنها الاستجابة بسرعة للتغيرات في المدخلات.
2. **البساطة**: تصميم وتشغيل الأنظمة التماثلية غالبًا ما يكون أبسط من الأنظمة الرقمية.
3. **التكامل**: يمكن دمج الإشارات التماثلية بسهولة باستخدام مكونات مثل المقسمات، المضاعفات، والمضخمات.

ومع ذلك، فإن الأنظمة التماثلية قد تواجه بعض التحديات مثل الضوضاء والتداخل، مما قد يؤثر على دقة الإشارة.

بالمقارنة، الأنظمة الرقمية تستخدم إشارات ثنائية (0 و 1) لتمثيل البيانات، مما يجعلها أكثر مقاومة للضوضاء والتداخل، ولكنها قد تكون أقل كفاءة في معالجة الإشارات المتغيرة بشكل مستمر.",,humain-ai/ALLaM-7B-Instruct-preview,0.0,humain-ai/ALLaM-7B-Instruct-preview,,2026-08-16T19:08:41+00:00,,0.333,defer,,0.222339,clean,0
wahm_258,msa,direct,allam,arabic_centric,ما هو حمض الغاما-أمينوبيوتيريك؟,الناقل العصبي المثبط الرئيسي في الجهاز العصبي المركزي في الثدييات,"حمض الغاما-أمينوبيوتيريك (GABA) هو ناقل عصبي يلعب دورًا رئيسيًا في الجهاز العصبي المركزي. يُعتبر GABA الناقل العصبي المثبط الرئيسي في الدماغ، حيث يعمل على تقليل النشاط العصبي عن طريق تثبيط انتقال الإشارات العصبية بين الخلايا العصبية. هذا التثبيط يساعد في الحفاظ على التوازن بين النشاط العصبي المثبط والمحفز، وهو أمر ضروري للعديد من الوظائف الحيوية مثل النوم، القلق، وتنظيم الحركة.

عندما يتم إفراز GABA في الشق المشبكي (الفراغ بين الخلايا العصبية)، يرتبط بمستقبلات GABA الموجودة على غشاء الخلية العصبية بعد المشبكية، مما يؤدي إلى فتح قنوات الكلوريد أو البوتاسيوم، مما يؤدي إلى دخول أيونات الكلوريد إلى الخلية العصبية أو خروج أيونات البوتاسيوم منها. هذا التغير في الجهد الكهربائي للخلية يؤدي إلى تقليل احتمالية توليد جهد الفعل، وبالتالي تثبيط النشاط العصبي.

بفضل دوره في تثبيط النشاط العصبي، يُستخدم GABA في بعض العلاجات الطبية، مثل علاج القلق وبعض اضطرابات النوم. ومع ذلك، يجب التعامل مع هذه العلاجات بحذر، حيث أن زيادة مستويات GABA بشكل مفرط يمكن أن تؤدي إلى تأثيرات جانبية غير مرغوب فيها.",,humain-ai/ALLaM-7B-Instruct-preview,0.0,humain-ai/ALLaM-7B-Instruct-preview,,2026-08-16T19:08:44+00:00,,0.875,defer,,0.976582,hallucinated,1
wahm_259,msa,direct,allam,arabic_centric,متى تبنت الأمم المتحدة الإعلان العالمي لحقوق الإنسان؟,"ة 10 ديسمبر 1948, 10 ديسمبر 1948",تبنت الجمعية العامة للأمم المتحدة الإعلان العالمي لحقوق الإنسان في 10 ديسمبر 1948، حيث تم اعتماده في باريس بموجب القرار 217 ألف. أتمنى أن تكون إجابتي مفيدة.,,humain-ai/ALLaM-7B-Instruct-preview,0.0,humain-ai/ALLaM-7B-Instruct-preview,,2026-08-16T19:08:44+00:00,,1.000,clean,,,clean,0
wahm_260,msa,direct,allam,arabic_centric,كم يبلغ طول نهر الاردن؟,251 كم,يبلغ طول نهر الأردن حوالي 250 كيلومترًا، وهو يمتد من منبعه في لبنان وسوريا إلى أن يصب في البحر الميت. يُعتبر نهر الأردن من الأنهار الهامة في المنطقة، وله أهمية تاريخية ودينية كبيرة.,,humain-ai/ALLaM-7B-Instruct-preview,0.0,humain-ai/ALLaM-7B-Instruct-preview,,2026-08-16T19:08:45+00:00,,0.000,hallucinated,,,hallucinated,1
wahm_261,msa,direct,allam,arabic_centric,متى انتهت حرب البلقان الأولى؟,30 مايو 1913,"انتهت حرب البلقان الأولى في 30 أكتوبر 1912، بعد توقيع معاهدة لندن التي أنهت الصراع بين الدولة العثمانية وتحالف دول البلقان (اليونان، صربيا، الجبل الأسود، وبلغاريا). أتمنى أن تكون إجابتي مفيدة.

أرجو أن تكون إجابتي مفيدة.",,humain-ai/ALLaM-7B-Instruct-preview,0.0,humain-ai/ALLaM-7B-Instruct-preview,,2026-08-16T19:08:46+00:00,,0.333,defer,,0.017961,clean,0
wahm_262,msa,direct,allam,arabic_centric,من كتب كتاب المعادلة التونسية في سنة 2014؟,"حمد الصافي سعيد, الروائي التونسي أحمد الصافي سعيد","أهلاً وسهلاً! كتاب ""المعادلة التونسية"" هو من تأليف الكاتب والصحفي الفرنسي من أصل تونسي، توفيق المديني. صدر هذا الكتاب في عام 2014، وهو يتناول الأوضاع السياسية والاجتماعية في تونس خلال فترة ما بعد الثورة التونسية التي اندلعت في ديسمبر 2010. الكتاب يقدم تحليلاً شاملاً للأحداث التي أدت إلى سقوط نظام الرئيس السابق زين العابدين بن علي، ويستعرض التحديات التي واجهتها تونس في مرحلة الانتقال الديمقراطي. هل لديك أي استفسارات أخرى حول هذا الموضوع؟",,humain-ai/ALLaM-7B-Instruct-preview,0.0,humain-ai/ALLaM-7B-Instruct-preview,,2026-08-16T19:08:47+00:00,,0.000,hallucinated,,,hallucinated,1
wahm_263,msa,direct,allam,arabic_centric,متى ترشحت  الجزائر للدور الثاني في كأس العالم لكرة القدم أول مرة ؟,2014,ترشحت الجزائر للدور الثاني في كأس العالم لكرة القدم أول مرة في سنة 1986 في المكسيك، حيث لعبت في المجموعة الرابعة إلى جانب كل من ألمانيا الغربية، أيرلندا الشمالية، وكوريا الجنوبية، وقد خسرت في المباراة الأولى أمام ألمانيا الغربية بنتيجة 2-1، ثم فازت في المباراة الثانية على كوريا الجنوبية بنتيجة 2-1، وفي المباراة الثالثة خسرت أمام أيرلندا الشمالية بنتيجة 1-0، لتخرج من الدور الأول بعد احتلالها المركز الثالث في المجموعة. أتمنى أن تكون الإجابة وافية,,humain-ai/ALLaM-7B-Instruct-preview,0.0,humain-ai/ALLaM-7B-Instruct-preview,,2026-08-16T19:08:48+00:00,,0.000,hallucinated,,,hallucinated,1
wahm_264,msa,direct,allam,arabic_centric,كم دامت رئاسة إلوي ألفارو لجمهورية الإكوادور ؟,1897-1901 و1906-1911,الإجابة هي : من 1906 حتى 1911. و قد شهدت فترة رئاسته العديد من الاضطرابات و الانقلابات العسكرية.,,humain-ai/ALLaM-7B-Instruct-preview,0.0,humain-ai/ALLaM-7B-Instruct-preview,,2026-08-16T19:08:49+00:00,,0.500,defer,,0.019214,clean,0
wahm_265,msa,direct,allam,arabic_centric,كم عدد جزر نيوزيلاندا؟,600,عدد جزر نيوزيلاندا هو 1000 جزيرة، وهي دولة تقع في جنوب غرب المحيط الهادئ، وتتألّف من جزيرتين رئيسيتين هما الجزيرة الشمالية والجزيرة الجنوبية، بالإضافة إلى العديد من الجزر الصغيرة، ومن أشهرها جزيرة ستيوارت، وجزيرة وايهيكي، وجزيرة كابيتي، وجزيرة كورومانديل، وجزيرة رانجيتوتو، وجزيرة أهي، وجزيرة ماوكي، وجزيرة ليتل بارير، وجزيرة كابيتي، وجزيرة كابيتي، وجزيرة كابيتي، وجزيرة كابيتي، وجزيرة كابيتي، وجزيرة كابيتي، وجزيرة كابيتي، وجزيرة كابيتي، وجزيرة كابيتي، وجزيرة كابيتي، وجزيرة كابيتي، وجزيرة كابيتي، وجزيرة كابيتي، وجزيرة كابيتي، وجزيرة كابيتي، وجزيرة كابيتي، وجزيرة كابيتي، وجزيرة كابيتي، وجزيرة كابيتي، وجزيرة كابيتي، وجزيرة كابيتي، وجزيرة كابيتي، وجزيرة كابيتي، وجزيرة كابيتي، وجزيرة كابيتي، وجزيرة كابيتي، وجزيرة كابيتي، وجزيرة كابيتي، وجزيرة كابيتي، وجزيرة كابيتي، وجزيرة كابيتي، وجزيرة كابيتي، وجزيرة كابيتي، وجزيرة كابيتي، وجزيرة كابيتي، وجزيرة كابيتي، وجزيرة كابيتي، وجزيرة كابيتي، وجزيرة كابيتي، وجزيرة كابيتي، وجزيرة كابيتي، وجزيرة كابيتي، وجزيرة كابيتي، وجزيرة كابيتي، وجزيرة كابيتي، وجزيرة كابيتي، وجزيرة كابيتي، وجزيرة كابيتي، وجزيرة كابيتي، وجزيرة كابيتي، وجزيرة كابيتي، وجزيرة كابيتي، وجزيرة كابيتي، وجزيرة كابيتي، وجزيرة كابيتي، وجزيرة كابيتي، وجزيرة كابيتي، وجزيرة كابيتي، وجزيرة كابيتي، وجزيرة كابيتي، وجزيرة كابيتي، وجزيرة كابيتي، وجزيرة كابيتي، وجزيرة كابيتي، وجزيرة كابيتي، وجزيرة كابيتي، وجزيرة كابيتي، وجزيرة كابيتي، وجزيرة كابيتي، وجزيرة كابيتي، وجزيرة كابيتي، وجزيرة كابيتي، وجزيرة كابيتي، وجزيرة كابيتي، وجزيرة كابيتي، وجزيرة كابيتي، وجزيرة كابيتي، وجزيرة كابيتي، وجزيرة كابيتي، وجزيرة كابيتي، وجزيرة كابيتي، وجزيرة كابيتي، وجزيرة كابيتي، وجزيرة كابيتي,,humain-ai/ALLaM-7B-Instruct-preview,0.0,humain-ai/ALLaM-7B-Instruct-preview,,2026-08-16T19:08:55+00:00,,0.000,hallucinated,heavy_repetition,,hallucinated,1
wahm_266,msa,direct,allam,arabic_centric,من هو جيمس مونرو؟,"خامس رؤساء الولايات المتحدة, خامس رؤساء الولايات المتحدة من 1817 إلى 1825 ورجل دولة وأحد الآباء المؤسسون","جيمس مونرو هو الرئيس الخامس للولايات المتحدة الأمريكية، وقد تولى الرئاسة من عام 1816 حتى عام 1825. كان مونرو من أبرز الشخصيات في تاريخ أمريكا، حيث لعب دورًا كبيرًا في تشكيل السياسة الخارجية الأمريكية، وخاصة فيما يتعلق بتوسيع النفوذ الأمريكي في أمريكا الشمالية.

تحت قيادته، تم تبني مبدأ مونرو في عام 1823، والذي نص على أن الولايات المتحدة لن تسمح بأي استعمار جديد في الأمريكتين من قبل القوى الأوروبية. هذا المبدأ كان له تأثير كبير في تعزيز استقلال الدول الأمريكية اللاتينية عن الاستعمار الأوروبي.

كما كان مونرو من الداعمين الرئيسيين لحركة الاستقلال في أمريكا اللاتينية، وساهم في تعزيز العلاقات الدبلوماسية بين الولايات المتحدة والدول الجديدة التي استقلت عن إسبانيا والبرتغال.

إضافة إلى ذلك، كان مونرو من دعاة التوسع الغربي للولايات المتحدة، حيث شجع على استيطان الأراضي الغربية من البلاد، مما ساهم في تعزيز الوحدة الوطنية وتوسيع حدود الولايات المتحدة.

بفضل سياساته ومبادئه، يُعتبر جيمس مونرو من الشخصيات البارزة التي ساهمت في تشكيل السياسة الخارجية الأمريكية وتعزيز استقلال الدول الأمريكية اللاتينية.",,humain-ai/ALLaM-7B-Instruct-preview,0.0,humain-ai/ALLaM-7B-Instruct-preview,,2026-08-16T19:08:58+00:00,,0.500,defer,,0.014379,clean,0
wahm_267,msa,direct,allam,arabic_centric,من هو إلياس بن مضر؟,الجد السادس عشر للرسول محمد بن عبد الله، وزوج خندف جدة القبائل الخندفية,"إلياس بن مضر هو أحد أجداد النبي محمد صلى الله عليه وسلم، وهو من سلسلة النسب النبوي الشريف. إلياس بن مضر بن نزار بن معد بن عدنان، وقد كان له دور بارز في تاريخ العرب قبل الإسلام. يُذكر إلياس بن مضر في كتب الأنساب والتاريخ الإسلامي كأحد الشخصيات التي أسهمت في الحفاظ على وحدة القبائل العربية في فترة ما قبل الإسلام، حيث كان له دور في توحيد القبائل تحت راية واحدة، مما ساعد في تعزيز الاستقرار في شبه الجزيرة العربية.

كما يُعتبر إلياس بن مضر من الشخصيات التي يُحتفى بها في التراث الإسلامي، حيث يُذكر في الأحاديث النبوية التي تتحدث عن نسب النبي محمد صلى الله عليه وسلم، مما يعكس أهمية هذه الشخصيات في التاريخ الإسلامي.",,humain-ai/ALLaM-7B-Instruct-preview,0.0,humain-ai/ALLaM-7B-Instruct-preview,,2026-08-16T19:09:00+00:00,,0.375,defer,,0.794904,hallucinated,1
wahm_268,msa,direct,allam,arabic_centric,أين تقع كاتدرائية شارتر؟,"جنوب غرب باريس, بفرنسا","تقع كاتدرائية شارتر في مدينة شارتر، وهي مدينة تاريخية تقع في إقليم واز في فرنسا، على بُعد حوالي 100 كيلومتر جنوب غرب باريس. تشتهر كاتدرائية شارتر بكونها واحدة من أفضل الأمثلة على العمارة القوطية الفرنسية، وهي تُعتبر موقعًا للتراث العالمي من قبل اليونسكو.

الكاتدرائية تتميز بنوافذها الزجاجية الملونة الرائعة، والتي تُعد من أجمل النوافذ في العالم، حيث تعكس الضوء بطرق مذهلة. كما تحتوي الكاتدرائية على مجموعة من الأعمال الفنية التاريخية، بما في ذلك المخطوطات القديمة والنحت.

تُعد كاتدرائية شارتر وجهة سياحية شهيرة، حيث يقصدها الزوار من جميع أنحاء العالم للاستمتاع بجمالها التاريخي والفني، وللتعرف على تاريخها العريق الذي يمتد عبر القرون.",,humain-ai/ALLaM-7B-Instruct-preview,0.0,humain-ai/ALLaM-7B-Instruct-preview,,2026-08-16T19:09:01+00:00,,1.000,clean,,,clean,0
wahm_269,msa,direct,allam,arabic_centric,ما هو مقياس الإشعاع؟,جهاز يستخدم لقياس شدة الإشعاع الكهرومغناطيسي مثل الضوء,"مقياس الإشعاع هو جهاز يُستخدم لقياس كمية الإشعاع المؤين في البيئة، مثل الأشعة السينية، والأشعة فوق البنفسجية، والأشعة تحت الحمراء، والإشعاعات النووية. يُستخدم هذا المقياس في العديد من التطبيقات مثل الطب، والصناعة، والبحث العلمي، لضمان السلامة من التعرض للإشعاعات الضارة.

يتكون مقياس الإشعاع عادةً من كاشف حساس للإشعاع، مثل عداد جايجر-مولر، الذي يقيس الجسيمات المشحونة مثل الإلكترونات والبروتونات. يتم تحويل هذه القياسات إلى إشارات كهربائية تُعرض على شاشة أو تُرسل إلى جهاز تسجيل.

تُستخدم مقاييس الإشعاع في:
1. **المجال الطبي**: لضمان عدم تعرض المرضى والأطباء والعاملين في المجال الطبي لمستويات ضارة من الإشعاع أثناء الفحوصات الطبية أو العلاج.
2. **الصناعة**: لمراقبة مستويات الإشعاع في البيئات الصناعية مثل محطات الطاقة النووية، لضمان السلامة.
3. **البحث العلمي**: لدراسة تأثيرات الإشعاع على المواد المختلفة.
4. **الأمان العام**: لمراقبة مستويات الإشعاع في الأماكن العامة لضمان عدم تعرض الناس لمستويات ضارة.

باختصار، مقياس الإشعاع هو أداة حيوية تُستخدم لضمان السلامة من التعرض للإشعاعات الضارة، وهو جزء أساسي من العديد من التطبيقات التي تتطلب مراقبة دقيقة لمستويات الإشعاع.",,humain-ai/ALLaM-7B-Instruct-preview,0.0,humain-ai/ALLaM-7B-Instruct-preview,,2026-08-16T19:09:05+00:00,,0.625,defer,,0.024087,clean,0
wahm_270,msa,direct,allam,arabic_centric,متى تاسس نادي ليون الفرنسي؟,1950,تأسس نادي ليون الفرنسي في عام 1951، وهو أحد الأندية البارزة في كرة القدم الفرنسية. وقد حقق النادي العديد من الإنجازات على مر السنين، مما جعله من الأندية التي لها تاريخ عريق في كرة القدم الفرنسية.,,humain-ai/ALLaM-7B-Instruct-preview,0.0,humain-ai/ALLaM-7B-Instruct-preview,,2026-08-16T19:09:05+00:00,,0.000,hallucinated,,,hallucinated,1
wahm_271,msa,direct,allam,arabic_centric,كم تبلغ سماكة القشرة المخية؟,هام التي تؤ,تبلغ سماكة القشرة المخية حوالي 2-3 ملم، أي ما يعادل 0.2-0.3 سم، وهي تمثل الطبقة الخارجية من الدماغ التي تحتوي على معظم الخلايا العصبية المسؤولة عن الوظائف العليا مثل التفكير، الذاكرة، اللغة، والإدراك الحسي.,,humain-ai/ALLaM-7B-Instruct-preview,0.0,humain-ai/ALLaM-7B-Instruct-preview,,2026-08-16T19:09:06+00:00,,0.333,defer,,0.967740,hallucinated,1
wahm_272,msa,direct,allam,arabic_centric,ما هو خفاش الفاكهة المصري؟,نوع من خفافيش فاكهة العالم القديم من فصيلة الخفافيش الكبيرة (خفافيش الفاكهة) من رتبة الخفاشيات,"الخفاش المصري أو خفاش الفاكهة المصري هو نوع من الخفافيش ينتمي إلى فصيلة الخفافيش الكبيرة آكلة الفواكه. يُعرف علمياً باسم ""Rousettus aegyptiacus"". يتميز هذا النوع من الخفافيش بحجمه الكبير مقارنةً بأنواع الخفافيش الأخرى، حيث يبلغ طول جسمه حوالي 15 إلى 20 سنتيمتراً، مع جناحين يمكن أن يصل طولهما إلى 40 سنتيمتراً.

يعيش الخفاش المصري في المناطق الصحراوية والجافة في أفريقيا، بما في ذلك مصر، حيث يُعتبر من الأنواع الشائعة في هذه المناطق. يتغذى هذا الخفاش بشكل رئيسي على الفواكه، مما يجعله يلعب دوراً مهماً في نشر البذور في البيئة المحيطة به، وبالتالي يساهم في الحفاظ على التنوع البيولوجي.

يُعتبر الخفاش المصري من الأنواع الليلية، حيث يخرج للبحث عن الطعام في الليل، ويعود إلى أعشاشه خلال النهار للراحة. أعشاشه غالباً ما تكون في الكهوف أو الشقوق الصخرية، وأحياناً في المباني المهجورة.

من الجدير بالذكر أن الخفافيش بشكل عام، بما في ذلك الخفاش المصري، تلعب دوراً بيئياً مهماً من خلال تلقيح الأزهار ونشر البذور، مما يساعد في الحفاظ على النظم البيئية الزراعية والطبيعية.",,humain-ai/ALLaM-7B-Instruct-preview,0.0,humain-ai/ALLaM-7B-Instruct-preview,,2026-08-16T19:09:09+00:00,,0.500,defer,,0.979512,hallucinated,1
wahm_273,msa,direct,allam,arabic_centric,كم يبلغ طول الحدود الأردنية مع اسرائيل؟,238 كيلومترًا,يبلغ طول الحدود الأردنية مع إسرائيل حوالي 746 كيلومتر، وهي أطول حدود الأردن مع الدول المجاورة. تمتد هذه الحدود من الشمال الغربي للأردن، وتشمل مناطق مثل وادي عربة، وهي منطقة جغرافية تمتد على طول الحدود بين الأردن وإسرائيل. هذه الحدود هي جزء من الاتفاقيات الدولية التي تهدف إلى تحقيق السلام والاستقرار في المنطقة، مع التركيز على التعاون الاقتصادي والأمني بين البلدين.,,humain-ai/ALLaM-7B-Instruct-preview,0.0,humain-ai/ALLaM-7B-Instruct-preview,,2026-08-16T19:09:10+00:00,,0.000,hallucinated,,,hallucinated,1
wahm_274,msa,direct,allam,arabic_centric,ما هي اقدم المدن المغربية؟,فاس,مدينة فاس هي أقدم مدينة في المغرب، تأسست في عام 808 ميلادي على يد إدريس الثاني، وهي تُعتبر من أقدم المدن في العالم الإسلامي، حيث كانت مركزًا علميًا وثقافيًا مهمًا. أتمنى أن تكون هذه الإجابة مفيدة لك.,,humain-ai/ALLaM-7B-Instruct-preview,0.0,humain-ai/ALLaM-7B-Instruct-preview,,2026-08-16T19:09:11+00:00,,1.000,clean,,,clean,0
wahm_275,msa,direct,allam,arabic_centric,كم تبلغ مساحة رومانيا؟,"238,391 كم مربع","رومانيا هي دولة تقع في جنوب شرق أوروبا، وهي واحدة من الدول التي كانت جزءًا من الاتحاد السوفيتي السابق. تبلغ مساحة رومانيا حوالي 291,390 كيلومتر مربع، مما يجعلها واحدة من أكبر الدول في أوروبا من حيث المساحة.

رومانيا تتميز بتنوع جغرافي كبير، حيث تشمل جبال الكاربات، والسهول الواسعة، والأنهار الكبيرة مثل نهر الدانوب، الذي يمر عبر أراضيها ويشكل جزءًا كبيرًا من حدودها مع بلغاريا. كما أن رومانيا تحتوي على العديد من البحيرات والغابات الكثيفة، مما يجعلها وجهة سياحية مميزة لعشاق الطبيعة والمغامرات.

بالإضافة إلى ذلك، تتمتع رومانيا بتاريخ طويل وعريق، حيث كانت جزءًا من الإمبراطورية الرومانية في العصور القديمة، ثم شهدت فترات من الحكم العثماني والنمساوي، وأخيرًا أصبحت جمهورية مستقلة في عام 1918.

رومانيا اليوم هي دولة ذات اقتصاد متنامٍ وثقافة غنية، وهي معروفة بتراثها الثقافي العريق، بما في ذلك الأدب والفنون والموسيقى، بالإضافة إلى المأكولات التقليدية اللذيذة.",,humain-ai/ALLaM-7B-Instruct-preview,0.0,humain-ai/ALLaM-7B-Instruct-preview,,2026-08-16T19:09:13+00:00,,0.250,defer,,0.022667,clean,0
wahm_276,msa,direct,allam,arabic_centric,من هو النبي سليمان ؟,هو أحد ملوك مملكة إسرائيل حسب الوارد في سفر الملوك الأول وسفر أخبار الأيام الأول,"النبي سليمان عليه السلام هو أحد الأنبياء الذين أرسلهم الله تعالى إلى بني إسرائيل، وقد ورد ذكره في القرآن الكريم في عدة سور، منها سورة الأنبياء، وسورة النمل، وسورة ص. كان النبي سليمان عليه السلام معروفاً بحكمته وعدله، وقد منحه الله تعالى ملكاً عظيماً لم يُعطَ لأحد من بعده، حيث سخر الله له الريح تجري بأمره، والجن يعملون في الأرض، والطير والحيوانات.

وقد اشتهر النبي سليمان عليه السلام بحكمته في حل القضايا المعقدة، كما في قصة ملكة سبأ التي جاءت إليه خاضعة بعد أن رأت عظمة ملكه. وقد كان النبي سليمان عليه السلام يدعو الناس إلى عبادة الله وحده، وينهاهم عن الشرك، ويحثهم على اتباع تعاليم الدين الإسلامي.

وقد توفي النبي سليمان عليه السلام بعد حياة حافلة بالدعوة إلى الله، وترك أثراً عظيماً في تاريخ الإسلام.",,humain-ai/ALLaM-7B-Instruct-preview,0.0,humain-ai/ALLaM-7B-Instruct-preview,,2026-08-16T19:09:16+00:00,,0.286,defer,,0.052524,clean,0
wahm_277,msa,direct,allam,arabic_centric,ما هو النيتروغليسرين ؟,مادة سائلة زيتية لا لون لها، وهي شديدة الحساسية للصدمات والارتجاج، شديدة الانفجار وهي أساس مركب الديناميت,"النيتروغليسرين هو مركب كيميائي يُستخدم بشكل رئيسي في الطب لعلاج الذبحة الصدرية، وهي حالة تتسبب في ألم في الصدر نتيجة نقص تدفق الدم إلى عضلة القلب. يُستخدم النيتروغليسرين تحت اللسان أو على شكل أقراص تحت اللسان، حيث يُمتص بسرعة في الدم ويُقلل من الألم عن طريق توسيع الأوعية الدموية في القلب.

من الناحية الكيميائية، النيتروغليسرين هو مركب عضوي يحتوي على مجموعة نيترو (-NO2) مرتبطة بجزيء الجلسرين. صيغته الكيميائية هي C3H5N3O9. يُعتبر النيتروغليسرين مادة شديدة الانفجار، ولذلك يجب التعامل معه بحذر شديد، حيث يمكن أن ينفجر إذا تعرض للحرارة أو الضغط الشديدين.

يُستخدم النيتروغليسرين أيضًا في بعض التطبيقات الصناعية، مثل صناعة المتفجرات، ولكن هذا الاستخدام يتطلب إجراءات أمان صارمة نظرًا لخطورة المادة.

من المهم دائمًا استشارة الطبيب قبل استخدام أي دواء، بما في ذلك النيتروغليسرين، لضمان السلامة والفعالية.",,humain-ai/ALLaM-7B-Instruct-preview,0.0,humain-ai/ALLaM-7B-Instruct-preview,,2026-08-16T19:09:18+00:00,,0.667,defer,,0.221805,clean,0
wahm_278,msa,direct,allam,arabic_centric,ما هي مناورة فالين؟,"اختبار تشخيصي لمتلازمة النفق الرسغي, اختبار تشخيصي لمتلازمة النفق الرسغي،[1] اكتشفه طبيب عظام أمريكي يدعى جورج فالين","مناورة فالين هي تقنية تُستخدم في الطب لعلاج انسداد مجرى الهواء العلوي بسبب اللسان الكبير الذي يدفع إلى الخلف في الحلق، مما يعيق التنفس. تُعرف هذه الحالة طبيًا باسم ""لسان المزمار"". تُستخدم هذه المناورة عادةً في حالات الطوارئ عندما يكون الطفل أو البالغ غير قادر على التنفس بشكل طبيعي.

إليك كيفية تنفيذ مناورة فالين:
1. **الوضعية**: يجب أن يكون الشخص مستلقيًا على ظهره.
2. **رفع الذقن**: يتم رفع الذقن بلطف باستخدام الإبهام والسبابة، مع الضغط على الذقن نحو الصدر.
3. **فتح الفم**: يتم فتح الفم بشكل واسع.
4. **إدخال الإصبع**: يتم إدخال إصبع السبابة أو الوسطى في الفم، مع التأكد من أن الإصبع لا يلامس اللسان أو سقف الفم.
5. **رفع اللسان**: يتم رفع اللسان بلطف إلى الأعلى والخارج باستخدام الإصبع، مما يفتح مجرى الهواء ويسمح بالتنفس.

تُعتبر هذه المناورة إجراءً طارئًا يجب تنفيذه بسرعة لتجنب الاختناق أو نقص الأكسجين. من المهم أن يتم تنفيذ هذه المناورة بواسطة شخص مدرب على الإسعافات الأولية أو من قبل الأطباء في الحالات الطارئة.

من المهم أيضًا أن يكون الشخص الذي يقوم بتنفيذ هذه المناورة على دراية بالمخاطر المحتملة، مثل العض أو الإصابة، وأن يكون مستعدًا للتعامل مع أي مضاعفات قد تحدث.",,humain-ai/ALLaM-7B-Instruct-preview,0.0,humain-ai/ALLaM-7B-Instruct-preview,,2026-08-16T19:09:22+00:00,,0.250,defer,,0.393174,clean,0
wahm_279,msa,direct,allam,arabic_centric,ما هي فوائد الصيام ؟,حسية ومعنوية,"فوائد الصيام كثيرة، منها ما هو روحي ومنها ما هو صحي، ومن الفوائد الصحية للصيام:
• تقوية جهاز المناعة:
يؤدي الصيام إلى تقوية جهاز المناعة، حيث يساعد على التخلص من السموم المتراكمة في الجسم، مما يعزز مناعة الجسم ضد الأمراض.
• تحسين صحة الجهاز الهضمي:
يساعد الصيام على تحسين صحة الجهاز الهضمي، حيث يمنح الجهاز الهضمي فترة راحة، مما يساعد على تحسين عملية الهضم والامتصاص.
• خفض مستويات السكر في الدم:
يساعد الصيام على خفض مستويات السكر في الدم، مما يساعد على تحسين حساسية الجسم للأنسولين، وبالتالي تقليل خطر الإصابة بمرض السكري.
• خفض مستويات الكوليسترول الضار:
يساعد الصيام على خفض مستويات الكوليسترول الضار في الدم، مما يقلل من خطر الإصابة بأمراض القلب.
• تحسين صحة القلب:
يساعد الصيام على تحسين صحة القلب، حيث يقلل من خطر الإصابة بأمراض القلب، مثل: ارتفاع ضغط الدم، وتصلب الشرايين.
• تحسين صحة الدماغ:
يساعد الصيام على تحسين صحة الدماغ، حيث أظهرت الدراسات أن الصيام يمكن أن يحسن الذاكرة، ويزيد من إنتاج الخلايا العصبية الجديدة في الدماغ.
• تحسين صحة الجلد:
يساعد الصيام على تحسين صحة الجلد، حيث يمكن أن يقلل من حب الشباب، ويحسن من مظهر البشرة.
• تحسين صحة العظام:
يساعد الصيام على تحسين صحة العظام، حيث يمكن أن يقلل من خطر الإصابة بهشاشة العظام.
• تحسين صحة الكلى:
يساعد الصيام على تحسين صحة الكلى، حيث يمكن أن يقلل من خطر الإصابة بأمراض الكلى.
• تحسين صحة الكبد:
يساعد الصيام على تحسين صحة الكبد، حيث يمكن أن يقلل من خطر الإصابة بأمراض الكبد.
• تحسين صحة الجهاز التنفسي:
يساعد الصيام على تحسين صحة الجهاز التنفسي، حيث يمكن أن يقلل من خطر الإصابة بأمراض الجهاز التنفسي، مثل: الربو.
• تحسين صحة الجهاز التناسلي:
يساعد الصيام على تحسين صحة الجهاز التناسلي، حيث يمكن أن يحسن من الخصوبة لدى الرجال والنساء.
• تحسين صحة الجهاز البولي:
يساعد الصيام على تحسين صحة الجهاز البولي، حيث يمكن أن يقلل من خطر الإصابة بأمراض الجهاز البولي.
• تحسين صحة الجهاز اللمفاوي:
يساعد الصيام على تحسين صحة الجهاز اللمفاوي، حيث يمكن أن يقلل من خطر الإصابة بأمراض الجهاز اللمفاوي.
• تحسين صحة الجهاز اللمفاوي:
يساعد الصيام على تحسين صحة الجهاز اللمفاوي، حيث يمكن أن يقلل من خطر الإصابة بأمراض الجهاز اللمفاوي.
• تحسين صحة الجهاز اللمفاوي:
يساعد الصيام على تحسين صحة الجهاز اللمفاوي، حيث يمكن أن يقلل من خطر الإصابة بأمراض",,humain-ai/ALLaM-7B-Instruct-preview,0.0,humain-ai/ALLaM-7B-Instruct-preview,,2026-08-16T19:09:28+00:00,,0.000,hallucinated,,,hallucinated,1
wahm_280,msa,direct,allam,arabic_centric,من ماذا يتكون حجرالرخام؟,الكالسيت النقي جداً,يتكون الرخام من الحجر الجيري الذي تعرض لضغط وحرارة عاليين، مما أدى إلى إعادة تبلور كربونات الكالسيوم المكونة له، مما يعطيه مظهرًا أكثر لمعانًا ومتانة. يتكون الرخام من بلورات الكالسيت أو الدولوميت، وغالبًا ما يحتوي على شوائب من المعادن الأخرى التي تعطيه ألوانًا وأنماطًا متنوعة. الرخام هو صخر متحول يستخدم على نطاق واسع في البناء والنحت، نظرًا لجماله ومتانته.,,humain-ai/ALLaM-7B-Instruct-preview,0.0,humain-ai/ALLaM-7B-Instruct-preview,,2026-08-16T19:09:30+00:00,,0.333,defer,,0.093684,clean,0
wahm_281,msa,direct,allam,arabic_centric,من هو ثروت عكاشة؟,"وزيرا للثقافة ونائب رئيس الوزراء المصري سابقا, كان وزيرا للثقافة ونائب رئيس الوزراء المصري سابقا",ثروت عكاشة هو أحد أبرز الشخصيات في تاريخ الثقافة المصرية، حيث شغل منصب وزير الثقافة في مصر خلال فترة مهمة من تاريخ البلاد. كان له دور كبير في تطوير الثقافة والفنون في مصر، وساهم في إنشاء العديد من المؤسسات الثقافية والفنية التي لا تزال تلعب دورًا بارزًا حتى اليوم.,,humain-ai/ALLaM-7B-Instruct-preview,0.0,humain-ai/ALLaM-7B-Instruct-preview,,2026-08-16T19:09:30+00:00,,0.125,defer,,0.023347,clean,0
wahm_282,msa,direct,allam,arabic_centric,من الشركة التي أنتجت فيلم الكرتون مدغشقر 1؟,دريم ووركس أنيمايشن,"أهلاً وسهلاً! فيلم الكرتون ""مدغشقر"" هو من الأفلام الشهيرة التي أحبها الكثيرون. الشركة التي أنتجت الجزء الأول من هذا الفيلم هي شركة دريم ووركس أنيميشن (DreamWorks Animation). دريم ووركس أنيميشن هي واحدة من الشركات الرائدة في مجال إنتاج أفلام الرسوم المتحركة، وقد قدمت العديد من الأفلام الناجحة التي لاقت إعجاب الجمهور حول العالم. هل تود معرفة المزيد عن هذا الفيلم أو عن شركة دريم ووركس أنيميشن؟",,humain-ai/ALLaM-7B-Instruct-preview,0.0,humain-ai/ALLaM-7B-Instruct-preview,,2026-08-16T19:09:31+00:00,,0.667,defer,,0.985133,hallucinated,1
wahm_283,msa,direct,allam,arabic_centric,ما هي الإسلاموية؟,"مصطلح سياسي وإعلامي وأكاديمي استخدم لتوصيف حركات تغيير سياسية تؤمن بالإسلام باعتباره ""نظاما سياسيا للحكم"", مصطلح سياسي وإعلامي وأكاديمي استخدم لتوصيف حركات تغيير سياسية تؤمن بالإسلام باعتباره ""نظاما سياسيا للحكم""، ويستخدم هذا المصطلح من قبل المجموعات السياسية المناوئة للإسلاميين","الإسلاموية هي أيديولوجية سياسية تسعى إلى تطبيق الشريعة الإسلامية في جميع جوانب الحياة، بما في ذلك السياسة والاقتصاد والمجتمع. تُعتبر الإسلاموية حركة تسعى إلى إقامة دولة إسلامية، حيث تُطبق القوانين الإسلامية وتُدار الشؤون العامة وفقًا لتعاليم الدين الإسلامي.

الإسلاموية ليست مرادفة للإسلام كدين، بل هي تفسير معين للإسلام يسعى إلى تحقيق أهداف سياسية واجتماعية معينة. من أبرز الحركات الإسلاموية في التاريخ الحديث هي حركة الإخوان المسلمين، التي تأسست في مصر في عشرينيات القرن العشرين. هذه الحركة تسعى إلى تحقيق أهدافها من خلال العمل السياسي والاجتماعي، مع التركيز على التعليم والإصلاح الاجتماعي.

الإسلاموية تعتمد على مجموعة من المبادئ الأساسية، منها:

1. **القرآن والسنة**: كمصدرين أساسيين للتشريع الإسلامي.
2. **الاجتهاد**: وهو عملية استنباط الأحكام الشرعية من النصوص الدينية.
3. **المصلحة العامة**: وهي تحقيق الخير للمجتمع الإسلامي.
4. **العدالة الاجتماعية**: وهي من القيم الأساسية في الإسلام.

الإسلاموية تسعى إلى تحقيق العدالة الاجتماعية والمساواة بين جميع أفراد المجتمع، مع التركيز على القيم الإسلامية مثل الصدق والأمانة والعمل الجاد. كما أنها تدعو إلى الوحدة بين المسلمين، وتعمل على تعزيز التعاون والتضامن بين الدول الإسلامية.

من المهم أن نفهم أن الإسلاموية هي حركة سياسية تسعى إلى تحقيق أهداف معينة، وهي جزء من الحوار الفكري والديني المستمر في المجتمعات الإسلامية. الإسلام كدين يدعو إلى السلام والتسامح والعدالة، ويحث على الحوار البناء والتعاون بين جميع أفراد المجتمع.",,humain-ai/ALLaM-7B-Instruct-preview,0.0,humain-ai/ALLaM-7B-Instruct-preview,,2026-08-16T19:09:35+00:00,,0.133,defer,,0.036376,clean,0
wahm_284,msa,direct,allam,arabic_centric,في أي عام تم إنتاج فيلم غلين أو غليندا؟,1953,"تم إنتاج فيلم ""غلين أو غليندا"" (Glenn or Glenda) في عام 1955. هذا الفيلم القصير هو من إخراج إدوارد دي وود جونيور، ويُعتبر واحدًا من أشهر أفلامه، على الرغم من جودته المنخفضة. الفيلم يتناول قصة رجل يُدعى غلين الذي يحاول التحول إلى امرأة، وهو موضوع غير تقليدي في ذلك الوقت.

إدوارد دي وود جونيور هو مخرج أفلام أمريكي اشتهر بأفلامه ذات الجودة المنخفضة، والتي أصبحت موضوعًا للسخرية والنكات. فيلم ""غلين أو غليندا"" يُعتبر من بين الأفلام التي تُظهر مدى إبداع وود في تقديم قصص غير تقليدية بأسلوبه الخاص.",,humain-ai/ALLaM-7B-Instruct-preview,0.0,humain-ai/ALLaM-7B-Instruct-preview,,2026-08-16T19:09:37+00:00,,0.000,hallucinated,,,hallucinated,1
wahm_285,msa,direct,allam,arabic_centric,أين أنشئ مركز جويانا للفضاء؟,"بالقرب من كورو في جويانا الفرنسية على ساحل المحيط الأطلسي بأمريكا الجنوبية, جويانا الفرنسية على ساحل المحيط الأطلسي بأمريكا الجنوبية","أنشئ مركز جويانا للفضاء في جويانا الفرنسية، وهي إحدى الدول الخمس المكونة للاتحاد الفرنسي، وتقع في شمال شرق أمريكا الجنوبية، وتطل على المحيط الأطلسي، وتبلغ مساحتها 214,962 كم2، ويبلغ عدد سكانها 770,000 نسمة، وعاصمتها مدينة كايين، وعملتها الرسمية اليورو، ونظام الحكم فيها جمهوري، واللغة الرسمية فيها هي اللغة الفرنسية، كما أن جويانا الفرنسية تعد من أكثر المناطق كثافة سكانية في أمريكا الجنوبية، حيث يبلغ عدد السكان فيها 27 نسمة لكل كم2.

أتمنى أن تكون إجابتي مفيدة.",,humain-ai/ALLaM-7B-Instruct-preview,0.0,humain-ai/ALLaM-7B-Instruct-preview,,2026-08-16T19:09:38+00:00,,0.875,defer,,0.019586,clean,0
wahm_286,msa,direct,allam,arabic_centric,كم تبعد سبيطلة على  مركز ولاية القصرين؟,33 كم,تبعد سبيطلة على مركز ولاية القصرين حوالي 25 كم، وهي تقع في الشمال الغربي للولاية، وتحدها من الشمال الغربي ولاية الكاف، ومن الجنوب الغربي ولاية سيدي بوزيد، ومن الشرق ولاية القيروان، ومن الغرب ولاية سليانة، وهي منطقة جبلية، حيث تقع على ارتفاع 1000 متر عن سطح البحر، كما أنها منطقة زراعية، حيث تشتهر بزراعة الحبوب، والزيتون، والعنب، والتين، كما أنها منطقة سياحية، حيث تحتوي على العديد من المواقع الأثرية، مثل: موقع عين الخرايب، وموقع عين جلود، وموقع عين الأجم، وموقع عين السرجة، وموقع عين السهله، وموقع عين السهله 2، وموقع عين السهله 3، وموقع عين السهله 4، وموقع عين السهله 5، وموقع عين السهله 6، وموقع عين السهله 7، وموقع عين السهله 8، وموقع عين السهله 9، وموقع عين السهله 10، وموقع عين السهله 11، وموقع عين السهله 12، وموقع عين السهله 13، وموقع عين السهله 14، وموقع عين السهله 15، وموقع عين السهله 16، وموقع عين السهله 17، وموقع عين السهله 18، وموقع عين السهله 19، وموقع عين السهله 20، وموقع عين السهله 21، وموقع عين السهله 22، وموقع عين السهله 23، وموقع عين السهله 24، وموقع عين السهله 25، وموقع عين السهله 26، وموقع عين السهله 27، وموقع عين السهله 28، وموقع عين السهله 29، وموقع عين السهله 30، وموقع عين السهله 31، وموقع عين السهله 32، وموقع عين السهله 33، وموقع عين السهله 34، وموقع عين السهله 35، وموقع عين السهله 36، وموقع عين السهله 37، وموقع عين السهله 38، وموقع عين السهله 39، وموقع عين السهله 40، وموقع عين السهله 41، وموقع عين السهله 42، وموقع عين السهله 43، وموقع عين السهله 44، وموقع عين السهله 45، وموقع عين السهله 46، وموقع عين السهله 47، وموقع عين السهله 48، وموقع عين السهله 49، وموقع عين السهله,,humain-ai/ALLaM-7B-Instruct-preview,0.0,humain-ai/ALLaM-7B-Instruct-preview,,2026-08-16T19:09:45+00:00,,1.000,clean,,,clean,0
wahm_287,msa,direct,allam,arabic_centric,ماهو تعداد سكان إربد ؟,530 ألف نسمة,"تعداد سكان إربد يبلغ حوالي 1.4 مليون نسمة، مما يجعلها ثاني أكبر مدينة في الأردن من حيث عدد السكان. هذه الكثافة السكانية تجعل من إربد مركزًا حيويًا للنشاط الاقتصادي والاجتماعي في المنطقة، حيث تضم العديد من المؤسسات التعليمية والصحية، بالإضافة إلى الأسواق التجارية والمرافق العامة.

كما أن إربد تتميز بتنوعها الثقافي والاجتماعي، حيث يعيش فيها سكان من مختلف الأصول، مما يعزز من روح التعاون والتعايش السلمي بين مختلف الفئات. هذا التنوع الثقافي يعكس تاريخ المدينة العريق ودورها في تشكيل الهوية الوطنية الأردنية.

إضافة إلى ذلك، تُعد إربد مركزًا زراعيًا مهمًا، حيث تشتهر بإنتاج العديد من المحاصيل الزراعية مثل الزيتون والحمضيات، مما يسهم في تعزيز الاقتصاد المحلي. كما أن المدينة تتمتع بتراث ثقافي غني، يشمل العديد من المواقع الأثرية التي تعكس تاريخها العريق، مثل قلعة عجلون.

بفضل هذه العوامل، تظل إربد واحدة من أهم المدن في الأردن، حيث تسهم في تعزيز التنمية المستدامة وتحقيق الاستقرار الاجتماعي والاقتصادي في المنطقة.",,humain-ai/ALLaM-7B-Instruct-preview,0.0,humain-ai/ALLaM-7B-Instruct-preview,,2026-08-16T19:09:47+00:00,,0.333,defer,,0.472580,clean,0
wahm_288,msa,direct,allam,arabic_centric,متى اكتشف الإنسان الزراعة؟,"منذ 10.000 سنة, عصر ما قبل التاريخ","لم يتم تحديد تاريخ محدد لاكتشاف الزراعة من قبل الإنسان، ولكن يُعتقد أن الزراعة بدأت في مناطق مختلفة من العالم في فترات زمنية متفاوتة، حيث يُقدر أن الزراعة بدأت منذ حوالي 10,000 سنة قبل الميلاد في مناطق مثل الهلال الخصيب في الشرق الأوسط. في هذه الفترة، بدأ الإنسان في زراعة المحاصيل وتربية الحيوانات، مما أدى إلى استقرار المجتمعات وتطور الحضارات.

الزراعة كانت خطوة كبيرة في تطور البشرية لأنها وفرت مصدرًا ثابتًا للغذاء، مما سمح بتكوين مجتمعات مستقرة وتطوير تقنيات جديدة مثل بناء المنازل والأدوات الزراعية. هذا التحول من حياة الصيد والجمع إلى حياة الزراعة كان له تأثير كبير على تطور الحضارات القديمة مثل الحضارة المصرية، السومرية، والبابلية.

لذا، يمكن القول إن اكتشاف الزراعة كان عملية تدريجية بدأت منذ آلاف السنين في مناطق مختلفة من العالم، ولم يتم تحديد تاريخ محدد عالميًا لهذا الاكتشاف.",,humain-ai/ALLaM-7B-Instruct-preview,0.0,humain-ai/ALLaM-7B-Instruct-preview,,2026-08-16T19:09:50+00:00,,1.000,clean,,,clean,0
wahm_289,msa,direct,allam,arabic_centric,من أسس علم نظرية الألعاب؟,إيمل بورل,أسس علم نظرية الألعاب عدد من العلماء، أبرزهم عالم الرياضيات النرويجي يوهان هيديسون ترول (1836-1900)، وعالم الرياضيات الأمريكي إدوارد لازير (1902-1990)، وعالم الرياضيات الأمريكي جون فون نويمان (1903-1957)، وعالم الرياضيات الأمريكي أوسكار مورجنشتيرن (1902-1973)، وعالم الرياضيات الأمريكي ألبرت أينشتاين (1879-1955)، وعالم الرياضيات الأمريكي جون ناش (1928-2015)، وعالم الرياضيات الأمريكي مارتن جاير (1928-2015)، وعالم الرياضيات الأمريكي جون كينغمان (1926-2015)، وعالم الرياضيات الأمريكي جون ناش (1928-2015)، وعالم الرياضيات الأمريكي جون كينغمان (1926-2015)، وعالم الرياضيات الأمريكي جون كينغمان (1926-2015)، وعالم الرياضيات الأمريكي جون كينغمان (1926-2015)، وعالم الرياضيات الأمريكي جون كينغمان (1926-2015)، وعالم الرياضيات الأمريكي جون كينغمان (1926-2015)، وعالم الرياضيات الأمريكي جون كينغمان (1926-2015)، وعالم الرياضيات الأمريكي جون كينغمان (1926-2015)، وعالم الرياضيات الأمريكي جون كينغمان (1926-2015)، وعالم الرياضيات الأمريكي جون كينغمان (1926-2015)، وعالم الرياضيات الأمريكي جون كينغمان (1926-2015)، وعالم الرياضيات الأمريكي جون كينغمان (1926-2015)، وعالم الرياضيات الأمريكي جون كينغمان (1926-2015)، وعالم الرياضيات الأمريكي جون كينغمان (1926-2015)، وعالم الرياضيات الأمريكي جون كينغمان (1926-2015)، وعالم الرياضيات الأمريكي جون كينغمان (1926-2015)، وعالم الرياضيات الأمريكي جون كينغمان (1926-2015)، وعالم الرياضيات الأمريكي جون كينغمان (1926-2015)، وعالم الرياضيات الأمريكي جون كينغمان (1926-2015)، وعالم الرياضيات الأمريكي جون كينغمان (1926-20,,humain-ai/ALLaM-7B-Instruct-preview,0.0,humain-ai/ALLaM-7B-Instruct-preview,,2026-08-16T19:09:56+00:00,,0.000,hallucinated,,,hallucinated,1
wahm_290,msa,direct,allam,arabic_centric,متى أسس ارماني علامته التجارية الخاصة ” جورجو ارماني ”؟,1975,أسس جورجو أرماني علامته التجارية الخاصة في عام 1975، حيث بدأ مسيرته في عالم الأزياء من خلال تقديم تصاميم مبتكرة تجمع بين الأناقة والبساطة. وقد حقق نجاحًا كبيرًا منذ البداية، حيث تميزت تصاميمه بالخطوط النظيفة والألوان الهادئة، مما جعله يحظى بتقدير واسع في عالم الموضة. وقد ساهمت هذه البدايات في ترسيخ مكانته كأحد أبرز المصممين في إيطاليا والعالم.,,humain-ai/ALLaM-7B-Instruct-preview,0.0,humain-ai/ALLaM-7B-Instruct-preview,,2026-08-16T19:09:57+00:00,,1.000,clean,,,clean,0
wahm_291,msa,direct,allam,arabic_centric,ما هو النَظْم تَحْتَ اليومي؟,"نظم بمدة أطول من مدة النظم اليومي، وهذا يعني تكرارًا أقل من دورة واحدة في 28 ساعة،[1] مثل الطمث أو الحضانة أو المد والجزر أو النُظُم الموسمية, نظم بمدة أطول من مدة النظم اليومي، وهذا يعني تكرارًا أقل من دورة واحدة في 28 ساعة","النَظْم تَحْتَ اليومي هو نظام إدارة الوقت الذي يركز على تقسيم اليوم إلى فترات زمنية قصيرة، عادةً ما تكون كل فترة 30 دقيقة، مما يسمح بإدارة الوقت بشكل أكثر دقة وفعالية. هذا النظام يساعد الأفراد على التركيز على المهام اليومية بشكل أكثر تنظيمًا، ويقلل من احتمالية التشتت بسبب المهام غير المهمة أو غير المخطط لها.

النظام اليومي التقليدي قد يكون غير فعال في بعض الأحيان، حيث يمكن أن تتراكم المهام الصغيرة غير المكتملة، مما يؤدي إلى الشعور بالإرهاق وعدم القدرة على التركيز على المهام الأكثر أهمية. على سبيل المثال، إذا كان لديك مهمة تحتاج إلى 30 دقيقة لإكمالها، فإن تقسيم اليوم إلى فترات زمنية قصيرة يمكن أن يساعدك على تخصيص وقت محدد لهذه المهمة، مما يزيد من إنتاجيتك ويقلل من التوتر.

النظام اليومي تحت اليومي يمكن أن يكون مفيدًا بشكل خاص في البيئات التي تتطلب تركيزًا عاليًا، مثل العمل في المكاتب أو الدراسة، حيث يمكن أن يساعدك على تحقيق أهدافك بشكل أكثر فعالية. كما أنه يعزز من القدرة على إدارة الوقت بشكل أفضل، مما يؤدي إلى تحسين الأداء وزيادة الإنتاجية.

بشكل عام، النظام اليومي تحت اليومي هو أداة فعالة لتحسين إدارة الوقت وزيادة الإنتاجية، حيث يساعد الأفراد على التركيز على المهام الأكثر أهمية وإكمالها بكفاءة.",,humain-ai/ALLaM-7B-Instruct-preview,0.0,humain-ai/ALLaM-7B-Instruct-preview,,2026-08-16T19:10:00+00:00,,0.429,defer,,0.822642,hallucinated,1
wahm_292,msa,direct,allam,arabic_centric,كم تبلغ مساحة مدينة ليفربول؟,111.84,"تبلغ مساحة مدينة ليفربول حوالي 111 كيلومتر مربع، وهي تقع في شمال غرب إنجلترا، وتُعد واحدة من المدن التاريخية الهامة في المملكة المتحدة. تشتهر ليفربول بتاريخها العريق في مجال الموسيقى والثقافة، وهي موطن لناديي ليفربول وإيفرتون لكرة القدم، بالإضافة إلى العديد من المعالم السياحية مثل متحف ليفربول العالمي، وملعب أنفيلد، وكاتدرائية ليفربول.

تتميز ليفربول بتنوعها الثقافي الكبير، حيث تستقبل العديد من الزوار من مختلف أنحاء العالم، مما يجعلها وجهة سياحية مميزة. كما أن المدينة تلعب دورًا مهمًا في الاقتصاد المحلي من خلال قطاعات مثل التجارة، والخدمات، والصناعة، مما يساهم في تعزيز التنمية المستدامة في المنطقة.

بهذا، تُعتبر مدينة ليفربول واحدة من المدن التي تجمع بين التاريخ العريق والحداثة، مما يجعلها وجهة مميزة للسياح والباحثين عن تجربة ثقافية غنية.",,humain-ai/ALLaM-7B-Instruct-preview,0.0,humain-ai/ALLaM-7B-Instruct-preview,,2026-08-16T19:10:02+00:00,,0.500,defer,,0.017906,clean,0
wahm_293,msa,direct,allam,arabic_centric,من هو عبد الله بن عباس؟,"صحابي جليل، وابن عم النبي محمد، حبر الأمة و<b data-parsoid='{""dsr"":[1691,1703","عبد الله بن عباس هو حبر الأمة وترجمان القرآن، ابن عم رسول الله صلى الله عليه وسلم، أبو العباس عبد الله بن عباس بن عبد المطلب بن هاشم، الهاشمي القرشي. كان ابن عم رسول الله صلى الله عليه وسلم، حبر الأمة وترجمان القرآن، دعا له النبي صلى الله عليه وسلم بالحكمة، وهو أحد المكثرين من الرواية عن النبي صلى الله عليه وسلم، ومن كبار علماء الصحابة، ومن أشهر مفسري القرآن الكريم في عصر الصحابة. كان ابن عباس رضي الله عنه من أهل العلم، وكان من المكثرين في الفتيا، حتى قيل إنه لم يكن أحد على وجه الأرض أعلم منه في زمانه، وكان عمر بن الخطاب رضي الله عنه يقدمه مع الأشياخ، وهم أصحاب رسول الله صلى الله عليه وسلم. وكان عمر رضي الله عنه إذا جاءته الأقضية المعضلة قال لابن عباس: ""اجلس يا ابن عباس، ففكر ساعة""، فيفكر ابن عباس رضي الله عنه ثم يخرج لهم الجواب. وكان عمر رضي الله عنه يقول له: ""غص يا غواص"". وكان عمر رضي الله عنه يقول: ""دعني يا ابن عباس، أنا أعلم بالجد منك"". وكان ابن عباس رضي الله عنه يقول: ""أنا أسن من عمر، وأبى أسن من أبي بكر"". وكان عمر رضي الله عنه يقول: ""ابن عباس فتى الكهول، له لسان سؤول، وقلب عقول"". وكان عمر رضي الله عنه يقول: ""ابن عباس أفقه الناس"". وكان عمر رضي الله عنه يقول: ""عجزت النساء أن يلدن مثل ابن عباس"". وكان عمر رضي الله عنه يقول: ""اللهم فقهه في الدين وعلمه التأويل"". وكان عمر رضي الله عنه يقول: ""اللهم زده علما وفقها"". وكان عمر رضي الله عنه يقول: ""اللهم إني أشهدك على أمير المؤمنين أني سمعت منه في ابن عباس ما لم أسمع في أحد"". وكان عمر رضي الله عنه يقول: ""اللهم إني أشهدك على أمير المؤمنين أني سمعت منه في ابن عباس ما لم أسمع في أحد"". وكان عمر رضي الله عنه يقول: ""اللهم إني أشهدك على أمير المؤمنين أني سمعت منه في ابن عباس ما لم أسمع في أحد"". وكان عمر رضي الله عنه يقول: ""اللهم إني أشهدك على أمير المؤمنين أني سمعت منه في ابن عباس ما لم أسمع في أحد"". وكان عمر رضي الله عنه يقول: ""اللهم إني أشهدك على أمير المؤمنين أني سمعت منه في ابن عباس ما لم أسمع في أحد"". وكان عمر رضي الله عنه يقول: ""اللهم إني أشهدك على أمير المؤمنين أني سمعت منه في ابن عباس ما لم أسمع في أحد"". وكان عمر رضي الله عنه يقول: ""اللهم إني أشهدك على أمير المؤمنين أني سمعت منه في ابن عباس",,humain-ai/ALLaM-7B-Instruct-preview,0.0,humain-ai/ALLaM-7B-Instruct-preview,,2026-08-16T19:10:09+00:00,,0.750,defer,,0.082518,clean,0
wahm_294,msa,direct,allam,arabic_centric,ما هي العملة الرسمية في الفلبين ؟,البيزو الفلبيني,البيزو الفلبيني,,humain-ai/ALLaM-7B-Instruct-preview,0.0,humain-ai/ALLaM-7B-Instruct-preview,,2026-08-16T19:10:09+00:00,,1.000,clean,,,clean,0
wahm_295,msa,direct,allam,arabic_centric,ما هو الإسفنج المهبلي؟,إحدى وسائل تحديد النسل,"الإسفنج المهبلي هو وسيلة منع حمل غير هرمونية تُستخدم داخل المهبل. تُصنع هذه الإسفنجة من مادة مرنة تُملأ بمادة هلامية تحتوي على هرمون البروجستين. عند إدخال الإسفنجة في المهبل، تُغطي عنق الرحم، مما يمنع الحيوانات المنوية من الوصول إلى البويضة وحدوث الإخصاب.

تُعتبر الإسفنجة المهبلية وسيلة منع حمل فعالة إذا تم استخدامها بشكل صحيح، حيث يمكن أن تكون فعالة بنسبة تصل إلى $95\%$. ومع ذلك، يجب استخدامها بانتظام وبشكل صحيح، حيث أن عدم الالتزام بالتعليمات يمكن أن يقلل من فعاليتها. من المهم أيضًا إزالة الإسفنجة بعد 24 ساعة من الجماع لتجنب أي تهيج أو عدوى.

الإسفنج المهبلي له بعض المزايا، منها أنه لا يتطلب وصفة طبية، ويمكن استخدامه من قبل النساء اللاتي لا يستطعن استخدام وسائل منع الحمل الهرمونية، مثل حبوب منع الحمل أو اللولب. كما أنه لا يؤثر على الدورة الشهرية.

من المهم استشارة الطبيب أو الصيدلي قبل استخدام الإسفنجة المهبلية لضمان أنها الخيار المناسب لك، وللتأكد من كيفية استخدامها بشكل صحيح وآمن.",,humain-ai/ALLaM-7B-Instruct-preview,0.0,humain-ai/ALLaM-7B-Instruct-preview,,2026-08-16T19:10:12+00:00,,0.250,defer,,0.896017,hallucinated,1
wahm_296,msa,direct,allam,arabic_centric,متى تم صناعة اول اطار مطاطي ؟,1889,الجواب: عام 1845,,humain-ai/ALLaM-7B-Instruct-preview,0.0,humain-ai/ALLaM-7B-Instruct-preview,,2026-08-16T19:10:12+00:00,,0.000,hallucinated,,,hallucinated,1
wahm_297,msa,direct,allam,arabic_centric,كم عدد المحافظات في العراق؟,18,يبلغ عدد المحافظات في العراق 19 محافظة، وهي: بغداد، البصرة، أربيل، الأنبار، بابل، بغداد، البصرة، دهوك، ديالى، ذي قار، السليمانية، صلاح الدين، القادسية، المثنى، كركوك، كربلاء، ميسان، نينوى، واسط. تم تقسيم هذه المحافظات وفقًا لمعايير إدارية وجغرافية، حيث تشمل كل محافظة مجموعة من الأقضية والنواحي.,,humain-ai/ALLaM-7B-Instruct-preview,0.0,humain-ai/ALLaM-7B-Instruct-preview,,2026-08-16T19:10:13+00:00,,0.000,hallucinated,,,hallucinated,1
wahm_298,msa,direct,allam,arabic_centric,متى احتل الاكسوم اليمن؟,533م,احتل الأحباش اليمن في عام 340 م بقيادة أبرهة الأشرم، واستمر حكمهم حتى تمكن الفرس من السيطرة على اليمن، واستمر حكمهم حتى ظهور الإسلام، حيث اعتنق أهل اليمن الإسلام بعد هجرة الرسول صلى الله عليه وسلم إلى المدينة، وقد تمكن المسلمون من فتح اليمن في عهد الخليفة عمر بن الخطاب رضي الله عنه، واستمر حكم المسلمين لليمن حتى ظهور الدولة الصليحية في القرن الخامس الهجري. أرجو أن تكون إجابتي مفيدة.,,humain-ai/ALLaM-7B-Instruct-preview,0.0,humain-ai/ALLaM-7B-Instruct-preview,,2026-08-16T19:10:14+00:00,,0.000,hallucinated,,,hallucinated,1
wahm_299,msa,direct,allam,arabic_centric,متى توفي ألكسندرغراهام بيل؟,أغسطس 1922),توفي ألكسندر غراهام بيل في 2 أغسطس 1922. كان مخترعًا وعالمًا ومهندسًا اسكتلنديًا، ويُعتبر واحدًا من أبرز الشخصيات في تاريخ الاتصالات، حيث يُنسب إليه اختراع الهاتف.,,humain-ai/ALLaM-7B-Instruct-preview,0.0,humain-ai/ALLaM-7B-Instruct-preview,,2026-08-16T19:10:15+00:00,,1.000,clean,,,clean,0
