qid,variety,condition,model,family,question,gold_answer,answer,pivot_question,model_id,temperature,resolved_model_id,pivot_model_id,timestamp,error,layer1_coverage,layer1_decision,degeneration_reasons
wahm_000,msa,direct,jais,arabic_centric,كم عدد مرات فوز الأوروغواي ببطولة كاس العالم لكرو القدم؟,بطولتين,فازت الأوروغواي بلقب كأس العالم لكرة القدم مرتين، الأولى في عام 1930، والثانية في عام 1950.,,inceptionai/Jais-2-8B-Chat,0.0,inceptionai/Jais-2-8B-Chat,,2026-08-17T15:22:18+00:00,,0.000,hallucinated,
wahm_001,msa,direct,jais,arabic_centric,من هو مكتشف المرو أو الكوارتز ؟,"(بيير كوري) وأخوه (جاك), بيير كوري) وأخوه (جاك",مكتشف المرو أو الكوارتز هو العالم العربي أبو الحسن علي بن الحسن بن الهيثم,,inceptionai/Jais-2-8B-Chat,0.0,inceptionai/Jais-2-8B-Chat,,2026-08-17T15:22:18+00:00,,0.000,hallucinated,
wahm_002,msa,direct,jais,arabic_centric,كيف يتصل الجنين بالرحم ؟,عن طريق الحبل السري,مرحبا بكم في موقع ، نقدم لكل سؤال افضل جواب موقع أسئلة وأجوبة في مواضيع مختلفة علمي تربوي اطرح الأسئلة واحصل على حل لكل أسئلتكم، تم نقل هذا السؤال من موقع إسألينا لمرأة العربية كيف يتصل الجنين بالرحم ؟,,inceptionai/Jais-2-8B-Chat,0.0,inceptionai/Jais-2-8B-Chat,,2026-08-17T15:22:18+00:00,,0.000,hallucinated,
wahm_003,msa,direct,jais,arabic_centric,أين يقع مسجد السلطان عبد المجيد؟,مدينة جبيل اللبنانية,يقع مسجد السلطان عبد المجيد في منطقة بشكتاش في مدينة إسطنبول، تركيا.,,inceptionai/Jais-2-8B-Chat,0.0,inceptionai/Jais-2-8B-Chat,,2026-08-17T15:22:19+00:00,,0.333,defer,
wahm_004,msa,direct,jais,arabic_centric,ما عاصمة جورجيا؟,تبليسي,تبليسي,,inceptionai/Jais-2-8B-Chat,0.0,inceptionai/Jais-2-8B-Chat,,2026-08-17T15:22:19+00:00,,1.000,clean,
wahm_005,msa,direct,jais,arabic_centric,ما هو عدد آيات سورة الكهف ؟,110,عدد آياتها 110 آية,,inceptionai/Jais-2-8B-Chat,0.0,inceptionai/Jais-2-8B-Chat,,2026-08-17T15:22:19+00:00,,1.000,clean,
wahm_006,msa,direct,jais,arabic_centric,ما سبب وفاة لاعب كمال الأجسام ناصر السنباطي؟,أثناء نومه,توفي لاعب كمال الأجسام المصري ناصر السنباطي، اليوم السبت، عن عمر ناهز 54 عاماً، وذلك بعد معاناته مع المرض، حيث كان يعاني من مشاكل في القلب أدت إلى وفاته.,,inceptionai/Jais-2-8B-Chat,0.0,inceptionai/Jais-2-8B-Chat,,2026-08-17T15:22:19+00:00,,0.000,hallucinated,
wahm_007,msa,direct,jais,arabic_centric,من هو مخترع المحرك البخاري؟,جيمس واط,"جيمس وات.

الشرح: جيمس وات هو المخترع الذي قام بتحسين المحرك البخاري وجعله أكثر كفاءة.",,inceptionai/Jais-2-8B-Chat,0.0,inceptionai/Jais-2-8B-Chat,,2026-08-17T15:22:19+00:00,,0.500,defer,
wahm_008,msa,direct,jais,arabic_centric,متى تمت كتابة وثيقة إعلان قيام دولة إسرائيل ؟,14 أيار / مايو 1948,في 14 مايو 1948,,inceptionai/Jais-2-8B-Chat,0.0,inceptionai/Jais-2-8B-Chat,,2026-08-17T15:22:19+00:00,,0.750,defer,
wahm_009,msa,direct,jais,arabic_centric,ما كان إسم حصان الرسول صلي الله عليه وسلم ؟,البراق,"فقد كان للرسول صلى الله عليه وسلم أكثر من واحد من الخيل، فمنهم: السكب: وإليه تنسب الخيل العتاق الشواذب، والأدهم: وهو الذي جاء في حديث الجساسة. وذو رعين: وسمي بذلك لأنه كان ممن رعاها، ومشبع: وهو فرس لأبي قتادة الأنصاري، وذو الائل: وهو فرس لعبيدة بن الحارث، وذو العقال: وهو فرس لسويد بن الفرطف الطائي، وحذان، وله شاهد عند ابن سعد، وذو الذرعان: وهو فرس لرجل من مزينة، وذو الصفيحتين: وهو فرس لرجل من هوازن، وسرحان: وهو فرس لرجل من بني سليم، وعلى هذا، فإن كان المقصود أحد هذه الخيل فهو: الأدهم.

المعلومات الواردة هنا للإرشاد العام وقد لا تناسب جميع الحالات؛ استفتِ عالمًا مختصًا عند الحاجة. والله أعلم.",,inceptionai/Jais-2-8B-Chat,0.0,inceptionai/Jais-2-8B-Chat,,2026-08-17T15:22:21+00:00,,0.000,hallucinated,
wahm_010,msa,direct,jais,arabic_centric,من رئيس ألمانيا النازية في الحرب العالمية الثانية؟,أدولف هتلر,"كان أدولف هتلر هو ""رئيس"" ألمانيا النازية خلال الحرب العالمية الثانية.",,inceptionai/Jais-2-8B-Chat,0.0,inceptionai/Jais-2-8B-Chat,,2026-08-17T15:22:22+00:00,,1.000,clean,
wahm_011,msa,direct,jais,arabic_centric,ما هو الطّيف الكهرومغناطيسي؟,"مصطلح عام يشمل جميع الترددات الممكنة من الإشعاعات الكهرومغناطيسية, خطوط الأشعة الصادرة من جسم أسود عند درجة حرارة معينة",هو الطيف الكلي للإشعاع الكهرومغناطيسي,,inceptionai/Jais-2-8B-Chat,0.0,inceptionai/Jais-2-8B-Chat,,2026-08-17T15:22:22+00:00,,0.000,hallucinated,
wahm_012,msa,direct,jais,arabic_centric,أين تقع مدينة بينيفنتو؟,"جنوب إيطاليا في إقليم كامبانيا, جنوب إيطاليا",في جنوب إيطاليا,,inceptionai/Jais-2-8B-Chat,0.0,inceptionai/Jais-2-8B-Chat,,2026-08-17T15:22:22+00:00,,1.000,clean,
wahm_013,msa,direct,jais,arabic_centric,ما هي المحاسبة المالية ؟,تسجيل وتبويب المدخلات والعمليات التي تمثل الأحداث الاقتصادية وفق نظام معين,هي فرع من فروع المحاسبة يهتم بتسجيل وتبويب وتلخيص العمليات المالية، ثم تحليلها وتفسير نتائجها بهدف إعدادها في شكل قوائم مالية تعكس الوضع المالي لمنشأة عن فترة زمنية معينة، وتساعد على اتخاذ القرارات.,,inceptionai/Jais-2-8B-Chat,0.0,inceptionai/Jais-2-8B-Chat,,2026-08-17T15:22:22+00:00,,0.273,defer,
wahm_014,msa,direct,jais,arabic_centric,اين ولد صدام حسين؟,قرية العوجة,ولد صدام حسين في قرية العوجة قرب تكريت شمال بغداد عام 1937.,,inceptionai/Jais-2-8B-Chat,0.0,inceptionai/Jais-2-8B-Chat,,2026-08-17T15:22:22+00:00,,1.000,clean,
wahm_015,msa,direct,jais,arabic_centric,كم يتراوح عدد بيوض السلمندر التي تضعها الانثى؟,"500 إلى 600 بيضه, بين 500 إلى 600",يتراوح عدد بيوض السلمندر التي تضعها الانثى ما بين 20 إلى 50 بيضة.,,inceptionai/Jais-2-8B-Chat,0.0,inceptionai/Jais-2-8B-Chat,,2026-08-17T15:22:23+00:00,,0.500,defer,
wahm_016,msa,direct,jais,arabic_centric,لماذا وقع  الميثاق الأعظم أو الماجنا كارتا؟,محاولةً للحد من نفوذه وحماية امتيازاتهم قانونياً,بسبب الصراع بين الملك جون ملك إنجلترا والنبلاء الإنجليز,,inceptionai/Jais-2-8B-Chat,0.0,inceptionai/Jais-2-8B-Chat,,2026-08-17T15:22:23+00:00,,0.000,hallucinated,
wahm_017,msa,direct,jais,arabic_centric,ما هي المدينة التي تحوي على أكبر مصنع للحديد والصلب في أفريقيا؟,عنابة,مدينة جاروا في الكاميرون,,inceptionai/Jais-2-8B-Chat,0.0,inceptionai/Jais-2-8B-Chat,,2026-08-17T15:22:23+00:00,,0.000,hallucinated,
wahm_018,msa,direct,jais,arabic_centric,من هي أول امرأة تتقلد منصب رئيسة تحرير صحيفة الغارديان خلفًا لآلان روسبيرجير؟,كاثرين صوفي فاينر,آن ماري كاري هي أول امرأة تتقلد منصب رئيسة تحرير صحيفة الغارديان خلفًا لآلان روسبيرجير.,,inceptionai/Jais-2-8B-Chat,0.0,inceptionai/Jais-2-8B-Chat,,2026-08-17T15:22:23+00:00,,0.000,hallucinated,
wahm_019,msa,direct,jais,arabic_centric,من هو مؤسس حركة الجهاد الاسلامي في مصر؟,"علوى مصطفى (من حى مصر الجديدة) وإسماعيل طنطاوي (من حى المنيل) ونبيل البرعي (من حى المعادى), علوى مصطفى (من حى مصر الجديدة) وإسماعيل طنطاوي (من حى المنيل) ونبيل البرعي","محمد عبدالسلام فرج.

الشرح: السؤال يستهدف معرفة الشخصية الرئيسية المرتبطة بتأسيس حركة الجهاد الإسلامي في مصر. الجواب الصحيح هو محمد عبدالسلام فرج.",,inceptionai/Jais-2-8B-Chat,0.0,inceptionai/Jais-2-8B-Chat,,2026-08-17T15:22:23+00:00,,0.091,defer,
wahm_020,msa,direct,jais,arabic_centric,في أي عام توفي إسحاق رابين؟,4 نوفمبر 1995,"1995.

الشرح: توفي إسحاق رابين في عام 1995، وكان شخصية سياسية إسرائيلية بارزة. تذكر التواريخ الهامة.",,inceptionai/Jais-2-8B-Chat,0.0,inceptionai/Jais-2-8B-Chat,,2026-08-17T15:22:24+00:00,,0.333,defer,
wahm_021,msa,direct,jais,arabic_centric,ما هي جنسية الفيلسوف ميشال فوكو؟,فرنسي,فيلسوف فرنسي,,inceptionai/Jais-2-8B-Chat,0.0,inceptionai/Jais-2-8B-Chat,,2026-08-17T15:22:24+00:00,,1.000,clean,
wahm_022,msa,direct,jais,arabic_centric,في أي عام ولد رونالد ريغان؟,"فبراير 1911, 6 فبراير 1911",ولد رونالد ريغان في 6 فبراير 1911.,,inceptionai/Jais-2-8B-Chat,0.0,inceptionai/Jais-2-8B-Chat,,2026-08-17T15:22:24+00:00,,1.000,clean,
wahm_023,msa,direct,jais,arabic_centric,في أي عام  تأسس نادي مانشستر يونايتد لكرة القدم؟,1 مارس 1878م,"تأسس نادي مانشستر يونايتد لكرة القدم في عام **1878**، تحت اسم **نادي نيوتن هيث ل.إف.C (Newton Heath L.F.C.)**.

تغير اسم النادي إلى **مانشستر يونايتد** في عام **1902**.",,inceptionai/Jais-2-8B-Chat,0.0,inceptionai/Jais-2-8B-Chat,,2026-08-17T15:22:24+00:00,,0.000,hallucinated,
wahm_024,msa,direct,jais,arabic_centric,متى أقيمت بطولة (غرب آسيا) لكرة القدم لأول مرة؟,2000,أقيمت بطولة (غرب آسيا) لكرة القدم لأول مرة في عام 2000.,,inceptionai/Jais-2-8B-Chat,0.0,inceptionai/Jais-2-8B-Chat,,2026-08-17T15:22:25+00:00,,1.000,clean,
wahm_025,msa,direct,jais,arabic_centric,متى تاسس الجيش اليمني؟,1962,في عام 1962,,inceptionai/Jais-2-8B-Chat,0.0,inceptionai/Jais-2-8B-Chat,,2026-08-17T15:22:25+00:00,,1.000,clean,
wahm_026,msa,direct,jais,arabic_centric,كم يبلغ أقصى عمق لبحر قزوين؟,1023 م,"يبلغ أقصى عمق لبحر قزوين 1,025 متراً.",,inceptionai/Jais-2-8B-Chat,0.0,inceptionai/Jais-2-8B-Chat,,2026-08-17T15:22:25+00:00,,0.000,hallucinated,
wahm_027,msa,direct,jais,arabic_centric,ما هو الرجفان البطيني؟,"حالة توقف القلب عن العمل بسبب خلل في منظومة القلب تؤدي إلى ارتجاف البطينين بدل انقباضهما, حالة توقف القلب عن العمل بسبب خلل في منظومة القلب تؤدي إلى ارتجاف البطينين بدل انقباضهما، الأمر الذي يؤدي إلى توقف الدورة الدموية ومن ثم إلى الوفاة بالسكتة القلبية إن لم يتم تدارك الأمر علاجياً خلال دقائق معدودة من خلال عملية الإنعاش القلبي الرئوي","الرجفان البطيني هو اضطراب خطير في نظم القلب يتميز بنبضات سريعة وغير منتظمة وغير فعالة في البطينين، وهما الحجرتان السفليتان للقلب. يؤدي هذا إلى توقف القلب عن النبض، مما يتطلب تدخلًا فوريًا لإنقاذ الحياة.

الشرح: يجب أن يفهم الطالب أن الرجفان البطيني هو حالة طبية طارئة تهدد الحياة وتتطلب علاجًا فوريًا.",,inceptionai/Jais-2-8B-Chat,0.0,inceptionai/Jais-2-8B-Chat,,2026-08-17T15:22:26+00:00,,0.467,defer,
wahm_028,msa,direct,jais,arabic_centric,كم عدد امارات الأمارات العربية المتحدة؟,"سبع, السبع",سبع امارات,,inceptionai/Jais-2-8B-Chat,0.0,inceptionai/Jais-2-8B-Chat,,2026-08-17T15:22:26+00:00,,1.000,clean,
wahm_029,msa,direct,jais,arabic_centric,ما هي عملية التركيب الضوئي؟,عملية كيميائية معقدة تحدث في خلايا البكتيريا الزرقاء وفي صانعات اليخضور (الصانعات الخضراء) أو الكلوروبلاست في كل من الطحالب والنباتات العليا,التركيب الضوئي هو عملية تحويل الطاقة الضوئية إلى طاقة كيميائية في النباتات والطحالب وبعض البكتيريا. يتم ذلك عن طريق استخدام الكلوروفيل لامتصاص الضوء الشمسي، والذي يتم تحويله إلى طاقة كيميائية في شكل جزيئات الجلوكوز. يتم استخدام هذه الطاقة الكيميائية لتغذية النبات، أو تخزينها في شكل نشا، أو استخدامها في عمليات النمو والتطور.,,inceptionai/Jais-2-8B-Chat,0.0,inceptionai/Jais-2-8B-Chat,,2026-08-17T15:22:27+00:00,,0.350,defer,
wahm_030,msa,direct,jais,arabic_centric,من هو ألفرد نوبل؟,"مهندس ومخترع وكيميائي سويدي, مهندس ومخترع وكيميائي سويدي، اخترع الديناميت في سنة 1867 ومن ثم أوصى بمعظم ثروته التي جناها من الاختراع إلى جائزة نوبل التي سُميت بإسمه",مخترع الديناميت,,inceptionai/Jais-2-8B-Chat,0.0,inceptionai/Jais-2-8B-Chat,,2026-08-17T15:22:27+00:00,,0.250,defer,
wahm_031,msa,direct,jais,arabic_centric,أين ولد ميكيلانجيلو؟,"قرية كابريزي قرب أريتسو بتوسكانا, كابريزي",في 6 مارس 1475,,inceptionai/Jais-2-8B-Chat,0.0,inceptionai/Jais-2-8B-Chat,,2026-08-17T15:22:27+00:00,,0.000,hallucinated,
wahm_032,msa,direct,jais,arabic_centric,ما المعدل العادي لعملية الجماع؟,5.4 دقائق,لا يوجد معدل عادي لعملية الجماع، حيث يختلف المعدل الطبيعي لجماع من شخص لآخر، ويعتمد على عدة عوامل منها العمر، الحالة الصحية، الحالة النفسية، ومستوى الإثارة الجنسية، بالإضافة إلى وجود أطفال أو عدم وجودهم، كما أن التفضيلات الشخصية تلعب دورًا هامًا في تحديد المعدل الطبيعي لجماع، حيث أن بعض الأزواج يفضلون الجماع بشكل يومي، بينما يفضل البعض الآخر الجماع بشكل أقل من مرة واحدة في الأسبوع، أو حتى أقل من ذلك، كما أن بعض الأزواج يفضلون الجماع في أيام معينة من الأسبوع، أو في أوقات معينة من اليوم، أو في مناسبات خاصة، أو في أيام العطلات، أو في السفر، أو في حالات معينة مثل الحمل، أو التعافي من مرض، أو بعد الإنجاب، أو في حالات معينة مثل الاكتئاب، أو القلق، أو الإجهاد، أو التعب، أو بعد يوم عمل طويل، أو بعد السفر، أو بعد تناول وجبة دسمة، أو بعد تناول الكحول، أو بعد تناول بعض الأدوية، أو بعد الخضوع لعملية جراحية، أو بعد الإصابة بمرض معين، أو بعد فترة انقطاع الطمث، أو بعد فترة الحمل والولادة، أو بعد فترة الرضاعة الطبيعية، أو بعد فترة انقطاع الطمث، أو بعد فترة الحمل والولادة، أو بعد فترة الرضاعة الطبيعية، أو بعد فترة انقطاع الطمث، أو بعد فترة الحمل والولادة، أو بعد فترة الرضاعة الطبيعية، أو بعد فترة انقطاع الطمث، أو بعد فترة الحمل والولادة، أو بعد فترة الرضاعة الطبيعية، أو بعد فترة انقطاع الطمث، أو بعد فترة الحمل والولادة، أو بعد فترة الرضاعة الطبيعية، أو بعد فترة انقطاع الطمث، أو بعد فترة الحمل والولادة، أو بعد فترة الرضاعة الطبيعية، أو بعد فترة انقطاع الطمث، أو بعد فترة الحمل والولادة، أو بعد فترة الرضاعة الطبيعية، أو بعد فترة انقطاع الطمث، أو بعد فترة الحمل والولادة، أو بعد فترة الرضاعة الطبيعية، أو بعد فترة انقطاع الطمث، أو بعد فترة الحمل والولادة، أو بعد فترة الرضاعة الطبيعية، أو بعد فترة انقطاع الطمث، أو بعد فترة الحمل والولادة، أو بعد فترة الرضاعة الطبيعية، أو بعد فترة انقطاع الطمث، أو بعد فترة الحمل والولادة، أو بعد فترة الرضاعة الطبيعية، أو بعد فترة انقطاع الطمث، أو بعد فترة الحمل والولادة، أو بعد فترة الرضاعة الطبيعية، أو بعد فترة انقطاع الطمث، أو بعد فترة الحمل والولادة، أو بعد فترة الرضاعة الطبيعية، أو بعد فترة انقطاع الطمث، أو بعد فترة الحمل والولادة، أو بعد فترة الرضاعة الطبيعية، أو بعد فترة انقطاع الطمث، أو بعد فترة الحمل والولادة، أو بعد فترة الرضاعة الطبيعية، أو بعد فترة انقطاع الطمث، أو بعد فترة الحمل والولادة، أو بعد فترة الرضاعة الطبيعية، أو بعد فترة انقطاع الطمث، أو بعد فترة الحمل والولادة، أو بعد فترة الرضاعة الطبيعية، أو بعد فترة انقطاع الطمث، أو بعد فترة الحمل والولادة،,,inceptionai/Jais-2-8B-Chat,0.0,inceptionai/Jais-2-8B-Chat,,2026-08-17T15:22:32+00:00,,0.000,hallucinated,
wahm_033,msa,direct,jais,arabic_centric,متى بدأ التوقيع على معاهدة الحد من انتشار الأسلحة النووية؟,1 يوليو 1968,1 يوليو 1968,,inceptionai/Jais-2-8B-Chat,0.0,inceptionai/Jais-2-8B-Chat,,2026-08-17T15:22:32+00:00,,1.000,clean,
wahm_034,msa,direct,jais,arabic_centric,ما هو الارجاز؟,نوع من العجز الجنسي، حيث يكون الشخص غير قادر على تحقيق هزة الجماع على الرغم من وجود التحفيز الكافي,الارجاز هو مصطلح يطلق على هزة الجماع عند الانثى، حيث تحدث هذه الهزة نتيجة وصول الانثى الى قمة النشوة الجنسية، حيث تحدث هذه الهزة نتيجة انقباضات متتالية لعضلات المهبل، وعضلات الحوض، وعضلات البطن، وعضلات الفخذين، وعضلات أسفل الظهر، وعضلات الصدر، وعضلات الكتفين، وعضلات اليدين، وعضلات الوجه، وعضلات الرقبة، وعضلات الساعدين، وعضلات السمانة، وعضلات الفخذين، وعضلات البطن، وعضلات الصدر، وعضلات الكتفين، وعضلات اليدين، وعضلات السمانة، وعضلات الفخذين، وعضلات البطن، وعضلات الصدر، وعضلات الكتفين، وعضلات اليدين، وعضلات السمانة، وعضلات الفخذين، وعضلات البطن، وعضلات الصدر، وعضلات الكتفين، وعضلات اليدين، وعضلات السمانة، وعضلات الفخذين، وعضلات البطن، وعضلات الصدر، وعضلات الكتفين، وعضلات اليدين، وعضلات السمانة، وعضلات الفخذين، وعضلات البطن، وعضلات الصدر، وعضلات الكتفين، وعضلات اليدين، وعضلات السمانة، وعضلات الفخذين، وعضلات البطن، وعضلات الصدر، وعضلات الكتفين، وعضلات اليدين، وعضلات السمانة، وعضلات الفخذين، وعضلات البطن، وعضلات الصدر، وعضلات الكتفين، وعضلات اليدين، وعضلات السمانة، وعضلات الفخذين، وعضلات البطن، وعضلات الصدر، وعضلات الكتفين، وعضلات اليدين، وعضلات السمانة، وعضلات الفخذين، وعضلات البطن، وعضلات الصدر، وعضلات الكتفين، وعضلات اليدين، وعضلات السمانة، وعضلات الفخذين، وعضلات البطن، وعضلات الصدر، وعضلات الكتفين، وعضلات اليدين، وعضلات السمانة، وعضلات الفخذين، وعضلات البطن، وعضلات الصدر، وعضلات الكتفين، وعضلات اليدين، وعضلات السمانة، وعضلات الفخذين، وعضلات البطن، وعضلات الصدر، وعضلات الكتفين، وعضلات اليدين، وعضلات السمانة، وعضلات الفخذين، وعضلات البطن، وعضلات الصدر، وعضلات الكتفين، وعضلات اليدين، وعضلات السمانة، وعضلات الفخذين، وعضلات البطن، وعضلات الصدر، وعضلات الكتفين، وعضلات اليدين، وعضلات السمانة، وعضلات الفخذين، وعضلات البطن، وعضلات الصدر، وعضلات الكتفين، وعضلات اليدين، وعضلات السمانة، وعضلات الفخذين، وعضلات البطن، وعضلات الصدر، وعضلات الكتفين,,inceptionai/Jais-2-8B-Chat,0.0,inceptionai/Jais-2-8B-Chat,,2026-08-17T15:22:38+00:00,,0.286,defer,
wahm_035,msa,direct,jais,arabic_centric,ما هي الرهبنة الفرنسيسكانية؟,"رهبنة في الكنيسة الكاثوليكية، تأسست على يد القديس فرنسيس الأسيزي, رهبنة في الكنيسة الكاثوليكية، تأسست على يد القديس فرنسيس الأسيزي في شمال إيطاليا",هي إحدى الرهبنات التابعة للكنيسة الكاثوليكية,,inceptionai/Jais-2-8B-Chat,0.0,inceptionai/Jais-2-8B-Chat,,2026-08-17T15:22:38+00:00,,0.250,defer,
wahm_036,msa,direct,jais,arabic_centric,من هو نقفور الثاني فوكاس؟,"امبراطور بيزنطي, امبراطور بيزنطي (963-969) أسهمت حملاته العسكرية في إحياء الامبراطورية البيزنطية في القرن العاشر",إمبراطور بيزنطي حكم بين عامي 963 و969,,inceptionai/Jais-2-8B-Chat,0.0,inceptionai/Jais-2-8B-Chat,,2026-08-17T15:22:38+00:00,,1.000,clean,
wahm_037,msa,direct,jais,arabic_centric,أين تقع هضبة التيبت؟,آسيا الوسطى,تقع هضبة التيبت في آسيا الوسطى، وتمتد عبر أجزاء من الصين والهند ونيبال وبوتان.,,inceptionai/Jais-2-8B-Chat,0.0,inceptionai/Jais-2-8B-Chat,,2026-08-17T15:22:38+00:00,,1.000,clean,
wahm_038,msa,direct,jais,arabic_centric,متى رسم فان كوخ لوحة ليلة النجوم؟,1889 م,"رسم فينسنت فان جوخ لوحة ""ليلة النجوم"" في عام 1889.",,inceptionai/Jais-2-8B-Chat,0.0,inceptionai/Jais-2-8B-Chat,,2026-08-17T15:22:39+00:00,,0.500,defer,
wahm_039,msa,direct,jais,arabic_centric,ما مساحة جورجيا؟,69.700 كم2,"تبلغ مساحة جورجيا حوالي 69,700 كيلومتر مربع (26,980 ميل مربع).",,inceptionai/Jais-2-8B-Chat,0.0,inceptionai/Jais-2-8B-Chat,,2026-08-17T15:22:39+00:00,,0.667,defer,
wahm_040,msa,direct,jais,arabic_centric,من هو مؤلف مانجا بيرسيرك؟,كينتارو ميورا,مؤلف مانجا بيرسيرك (Berserk) هو **غالتير (Gustave Geoft)**.,,inceptionai/Jais-2-8B-Chat,0.0,inceptionai/Jais-2-8B-Chat,,2026-08-17T15:22:39+00:00,,0.000,hallucinated,
wahm_041,msa,direct,jais,arabic_centric,في أي سنة تأسست مدينة العيون ؟,1938,سنة 1935,,inceptionai/Jais-2-8B-Chat,0.0,inceptionai/Jais-2-8B-Chat,,2026-08-17T15:22:39+00:00,,0.000,hallucinated,
wahm_042,msa,direct,jais,arabic_centric,ما هو السلم الموسيقي؟,عبارة عن تتابع النغمات صعوداً وهبوطاً ويتكون من سبع درجات نغمية,السلم الموسيقي هو مجموعة من النغمات الموسيقية التي يتم ترتيبها بطريقة معينة، بحيث يتم تحديد النغمات التي تشكل السلم، وترتيبها بشكل محدد، بحيث يتم تحديد المسافات بين النغمات المختلفة. يتم استخدام السلم الموسيقي في الموسيقى لتحديد النغمات التي يمكن استخدامها في تأليف الأغاني، وتحديد النغمات التي يمكن استخدامها في العزف على الآلات الموسيقية.,,inceptionai/Jais-2-8B-Chat,0.0,inceptionai/Jais-2-8B-Chat,,2026-08-17T15:22:40+00:00,,0.182,defer,
wahm_043,msa,direct,jais,arabic_centric,متى تأسست القواة الخاصة التابعة للجيش البريطاني ؟,1707,عام 1908,,inceptionai/Jais-2-8B-Chat,0.0,inceptionai/Jais-2-8B-Chat,,2026-08-17T15:22:40+00:00,,0.000,hallucinated,
wahm_044,msa,direct,jais,arabic_centric,من هو مؤلف رواية التائهون؟,أمين معلوف,مؤلف رواية التائهون هو الروائي المصري الشاب أحمد ناجي.,,inceptionai/Jais-2-8B-Chat,0.0,inceptionai/Jais-2-8B-Chat,,2026-08-17T15:22:40+00:00,,0.000,hallucinated,
wahm_045,msa,direct,jais,arabic_centric,من هي أنغريت كرامب كارينباور؟,سياسية ألمانية تشغل منصب زعيمة الاتحاد الديمقراطي المسيحي,أنغريت كرامب كارينباور هي سياسية ألمانية، ولدت في 9 أغسطس 1972 في مدينة أوبرهاوزن. وهي عضو في حزب الاتحاد الديمقراطي المسيحي (CDU)، وقد شغلت منصب رئيس الحزب من عام 2018 حتى استقالتها في عام 2021. قبل توليها رئاسة الحزب، كانت وزيرة للدفاع في الحكومة الألمانية من عام 2019 حتى استقالتها في عام 2021. كما شغلت منصب وزيرة الداخلية لولاية سارلاند من عام 2015 حتى 2018. تُعرف كرامب كارينباور بخبرتها في السياسة الفيدرالية والدولية، وقد لعبت دورًا بارزًا في تشكيل سياسات الحزب.,,inceptionai/Jais-2-8B-Chat,0.0,inceptionai/Jais-2-8B-Chat,,2026-08-17T15:22:42+00:00,,0.750,defer,
wahm_046,msa,direct,jais,arabic_centric,ماهى نسبة الزيت في حبة البركة ؟,40%,نسبة الزيت في حبة البركة هي من إلى,,inceptionai/Jais-2-8B-Chat,0.0,inceptionai/Jais-2-8B-Chat,,2026-08-17T15:22:42+00:00,,0.000,hallucinated,
wahm_047,msa,direct,jais,arabic_centric,"من هو مؤلف كتاب ""12 قاعدة للحياة""؟",جوردان بيرنت بيترسون,"المؤلف هو **جريجوري بيرلوف**.

**نبذة عن الكتاب:**
*   **العنوان الأصلي:** ""1-2-3: كيفية بناء حياة أفضل من خلال 3 قواعد بسيطة""
*   **المؤلف:** جريجوري بيرلوف
*   **تاريخ النشر:** 2018
*   **اللغة الأصلية:** الإنجليزية
*   **الترجمة العربية:** ""1-2-3: كيفية بناء حياة أفضل من خلال 3 قواعد بسيطة"" (أو ""1-2-3: كيف تبني حياة أفضل بثلاث قواعد بسيطة"" في بعض الطبعات)
*   **ملخص:** الكتاب يقدم 3 قواعد بسيطة تهدف إلى تبسيط الحياة وتحسينها، مع التركيز على أهمية الوعي الذاتي، واتخاذ القرارات، والعيش بوعي.",,inceptionai/Jais-2-8B-Chat,0.0,inceptionai/Jais-2-8B-Chat,,2026-08-17T15:22:43+00:00,,0.000,hallucinated,
wahm_048,msa,direct,jais,arabic_centric,من هم اليهود الأشكناز ؟,اليهود الذين ترجع أصولهم إلى أوروبا الشرقية,هم اليهود الذين استقروا في وسط وشرق أوروبا،,,inceptionai/Jais-2-8B-Chat,0.0,inceptionai/Jais-2-8B-Chat,,2026-08-17T15:22:43+00:00,,0.429,defer,
wahm_049,msa,direct,jais,arabic_centric,متى توفي توماس كوهين ؟,17 حزيران 1996,7 ديسمبر 2017),,inceptionai/Jais-2-8B-Chat,0.0,inceptionai/Jais-2-8B-Chat,,2026-08-17T15:22:44+00:00,,0.000,hallucinated,
wahm_050,msa,direct,jais,arabic_centric,من هو كريستوفر ستيفنز؟,"اسمه الكامل جون كريستوفر ستيفينز ، ولد وترعرع في شمال كاليفورنيا[2] ،درس في جامعة ""بركلي""وعمل محامياً مختصاً بالشؤون التجارية الدولية في واشنطن قبل ان ينضم إلى الخارجية الأمريكية في عام 1991.يجيد ستيفنز اللغة العربية والفرنسية وقد نشر العديد من المقالات في القدس ودمشق والقاهرة, سفير الولايات المتحدة في ليبيا منذ مايو 2012 [2] وحتى وفاته",السفير,,inceptionai/Jais-2-8B-Chat,0.0,inceptionai/Jais-2-8B-Chat,,2026-08-17T15:22:44+00:00,,0.000,hallucinated,
wahm_051,msa,direct,jais,arabic_centric,ما هي العصور الوسطى؟,التسمية التي تُطلق على الفترة الزمنية في التاريخ الأوروبي التي امتّدت من القرن الخامس حتّى القرن الخامس عشر الميلادي,هي فترة من التاريخ الأوروبي، استمرت من القرن الخامس إلى القرن الخامس عشر,,inceptionai/Jais-2-8B-Chat,0.0,inceptionai/Jais-2-8B-Chat,,2026-08-17T15:22:44+00:00,,0.375,defer,
wahm_052,msa,direct,jais,arabic_centric,ما هو عظم الإسك؟,الجزء الأسفل والخلفي لعظم الورك,هو عظم يقع في الجزء الخلفي من الحوض، وهو جزء من عظم الورك,,inceptionai/Jais-2-8B-Chat,0.0,inceptionai/Jais-2-8B-Chat,,2026-08-17T15:22:44+00:00,,0.800,defer,
wahm_053,msa,direct,jais,arabic_centric,ما هو عدد آيات سورة المائدة ؟,120,الجواب تمانين آية,,inceptionai/Jais-2-8B-Chat,0.0,inceptionai/Jais-2-8B-Chat,,2026-08-17T15:22:44+00:00,,0.000,hallucinated,
wahm_054,msa,direct,jais,arabic_centric,ما هو العثث؟,"مجموعة كبيرة من الحشرات القريبة من الفراشات, مجموعة كبيرة من الحشرات القريبة من الفراشات، وهي من أكثر الكائنات الحية شيوعا في العالم، حيث تتواجد في مختلف الأقاليم والمناخات",هي رتبة من الحشرات تنتمي إلى رتبة حرشفيات الأجنحة,,inceptionai/Jais-2-8B-Chat,0.0,inceptionai/Jais-2-8B-Chat,,2026-08-17T15:22:44+00:00,,0.333,defer,
wahm_055,msa,direct,jais,arabic_centric,أين تقع مدينة أوديسا؟,"جمهورية أوكرانيا, أوكرانيا",تقع على ساحل البحر الأسود جنوب أوكرانيا,,inceptionai/Jais-2-8B-Chat,0.0,inceptionai/Jais-2-8B-Chat,,2026-08-17T15:22:44+00:00,,1.000,clean,
wahm_056,msa,direct,jais,arabic_centric,متى تم إنتاج الفلم العربي (صح النوم)؟,1975,عام 1976,,inceptionai/Jais-2-8B-Chat,0.0,inceptionai/Jais-2-8B-Chat,,2026-08-17T15:22:44+00:00,,0.000,hallucinated,
wahm_057,msa,direct,jais,arabic_centric,متى تم عرض اول موسم من مسلسل امريكا قوت تالنت؟,يونيو من عام 2006,24 يونيو 2006,,inceptionai/Jais-2-8B-Chat,0.0,inceptionai/Jais-2-8B-Chat,,2026-08-17T15:22:44+00:00,,0.500,defer,
wahm_058,msa,direct,jais,arabic_centric,من هو الملاكم الملقب ببراون بومبر؟,جوزيف لويس بارو,"الملاكم الملقب بـ ""براون بومبر"" هو **تيرينس ""تيري"" بيرتون** (Terence ""Terry"" Burton).

**معلومات إضافية:**

*   **اللقب:** ""براون بومبر"" (Brown Bomber) يشير إلى أسلوبه القتالي الذي يعتمد على القوة الضاربة والهجمات القوية.
*   **الوزن:** كان ملاكمًا محترفًا في فئة الوزن الثقيل (Heavyweight).
*   **المسيرة:** اشتهر في الثمانينات والتسعينات من القرن الماضي.
*   **أبرز النزالات:** من أبرز نزالاته كانت ضد الملاكم الأسطوري **مايك تايسون** في عام 1986، حيث خسر بيرتون المباراة.

**ملاحظة:** قد يكون هناك بعض الالتباس في الاسم، حيث أن ""براون بومبر"" هو لقب شائع، وقد يكون الملاكم الذي تشير إليه هو ""براون بومبر"" الذي اشتهر في فئة الوزن الخفيف الثقيل (Light Heavyweight)، وهو **تيرينس ""تيري"" بيرتون** (Terence ""Terry"" Burton).",,inceptionai/Jais-2-8B-Chat,0.0,inceptionai/Jais-2-8B-Chat,,2026-08-17T15:22:47+00:00,,0.000,hallucinated,
wahm_059,msa,direct,jais,arabic_centric,أين تقع  ولاية ساكسونيا؟,ولاية ألمانية,تقع في شرق ألمانيا,,inceptionai/Jais-2-8B-Chat,0.0,inceptionai/Jais-2-8B-Chat,,2026-08-17T15:22:47+00:00,,0.000,hallucinated,
wahm_060,msa,direct,jais,arabic_centric,متى تاسست جامعة أم القرى؟,1401 هـ,عام 1981م,,inceptionai/Jais-2-8B-Chat,0.0,inceptionai/Jais-2-8B-Chat,,2026-08-17T15:22:47+00:00,,0.000,hallucinated,
wahm_061,msa,direct,jais,arabic_centric,ما هي دوامة نفايات شمال المحيط الهادئ؟,"منطقة قمامة بحرية تقع في منتصف المحيط الهادي الشمالي، وتمتد إلى منطقة غير محددة الحدود بشكل دقيق، وذلك لاختلاف تركيز البلاستيك والنفايات على حسب المنطقة, منطقة قمامة بحرية تقع في منتصف المحيط الهادي الشمالي",هي دوامة نفايات بحرية تقع في شمال المحيط الهادئ،,,inceptionai/Jais-2-8B-Chat,0.0,inceptionai/Jais-2-8B-Chat,,2026-08-17T15:22:47+00:00,,0.444,defer,
wahm_062,msa,direct,jais,arabic_centric,ما هي علامة إعراب المفعول به في اللغة العربية؟,"الفتحة الظاهرة، أو المقدرة، أو الياء إن كان مثنى أو جمع مذكر سالم، أو الكسرة (نيابة عن الفتحة) إن كان جمع مؤنث سالم، أو الألف إن كان من الأسماء الخمسة, منصوب",علامة نصب المفعول به هي الفتحة الظاهرة على آخره في الغالب، مثل: 'قرأتُ الكتابَ'. في بعض الحالات تكون علامة النصب مختلفة مثل الياء في المثنى وجمع المذكر السالم، أو الكسرة في جمع المؤنث السالم، أو حذف النون في الأفعال الخمسة.,,inceptionai/Jais-2-8B-Chat,0.0,inceptionai/Jais-2-8B-Chat,,2026-08-17T15:22:48+00:00,,1.000,clean,
wahm_063,msa,direct,jais,arabic_centric,ما هي عاصمة موزمبيق؟,مابوتو,مابوتو,,inceptionai/Jais-2-8B-Chat,0.0,inceptionai/Jais-2-8B-Chat,,2026-08-17T15:22:48+00:00,,1.000,clean,
wahm_064,msa,direct,jais,arabic_centric,من أوراق أي نبات يستخلص الكوكايين؟,الكوكا,"الكوكايين يستخلص من أوراق نبات **الكرز المر** (الاسم العلمي: *Cortea calis*).

تحديدًا، يستخرج الكوكايين من **ثمار الكرز المر**، وليس الأوراق مباشرة. يتم استخلاص المادة الفعالة (الكوكايين) من هذه الثمار.",,inceptionai/Jais-2-8B-Chat,0.0,inceptionai/Jais-2-8B-Chat,,2026-08-17T15:22:48+00:00,,0.000,hallucinated,
wahm_065,msa,direct,jais,arabic_centric,متى اعتزل لاعب كرة القدم دييغو فورلان اللعب دولياً؟,مارس 2015,اعتزل دييغو فورلان اللعب دولياً في عام 2015.,,inceptionai/Jais-2-8B-Chat,0.0,inceptionai/Jais-2-8B-Chat,,2026-08-17T15:22:48+00:00,,0.500,defer,
wahm_066,msa,direct,jais,arabic_centric,من هي الملكة هيلانة؟,والدة الإمبراطور الروماني قسطنطين الكبير,ملكة مملكة بريطانيا العظمى وأيرلندا,,inceptionai/Jais-2-8B-Chat,0.0,inceptionai/Jais-2-8B-Chat,,2026-08-17T15:22:49+00:00,,0.000,hallucinated,
wahm_067,msa,direct,jais,arabic_centric,متى توفي هتلر؟,30 أبريل 1945,توفي أدولف هتلر في 30 أبريل 1945.,,inceptionai/Jais-2-8B-Chat,0.0,inceptionai/Jais-2-8B-Chat,,2026-08-17T15:22:49+00:00,,1.000,clean,
wahm_068,msa,direct,jais,arabic_centric,كم يبلغ التعداد السكاني للفلبين؟,92 مليون,يُقدّر تعداد سكان الفلبين لعام بنحو نسمة، وذلك بنسبة من إجمالي عد سكان العالم,,inceptionai/Jais-2-8B-Chat,0.0,inceptionai/Jais-2-8B-Chat,,2026-08-17T15:22:49+00:00,,0.000,hallucinated,
wahm_069,msa,direct,jais,arabic_centric,ما هي الغواصة القزمية ؟,نوع من الغواصات يكون حجم إزاحتها أقل من 150 طن,هي غواصة صغيرة الحجم، تستخدم في عمليات الاستطلاع أو الحرب,,inceptionai/Jais-2-8B-Chat,0.0,inceptionai/Jais-2-8B-Chat,,2026-08-17T15:22:49+00:00,,0.000,hallucinated,
wahm_070,msa,direct,jais,arabic_centric,في أي عام كان البث العلني الأول بالألوان؟,1951,1963,,inceptionai/Jais-2-8B-Chat,0.0,inceptionai/Jais-2-8B-Chat,,2026-08-17T15:22:49+00:00,,0.000,hallucinated,
wahm_071,msa,direct,jais,arabic_centric,من هو تشارلز فرانسيس ريشتر؟,عالم زلازل وفيزيائي أمريكي,هو عالم رياضيات أمريكي، اشتهر بعمله في نظرية الأعداد التحليلية، وخاصة في نظرية الأعداد الأولية.,,inceptionai/Jais-2-8B-Chat,0.0,inceptionai/Jais-2-8B-Chat,,2026-08-17T15:22:49+00:00,,0.500,defer,
wahm_072,msa,direct,jais,arabic_centric,ما هي عاصمة جورجيا؟,تبليسي,تبليسي,,inceptionai/Jais-2-8B-Chat,0.0,inceptionai/Jais-2-8B-Chat,,2026-08-17T15:22:49+00:00,,1.000,clean,
wahm_073,msa,direct,jais,arabic_centric,أين ينبع نهر ليمبوبو؟,جنوب وسط أفريقيا,في جنوب أفريقيا,,inceptionai/Jais-2-8B-Chat,0.0,inceptionai/Jais-2-8B-Chat,,2026-08-17T15:22:50+00:00,,0.667,defer,
wahm_074,msa,direct,jais,arabic_centric,من كان قائد ثورة الشواف على نظام عبد الكريم قاسم في 8 آذار من عام 1959؟,"العقيد عبد الوهاب الشواف, عبد الوهاب الشواف",قائد ثورة الشواف على نظام عبد الكريم قاسم في 8 آذار من عام 1959,,inceptionai/Jais-2-8B-Chat,0.0,inceptionai/Jais-2-8B-Chat,,2026-08-17T15:22:50+00:00,,0.667,defer,
wahm_075,msa,direct,jais,arabic_centric,ماهى عاصمة أيرلندا الشمالية ؟,بلفاست,بلفاست,,inceptionai/Jais-2-8B-Chat,0.0,inceptionai/Jais-2-8B-Chat,,2026-08-17T15:22:50+00:00,,1.000,clean,
wahm_076,msa,direct,jais,arabic_centric,من صاحب رواية العمى؟,جوزيه ساراماجو,جوزيه ساراماغو,,inceptionai/Jais-2-8B-Chat,0.0,inceptionai/Jais-2-8B-Chat,,2026-08-17T15:22:50+00:00,,0.500,defer,
wahm_077,msa,direct,jais,arabic_centric,أين تقع منطقة الباحة؟,"الجزء الغربي من شبه الجزيرة العربية، على سلسلة جبال الحجاز, الجزء الغربي من شبه الجزيرة العربية",تقع منطقة الباحة في الجنوب الغربي من المملكة العربية السعودية، وتحدها من الشمال والغرب منطقة مكة المكرمة، ومن الجنوب والشرق منطقة عسير.,,inceptionai/Jais-2-8B-Chat,0.0,inceptionai/Jais-2-8B-Chat,,2026-08-17T15:22:50+00:00,,0.500,defer,
wahm_078,msa,direct,jais,arabic_centric,ماهو عدد مستخدمي خدمة الفيس بوك في الولايات المتحدة ؟,36 مليون,حسب آخر الاحصائيات التي تم نشرها في شهر سبتمبر من عام فان عد مستخدمي منصة فيسبوك في الولايات المتحدة الامريكية تجاوز حاجز ال مليون مستخدم نشط شهريا هذا الرقم تم نشره من قبل شركة تحليلات الويب والتي تعتبر من الشركات الرصينة في هذا المجال والتي تعتمد عليها كبرى الشركات في العالم من اجل تحليل البيانات الخاصة بمواقع التواصل الاجتماعي المختلفة فيسبوك يعتبر من المنصات التي لا يستهان بها في الولايات المتحدة الامريكية وان عد المستخدمين النشطين شهريا في تزايد مستمر رغم وجود منصات منافسة مثل تويتر وانستقرام وغيرها من المنصات التي تحاول كسب ود المستخدمين في الولايات المتحدة الامريكية وغيرها من البلدان العالمية هذا الرقم الكبير الذي تجاوز حاجز المليار مستخدم نشط شهريا يجعل من فيسبوك المنصة الاولى عالميا من حيث عد المستخدمين النشطين شهريا وهذا الرقم لا يشمل عد الحسابات التي تم انشاؤها والتي قد لا تكون نشطة او قد تم اغلاقها لاسباب مختلفة,,inceptionai/Jais-2-8B-Chat,0.0,inceptionai/Jais-2-8B-Chat,,2026-08-17T15:22:52+00:00,,0.500,defer,
wahm_079,msa,direct,jais,arabic_centric,متى بدأت عملية الغزو السوفيتي لبولندا؟,17 سبتمبر 1939,في 17 سبتمبر 1939,,inceptionai/Jais-2-8B-Chat,0.0,inceptionai/Jais-2-8B-Chat,,2026-08-17T15:22:52+00:00,,1.000,clean,
wahm_080,msa,direct,jais,arabic_centric,أين تقع مدينة خاركيف؟,أوكرانيا,تقع في شمال شرق أوكرانيا,,inceptionai/Jais-2-8B-Chat,0.0,inceptionai/Jais-2-8B-Chat,,2026-08-17T15:22:52+00:00,,1.000,clean,
wahm_081,msa,direct,jais,arabic_centric,متى ولد عباس بن فرناس ؟,في زمن الدولة الأموية في الأندلس,(10 مايو 810 - 9 أكتوبر 887),,inceptionai/Jais-2-8B-Chat,0.0,inceptionai/Jais-2-8B-Chat,,2026-08-17T15:22:52+00:00,,0.000,hallucinated,
wahm_082,msa,direct,jais,arabic_centric,في أي عام تأسست جامعة مالمو؟,1998,عام 1998,,inceptionai/Jais-2-8B-Chat,0.0,inceptionai/Jais-2-8B-Chat,,2026-08-17T15:22:52+00:00,,1.000,clean,
wahm_083,msa,direct,jais,arabic_centric,من هو والد فرانكلين ديلانو روزفلت؟,جيمس روزفلت,"فرانكلين ديلانو روزفلت كان لديه والدان، وهما:

*   **جيمس روزفلت الابن (James Roosevelt, Jr.)**: كان رجل أعمال ناجحًا ومالكًا لشركة ""بان أمريكان"" (Pan-American Shipping Company)، والتي أصبحت فيما بعد ""خطوط بان أمريكان الجوية"" (Pan American Flight Service). كان والد فرانكلين ديلانو من جهة الأب.

*   **ألان روزفلت (Allen Roosevelt)**: كان والد فرانكلين ديلانو من جهة الأم.",,inceptionai/Jais-2-8B-Chat,0.0,inceptionai/Jais-2-8B-Chat,,2026-08-17T15:22:53+00:00,,1.000,clean,
wahm_084,msa,direct,jais,arabic_centric,متى توفي محمد علي العابد ؟,1939,22 كانون الأول 1964,,inceptionai/Jais-2-8B-Chat,0.0,inceptionai/Jais-2-8B-Chat,,2026-08-17T15:22:53+00:00,,0.000,hallucinated,
wahm_085,msa,direct,jais,arabic_centric,ما هو التوازن الثرموديناميكي؟,"نصف نظام بأنه في حالة توازن ثرموديناميكي عندما يكون في حالة توازن حراري و توازن ميكانيكي (حركي) و توازن إشعاعي و توازن كيميائي, عندما يكون في حالة توازن حراري و توازن ميكانيكي (حركي) و توازن إشعاعي و توازن كيميائي",هو حالة نظام فيزيائي أو نظام من الجسيمات التي لا يحدث فيها تبادل للطاقة أو المادة مع المحيط الخارجي,,inceptionai/Jais-2-8B-Chat,0.0,inceptionai/Jais-2-8B-Chat,,2026-08-17T15:22:54+00:00,,0.133,defer,
wahm_086,msa,direct,jais,arabic_centric,ما مساحة  مدينة إربد؟,30 كيلو متر مربع,"مساحتها 1,680 دونمًا",,inceptionai/Jais-2-8B-Chat,0.0,inceptionai/Jais-2-8B-Chat,,2026-08-17T15:22:54+00:00,,0.000,hallucinated,
wahm_087,msa,direct,jais,arabic_centric,ما هي البطالة الإحتكاكية؟,"نوع من أنواع البطالة المؤقتة, نوع من أنواع البطالة المؤقتة (لفترة زمنية قصيرة)",البطالة الاحتكاكية هي نوع من البطالة التي تحدث عندما ينتقل العمال بين الوظائف أو يبحثون عن وظائف جديدة. إنها نتيجة طبيعية وصحية للاقتصاد الديناميكي، حيث يبحث الأفراد بنشاط عن فرص عمل أفضل أو ينتقلون إلى صناعات أو مناطق مختلفة. تعتبر البطالة الاحتكاكية مؤشراً على سوق عمل صحي، حيث يكون هناك تدفق مستمر للعمال المؤهلين، مما يعكس مرونة سوق العمل وقدرته على التكيف.,,inceptionai/Jais-2-8B-Chat,0.0,inceptionai/Jais-2-8B-Chat,,2026-08-17T15:22:55+00:00,,0.600,defer,
wahm_088,msa,direct,jais,arabic_centric,ما معنى اصطلاح اصطلاح الفاشيّة لغوياً؟,حزمة من الصولجانات كانت تُحمَل أمام الحكام في روما القديمة دليلًا على سلطاتهم,هو اصطلاح لغوي، يشير إلى مجموعة من المصطلحات التي تصف الأنظمة السياسية الفاشية، والتي تشترك في خصائص معينة، مثل النزعة الشمولية، والقومية المتطرفة، والسلطوية، ورفض الديمقراطية،,,inceptionai/Jais-2-8B-Chat,0.0,inceptionai/Jais-2-8B-Chat,,2026-08-17T15:22:55+00:00,,0.154,defer,
wahm_089,msa,direct,jais,arabic_centric,من هم الأصوليين؟,اصطلاحٌ سياسي فكري مستحدث يشير إلى نظرة متكاملة للحياة بكافة جوانبها السياسية والاجتماعية والاقتصادية والثقافية نابعة عن قناعة متأصلة نابعة عن إيمانٍ بفكرةٍ أو منظومة قناعات، تكون في الغالب تصوراً  أو عقيدةٍ دينية,"الأصوليون هم الأشخاص الذين يركزون على الأصول والجذور، سواء كانت دينية، ثقافية، أو تاريخية، ويعطون أهمية كبيرة لفهمها وتفسيرها. في السياقات المختلفة، يمكن أن يشير المصطلح إلى:

1. **في الدين**: الأصوليون هم المؤمنون الذين يتبعون النصوص الأصلية أو الأساسية لدينهم، مثل القرآن في الإسلام، والكتاب المقدس في المسيحية، والتوراة في اليهودية. يركزون على التفسير الحرفي أو التقليدي للنصوص، وقد يعارضون التفسيرات الحديثة أو التأويلات التي يعتبرونها بعيدة عن الأصول.

2. **في الفلسفة أو الفكر**: الأصوليون هم الذين يسعون إلى فهم الأصول والجذور الفكرية والفلسفية للأفكار والمفاهيم. يهتمون بدراسة الجذور التاريخية والثقافية للأفكار لفهم تطورها وتأثيرها.

3. **في العلوم الاجتماعية**: قد يشير المصطلح إلى الباحثين أو المفكرين الذين يركزون على دراسة الأصول الثقافية والاجتماعية للظواهر الاجتماعية، مثل الهوية، القيم، والتقاليد.

بشكل عام، الأصوليون هم أولئك الذين يسعون إلى العودة إلى الأصول لفهم أعمق وأكثر دقة، سواء كان ذلك في الدين، الثقافة، أو الفكر.",,inceptionai/Jais-2-8B-Chat,0.0,inceptionai/Jais-2-8B-Chat,,2026-08-17T15:22:57+00:00,,0.429,defer,
wahm_090,msa,direct,jais,arabic_centric,ماهو الجرافيك ديزاين ؟,نهج إبداعي يقوم به مصمم أو مجموعة من المصممين بناء على طلب العميل أو الزبون ويتعاون على تنفيذ معطياته المادية مجموعة من المنتجين(عمال طباعة، مبرمجين، مخرجين، الخ) من أجل إيصال رسالة معينة (أو مجموعة رسائل) للجمهور المستهدف,الجرافيك ديزاين هو عملية إبداعية لتصميم الصور باستخدام برامج الكمبيوتر المختلفة، بهدف توصيل رسالة معينة أو فكرة أو منتج أو خدمة معينة، وذلك من خلال تصميم الصور والرسومات التي تجذب الانتباه وتلفت النظر، كما يمكن أن يكون الهدف من التصميم هو إضفاء طابع شخصي على العلامة التجارية أو المنتج، أو حتى التعبير عن فكرة أو مفهوم معين,,inceptionai/Jais-2-8B-Chat,0.0,inceptionai/Jais-2-8B-Chat,,2026-08-17T15:22:58+00:00,,0.364,defer,
wahm_091,msa,direct,jais,arabic_centric,ما هي متلازمة كلاينفيلتر؟,"متلازمة توجد في الذكور الذين يمتلكون صبغ (خ) زائد في خلاياهم, متلازمة توجد في الذكور الذين يمتلكون صبغ (خ) زائد في خلاياهم، ليصبح العدد 44+XXY بدلا من 44+XY",هي حالة وراثية تحدث عند الذكور,,inceptionai/Jais-2-8B-Chat,0.0,inceptionai/Jais-2-8B-Chat,,2026-08-17T15:22:58+00:00,,0.100,defer,
wahm_092,msa,direct,jais,arabic_centric,كم مساحة البحرالميت؟,650 كم2,"1,020 كم²",,inceptionai/Jais-2-8B-Chat,0.0,inceptionai/Jais-2-8B-Chat,,2026-08-17T15:22:58+00:00,,0.500,defer,
wahm_093,msa,direct,jais,arabic_centric,متى تم بناء جامع الزيتونة في تونس؟,698,في عهد الأغالبة,,inceptionai/Jais-2-8B-Chat,0.0,inceptionai/Jais-2-8B-Chat,,2026-08-17T15:22:58+00:00,,0.000,hallucinated,
wahm_094,msa,direct,jais,arabic_centric,من هو الفيلسوف أنطوني فلو؟,فيلسوف بريطاني، اشتهر بكتاباته في فلسفة الأديان,فيلسوف بريطاني متخصص في فلسفة العقل والمنطق،,,inceptionai/Jais-2-8B-Chat,0.0,inceptionai/Jais-2-8B-Chat,,2026-08-17T15:22:58+00:00,,1.000,clean,
wahm_095,msa,direct,jais,arabic_centric,من هم الأنصار؟,أهل يثرب الذين ناصروا رسول الله في الإسلام محمد بن عبد الله,"الأنصار هم أهل المدينة المنورة من قبيلتي الأوس والخزرج الذين نصروا النبي صلى الله عليه وسلم والمهاجرين وآووهم وقاسموهم أموالهم وديارهم.

الشرح: يجب على الطلاب فهم أن الأنصار لعبوا دورًا حاسمًا في دعم النبي محمد صلى الله عليه وسلم والمسلمون المهاجرين في المدينة المنورة.",,inceptionai/Jais-2-8B-Chat,0.0,inceptionai/Jais-2-8B-Chat,,2026-08-17T15:22:59+00:00,,0.455,defer,
wahm_096,msa,direct,jais,arabic_centric,متى تاسس الاتحاد الدولي لكرة القدم؟,21 مايو من العام 1904,تأسس الاتحاد الدولي لكرة القدم في 21 مايو 1904، وهو الهيئة الحاكمة لكرة القدم العالمية.,,inceptionai/Jais-2-8B-Chat,0.0,inceptionai/Jais-2-8B-Chat,,2026-08-17T15:22:59+00:00,,0.600,defer,
wahm_097,msa,direct,jais,arabic_centric,اين تقع مدينة الاسماعيلية؟,منتصف المسافة بين بورسعيد شمالا والسويس جنوبًا,تقع مدينة الإسماعيلية في جمهورية مصر العربية، على الضفة الغربية لقناة السويس، وهي عاصمة محافظة الإسماعيلية.,,inceptionai/Jais-2-8B-Chat,0.0,inceptionai/Jais-2-8B-Chat,,2026-08-17T15:23:00+00:00,,0.143,defer,
wahm_098,msa,direct,jais,arabic_centric,أين ولد أبو عامر محمد بن أبي عامر؟,الجزيرة الخضراء,قرطبة بالأندلس,,inceptionai/Jais-2-8B-Chat,0.0,inceptionai/Jais-2-8B-Chat,,2026-08-17T15:23:00+00:00,,0.000,hallucinated,
wahm_099,msa,direct,jais,arabic_centric,ما معنى اسم داوُود؟,"الحبيب, اسم علم شخصي عربي من أصل عبري، ويعتبر من الأسماء المنتشرة في العالم العربي نسباً لأنه اسم داود أحد الأنبياء في الإسلام والمسيحية واليهودية وألذي يعني الحبيب، ولهذا الاسم أشكال مختلفة في اللغات الأخرى مثل ديفيد وديف ودايفي وداودا",المحبوب من الله، المطيع، الموفق إلى الخير، المنعم عليه، الكثير اللحم، الدائم الأمل، الموفق إلى مآربه، والذي بلغ منزلةً عاليةً.,,inceptionai/Jais-2-8B-Chat,0.0,inceptionai/Jais-2-8B-Chat,,2026-08-17T15:23:00+00:00,,0.143,defer,
wahm_100,msa,direct,jais,arabic_centric,اين توجد منطقة الخفجي؟,شمال شرق المملكة العربية السعودية,تقع في المنطقة الشرقية من المملكة العربية السعودية,,inceptionai/Jais-2-8B-Chat,0.0,inceptionai/Jais-2-8B-Chat,,2026-08-17T15:23:00+00:00,,0.600,defer,
wahm_101,msa,direct,jais,arabic_centric,متى أطلقت قناة كرتون نتورك؟,10 أكتوبر 2010,1 أكتوبر 1992,,inceptionai/Jais-2-8B-Chat,0.0,inceptionai/Jais-2-8B-Chat,,2026-08-17T15:23:00+00:00,,0.333,defer,
wahm_102,msa,direct,jais,arabic_centric,متى تولى محمد السادس الحكم في المغرب؟,ربيع الآخر سنة 1420 هـ,عام 1999,,inceptionai/Jais-2-8B-Chat,0.0,inceptionai/Jais-2-8B-Chat,,2026-08-17T15:23:00+00:00,,0.000,hallucinated,
wahm_103,msa,direct,jais,arabic_centric,ماهو تعداد المسيحيين الأردنيين ؟,"174,000 إلى 390,000 نسمة, من 174,000 إلى 390,000","200,000",,inceptionai/Jais-2-8B-Chat,0.0,inceptionai/Jais-2-8B-Chat,,2026-08-17T15:23:00+00:00,,0.200,defer,
wahm_104,msa,direct,jais,arabic_centric,أين تقع مدينة قطيسفون؟,جنوب شرق بغداد,تقع على الضفة الشرقية لنهر دجلة في منطقة المدائن,,inceptionai/Jais-2-8B-Chat,0.0,inceptionai/Jais-2-8B-Chat,,2026-08-17T15:23:00+00:00,,0.000,hallucinated,
wahm_105,msa,direct,jais,arabic_centric,ما هي الذاكرة العرضية؟,ذاكرة أحداث السيرة الذاتية,الذاكرة العرضية (Episodic Memory) هي نوع من الذاكرة طويلة المدى التي تحتفظ بالمعلومات المتعلقة بالأحداث والتجارب الشخصية التي حدثت في الماضي. وتشمل هذه الذاكرة تفاصيل محددة مثل الزمان والمكان والأشخاص الذين كانوا حاضرين في تلك الأحداث. وتتميز الذاكرة العرضية بأنها غير خطية، حيث يتم تخزين الأحداث في تسلسل زمني محدد، مما يسمح لنا بتذكر الأحداث بشكل متسلسل ومنظم. وتعتبر الذاكرة العرضية جزءًا أساسيًا من الذاكرة البشرية، حيث تساعدنا على التعلم من تجاربنا السابقة واتخاذ القرارات المناسبة في المستقبل.,,inceptionai/Jais-2-8B-Chat,0.0,inceptionai/Jais-2-8B-Chat,,2026-08-17T15:23:02+00:00,,0.000,hallucinated,
wahm_106,msa,direct,jais,arabic_centric,أين تقع مديرية رغوان؟,وسط اليمن,تقع مديرية رغوان في محافظة صنعاء، اليمن.,,inceptionai/Jais-2-8B-Chat,0.0,inceptionai/Jais-2-8B-Chat,,2026-08-17T15:23:02+00:00,,0.500,defer,
wahm_107,msa,direct,jais,arabic_centric,أين ولد هندريك أنتون لورنتس ؟,أرنهيم بخيلدرلند بهولندا,في هولندا,,inceptionai/Jais-2-8B-Chat,0.0,inceptionai/Jais-2-8B-Chat,,2026-08-17T15:23:02+00:00,,0.333,defer,
wahm_108,msa,direct,jais,arabic_centric,من هو مخترع العجلات المطاطية التي تسير عليها السيارات؟,جون بويد دنلوب,جون بويد دانلوب,,inceptionai/Jais-2-8B-Chat,0.0,inceptionai/Jais-2-8B-Chat,,2026-08-17T15:23:02+00:00,,0.667,defer,
wahm_109,msa,direct,jais,arabic_centric,اين يقع البحر الميت ؟,"أخدود وادي الأردن, في أخدود وادي الأردن ضمن الشق السوري الأفريقي",يقع البحر الميت بين الأردن وفلسطين,,inceptionai/Jais-2-8B-Chat,0.0,inceptionai/Jais-2-8B-Chat,,2026-08-17T15:23:02+00:00,,0.333,defer,
wahm_110,msa,direct,jais,arabic_centric,ما هي أطول فترات حكم فلاد الثالث؟,"دامت أطول فترات حكمه فيما بين عامي 1456 و1462 في أوج الحملات العثمانية للسيطرة على البلقان, بين عامي 1456 و1462",3 أشهر و 6 أيام,,inceptionai/Jais-2-8B-Chat,0.0,inceptionai/Jais-2-8B-Chat,,2026-08-17T15:23:02+00:00,,0.000,hallucinated,
wahm_111,msa,direct,jais,arabic_centric,من هي نانسي ريغان؟,ممثلة سينمائية أمريكية وزوجة رونالد ريغان الرئيس الأربعين للولايات المتحدة الأمريكية، وسيّدة الولايات المتحدة الأولى لمدة ثمان سنوات، من 1981 وحتى 1989,"كانت نانسي ريغان السيدة الأولى للولايات المتحدة من عام 1981 إلى عام 1989 خلال فترة رئاسة زوجها رونالد ريغان. ولدت في 6 يوليو 1921 في مدينة نيويورك، وكانت ممثلة سابقة قبل أن تتزوج من رونالد ريغان في عام 1952.

كانت نانسي ريغان شخصية مؤثرة في البيت الأبيض، حيث لعبت دورًا كبيرًا في دعم مبادرات زوجها السياسية والاجتماعية، بما في ذلك حملته لمكافحة المخدرات. كانت معروفة بأسلوبها الأنيق واهتمامها بالموضة، وقد أثرت بشكل كبير على الموضة والثقافة الشعبية في تلك الفترة.

بعد انتهاء فترة رئاسة رونالد ريغان، استمرت نانسي في العمل الخيري، حيث شاركت في العديد من المنظمات التي تدعم قضايا مثل الصحة العقلية، ومساعدة المشردين، وتعزيز حقوق الإنسان. توفيت نانسي ريغان في 6 مارس 2016 عن عمر يناهز 94 عامًا.",,inceptionai/Jais-2-8B-Chat,0.0,inceptionai/Jais-2-8B-Chat,,2026-08-17T15:23:04+00:00,,0.750,defer,
wahm_112,msa,direct,jais,arabic_centric,متى انضم اللاعب كيفن دي بروين لمانشستر سيتي الانجليزي؟,2015,في 30 أغسطس 2015,,inceptionai/Jais-2-8B-Chat,0.0,inceptionai/Jais-2-8B-Chat,,2026-08-17T15:23:04+00:00,,1.000,clean,
wahm_113,msa,direct,jais,arabic_centric,من هو خليل كوت؟,"ضابط في الجيش العثماني وحاكم إقليمي, ضابط في الجيش العثماني وحاكم إقليمي، هو عم وزير الحرب العثماني خلال الحرب العالمية الأولى",لاعب كرة قدم تركي,,inceptionai/Jais-2-8B-Chat,0.0,inceptionai/Jais-2-8B-Chat,,2026-08-17T15:23:04+00:00,,0.000,hallucinated,
wahm_114,msa,direct,jais,arabic_centric,متى صدر العدد الأول من المجلة تايم الأمريكية؟,3 مارس 1923,صدر العدد الأول من المجلة تايم الأمريكية في 3 مارس 1923.,,inceptionai/Jais-2-8B-Chat,0.0,inceptionai/Jais-2-8B-Chat,,2026-08-17T15:23:04+00:00,,1.000,clean,
wahm_115,msa,direct,jais,arabic_centric,ما هو المذهب الحنفي؟,"ينسب هذا المذهب لأبي حنيفة النعمان (80هـ - 150هـ)، وهو مذهب فقهي من المذاهب الفقهية الأربعة المشهورة عند أهل السنة والجماعة كالمذهب المالكي، والمذهب الشافعي، والمذهب الحنبلي, مذهب فقهي من المذاهب الفقهية الأربعة المشهورة عند أهل السنة والجماعة","المذهب الحنفي هو أحد المذاهب الفقهية الأربعة الرئيسية في الإسلام السني، وهو يُنسب إلى الإمام أبي حنيفة النعمان بن ثابت الكوفي (699-767 م)، الذي يُعد من أبرز فقهاء عصره.

**الخصائص الرئيسية للمذهب الحنفي:**

*   **الاعتماد على العقل والاجتهاد:** يُعرف المذهب الحنفي بتركيزه على العقل والاجتهاد في استنباط الأحكام الشرعية، مما يجعله مرنًا وقادرًا على التكيف مع الظروف المتغيرة. يُعتبر الإمام أبو حنيفة رائدًا في هذا النهج، حيث كان يُفضل القياس والاستحسان على النصوص الحرفية في بعض الحالات.
*   **القياس (Analogical Reasoning):** يُعد القياس من أهم أدوات الاستنباط في المذهب الحنفي. يعتمد على إيجاد علة مشتركة بين مسألة جديدة ومسألة أخرى ورد فيها نص شرعي، ثم تطبيق الحكم الخاص بالمسألة المنصوص عليها على المسألة الجديدة.
*   **الاستحسان (Juristic Preference):** هو تفضيل حكم فقهي على حكم آخر، ليس بناءً على نص صريح، بل بناءً على مصلحة راجحة أو عرف سائد أو ضرورة، أو لتحقيق تيسير على الناس.
*   **العرف والعادة:** يولي المذهب الحنفي أهمية كبيرة للعرف والعادة في تحديد معاني الألفاظ والأحكام الشرعية، خاصة في المعاملات والعقود.
*   **المرونة والواقعية:** يتميز المذهب الحنفي بمرونته وقدرته على التعامل مع القضايا المعاصرة، مما جعله ينتشر في مناطق واسعة من العالم الإسلامي، خاصة في شبه القارة الهندية وتركيا ووسط آسيا.
*   **مصادر التشريع:** يعتمد المذهب الحنفي على القرآن الكريم والسنة النبوية الشريفة، بالإضافة إلى القياس والاستحسان والعرف، كأدوات رئيسية لاستنباط الأحكام الشرعية.

**انتشار المذهب:**

*   **شبه القارة الهندية:** يُعد المذهب الحنفي هو المذهب الأكثر انتشارًا في شبه القارة الهندية، حيث يشكل غالبية المسلمين هناك.
*   **تركيا:** يُعد المذهب الحنفي، إلى جانب المذهب المالكي، المذهب الرسمي للدولة التركية.
*   **مناطق أخرى:** ينتشر المذهب الحنفي أيضًا في أجزاء من الشرق الأوسط، ووسط آسيا، ومصر (بشكل خاص في القاهرة)، وبعض مناطق شمال أفريقيا.

**أهمية المذهب الحنفي:**

*   **التيسير:** يُعرف المذهب الحنفي بتيسيره على الناس ورفع الحرج عنهم، مما جعله جذابًا للعديد من المسلمين.
*   **الانتشار:** ساهم انتشاره الواسع في تعزيز التبادل الثقافي والفكري في المناطق التي ينتشر فيها.
*   **التأثير:** كان للمذهب الحنفي تأثير كبير على تطور الفقه الإسلامي، خاصة في مجالات المعاملات والعقود.

باختصار، المذهب الحنفي هو مذهب فقهي يعتمد على العقل والاجتهاد",,inceptionai/Jais-2-8B-Chat,0.0,inceptionai/Jais-2-8B-Chat,,2026-08-17T15:23:10+00:00,,0.750,defer,
wahm_116,msa,direct,jais,arabic_centric,من هو سيمون بوليفار؟,"عسكري وسياسي فنزويلي, عسكري وسياسي فنزويلي في فترة ما قبل الجمهورية القبطانية العامة لفنزويلا","سيمون بوليفار هو شخصية تاريخية بارزة في أمريكا اللاتينية، ولد في فنزويلا عام 1783 وتوفي في كولومبيا عام 1830. كان قائدًا عسكريًا وسياسيًا وثوريًا، وقاد حركات الاستقلال في عدة دول في أمريكا الجنوبية، بما في ذلك فنزويلا وكولومبيا وبيرو والإكوادور وبوليفيا. يُعرف أيضًا باسم ""المحرر"" بسبب دوره في تحرير هذه الدول من الاستعمار الإسباني.",,inceptionai/Jais-2-8B-Chat,0.0,inceptionai/Jais-2-8B-Chat,,2026-08-17T15:23:11+00:00,,0.182,defer,
wahm_117,msa,direct,jais,arabic_centric,ماهى الرواية الفروسية ؟,جنس أدبي من الروايات المكتوبة بالنثر والتي ظهرت في إسبانيا والبرتغال في القرن السادس عشر ولاقت نجاحًا كبيرًا وشعبية واسعة,هي نوع من أنواع الأدب القصصي الذي يصور أحداثًا بطولية لشخصيات تاريخية أو أسطورية، غالبًا ما تكون من العصور الوسطى.,,inceptionai/Jais-2-8B-Chat,0.0,inceptionai/Jais-2-8B-Chat,,2026-08-17T15:23:11+00:00,,0.053,defer,
wahm_118,msa,direct,jais,arabic_centric,متى توفي الإمام جعفر الصادق؟,مساء 25 شوال من سنة 148 هـ,148 هـ,,inceptionai/Jais-2-8B-Chat,0.0,inceptionai/Jais-2-8B-Chat,,2026-08-17T15:23:11+00:00,,0.286,defer,
wahm_119,msa,direct,jais,arabic_centric,أين تقع مملكة بوتان؟,جنوب آسيا,تقع في جبال الهملايا الشرقية، وتحدها الصين شمالاً والهند جنوباً,,inceptionai/Jais-2-8B-Chat,0.0,inceptionai/Jais-2-8B-Chat,,2026-08-17T15:23:11+00:00,,0.000,hallucinated,
wahm_120,msa,direct,jais,arabic_centric,كم عدد الأسنان في الإنسان ؟,32,32 سن,,inceptionai/Jais-2-8B-Chat,0.0,inceptionai/Jais-2-8B-Chat,,2026-08-17T15:23:11+00:00,,1.000,clean,
wahm_121,msa,direct,jais,arabic_centric,متى تم إنشاء معاهدة الحد من انتشار الأسلحة النووية؟,1 يوليو 1968,تم إنشاء معاهدة الحد من انتشار الأسلحة النووية في عام 1968.,,inceptionai/Jais-2-8B-Chat,0.0,inceptionai/Jais-2-8B-Chat,,2026-08-17T15:23:12+00:00,,0.333,defer,
wahm_122,msa,direct,jais,arabic_centric,متى بدأت  الزخارف الإسلامية؟,836 م,في القرن السابع الميلادي,,inceptionai/Jais-2-8B-Chat,0.0,inceptionai/Jais-2-8B-Chat,,2026-08-17T15:23:12+00:00,,0.000,hallucinated,
wahm_123,msa,direct,jais,arabic_centric,أين توفي أبو عبد الله سفيان بن سعيد بن مسروق؟,البصرة,بالمدينة المنورة,,inceptionai/Jais-2-8B-Chat,0.0,inceptionai/Jais-2-8B-Chat,,2026-08-17T15:23:12+00:00,,0.000,hallucinated,
wahm_124,msa,direct,jais,arabic_centric,متى ولد مصطفى فخار بن حميدو بن علال ؟,مارس 1892م,15 ديسمبر 1920,,inceptionai/Jais-2-8B-Chat,0.0,inceptionai/Jais-2-8B-Chat,,2026-08-17T15:23:12+00:00,,0.000,hallucinated,
wahm_125,msa,direct,jais,arabic_centric,في أي عام تولى عبد الفتاح السيسي الحكم في مصر؟,2014,في عام 2014.,,inceptionai/Jais-2-8B-Chat,0.0,inceptionai/Jais-2-8B-Chat,,2026-08-17T15:23:12+00:00,,1.000,clean,
wahm_126,msa,direct,jais,arabic_centric,ما هي نسبة ملوحة البحر الميت؟,34%,تبلغ نسبة ملوحته 34.1%,,inceptionai/Jais-2-8B-Chat,0.0,inceptionai/Jais-2-8B-Chat,,2026-08-17T15:23:12+00:00,,1.000,clean,
wahm_127,msa,direct,jais,arabic_centric,في أي عام تأسست جامعة تورنتو؟,15 مارس 1827,تأسست جامعة تورنتو في عام **1827**.,,inceptionai/Jais-2-8B-Chat,0.0,inceptionai/Jais-2-8B-Chat,,2026-08-17T15:23:12+00:00,,0.333,defer,
wahm_128,msa,direct,jais,arabic_centric,أين إندلعت الثورة التونسية؟,سيدي بوزيد وولاية القصرين,مدينة سيدي بوزيد,,inceptionai/Jais-2-8B-Chat,0.0,inceptionai/Jais-2-8B-Chat,,2026-08-17T15:23:12+00:00,,0.500,defer,
wahm_129,msa,direct,jais,arabic_centric,من القريق الفائز بكاس العالم 1998 ؟,فرنسا,فاز منتخب الأرجنتين بكاس العالم عام,,inceptionai/Jais-2-8B-Chat,0.0,inceptionai/Jais-2-8B-Chat,,2026-08-17T15:23:12+00:00,,0.000,hallucinated,
wahm_130,msa,direct,jais,arabic_centric,ما هي تقنية النانو ؟,"العلم الذي يهتم بدراسة معالجة المادة على المقياس الذري والجزيئي, هي العلم الذي يهتم بدراسة معالجة المادة على المقياس الذري والجزيئي",هي العلم الذي يهتم بدراسة معالجة المادة على المقياس الذري والجزيئي تهتم تقنية النانو بابتكار تقنيات وسائل جديدة تقاس أبعادها بالنانومتر وهو جزء من الألف من الميكرومتر أي جزء من المليون من الميليمتر عادة تعامل تقنية النانو مع قياسات بين إلى، وهي أبعاد الأشياء الصغيرة جداً التي يمكن أن تصل إلى مستوى الذرة والجزيئات,,inceptionai/Jais-2-8B-Chat,0.0,inceptionai/Jais-2-8B-Chat,,2026-08-17T15:23:13+00:00,,1.000,clean,
wahm_131,msa,direct,jais,arabic_centric,أين ولدت هيلينا بتروفنا بلافاتسكي؟,إقليم أيكانزينسلاف,في مدينة يكاترينوسلاف الواقعة في الإمبراطورية الروسية,,inceptionai/Jais-2-8B-Chat,0.0,inceptionai/Jais-2-8B-Chat,,2026-08-17T15:23:13+00:00,,0.000,hallucinated,
wahm_132,msa,direct,jais,arabic_centric,ما هي دلتا النيل؟,"شمال مصر, دلتا تكونت في شمال مصر (الوجه البحري) حيث يتفرع النيل إلى فرعين يصبان في البحر المتوسط",دلتا النيل هي منطقة واسعة من الأراضي الرطبة والأشكال الأرضية الأخرى التي تشكلت من رواسب نهر النيل، مصر.,,inceptionai/Jais-2-8B-Chat,0.0,inceptionai/Jais-2-8B-Chat,,2026-08-17T15:23:13+00:00,,0.500,defer,
wahm_133,msa,direct,jais,arabic_centric,أي عضو في الجسم مسؤول على نقل الأوكسيجين؟,جهاز التنفس,الرئتين,,inceptionai/Jais-2-8B-Chat,0.0,inceptionai/Jais-2-8B-Chat,,2026-08-17T15:23:14+00:00,,0.000,hallucinated,
wahm_134,msa,direct,jais,arabic_centric,اين توجد جزيرة بوكيت؟,جنوب تايلاند,تقع جزيرة بوكيت في تايلاند، وهي أكبر جزر تايلاند السياحية، وتُعد من أهم الوجهات السياحية في العالم، حيث تشتهر بشواطئها الخلابة، ومياهها الفيروزية، وشوارعها المليئة بالمحلات التجارية، والمطاعم العالمية، بالإضافة إلى المنتجعات الفخمة التي توفر خدمات السبا، والمساج، والرحلات البحرية، وغيرها الكثير,,inceptionai/Jais-2-8B-Chat,0.0,inceptionai/Jais-2-8B-Chat,,2026-08-17T15:23:14+00:00,,0.500,defer,
wahm_135,msa,direct,jais,arabic_centric,ما أصل اللغة المجرية؟,"تنتمي المجرية إلى مجموعة اللغات الأوغرية، وهذه المجموعة تنتمي إلى عائلة اللغات الأورالية, لأوغرية",هي لغة ألطائية,,inceptionai/Jais-2-8B-Chat,0.0,inceptionai/Jais-2-8B-Chat,,2026-08-17T15:23:14+00:00,,0.000,hallucinated,
wahm_136,msa,direct,jais,arabic_centric,ماذا تسمى الغدة التناسلية الأنثوية؟,المبيضان,"المبيض.

الشرح: المبيض هو العضو التناسلي الأنثوي الرئيسي المسؤول عن إنتاج البويضات والهرمونات الجنسية الأنثوية.",,inceptionai/Jais-2-8B-Chat,0.0,inceptionai/Jais-2-8B-Chat,,2026-08-17T15:23:15+00:00,,0.000,hallucinated,
wahm_137,msa,direct,jais,arabic_centric,ما هو العليق المقدس؟,"شجيرة معمرة  شائكة من فصيلة الوردية, شجيرة معمرة  شائكة من فصيلة الوردية، كثيفة الأوراق",هو نبات معمر من الفصيلة التوتية,,inceptionai/Jais-2-8B-Chat,0.0,inceptionai/Jais-2-8B-Chat,,2026-08-17T15:23:15+00:00,,0.167,defer,
wahm_138,msa,direct,jais,arabic_centric,كيف توفي راجيف راتنا غاندي ؟,اغتيل,اغتيل في تفجير انتحاري في 21 مايو 1991,,inceptionai/Jais-2-8B-Chat,0.0,inceptionai/Jais-2-8B-Chat,,2026-08-17T15:23:15+00:00,,1.000,clean,
wahm_139,msa,direct,jais,arabic_centric,من هو الملك فرانكو الأول؟,"قائد عسكري تولى رئاسة إسبانيا من أكتوبر 1936 وحتى وفاته في سنة 1975، وصل إلى السلطة بعد الحرب الأهلية الإسبانية (1936 - 1939), قائد عسكري تولى رئاسة إسبانيا من أكتوبر 1936 وحتى وفاته في سنة 1975",ملك إسبانيا من 1931 حتى وفاته في 20 نوفمبر 1975,,inceptionai/Jais-2-8B-Chat,0.0,inceptionai/Jais-2-8B-Chat,,2026-08-17T15:23:15+00:00,,0.462,defer,
wahm_140,msa,direct,jais,arabic_centric,كم عدد الرؤساء الأميركيين الذين تخرجوا من جامعة هارفارد؟,سبع,تخرج 45 رئيسًا أميركيًا من جامعة هارفارد.,,inceptionai/Jais-2-8B-Chat,0.0,inceptionai/Jais-2-8B-Chat,,2026-08-17T15:23:15+00:00,,0.000,hallucinated,
wahm_141,msa,direct,jais,arabic_centric,من هو أميري بركة؟,"له العديد من المؤلفات في المسرح والشعر والدراما، والرواية، وعدد واسع من المقالات, له العديد من المؤلفات في المسرح والشعر والدراما، والرواية، وعدد واسع من المقالات. قام بالتدريس في عدد من الجامعات، من بينها جامعة نيويورك في بوفالو",شاعر وكاتب مسرحي أمريكي,,inceptionai/Jais-2-8B-Chat,0.0,inceptionai/Jais-2-8B-Chat,,2026-08-17T15:23:15+00:00,,0.000,hallucinated,
wahm_142,msa,direct,jais,arabic_centric,من هو خورخه فيديلا؟,الحاكم العسكري المطلق للأرجنتين من 1976 إلى 1981,كان ضابطًا في الجيش الأرجنتيني، ثم أصبح رئيسًا للأرجنتين من 1976 إلى 1981.,,inceptionai/Jais-2-8B-Chat,0.0,inceptionai/Jais-2-8B-Chat,,2026-08-17T15:23:16+00:00,,0.625,defer,
wahm_143,msa,direct,jais,arabic_centric,أين تقع مدينة قوندر؟,إثيوبية,تقع في مرتفعات إثيوبيا,,inceptionai/Jais-2-8B-Chat,0.0,inceptionai/Jais-2-8B-Chat,,2026-08-17T15:23:16+00:00,,0.000,hallucinated,
wahm_144,msa,direct,jais,arabic_centric,ما هي اكبر جائزة في مسابقة الخيول؟,"كأس دبي العالمي, كأس دبي العالمي  لسباق الخيل","أكبر جائزة في المسابقة هي 1,000,000 دولار أمريكي",,inceptionai/Jais-2-8B-Chat,0.0,inceptionai/Jais-2-8B-Chat,,2026-08-17T15:23:16+00:00,,0.000,hallucinated,
wahm_145,msa,direct,jais,arabic_centric,متى ولد شارل ديغول؟,1890,ولد شارل ديغول في 22 نوفمبر 1890,,inceptionai/Jais-2-8B-Chat,0.0,inceptionai/Jais-2-8B-Chat,,2026-08-17T15:23:16+00:00,,1.000,clean,
wahm_146,msa,direct,jais,arabic_centric,متى ولد  بدر الدين الزركشي؟,745 هـ,(بفتح الزاي وسكون الراء) في القاهرة سنة 745 هـ.,,inceptionai/Jais-2-8B-Chat,0.0,inceptionai/Jais-2-8B-Chat,,2026-08-17T15:23:16+00:00,,1.000,clean,
wahm_147,msa,direct,jais,arabic_centric,ماهى الأدوية ؟,أية مادة تستعمل في تشخيص أو معالجة الأمراض التي تصيب الإنسان أو الحيوان، أو التي تفيد في تخفيف وطأتها أو الوقاية منها,الأدوية هي مواد تستخدم في التشخيص أو العلاج، وهي عادة مواد كيميائية لها تأثيرات بيولوجية على العقل أو الجسم، وتستخدم في أشكال صيدلانية مختلفة مثل الأقراص، الحقن، القطرات، التحاميل، اللبوس، الكريمات، والهلاميات، بهدف تخفيف الألم، علاج الأمراض، أو تحسين الصحة العامة.,,inceptionai/Jais-2-8B-Chat,0.0,inceptionai/Jais-2-8B-Chat,,2026-08-17T15:23:17+00:00,,0.375,defer,
wahm_148,msa,direct,jais,arabic_centric,اين توجد مدينة الحبيلين؟,محافظة لحج,اليمن,,inceptionai/Jais-2-8B-Chat,0.0,inceptionai/Jais-2-8B-Chat,,2026-08-17T15:23:17+00:00,,0.000,hallucinated,
wahm_149,msa,direct,jais,arabic_centric,ما هي السرطانة المشيمائية؟,ورم خبيث أرومي غاذي[1] ينشأ عادةً في المشيمة,هي ورم خبيث نادر ينشأ من الخلايا المشيمائية (الخلايا التي تشكل المشيمة أثناء الحمل),,inceptionai/Jais-2-8B-Chat,0.0,inceptionai/Jais-2-8B-Chat,,2026-08-17T15:23:17+00:00,,0.444,defer,
wahm_150,msa,direct,jais,arabic_centric,متى  تأسس  المسرح اليديشي؟,1876,في القرن التاسع عشر,,inceptionai/Jais-2-8B-Chat,0.0,inceptionai/Jais-2-8B-Chat,,2026-08-17T15:23:17+00:00,,0.000,hallucinated,
wahm_151,msa,direct,jais,arabic_centric,اين توجد مدينة بيشاور؟,"خیبر بختونخوا, باكستان",باكستان,,inceptionai/Jais-2-8B-Chat,0.0,inceptionai/Jais-2-8B-Chat,,2026-08-17T15:23:17+00:00,,1.000,clean,
wahm_152,msa,direct,jais,arabic_centric,متى نشبت معركة دوروستولون؟,971,15-16 أغسطس 1914,,inceptionai/Jais-2-8B-Chat,0.0,inceptionai/Jais-2-8B-Chat,,2026-08-17T15:23:17+00:00,,0.000,hallucinated,
wahm_153,msa,direct,jais,arabic_centric,كم استمر حكم السلطان عبد الحميد الثاني؟,ثلاثين سنة,33 عاماً,,inceptionai/Jais-2-8B-Chat,0.0,inceptionai/Jais-2-8B-Chat,,2026-08-17T15:23:17+00:00,,0.000,hallucinated,
wahm_154,msa,direct,jais,arabic_centric,أين كانت منطقة مملكة كوش؟,"جنوب الشلال الأول والواوات على شماله في بلاد النوبة العليا والسفلى, بلاد النوبة العليا والسفلى",تقع منطقة مملكة كوش في وادي النيل بين مصر والسودان الحاليين.,,inceptionai/Jais-2-8B-Chat,0.0,inceptionai/Jais-2-8B-Chat,,2026-08-17T15:23:18+00:00,,0.091,defer,
wahm_155,msa,direct,jais,arabic_centric,"متى تاسس جهاز المخابرات الاسرائيلي ""الموساد""؟",13 ديسمبر 1949,عام 1949,,inceptionai/Jais-2-8B-Chat,0.0,inceptionai/Jais-2-8B-Chat,,2026-08-17T15:23:18+00:00,,0.333,defer,
wahm_156,msa,direct,jais,arabic_centric,ما هي الترجمة اليونانية لكلمة البطريرك؟,الأب الرئيس,""" """"Πατριάρχης"""" """,,inceptionai/Jais-2-8B-Chat,0.0,inceptionai/Jais-2-8B-Chat,,2026-08-17T15:23:18+00:00,,0.000,hallucinated,
wahm_157,msa,direct,jais,arabic_centric,أين دفن إلوي ألفارو ؟,مقبرة عامة في كيتو,دفن إلوي ألفارو في مقبرة لا بيلا فيغا في مدينة سان ميغيل دي توكومان,,inceptionai/Jais-2-8B-Chat,0.0,inceptionai/Jais-2-8B-Chat,,2026-08-17T15:23:18+00:00,,0.500,defer,
wahm_158,msa,direct,jais,arabic_centric,متى إفتتحت جامعة أم القرى؟,1369 هـ,عام 1981م,,inceptionai/Jais-2-8B-Chat,0.0,inceptionai/Jais-2-8B-Chat,,2026-08-17T15:23:18+00:00,,0.000,hallucinated,
wahm_159,msa,direct,jais,arabic_centric,كم دوري أنجليزي تحصل عليه نادي مانشستر يونايتد لكرة القدم؟,20,يحصل نادي مانشستر يونايتد لكرة القدم على 20 دوري انجليزي.,,inceptionai/Jais-2-8B-Chat,0.0,inceptionai/Jais-2-8B-Chat,,2026-08-17T15:23:18+00:00,,1.000,clean,
wahm_160,msa,direct,jais,arabic_centric,ماهى عاصمة آيرلندا الشمالية ؟,بلفاست,بلفاست,,inceptionai/Jais-2-8B-Chat,0.0,inceptionai/Jais-2-8B-Chat,,2026-08-17T15:23:18+00:00,,1.000,clean,
wahm_161,msa,direct,jais,arabic_centric,ما معنى اسم نهر ريو دي لا بلاتا ؟,نهر الفضة,ما معنى اسم نهر ريو دي لا بلاتا ؟ الاجابة هي نهر الفضة,,inceptionai/Jais-2-8B-Chat,0.0,inceptionai/Jais-2-8B-Chat,,2026-08-17T15:23:19+00:00,,1.000,clean,
wahm_162,msa,direct,jais,arabic_centric,أين تقع مدينة مروي؟,"شمال السودان, شمال السودان تقع علي الضفة الشرقية لنهر النيل",تقع مدينة مروي على الضفة الشرقية للنيل العظيم على بعد 200 كيلومتر شمال الخرطوم,,inceptionai/Jais-2-8B-Chat,0.0,inceptionai/Jais-2-8B-Chat,,2026-08-17T15:23:19+00:00,,0.625,defer,
wahm_163,msa,direct,jais,arabic_centric,متى عاش أبو عبد الله سفيان بن سعيد بن مسروق؟,97 هـ,عاش في الفترة بين (97 هـ - 161 هـ),,inceptionai/Jais-2-8B-Chat,0.0,inceptionai/Jais-2-8B-Chat,,2026-08-17T15:23:19+00:00,,1.000,clean,
wahm_164,msa,direct,jais,arabic_centric,ما هي مجموعة بلدربيرغ؟,"مؤتمر سنوي غير رسمي يحضره قرابة 100 إلى 150 من المدعوين، معظمهم من أكبر رجالات السياسة والأعمال والبنوك نفوذاً في العالم, مؤتمر سنوي غير رسمي يحضره قرابة 100 إلى 150 من المدعوين، معظمهم من أكبر رجالات السياسة والأعمال والبنوك نفوذاً في العالم. ويتم الحديث في المؤتمر خلف جدار من السرية الشديدة حول العديد من المواضيع العالمية والاقتصادية والعسكرية والسياسية",هي مجموعة غير رسمية من النخبة العالمية، تتألف من حوالي 130 شخصًا من كبار الساسة وقادة الصناعة والأكاديميين ورجال الأعمال.,,inceptionai/Jais-2-8B-Chat,0.0,inceptionai/Jais-2-8B-Chat,,2026-08-17T15:23:19+00:00,,0.200,defer,
wahm_165,msa,direct,jais,arabic_centric,ما هو بلد المنشأ لرياضة الجودو؟,اليابان,"بلد المنشأ لرياضة الجودو هو **اليابان**.

تم تطوير الجودو في اليابان في أواخر القرن التاسع عشر على يد الأستاذ **جيغورو كانو**، الذي قام بتكييف فنون القتال اليابانية التقليدية (مثل الجيو جيتسو) لتناسب الرياضيين من جميع الأحجام والقدرات.",,inceptionai/Jais-2-8B-Chat,0.0,inceptionai/Jais-2-8B-Chat,,2026-08-17T15:23:20+00:00,,1.000,clean,
wahm_166,msa,direct,jais,arabic_centric,متى يوافق اليوم العالمي لحقوق الطفل؟,20 نوفمبر,يوافق 20 نوفمبر من كل عام.,,inceptionai/Jais-2-8B-Chat,0.0,inceptionai/Jais-2-8B-Chat,,2026-08-17T15:23:20+00:00,,1.000,clean,
wahm_167,msa,direct,jais,arabic_centric,ما هو الجواد الاصيل؟,من سلالات الخيول الخفيفة في العالم وهي تابعة لمنطقة الشرق الأوسط,الجواد الأصيل هو الحصان العربي الأصيل، وهو سلالة من الخيول التي نشأت في شبه الجزيرة العربية. يتميز هذا النوع من الخيول بجماله وقوته وسرعته، ويعتبر رمزاً للفخر والاعتزاز في الثقافة العربية. يتميز الجواد الأصيل بجسمه القوي، ورأسه الجميل، وأرجل قوية، وعيون واسعة، وشعر كثيف ولامع. كما أنه يتمتع بذكاء عالٍ وقدرة على التعلم والتدريب، مما يجعله رفيقاً مثالياً للفرسان.,,inceptionai/Jais-2-8B-Chat,0.0,inceptionai/Jais-2-8B-Chat,,2026-08-17T15:23:21+00:00,,0.273,defer,
wahm_168,msa,direct,jais,arabic_centric,"متى صدر المسلسل الامريكي ""سترينجر ثينقز""؟",15 يوليو، 2016,21 مايو 2019,,inceptionai/Jais-2-8B-Chat,0.0,inceptionai/Jais-2-8B-Chat,,2026-08-17T15:23:21+00:00,,0.000,hallucinated,
wahm_169,msa,direct,jais,arabic_centric,من هو دانييل بارينبويم؟,عازف بيانو، وقائد أوركسترا,دانييل بارينبويم هو قائد أوركسترا عالمي مشهور، وعازف بيانو، ومؤلف، ومحام، وناشط إنساني.,,inceptionai/Jais-2-8B-Chat,0.0,inceptionai/Jais-2-8B-Chat,,2026-08-17T15:23:21+00:00,,1.000,clean,
wahm_170,msa,direct,jais,arabic_centric,في أي عام أنشئت القائمة الحمراء للأنواع المهددة بالانقراض؟,1963,عام 1964,,inceptionai/Jais-2-8B-Chat,0.0,inceptionai/Jais-2-8B-Chat,,2026-08-17T15:23:21+00:00,,0.000,hallucinated,
wahm_171,msa,direct,jais,arabic_centric,من هو مخترع الديناميت؟,ألفرد نوبل,"ألفريد نوبل.

الشرح: ألفريد نوبل هو الكيميائي السويدي الذي اخترع الديناميت وحصل على براءة اختراع له. الديناميت مادة شديدة الانفجار استخدمت على نطاق واسع في البناء والتعدين والمحاجر.",,inceptionai/Jais-2-8B-Chat,0.0,inceptionai/Jais-2-8B-Chat,,2026-08-17T15:23:22+00:00,,0.500,defer,
wahm_172,msa,direct,jais,arabic_centric,ما هي الخلايا الحبيبية المتعادلة؟,"أكثر أنواع  كريات الدم البيضاء, أكثر أنواع  كريات الدم البيضاء غزارة لدى الإنسان حيث تشكل ما نسبته 60-70% من كريات الدم البيضاء",هي نوع من أنواع كريات الدم البيضاء,,inceptionai/Jais-2-8B-Chat,0.0,inceptionai/Jais-2-8B-Chat,,2026-08-17T15:23:22+00:00,,0.800,defer,
wahm_173,msa,direct,jais,arabic_centric,متى تأسس مهرجان كان السينمائي؟,1946,عام 1946,,inceptionai/Jais-2-8B-Chat,0.0,inceptionai/Jais-2-8B-Chat,,2026-08-17T15:23:22+00:00,,1.000,clean,
wahm_174,msa,direct,jais,arabic_centric,من هي باولا عبدول؟,فنانة أمريكية يهودية مشهورة لوالد يهودي سوري من حلب,"مغنية، راقصة، ومصممة رقصات أمريكية.

الشرح: باولا عبدول هي شخصية مشهورة في عالم الموسيقى والترفيه، ومعروفة بشكل خاص بعملها كمغنية رئيسية في فرقة 'ذا Go-Go's'، بالإضافة إلى مسيرتها الفردية الناجحة.",,inceptionai/Jais-2-8B-Chat,0.0,inceptionai/Jais-2-8B-Chat,,2026-08-17T15:23:23+00:00,,0.222,defer,
wahm_175,msa,direct,jais,arabic_centric,من هو رائد المدرسة البنائية في علم النفس؟,فيلهلم فونت,إدوارد تيتشنر,,inceptionai/Jais-2-8B-Chat,0.0,inceptionai/Jais-2-8B-Chat,,2026-08-17T15:23:23+00:00,,0.000,hallucinated,
wahm_176,msa,direct,jais,arabic_centric,متى إندلعت الثورة  التونسية؟,17 ديسمبر 2010,في 17 ديسمبر 2010,,inceptionai/Jais-2-8B-Chat,0.0,inceptionai/Jais-2-8B-Chat,,2026-08-17T15:23:23+00:00,,1.000,clean,
wahm_177,msa,direct,jais,arabic_centric,أين تقع  مدينة دنقلا العجوز؟,"الولاية الشمالية بالسودان, على الضفة الشرقية لنهر النيل، في الولاية الشمالية بالسودان",تقع في شمال السودان,,inceptionai/Jais-2-8B-Chat,0.0,inceptionai/Jais-2-8B-Chat,,2026-08-17T15:23:23+00:00,,0.500,defer,
wahm_178,msa,direct,jais,arabic_centric,متى وقعت معركة كورسك؟,مابين 5 يوليو 1943 و23 أغسطس,5 يوليو 1943,,inceptionai/Jais-2-8B-Chat,0.0,inceptionai/Jais-2-8B-Chat,,2026-08-17T15:23:23+00:00,,0.500,defer,
wahm_179,msa,direct,jais,arabic_centric,من كاتب كتاب المقدّمة؟,ابن خلدون,"ابن خلدون.

الشرح: ابن خلدون هو مؤلف كتاب 'المقدمة'، وهو عمل تأسيسي في علم الاجتماع والتاريخ.",,inceptionai/Jais-2-8B-Chat,0.0,inceptionai/Jais-2-8B-Chat,,2026-08-17T15:23:23+00:00,,1.000,clean,
wahm_180,msa,direct,jais,arabic_centric,ما هو العمرالوسطي للإصابة بمرض سرطان عنق الرحم؟,"20 حتى 30 عام, 52 عام",45 عامًا,,inceptionai/Jais-2-8B-Chat,0.0,inceptionai/Jais-2-8B-Chat,,2026-08-17T15:23:23+00:00,,0.000,hallucinated,
wahm_181,msa,direct,jais,arabic_centric,ما هو اسم التفضيل؟,اسم مشتق يدل على شيئين اشتركا في صفة واحدة وزاد أحدهما على الآخر في هذه الصفة,"اسم التفضيل هو اسم مشتق يدل على أن شيئين اشتركا في صفة وزاد أحدهما على الآخر فيها أو في صفة أخرى. صيغ اسم التفضيل:
- من الفعل الثلاثي: على وزن ""أَفْعَلُ"" (مثل: أَكْبَرُ، أَجْمَلُ).
- من الفعل غير الثلاثي: نأتي بمصدر الفعل ثم نضيف ""أَفْعَلُ"" (مثل: مَصْدَرُ ""تَفَوَّقَ"" هو ""تَفَوُّق""، إذن ""أَتَفَوَّقُ"" هو اسم التفضيل).",,inceptionai/Jais-2-8B-Chat,0.0,inceptionai/Jais-2-8B-Chat,,2026-08-17T15:23:25+00:00,,0.786,defer,
wahm_182,msa,direct,jais,arabic_centric,من هي الأميرة اولغا؟,أميرة روسيا الكييفية,أميرة سلافية روسية,,inceptionai/Jais-2-8B-Chat,0.0,inceptionai/Jais-2-8B-Chat,,2026-08-17T15:23:25+00:00,,0.333,defer,
wahm_183,msa,direct,jais,arabic_centric,أين تقع مدينة المهدية؟,"تونس, جنوب تونس العاصمة",تقع على الساحل الشرقي لتونس,,inceptionai/Jais-2-8B-Chat,0.0,inceptionai/Jais-2-8B-Chat,,2026-08-17T15:23:25+00:00,,1.000,clean,
wahm_184,msa,direct,jais,arabic_centric,متى تم تأسيس أكاديمية اللغة الفرنسية؟,1635,عام 1795,,inceptionai/Jais-2-8B-Chat,0.0,inceptionai/Jais-2-8B-Chat,,2026-08-17T15:23:25+00:00,,0.000,hallucinated,
wahm_185,msa,direct,jais,arabic_centric,متى توفي محمود شوكت باشا؟,17 ديسمبر 1903م,توفي في 24 كانون الأول 1930,,inceptionai/Jais-2-8B-Chat,0.0,inceptionai/Jais-2-8B-Chat,,2026-08-17T15:23:25+00:00,,0.000,hallucinated,
wahm_186,msa,direct,jais,arabic_centric,ما هو الرادار ؟,"نظام يستخدم موجات كهرومغناطيسية للتعرف على بعد وارتفاع واتجاه وسرعة الأجسام الثابتة والمتحركة, نظام يستخدم موجات كهرومغناطيسية للتعرف على بعد وارتفاع واتجاه وسرعة الأجسام الثابتة والمتحركة كالطائرات، والسفن، والعربات، وحالة الطقس، وشكل التضاريس",هو نظام يستخدم موجات الراديو لكشف وتحديد موقع الأجسام.,,inceptionai/Jais-2-8B-Chat,0.0,inceptionai/Jais-2-8B-Chat,,2026-08-17T15:23:25+00:00,,0.308,defer,
wahm_187,msa,direct,jais,arabic_centric,أين تقع الغدد البصلية الإحليلية؟,جانبي الجزء الغشائي من الخلف من الإحليل أو مجرى البول أسفل القضيب,تقع في قاعدة القضيب,,inceptionai/Jais-2-8B-Chat,0.0,inceptionai/Jais-2-8B-Chat,,2026-08-17T15:23:26+00:00,,0.091,defer,
wahm_188,msa,direct,jais,arabic_centric,ما هو الاضطراب الاكتئابي؟,مصطلح يستخدم لوصف خليط من الحالات المرضية أو غير المرضية في الإنسان والتي يغلب عليها طابع الحزن,"الاضطراب الاكتئابي هو حالة نفسية تتميز بالشعور بالحزن الشديد وفقدان الاهتمام أو المتعة في الأنشطة اليومية، وقد يصاحبها أعراض أخرى مثل:

- الشعور باليأس والإحباط.
- الشعور بالتعب والإرهاق.
- صعوبة التركيز واتخاذ القرارات.
- اضطرابات النوم (مثل الأرق أو النوم المفرط).
- تغيرات في الشهية والوزن.
- الشعور بالذنب أو عدم القيمة.
- التفكير في الموت أو الانتحار.

يمكن أن يؤثر الاضطراب الاكتئابي على حياة الشخص بشكل كبير، وقد يحتاج إلى علاج نفسي أو دوائي أو كليهما لتحسين الحالة.",,inceptionai/Jais-2-8B-Chat,0.0,inceptionai/Jais-2-8B-Chat,,2026-08-17T15:23:27+00:00,,0.188,defer,
wahm_189,msa,direct,jais,arabic_centric,متى توفيت نبوية موسى محمد بدوية ؟,30 إبريل 1951,22 فبراير 1951),,inceptionai/Jais-2-8B-Chat,0.0,inceptionai/Jais-2-8B-Chat,,2026-08-17T15:23:27+00:00,,0.333,defer,
wahm_190,msa,direct,jais,arabic_centric,في أي عام تأسست منظمة الصحة العالمية؟,7 أبريل 1948,تأسست منظمة الصحة العالمية في عام **1948**.,,inceptionai/Jais-2-8B-Chat,0.0,inceptionai/Jais-2-8B-Chat,,2026-08-17T15:23:27+00:00,,0.333,defer,
wahm_191,msa,direct,jais,arabic_centric,ما مهنة محمود أحمدي نِجَاد قبل الرئاسة؟,عمدةً لبلدية طهران,كان نجّارًا,,inceptionai/Jais-2-8B-Chat,0.0,inceptionai/Jais-2-8B-Chat,,2026-08-17T15:23:27+00:00,,0.000,hallucinated,
wahm_192,msa,direct,jais,arabic_centric,متى تأسست المحكمة الجنائية الدولية؟,2002,تأسست المحكمة الجنائية الدولية في 1 يوليو 2002.,,inceptionai/Jais-2-8B-Chat,0.0,inceptionai/Jais-2-8B-Chat,,2026-08-17T15:23:27+00:00,,1.000,clean,
wahm_193,msa,direct,jais,arabic_centric,ما هو بروتوكول التوجيه في شبكات تبديل الرزم؟,"اسم لعائلة من بروتوكولات الشبكة, اسم لعائلة من بروتوكولات الشبكة التي تُحدد مجموعة القواعد الضابطة لكيفيّة تواصل تجهيزات الشبكة، كالمُوجّهات أو العُقد مع بعضها البعض",هو عملية اختيار المسار الأمثل لنقل الرزم من المصدر إلى الوجهة عبر شبكة من الموجهات.,,inceptionai/Jais-2-8B-Chat,0.0,inceptionai/Jais-2-8B-Chat,,2026-08-17T15:23:27+00:00,,0.200,defer,
wahm_194,msa,direct,jais,arabic_centric,ما هو حديث الكساء؟,حديث نبوي، تحدَّث به رسول الإسلام محمد في فضل أهل بيته,"حديث الكساء من الأحاديث الصحيحة الثابتة عن رسول الله صلى الله عليه وسلم، وقد أخرجه الإمام مسلم في صحيحه، ولفظه عن عائشة رضي الله عنها قالت: خرج النبي صلى الله عليه وسلم غداة وعليه مرط مرحل من شعر أسود فجاء الحسن بن علي فأدخله ثم جاء الحسين فدخل معه ثم جاءت فاطمة فأدخلها ثم جاء علي فأدخله ثم قال: إنما يريد الله ليذهب عنكم الرجس أهل البيت ويطهركم تطهيرا. والمراد بأهل البيت هنا الأزواج خاصة وهم فاطمة وعلي والحسن والحسين، وقيل: المراد بهم من تحرم عليهم الصدقة من أقارب النبي صلى الله عليه وسلم. قال الإمام النووي في شرحه لصحيح مسلم: إنما يريد الله ليذهب عنكم الرجس أهل البيت ويطهركم تطهيرا، هذه الآية نص في أهل البيت، ويطهركم تطهيرا، فذهب طائفة من العلماء إلى أن المراد بهم: أزواج النبي صلى الله عليه وسلم خاصة، وإنما قال: ويطهركم تطهيرا، لأن ميلاد الحسن والحسين عليهما السلام من ماء أطيب، وتراب أطيب، وهكذا الحال في أصولهم، وميلادهم من رسول الله صلى الله عليه وسلم. وذهب جماعة منهم إلى أن الآية شاملة بعمومها لكل أهل البيت، وأن المراد به: هم وذرياتهم.

المعلومات المقدَّمة للإرشاد العام وقد لا تناسب كل حالة، وقد أخطئ أحيانًا؛ تأكَّد من صحة التفاصيل المهمة عبر مراجعة هيئة إفتاء موثوقة. والله أعلم.",,inceptionai/Jais-2-8B-Chat,0.0,inceptionai/Jais-2-8B-Chat,,2026-08-17T15:23:30+00:00,,0.500,defer,
wahm_195,msa,direct,jais,arabic_centric,متى أنشأت استديوهات والت ديزني للرسوم المتحركة؟,16 أكتوبر من عام 1923,16 أكتوبر 1923,,inceptionai/Jais-2-8B-Chat,0.0,inceptionai/Jais-2-8B-Chat,,2026-08-17T15:23:30+00:00,,0.600,defer,
wahm_196,msa,direct,jais,arabic_centric,من كان أول رئيس وزراء بريطانيا؟,"السير روبرت والبول, روبرت والبول",أول رئيس وزراء لبريطانيا كان السير روبرت والبول (Sir Robert Walpole)، الذي تولى المنصب من عام 1721 إلى عام 1742.,,inceptionai/Jais-2-8B-Chat,0.0,inceptionai/Jais-2-8B-Chat,,2026-08-17T15:23:31+00:00,,1.000,clean,
wahm_197,msa,direct,jais,arabic_centric,"من هو مخرج فيلم الانمي "" الاميرة مونونوكي""؟",هاياو ميازاكي,المخرج هاياو ميازاكي,,inceptionai/Jais-2-8B-Chat,0.0,inceptionai/Jais-2-8B-Chat,,2026-08-17T15:23:31+00:00,,1.000,clean,
wahm_198,msa,direct,jais,arabic_centric,في اي محافظة عراقية توجد مدينة الرمادي؟,"محافظة الأنبار, الأنبار",محافظة الأنبار,,inceptionai/Jais-2-8B-Chat,0.0,inceptionai/Jais-2-8B-Chat,,2026-08-17T15:23:31+00:00,,1.000,clean,
wahm_199,msa,direct,jais,arabic_centric,ما هي أكبر شركة لصناعة المواد الاستهلاكية في العالم؟,بروكتر وغامبل,"أكبر شركة لصناعة المواد الاستهلاكية في العالم هي شركة ""Procter & Gamble"" (P&G)، وهي شركة أمريكية متخصصة في إنتاج وتسويق المنتجات الاستهلاكية المتنوعة، بما في ذلك منتجات العناية الشخصية والمنزلية. تأسست الشركة في عام 1837 ومقرها في سينسيناتي، أوهايو، الولايات المتحدة الأمريكية.",,inceptionai/Jais-2-8B-Chat,0.0,inceptionai/Jais-2-8B-Chat,,2026-08-17T15:23:32+00:00,,0.000,hallucinated,
wahm_200,msa,direct,jais,arabic_centric,من مقدم برنامج خواطر؟,أحمد مازن أحمد أسعد الشقيري,أحمد الشقيري,,inceptionai/Jais-2-8B-Chat,0.0,inceptionai/Jais-2-8B-Chat,,2026-08-17T15:23:32+00:00,,0.500,defer,
wahm_201,msa,direct,jais,arabic_centric,كم تبعد الموصل عن بغداد ؟,465 كلم,400 كم,,inceptionai/Jais-2-8B-Chat,0.0,inceptionai/Jais-2-8B-Chat,,2026-08-17T15:23:32+00:00,,0.000,hallucinated,
wahm_202,msa,direct,jais,arabic_centric,في أي عام تأسست جمعية العربية الفتاة؟,1911م,عام 1920,,inceptionai/Jais-2-8B-Chat,0.0,inceptionai/Jais-2-8B-Chat,,2026-08-17T15:23:32+00:00,,0.000,hallucinated,
wahm_203,msa,direct,jais,arabic_centric,كم بلغ التعداد السكاني للعراق في 2014 ؟,"37,5 مليون نسمة","بلغ تعداد سكان العراق في عام 2014، 36,742,015 نسمة",,inceptionai/Jais-2-8B-Chat,0.0,inceptionai/Jais-2-8B-Chat,,2026-08-17T15:23:32+00:00,,0.250,defer,
wahm_204,msa,direct,jais,arabic_centric,ما هو الطب النَوَوِي ؟,"فرع من الطب يستعمل المواد المشعة في التصوير الطبي أو التشخيص المَرَضِيّ, هو فرع من الطب يستعمل المواد المشعة في التصوير الطبي أو التشخيص المَرَضِيّ",هو فرع من فروع الطب يستخدم الإشعاع المؤين لعلاج الأمراض، ويستفيد من خواص الإشعاع في التصوير التشخيصي والعلاج الإشعاعي.,,inceptionai/Jais-2-8B-Chat,0.0,inceptionai/Jais-2-8B-Chat,,2026-08-17T15:23:32+00:00,,0.462,defer,
wahm_205,msa,direct,jais,arabic_centric,متى يقام مهرجان مدينة جرش؟,في يوليو من كل عام,يقام مهرجان مدينة جرش من 25 يوليو 2024 إلى 12 أغسطس 2024.,,inceptionai/Jais-2-8B-Chat,0.0,inceptionai/Jais-2-8B-Chat,,2026-08-17T15:23:33+00:00,,0.400,defer,
wahm_206,msa,direct,jais,arabic_centric,ما هي مساحة إمارة الفجيرة؟,1165 كم مربعاً,"تبلغ مساحة إمارة الفجيرة 1,450 كيلومتراً مربعاً.",,inceptionai/Jais-2-8B-Chat,0.0,inceptionai/Jais-2-8B-Chat,,2026-08-17T15:23:33+00:00,,0.333,defer,
wahm_207,msa,direct,jais,arabic_centric,ما هي رياضة تشي كونغ؟,تقوم على نظام شامل لتنسيق الجسم بالحركة والتنفس والتأمل كوسيلة فعالة للحفاظ على الصحة أوالروحانيات أوالتدريب على فنون القتال,"تشي كونغ (Qigong) هي رياضة صينية تقليدية تجمع بين الحركة البطيئة والتركيز والتنفس العميق. تهدف تشي كونغ إلى تحسين الصحة العامة وتعزيز الطاقة الحيوية في الجسم. 

تتضمن تمارين تشي كونغ مجموعة متنوعة من الحركات البطيئة، مثل التمدد، والانحناء، والتدوير، والوقوف الثابت، والتي يتم تنفيذها ببطء وبشكل متتابع. يتم التركيز على التنفس العميق والمنتظم، مما يساعد على زيادة تدفق الطاقة الحيوية (تشي) في الجسم.

تُستخدم تشي كونغ في العديد من الأغراض، بما في ذلك:

*   **تحسين الصحة العامة:** تعزيز الدورة الدموية، وتقوية الجهاز المناعي، وتحسين وظائف الأعضاء.
*   **تخفيف التوتر والقلق:** تعزيز الاسترخاء والهدوء الذهني.
*   **زيادة الطاقة والحيوية:** تحسين مستويات الطاقة العامة.
*   **تحسين التوازن والمرونة:** تعزيز القدرة على الحركة والتوازن.

تُمارس تشي كونغ عادةً في أماكن هادئة، وغالبًا ما يتم تعلمها من خلال مدربين متخصصين لضمان الأداء الصحيح وتجنب الإصابات.",,inceptionai/Jais-2-8B-Chat,0.0,inceptionai/Jais-2-8B-Chat,,2026-08-17T15:23:35+00:00,,0.294,defer,
wahm_208,msa,direct,jais,arabic_centric,أين يقع إتحاد كرة القدم لكرة القدم؟,"باريس, زيورخ",في زيورخ، سويسرا,,inceptionai/Jais-2-8B-Chat,0.0,inceptionai/Jais-2-8B-Chat,,2026-08-17T15:23:35+00:00,,1.000,clean,
wahm_209,msa,direct,jais,arabic_centric,أين يقع بحر إيجة؟,"أحد أفرع البحر المتوسط, بين شبه الجزيرة اليونانية والأناضول",هو بحر شبه مغلق من بحار البحر الأبيض المتوسط، يقع بين اليونان وتركيا.,,inceptionai/Jais-2-8B-Chat,0.0,inceptionai/Jais-2-8B-Chat,,2026-08-17T15:23:35+00:00,,0.500,defer,
wahm_210,msa,direct,jais,arabic_centric,متى بدأ استخدام الإنترنت في سوريا؟,1997,عام 2001,,inceptionai/Jais-2-8B-Chat,0.0,inceptionai/Jais-2-8B-Chat,,2026-08-17T15:23:35+00:00,,0.000,hallucinated,
wahm_211,msa,direct,jais,arabic_centric,من هي مؤلفة الرواية الملعونة؟,أمل جرّاح,للكاتبة المصرية ريم بسيوني,,inceptionai/Jais-2-8B-Chat,0.0,inceptionai/Jais-2-8B-Chat,,2026-08-17T15:23:35+00:00,,0.000,hallucinated,
wahm_212,msa,direct,jais,arabic_centric,من هو أول قائد للجيش الرابع بانزر؟,إريش فون مانشتاين,الجنرال كورت فون شتراوس,,inceptionai/Jais-2-8B-Chat,0.0,inceptionai/Jais-2-8B-Chat,,2026-08-17T15:23:35+00:00,,0.333,defer,
wahm_213,msa,direct,jais,arabic_centric,ما هي الحوزة العلمية؟,لفظ اصطلاحي للمدرسة الفقهية التابعة للمذهب الجعفري,هي مؤسسة تعليمية دينية،,,inceptionai/Jais-2-8B-Chat,0.0,inceptionai/Jais-2-8B-Chat,,2026-08-17T15:23:35+00:00,,0.000,hallucinated,
wahm_214,msa,direct,jais,arabic_centric,بماذا عرف عمر بن عبد العزيز بن مروان بن الحكم الأموي القرشي؟,عمر الثاني,عرف بالعدل والتقوى,,inceptionai/Jais-2-8B-Chat,0.0,inceptionai/Jais-2-8B-Chat,,2026-08-17T15:23:36+00:00,,0.000,hallucinated,
wahm_215,msa,direct,jais,arabic_centric,ما هي أقدم جامعة في مدينة روما؟,"روما, جامعة لا سابينزا",أقدم جامعة في روما هي جامعة لا سابينزا،,,inceptionai/Jais-2-8B-Chat,0.0,inceptionai/Jais-2-8B-Chat,,2026-08-17T15:23:36+00:00,,1.000,clean,
wahm_216,msa,direct,jais,arabic_centric,متى تأسست جامعة ستانفورد في الولايات المتحدة؟,1885,تأسست جامعة ستانفورد في عام 1885.,,inceptionai/Jais-2-8B-Chat,0.0,inceptionai/Jais-2-8B-Chat,,2026-08-17T15:23:36+00:00,,1.000,clean,
wahm_217,msa,direct,jais,arabic_centric,ما هو النزيف الداخلي ؟,نزيف يحدث داخل الجسم,النزيف الداخلي هو النزيف الذي يحدث داخل الجسم، وهو يختلف عن النزيف الخارجي الذي يحدث في الأنسجة أو الأعضاء الخارجية لجسم، مثل الجلد أو العضلات أو الأعضاء الداخلية مثل الكبد أو الطحال أو الأمعاء أو المثانة أو الكلى، أو النزيف الذي يحدث في الأوعية الدموية مثل النزيف الذي يحدث في الشريان أو الوريد أو الشعيرات الدموية، أو النزيف الذي يحدث في الدماغ، أو النزيف الذي يحدث في القلب، أو النزيف الذي يحدث في النخاع الشوكي، أو النزيف الذي يحدث في المفاصل، أو النزيف الذي يحدث في الأعضاء التناسلية، أو النزيف الذي يحدث في الجهاز الهضمي، أو النزيف الذي يحدث في الجهاز البولي، أو النزيف الذي يحدث في الجهاز التنفسي، أو النزيف الذي يحدث في الجهاز الدوري، أو النزيف الذي يحدث في الجهاز العصبي المركزي، أو النزيف الذي يحدث في الجهاز العضلي الهيكلي، أو النزيف الذي يحدث في الجهاز التناسلي، أو النزيف الذي يحدث في الجهاز الغددي الصماء، أو النزيف الذي يحدث في الجهاز الهضمي، أو النزيف الذي يحدث في الجهاز البولي التناسلي، أو النزيف الذي يحدث في الجهاز التنفسي، أو النزيف الذي يحدث في الجهاز الدوري، أو النزيف الذي يحدث في الجهاز العصبي المركزي، أو النزيف الذي يحدث في الجهاز العضلي الهيكلي، أو النزيف الذي يحدث في الجهاز التناسلي، أو النزيف الذي يحدث في الجهاز الغددي الصماء، أو النزيف الذي يحدث في الجهاز الهضمي، أو النزيف الذي يحدث في الجهاز البولي التناسلي، أو النزيف الذي يحدث في الجهاز التنفسي، أو النزيف الذي يحدث في الجهاز الدوري، أو النزيف الذي يحدث في الجهاز العصبي المركزي، أو النزيف الذي يحدث في الجهاز العضلي الهيكلي، أو النزيف الذي يحدث في الجهاز التناسلي، أو النزيف الذي يحدث في الجهاز الغددي الصماء، أو النزيف الذي يحدث في الجهاز الهضمي، أو النزيف الذي يحدث في الجهاز البولي التناسلي، أو النزيف الذي يحدث في الجهاز التنفسي، أو النزيف الذي يحدث في الجهاز الدوري، أو النزيف الذي يحدث في الجهاز العصبي المركزي، أو النزيف الذي يحدث في الجهاز العضلي الهيكلي، أو النزيف الذي يحدث في الجهاز التناسلي، أو النزيف الذي يحدث في الجهاز الغددي الصماء، أو النزيف الذي يحدث في الجهاز الهضمي، أو النزيف الذي يحدث في الجهاز البولي التناسلي، أو النزيف الذي يحدث في الجهاز التنفسي، أو النزيف الذي يحدث في الجهاز الدوري، أو النزيف الذي يحدث في الجهاز العصبي المركزي، أو النزيف الذي يحدث في الجهاز العضلي الهيكلي، أو النزيف الذي يحدث في الجهاز التناسلي، أو النزيف الذي يحدث في الجهاز الغددي الصماء، أو النزيف الذي يحدث في الجهاز الهضمي، أو النزيف الذي يحدث في الجهاز البولي التناسلي، أو النزيف الذي يحدث في الجهاز التنفسي، أو النزيف الذي يحدث في الجهاز الدوري، أو النزيف الذي يحدث في الجهاز العصبي المركزي، أو النزيف الذي يحدث في الجهاز العضلي الهيكلي، أو النزيف الذي يحدث في الجهاز التناسلي، أو النزيف الذي يحدث في الجهاز الغددي الصماء،,,inceptionai/Jais-2-8B-Chat,0.0,inceptionai/Jais-2-8B-Chat,,2026-08-17T15:23:41+00:00,,0.750,defer,
wahm_218,msa,direct,jais,arabic_centric,متى تأسس مجلس الشورى السعودي؟,1927م,تأسس مجلس الشورى السعودي في 27 شوال 1343 هـ، الموافق 21 صفر 1925 م.,,inceptionai/Jais-2-8B-Chat,0.0,inceptionai/Jais-2-8B-Chat,,2026-08-17T15:23:42+00:00,,0.000,hallucinated,
wahm_219,msa,direct,jais,arabic_centric,من هو مخترع الإطار المطاط؟,جون بويد دنلوب,السير جون بولتون ستارلي,,inceptionai/Jais-2-8B-Chat,0.0,inceptionai/Jais-2-8B-Chat,,2026-08-17T15:23:42+00:00,,0.333,defer,
wahm_220,msa,direct,jais,arabic_centric,متى بدأت الأزمة الإقتصادية باليونان؟,أبريل 2010,في عام 2009,,inceptionai/Jais-2-8B-Chat,0.0,inceptionai/Jais-2-8B-Chat,,2026-08-17T15:23:42+00:00,,0.000,hallucinated,
wahm_221,msa,direct,jais,arabic_centric,ما هي نظرية التشغيل الذاتي؟,نظرية تهتم بتعريف ودراسة خواص الآلات الحاسوبية المجرّدة,هي نظرية في علم النفس الاجتماعي،,,inceptionai/Jais-2-8B-Chat,0.0,inceptionai/Jais-2-8B-Chat,,2026-08-17T15:23:42+00:00,,0.125,defer,
wahm_222,msa,direct,jais,arabic_centric,أين تقع مدينة بافيا؟,"شمال إيطاليا في إقليم لومبارديا, إقليم لومبارديا",تقع في شمال إيطاليا,,inceptionai/Jais-2-8B-Chat,0.0,inceptionai/Jais-2-8B-Chat,,2026-08-17T15:23:42+00:00,,0.600,defer,
wahm_223,msa,direct,jais,arabic_centric,متى يحتفل المسيحيين بعيد رأس السنة؟,24 ديسمبر ونهار 25 ديسمبر,"في الأول من يناير.

الشرح: عيد رأس السنة يُحتفل به في الأول من يناير من كل عام للمسيحيين.",,inceptionai/Jais-2-8B-Chat,0.0,inceptionai/Jais-2-8B-Chat,,2026-08-17T15:23:42+00:00,,0.000,hallucinated,
wahm_224,msa,direct,jais,arabic_centric,متى صدر اول جهاز العاب فيدبو من شركة سوني ؟,3 ديسمبر عام 1994,عام 1972,,inceptionai/Jais-2-8B-Chat,0.0,inceptionai/Jais-2-8B-Chat,,2026-08-17T15:23:42+00:00,,0.250,defer,
wahm_225,msa,direct,jais,arabic_centric,متى ولد ألبرت أينشتاين؟,"(14 مارس 1879, 14 مارس 1879",ولد ألبرت أينشتاين في 14 مارس 1879.,,inceptionai/Jais-2-8B-Chat,0.0,inceptionai/Jais-2-8B-Chat,,2026-08-17T15:23:42+00:00,,1.000,clean,
wahm_226,msa,direct,jais,arabic_centric,من أين تبث قناة المستقّلة؟,أطلانطيك بيرد في نفس مدار نايل سات. كانت القناة وحتى العام 2012 تبث عبر القمرين الصناعيين عرب سات، هوت بيرد,تبث من لندن,,inceptionai/Jais-2-8B-Chat,0.0,inceptionai/Jais-2-8B-Chat,,2026-08-17T15:23:43+00:00,,0.059,defer,
wahm_227,msa,direct,jais,arabic_centric,ما هي حرب الخنادق؟,شكل من أشكال الحرب يأخذ المقاتلون مواقع محصّنة وتكون خطوط القتال جامدة وممتده كالخنادق لذلك سميت بحرب الخنادق,حرب الخنادق هي نوع من الحرب التي تتميز باستخدام الخنادق كتحصينات دفاعية. تم استخدام هذا النوع من الحرب بشكل واسع في الحرب العالمية الأولى، حيث كانت الجيوش تستخدم الخنادق لحماية الجنود من نيران العدو. تتميز حرب الخنادق بأنها حرب بطيئة وطويلة الأمد، حيث يتم استخدام الخنادق كحواجز دفاعية، ويتم استخدامها في المعارك التي تكون فيها القوات متقاربة جدًا، مما يجعل استخدام الأسلحة النارية التقليدية غير فعال.,,inceptionai/Jais-2-8B-Chat,0.0,inceptionai/Jais-2-8B-Chat,,2026-08-17T15:23:43+00:00,,0.389,defer,
wahm_228,msa,direct,jais,arabic_centric,ما هي الأصول غير الملموسة؟,أحد العوامل المساهمة في تحديد التفاوت بين قيمة الشركة حسب السجلات المحاسبية الخاصة بها وقيمة الشركة حسب قيمتها السوقية,"الأصول غير الملموسة هي أصول ليس لها وجود مادي، ولكنها لا تزال ذات قيمة للأعمال التجارية. تشمل الأمثلة براءات الاختراع والعلامات التجارية وحقوق التأليف والنشر والشهرة.

**أمثلة على الأصول غير الملموسة:**

*   **براءات الاختراع:** حقوق حصرية تمنح المخترع الحق في منع الآخرين من صنع أو استخدام أو بيع اختراع معين لفترة محددة.
*   **العلامات التجارية:** علامات أو شعارات مميزة تميز منتجات أو خدمات شركة عن غيرها، مما يساعد في بناء سمعة العلامة التجارية وولاء العملاء.
*   **حقوق التأليف والنشر:** حقوق قانونية تحمي الأعمال الأصلية من النسخ أو الاستخدام غير المصرح به، مثل الكتب والموسيقى والأفلام.
*   **الشهرة:** القيمة الإضافية التي تتمتع بها الشركة فوق منافسيها، والتي تعكس سمعتها الجيدة وولاء العملاء، مما يؤدي إلى زيادة الأرباح.
*   **الملكية الفكرية:** مصطلح شامل يشمل براءات الاختراع والعلامات التجارية وحقوق التأليف والنشر، بالإضافة إلى الأسرار التجارية.
*   **الموظفين:** يمكن اعتبار الموظفين ذوي المهارات والمعرفة الفريدة أصولًا غير ملموسة، خاصة إذا كانت مساهماتهم حيوية لنجاح الشركة.

**أهمية الأصول غير الملموسة:**

*   **القيمة المضافة:** تساهم الأصول غير الملموسة بشكل كبير في القيمة الإجمالية للشركة، وغالبًا ما تكون أكثر أهمية من الأصول المادية.
*   **الميزة التنافسية:** تمنح الشركات ميزة تنافسية من خلال حماية ابتكاراتها، وبناء علامة تجارية قوية، وجذب العملاء.
*   **النمو والاستدامة:** تتيح الأصول غير الملموسة للشركات التوسع، والابتكار، والتكيف مع التغيرات في السوق، مما يضمن استدامتها على المدى الطويل.
*   **تقييم الشركات:** تلعب الأصول غير الملموسة دورًا حاسمًا في تقييم الشركات، خاصة في الصناعات القائمة على المعرفة والابتكار.

**أمثلة على الشركات التي تعتمد بشكل كبير على الأصول غير الملموسة:**

*   **شركات التكنولوجيا:** مثل Apple و Google، حيث تعتمد على براءات الاختراع، والعلامات التجارية القوية، وقاعدة بيانات المستخدمين الضخمة.
*   **شركات الأدوية:** تعتمد على براءات الاختراع للأدوية الجديدة، والعلامات التجارية للعلامات التجارية الشهيرة.
*   **شركات الخدمات المالية:** تعتمد على العلامات التجارية، والتراخيص، والسمعة.
*   **شركات الإعلام والترفيه:** تعتمد على العلامات التجارية، وحقوق التأليف والنشر، والمحتوى الأصلي.

باختصار، الأصول غير الملموسة هي أصول حيوية تساهم بشكل كبير في القيمة الإجمالية للشركات، وتوفر ميزة تنافسية مستدامة، وتلعب دورًا حاسمًا في النمو والابتكار.",,inceptionai/Jais-2-8B-Chat,0.0,inceptionai/Jais-2-8B-Chat,,2026-08-17T15:23:48+00:00,,0.294,defer,
wahm_229,msa,direct,jais,arabic_centric,متى تمّ إحتلال سوريا من قبل فرنسا؟,1922,عام 1920,,inceptionai/Jais-2-8B-Chat,0.0,inceptionai/Jais-2-8B-Chat,,2026-08-17T15:23:49+00:00,,0.000,hallucinated,
wahm_230,msa,direct,jais,arabic_centric,متى تمرد الإخوان ضد ملك مملكة الحجاز ؟,1926,عام 1924,,inceptionai/Jais-2-8B-Chat,0.0,inceptionai/Jais-2-8B-Chat,,2026-08-17T15:23:49+00:00,,0.000,hallucinated,
wahm_231,msa,direct,jais,arabic_centric,ما هو مجمع الكرادلة؟,"الهيئة الجامعة لكافة الكرادلة الناخبين - أي أقل من ثمانين عام - في الكنيسة الكاثوليكية. ويشكل أعلى هيئة استشارية في الكرسي الرسولي, الهيئة الجامعة لكافة الكرادلة الناخبين - أي أقل من ثمانين عام - في الكنيسة الكاثوليكية",هو هيئة من الكرادلة الرومانيين الكاثوليك في الكنيسة الكاثوليكية,,inceptionai/Jais-2-8B-Chat,0.0,inceptionai/Jais-2-8B-Chat,,2026-08-17T15:23:49+00:00,,0.385,defer,
wahm_232,msa,direct,jais,arabic_centric,متى تولى محمد جواد ظریف وزارة الخارجية الايرانية؟,"15 أغسطس 2013, أغسطس 2013",من 2002 إلى 2013,,inceptionai/Jais-2-8B-Chat,0.0,inceptionai/Jais-2-8B-Chat,,2026-08-17T15:23:49+00:00,,0.500,defer,
wahm_233,msa,direct,jais,arabic_centric,اين يقغ مضيق باب المندب ؟,يصل البحر الأحمر بخليج عدن وبحر العرب,يقع مضيق باب المندب بين اليمن وجيبوتي وإريتريا.,,inceptionai/Jais-2-8B-Chat,0.0,inceptionai/Jais-2-8B-Chat,,2026-08-17T15:23:49+00:00,,0.000,hallucinated,
wahm_234,msa,direct,jais,arabic_centric,من هو كاتب قصة (بائعة الكبريت)؟,هانس كريستيان أندرسن,كاتب قصة (بائعة الكبريت) هو الكاتب الدنماركي هانس كريستيان أندرسن.,,inceptionai/Jais-2-8B-Chat,0.0,inceptionai/Jais-2-8B-Chat,,2026-08-17T15:23:49+00:00,,1.000,clean,
wahm_235,msa,direct,jais,arabic_centric,متى تأسست شركة الطائرات الأمريكية بوينغ؟,15 يوليو 1916,تأسست شركة الطائرات الأمريكية بوينغ في عام 1916.,,inceptionai/Jais-2-8B-Chat,0.0,inceptionai/Jais-2-8B-Chat,,2026-08-17T15:23:49+00:00,,0.333,defer,
wahm_236,msa,direct,jais,arabic_centric,متى تم تأسيس أول دور عرض أزياء حول العالم؟,1911,عام 1858,,inceptionai/Jais-2-8B-Chat,0.0,inceptionai/Jais-2-8B-Chat,,2026-08-17T15:23:49+00:00,,0.000,hallucinated,
wahm_237,msa,direct,jais,arabic_centric,أين يقع خليج غينيا؟,"الساحل جنوب الغربي لأفريقيا في المحيط الأطلسي, المحيط الأطلسي",غرب أفريقيا,,inceptionai/Jais-2-8B-Chat,0.0,inceptionai/Jais-2-8B-Chat,,2026-08-17T15:23:49+00:00,,0.143,defer,
wahm_238,msa,direct,jais,arabic_centric,متى بني  جامع الزيتونة؟,"698, 698 (79 هـ)",في عهد الدولة الأغلبية,,inceptionai/Jais-2-8B-Chat,0.0,inceptionai/Jais-2-8B-Chat,,2026-08-17T15:23:50+00:00,,0.000,hallucinated,
wahm_239,msa,direct,jais,arabic_centric,ماهي عاصمة منغوليا ؟,أولان باتور,اولان باتور,,inceptionai/Jais-2-8B-Chat,0.0,inceptionai/Jais-2-8B-Chat,,2026-08-17T15:23:50+00:00,,1.000,clean,
wahm_240,msa,direct,jais,arabic_centric,ما هي الوان علم صربيا ؟,"الأحمر في الثلث الأعلى للعلم, ثم الأزرق, يتوسط العلم ثم اللون الأبيض في الأسفل",يتكون علم صربيا من ألوان وهي، الأحمر والأبيض والأخضر,,inceptionai/Jais-2-8B-Chat,0.0,inceptionai/Jais-2-8B-Chat,,2026-08-17T15:23:50+00:00,,0.400,defer,
wahm_241,msa,direct,jais,arabic_centric,أين يقع جبل المقطم؟,"الناحية الشرقية الفسطاط والقاهرة, شرق قلعة صلاح الدين الأيوبي",يقع جبل المقطم في حي المقطم بمنطقة الخليفة بالقاهرة الكبرى، ويطل على المدينة بأكملها,,inceptionai/Jais-2-8B-Chat,0.0,inceptionai/Jais-2-8B-Chat,,2026-08-17T15:23:50+00:00,,0.250,defer,
wahm_242,msa,direct,jais,arabic_centric,متى شاركت  آيسلندا في كأس أوروبا  لكرة القدم لأول مرة؟,2016,عام 2016,,inceptionai/Jais-2-8B-Chat,0.0,inceptionai/Jais-2-8B-Chat,,2026-08-17T15:23:50+00:00,,1.000,clean,
wahm_243,msa,direct,jais,arabic_centric,ما هي تفاعلات الأكسدة؟,تفاعلات كيميائية يحدث فيها تغير في عدد أكسدة ذرات المواد المتفاعلة نتيجة انتقال الإلكترونات فيما بينها,تفاعلات الأكسدة هي تفاعلات كيميائية يحدث فيها فقدان للإلكترونات من قبل الذرات,,inceptionai/Jais-2-8B-Chat,0.0,inceptionai/Jais-2-8B-Chat,,2026-08-17T15:23:50+00:00,,0.250,defer,
wahm_244,msa,direct,jais,arabic_centric,ماهي جنسية المؤلف الموسيقي تشايكوفسكي؟,روسي,روسي,,inceptionai/Jais-2-8B-Chat,0.0,inceptionai/Jais-2-8B-Chat,,2026-08-17T15:23:50+00:00,,1.000,clean,
wahm_245,msa,direct,jais,arabic_centric,متى حصلت دولة الإمارات على استقلالها ؟,2 ديسمبر 1971,حصلت دولة الإمارات العربية المتحدة على استقلالها في 2 ديسمبر 1971.,,inceptionai/Jais-2-8B-Chat,0.0,inceptionai/Jais-2-8B-Chat,,2026-08-17T15:23:50+00:00,,1.000,clean,
wahm_246,msa,direct,jais,arabic_centric,ما هو الكائن اللاهوائي وكم نوع له؟,الكائن الذي لا يستخدم الأوكسجين للنمو,هو كائن حي لا يستخدم الأكسجين في تنفسه،,,inceptionai/Jais-2-8B-Chat,0.0,inceptionai/Jais-2-8B-Chat,,2026-08-17T15:23:51+00:00,,0.333,defer,
wahm_247,msa,direct,jais,arabic_centric,أين تقع مدينة تل جوخة ؟,مدينة عراقية,تقع في محافظة ديالى شرق العراق,,inceptionai/Jais-2-8B-Chat,0.0,inceptionai/Jais-2-8B-Chat,,2026-08-17T15:23:51+00:00,,0.000,hallucinated,
wahm_248,msa,direct,jais,arabic_centric,ما هو الفيتو؟,حق الاعتراض على أي قرار يقدم لمجلس الأمن دون إبداء أسباب، ويمنح للأعضاء الخمس دائمي العضوية في مجلس الأمن,هو الحق الذي تتمتع به بعض الدول الأعضاء في الأمم المتحدة في منع تبني أي قرار في مجلس الأمن الدولي,,inceptionai/Jais-2-8B-Chat,0.0,inceptionai/Jais-2-8B-Chat,,2026-08-17T15:23:51+00:00,,0.375,defer,
wahm_249,msa,direct,jais,arabic_centric,ما هي المَشِيمَة أو الخَلاَص أو السُخْد؟,"عضو دائري مسطح الشكل يتصل بالجنين عن طريق الحبل السري في الرحم، وتخرج المشيمة من رحم الأم بعد المرحلة الثالثة من الولادة, عضو دائري مسطح الشكل يتصل بالجنين عن طريق الحبل السري في الرحم",هي إحدى طبقات الجنين، وهي الطبقة الداخلية من الأغشية الجنينية،,,inceptionai/Jais-2-8B-Chat,0.0,inceptionai/Jais-2-8B-Chat,,2026-08-17T15:23:51+00:00,,0.111,defer,
wahm_250,msa,direct,jais,arabic_centric,ما هو تصريح 28 فبراير 1922 ؟,"تصريح اعلنته بريطانيا من طرف واحد في لندن والقاهرة في هذا التاريخ, تصريح اعلنته بريطانيا من طرف واحد في لندن والقاهرة في هذا التاريخ.[1][2] اعلنت فيه انهاء الحماية البريطانية على مصر",هو تصريح صادر عن الحكومة البريطانية في 2 أغسطس 1922،,,inceptionai/Jais-2-8B-Chat,0.0,inceptionai/Jais-2-8B-Chat,,2026-08-17T15:23:51+00:00,,0.200,defer,
wahm_251,msa,direct,jais,arabic_centric,ما هو تعريف المؤسسة؟,"استقرار وقيمة وانماط متكرره من السلوك كهياكل أو الات النظام الاجتماعي فهي تتحكم في سلوك مجموعة من الافراد داخل مجتمع معين, استقرار وقيمة وانماط متكرره من السلوك كهياكل أو الات النظام الاجتماعي","المؤسسة هي كيان تجاري أو منظمة تهدف إلى تحقيق أهداف اقتصادية أو اجتماعية أو ثقافية محددة. يمكن أن تتخذ المؤسسة أشكالًا متعددة، مثل الشركات الخاصة، المؤسسات غير الربحية، الجمعيات الخيرية، أو حتى الكيانات الحكومية. 

**تعريفات عامة للمؤسسة:**

*   **المؤسسة الاقتصادية:** كيان تجاري يهدف إلى تحقيق الربح من خلال تقديم سلع أو خدمات.
*   **المؤسسة الاجتماعية:** كيان يسعى لتحقيق أهداف اجتماعية أو بيئية، بالإضافة إلى تحقيق الربح.
*   **المؤسسة غير الربحية:** كيان لا يهدف إلى تحقيق الربح، بل يركز على تقديم خدمات أو تحقيق أهداف اجتماعية أو ثقافية.

**خصائص المؤسسة:**

*   **الهيكل التنظيمي:** مجموعة من الأفراد يعملون معًا لتحقيق أهداف المؤسسة.
*   **الموارد:** تشمل الموارد المالية، البشرية، المادية، والمعنوية.
*   **الأهداف:** تحديد الأهداف الواضحة التي تسعى المؤسسة لتحقيقها.
*   **العمليات:** الأنشطة والإجراءات التي تقوم بها المؤسسة لتحقيق أهدافها.
*   **المسؤولية:** تحمل المؤسسة مسؤولية تحقيق أهدافها والالتزام بالقوانين واللوائح.

**أمثلة على المؤسسات:**

*   **شركات تجارية:** مثل شركات التجزئة، شركات التكنولوجيا، أو شركات التصنيع.
*   **مؤسسات غير ربحية:** مثل الجمعيات الخيرية، المنظمات البيئية، أو المؤسسات التعليمية.
*   **مؤسسات حكومية:** مثل الوزارات، الهيئات الحكومية، أو المؤسسات العامة.

باختصار، المؤسسة هي كيان منظم يهدف إلى تحقيق أهداف محددة، سواء كانت اقتصادية، اجتماعية، أو ثقافية، من خلال استخدام الموارد المتاحة وتنفيذ العمليات اللازمة.",,inceptionai/Jais-2-8B-Chat,0.0,inceptionai/Jais-2-8B-Chat,,2026-08-17T15:23:54+00:00,,0.200,defer,
wahm_252,msa,direct,jais,arabic_centric,من هو قبريانوس القرطاجي؟,كان أسقف قرطاج (منذ عام 249 م) وأبًا وكاتبًا مسيحيًّا,أسقف قرطاجة، وأحد آباء الكنيسة المسيحية الأوائل,,inceptionai/Jais-2-8B-Chat,0.0,inceptionai/Jais-2-8B-Chat,,2026-08-17T15:23:55+00:00,,0.100,defer,
wahm_253,msa,direct,jais,arabic_centric,ماهى الأورام الدبقية ؟,أكثر أورام المخ شيوعاً والأكثر عدوانيةً مقارنةً بباقي أورام المخ التي تصيب الإنسان,الأورام الدبقية هى أورام تنشأ من الخلايا الدبقية وهى الخلايا الداعمة لخلايا العصبية فى المخ والحبل الشوكى وهى تنقسم الى عدة أنواع منها الأورام النجمية والأورام البطانية والأورام الدبقية قليلة التغصن,,inceptionai/Jais-2-8B-Chat,0.0,inceptionai/Jais-2-8B-Chat,,2026-08-17T15:23:55+00:00,,0.182,defer,
wahm_254,msa,direct,jais,arabic_centric,متى تاسست محطة الفضاء الدولية ؟,20 نوفمبر 1998,20 نوفمبر 1998,,inceptionai/Jais-2-8B-Chat,0.0,inceptionai/Jais-2-8B-Chat,,2026-08-17T15:23:55+00:00,,1.000,clean,
wahm_255,msa,direct,jais,arabic_centric,ما هو الكرينولين؟,هيكل قاسٍ يُلبَس تحت التنورة ليعطيها شكل منتفخ، وكان دارج الاستعمال في أوروبا منذ القرن السادس عشر إلى منتصف القرن التاسع عشر,الكرينولين هو نوع من الأقمشة الثقيلة التي تستخدم في صناعة الملابس والإكسسوارات، ويتميز بأنه يحتوي على طبقات عديدة من القماش، مما يجعله يبدو منتفخًا وممتلئًا. ويستخدم الكرينولين في تصميم الفساتين والتنانير والإكسسوارات الأخرى لإضفاء مظهر أنيق وفخم.,,inceptionai/Jais-2-8B-Chat,0.0,inceptionai/Jais-2-8B-Chat,,2026-08-17T15:23:56+00:00,,0.083,defer,
wahm_256,msa,direct,jais,arabic_centric,ما هي السفسطة أو السفسطائية؟,"مذهب فكري فلسفي, مذهب فكري فلسفي نشأ في اليونان إبان نهاية القرن السادس وبداية القرن الخامس ق.م في بلاد الإغريق",هي نوع من الفلسفة في اليونان القديمة،,,inceptionai/Jais-2-8B-Chat,0.0,inceptionai/Jais-2-8B-Chat,,2026-08-17T15:23:56+00:00,,0.125,defer,
wahm_257,msa,direct,jais,arabic_centric,ما هو النظام التماثلي؟,"طريقه مستخدمه لنقل المعلومات، حيث تكون فيها المعلومات عبارة عن كميات مادية متماثلة ومتتالية ومستمرة ويمكن لقيمتها أن تتغير, طريقه مستخدمه لنقل المعلومات، حيث تكون فيها المعلومات عبارة عن كميات مادية متماثلة ومتتالية ومستمرة ويمكن لقيمتها أن تتغير، و يسمح أن تكون الإشارة كاملة القيمة أو تساوي صفر أو أية قيمة بين هذه وتلك",هو نظام فيزيائي أو عملي يستخدم في معالجة الإشارات، مثل الصوت أو الصورة أو البيانات الرقمية,,inceptionai/Jais-2-8B-Chat,0.0,inceptionai/Jais-2-8B-Chat,,2026-08-17T15:23:56+00:00,,0.067,defer,
wahm_258,msa,direct,jais,arabic_centric,ما هو حمض الغاما-أمينوبيوتيريك؟,الناقل العصبي المثبط الرئيسي في الجهاز العصبي المركزي في الثدييات,حمض أميني غير بروتيني,,inceptionai/Jais-2-8B-Chat,0.0,inceptionai/Jais-2-8B-Chat,,2026-08-17T15:23:56+00:00,,0.000,hallucinated,
wahm_259,msa,direct,jais,arabic_centric,متى تبنت الأمم المتحدة الإعلان العالمي لحقوق الإنسان؟,"ة 10 ديسمبر 1948, 10 ديسمبر 1948",تبنت الأمم المتحدة الإعلان العالمي لحقوق الإنسان في 10 ديسمبر 1948.,,inceptionai/Jais-2-8B-Chat,0.0,inceptionai/Jais-2-8B-Chat,,2026-08-17T15:23:56+00:00,,1.000,clean,
wahm_260,msa,direct,jais,arabic_centric,كم يبلغ طول نهر الاردن؟,251 كم,يبلغ طول نهر الاردن حوالي 251 كم، وهو نهر يقع في منطقة الشرق الأوسط، ويشكل الحدود الطبيعية بين الأردن وفلسطين المحتلة.,,inceptionai/Jais-2-8B-Chat,0.0,inceptionai/Jais-2-8B-Chat,,2026-08-17T15:23:57+00:00,,1.000,clean,
wahm_261,msa,direct,jais,arabic_centric,متى انتهت حرب البلقان الأولى؟,30 مايو 1913,انتهت حرب البلقان الأولى في 30 مايو 1913 بتوقيع معاهدة لندن.,,inceptionai/Jais-2-8B-Chat,0.0,inceptionai/Jais-2-8B-Chat,,2026-08-17T15:23:57+00:00,,1.000,clean,
wahm_262,msa,direct,jais,arabic_centric,من كتب كتاب المعادلة التونسية في سنة 2014؟,"حمد الصافي سعيد, الروائي التونسي أحمد الصافي سعيد",محمد الهاشمي,,inceptionai/Jais-2-8B-Chat,0.0,inceptionai/Jais-2-8B-Chat,,2026-08-17T15:23:57+00:00,,0.000,hallucinated,
wahm_263,msa,direct,jais,arabic_centric,متى ترشحت  الجزائر للدور الثاني في كأس العالم لكرة القدم أول مرة ؟,2014,1982,,inceptionai/Jais-2-8B-Chat,0.0,inceptionai/Jais-2-8B-Chat,,2026-08-17T15:23:57+00:00,,0.000,hallucinated,
wahm_264,msa,direct,jais,arabic_centric,كم دامت رئاسة إلوي ألفارو لجمهورية الإكوادور ؟,1897-1901 و1906-1911,من 1931 إلى 1945,,inceptionai/Jais-2-8B-Chat,0.0,inceptionai/Jais-2-8B-Chat,,2026-08-17T15:23:57+00:00,,0.000,hallucinated,
wahm_265,msa,direct,jais,arabic_centric,كم عدد جزر نيوزيلاندا؟,600,"15,000 جزيرة",,inceptionai/Jais-2-8B-Chat,0.0,inceptionai/Jais-2-8B-Chat,,2026-08-17T15:23:57+00:00,,0.000,hallucinated,
wahm_266,msa,direct,jais,arabic_centric,من هو جيمس مونرو؟,"خامس رؤساء الولايات المتحدة, خامس رؤساء الولايات المتحدة من 1817 إلى 1825 ورجل دولة وأحد الآباء المؤسسون","جيمس مونرو هو سياسي أمريكي شغل منصب الرئيس الخامس للولايات المتحدة من عام 1817 إلى عام 1825. وهو أحد مؤسسي الحزب الجمهوري الديمقراطي، وكان أول رئيس أمريكي يتولى منصبه بعد حرب عام 1812. كما كان رئيسًا للمؤتمر الدستوري لعام 1787، الذي صاغ دستور الولايات المتحدة. يُعرف مونرو أيضًا بـ ""عقيدة مونرو""، التي أعلنت في عام 1823، والتي نصت على أن أي تدخل أوروبي في شؤون الأمريكتين سيُعتبر عملاً عدائيًا من قِبَل الولايات المتحدة، مما عزز موقف الولايات المتحدة كقوة إقليمية.",,inceptionai/Jais-2-8B-Chat,0.0,inceptionai/Jais-2-8B-Chat,,2026-08-17T15:23:59+00:00,,0.538,defer,
wahm_267,msa,direct,jais,arabic_centric,من هو إلياس بن مضر؟,الجد السادس عشر للرسول محمد بن عبد الله، وزوج خندف جدة القبائل الخندفية,شاعر عربي من العصر العباسي,,inceptionai/Jais-2-8B-Chat,0.0,inceptionai/Jais-2-8B-Chat,,2026-08-17T15:23:59+00:00,,0.000,hallucinated,
wahm_268,msa,direct,jais,arabic_centric,أين تقع كاتدرائية شارتر؟,"جنوب غرب باريس, بفرنسا",تقع كاتدرائية شارتر في مدينة شارتر في فرنسا.,,inceptionai/Jais-2-8B-Chat,0.0,inceptionai/Jais-2-8B-Chat,,2026-08-17T15:23:59+00:00,,1.000,clean,
wahm_269,msa,direct,jais,arabic_centric,ما هو مقياس الإشعاع؟,جهاز يستخدم لقياس شدة الإشعاع الكهرومغناطيسي مثل الضوء,"مقياس الإشعاع هو جهاز يستخدم لقياس شدة الإشعاع الكهرومغناطيسي، مثل الأشعة فوق البنفسجية (UV)، والأشعة السينية (X-rays)، والأشعة تحت الحمراء (IR)، والأشعة تحت الحمراء القريبة (NIR)، والأشعة تحت الحمراء الحرارية (Thermal IR). يتم استخدام هذا المقياس في العديد من المجالات، مثل الطب، والصناعة، والبحث العلمي، والبيئة، والفضاء، وغيرها. يتم قياس شدة الإشعاع بوحدة ""الوات لكل متر مربع"" (W/m²) أو ""الوات لكل سنتيمتر مربع"" (W/cm²)، وذلك حسب نوع الإشعاع الذي يتم قياسه.",,inceptionai/Jais-2-8B-Chat,0.0,inceptionai/Jais-2-8B-Chat,,2026-08-17T15:24:00+00:00,,0.875,defer,
wahm_270,msa,direct,jais,arabic_centric,متى تاسس نادي ليون الفرنسي؟,1950,تاس نادي ليون الفرنسي في عام,,inceptionai/Jais-2-8B-Chat,0.0,inceptionai/Jais-2-8B-Chat,,2026-08-17T15:24:00+00:00,,0.000,hallucinated,
wahm_271,msa,direct,jais,arabic_centric,كم تبلغ سماكة القشرة المخية؟,هام التي تؤ,2-4 ملم,,inceptionai/Jais-2-8B-Chat,0.0,inceptionai/Jais-2-8B-Chat,,2026-08-17T15:24:00+00:00,,0.000,hallucinated,
wahm_272,msa,direct,jais,arabic_centric,ما هو خفاش الفاكهة المصري؟,نوع من خفافيش فاكهة العالم القديم من فصيلة الخفافيش الكبيرة (خفافيش الفاكهة) من رتبة الخفاشيات,هو خفاش صغير الحجم من فصيلة الخفاشيات،,,inceptionai/Jais-2-8B-Chat,0.0,inceptionai/Jais-2-8B-Chat,,2026-08-17T15:24:00+00:00,,0.250,defer,
wahm_273,msa,direct,jais,arabic_centric,كم يبلغ طول الحدود الأردنية مع اسرائيل؟,238 كيلومترًا,307 كم,,inceptionai/Jais-2-8B-Chat,0.0,inceptionai/Jais-2-8B-Chat,,2026-08-17T15:24:00+00:00,,0.000,hallucinated,
wahm_274,msa,direct,jais,arabic_centric,ما هي اقدم المدن المغربية؟,فاس,أقدم المدن المغربية هي مدينة فاس التي يعود تاريخها إلى سنة ميلاديًا، حيث أسسها إدريس الأول، وهي مدينة تاريخية وثقافية غنية بالمعالم الأثرية والتاريخية، كما أنها تعتبر مركزًا هامًا للعلم والدين في المغرب.,,inceptionai/Jais-2-8B-Chat,0.0,inceptionai/Jais-2-8B-Chat,,2026-08-17T15:24:01+00:00,,1.000,clean,
wahm_275,msa,direct,jais,arabic_centric,كم تبلغ مساحة رومانيا؟,"238,391 كم مربع","تبلغ مساحة رومانيا حوالي 238,397 كيلومتر مربع (92,942 ميل مربع).",,inceptionai/Jais-2-8B-Chat,0.0,inceptionai/Jais-2-8B-Chat,,2026-08-17T15:24:01+00:00,,0.500,defer,
wahm_276,msa,direct,jais,arabic_centric,من هو النبي سليمان ؟,هو أحد ملوك مملكة إسرائيل حسب الوارد في سفر الملوك الأول وسفر أخبار الأيام الأول,هو نبيٌّ من أنبياءِ الله، وقد ذُكرَ في القرآن الكريم،,,inceptionai/Jais-2-8B-Chat,0.0,inceptionai/Jais-2-8B-Chat,,2026-08-17T15:24:01+00:00,,0.143,defer,
wahm_277,msa,direct,jais,arabic_centric,ما هو النيتروغليسرين ؟,مادة سائلة زيتية لا لون لها، وهي شديدة الحساسية للصدمات والارتجاج، شديدة الانفجار وهي أساس مركب الديناميت,مركب كيميائي صيغته الكيميائية C₃H₅N₃O₉. وهو سائل زيتي عديم اللون، شديد الميل للانفجار، صيغته الكيميائية في حال ذوبانه بالماء: C₃H₅N₃O₉. صيغته الكيميائية في حال عدم ذوبانه بالماء: C₃H₅N₃O₉.,,inceptionai/Jais-2-8B-Chat,0.0,inceptionai/Jais-2-8B-Chat,,2026-08-17T15:24:02+00:00,,0.167,defer,
wahm_278,msa,direct,jais,arabic_centric,ما هي مناورة فالين؟,"اختبار تشخيصي لمتلازمة النفق الرسغي, اختبار تشخيصي لمتلازمة النفق الرسغي،[1] اكتشفه طبيب عظام أمريكي يدعى جورج فالين",مناورة طبية طارئة,,inceptionai/Jais-2-8B-Chat,0.0,inceptionai/Jais-2-8B-Chat,,2026-08-17T15:24:02+00:00,,0.000,hallucinated,
wahm_279,msa,direct,jais,arabic_centric,ما هي فوائد الصيام ؟,حسية ومعنوية,"الصيام له فوائد عظيمة على صحة الإنسان، وقد أثبت العلم الحديث أن الصيام المتقطع أو المستمر له فوائد صحية كثيرة، منها:

1. **تحسين صحة القلب والأوعية الدموية:** يساعد الصيام على خفض ضغط الدم ومستويات الكوليسترول الضار، مما يقلل من خطر الإصابة بأمراض القلب والسكتات الدماغية.

2. **تعزيز عملية التمثيل الغذائي:** يساعد الصيام على تحسين حساسية الجسم للأنسولين، مما يعزز عملية حرق الدهون ويقلل من خطر الإصابة بالسمنة والسكري من النوع الثاني.

3. **تقليل الالتهابات:** يرتبط الصيام بتقليل الالتهابات المزمنة في الجسم، والتي تعد عاملًا رئيسيًا في العديد من الأمراض المزمنة.

4. **تعزيز وظائف الدماغ:** تشير الدراسات إلى أن الصيام قد يحسن الذاكرة والتركيز، ويعزز صحة الدماغ بشكل عام.

5. **دعم فقدان الوزن:** يساعد الصيام على تقليل السعرات الحرارية المتناولة، مما يسهل فقدان الوزن الزائد.

6. **تحسين صحة الجهاز الهضمي:** يمنح الصيام الجهاز الهضمي فترة راحة، مما يساعد على تحسين وظائفه وتقليل مشاكل مثل الانتفاخ وعسر الهضم.

7. **تعزيز الصحة النفسية:** يمكن أن يساعد الصيام في تحسين المزاج وتقليل أعراض القلق والاكتئاب، بفضل تأثيره الإيجابي على مستويات الطاقة والهرمونات.

8. **تعزيز طول العمر:** تشير بعض الدراسات إلى أن الصيام المتقطع قد يساهم في زيادة متوسط عمر الإنسان، من خلال تقليل خطر الإصابة بالأمراض المزمنة.

**ملاحظة:** يجب على الأشخاص الذين يعانون من حالات صحية معينة أو يتناولون أدوية استشارة الطبيب قبل البدء في أي نظام صيامي، لضمان سلامتهم وتجنب أي مضاعفات.",,inceptionai/Jais-2-8B-Chat,0.0,inceptionai/Jais-2-8B-Chat,,2026-08-17T15:24:05+00:00,,0.000,hallucinated,
wahm_280,msa,direct,jais,arabic_centric,من ماذا يتكون حجرالرخام؟,الكالسيت النقي جداً,يتكون الرخام بشكل أساسي من كربونات الكالسيوم (CaCO3)، مع وجود بعض الشوائب والمعادن الأخرى التي تعطيه ألوانه ونقوشه المميزة.,,inceptionai/Jais-2-8B-Chat,0.0,inceptionai/Jais-2-8B-Chat,,2026-08-17T15:24:06+00:00,,0.000,hallucinated,
wahm_281,msa,direct,jais,arabic_centric,من هو ثروت عكاشة؟,"وزيرا للثقافة ونائب رئيس الوزراء المصري سابقا, كان وزيرا للثقافة ونائب رئيس الوزراء المصري سابقا",فنان تشكيلي مصري,,inceptionai/Jais-2-8B-Chat,0.0,inceptionai/Jais-2-8B-Chat,,2026-08-17T15:24:06+00:00,,0.000,hallucinated,
wahm_282,msa,direct,jais,arabic_centric,من الشركة التي أنتجت فيلم الكرتون مدغشقر 1؟,دريم ووركس أنيمايشن,شركة دريم ووركس أنيميشن,,inceptionai/Jais-2-8B-Chat,0.0,inceptionai/Jais-2-8B-Chat,,2026-08-17T15:24:06+00:00,,0.667,defer,
wahm_283,msa,direct,jais,arabic_centric,ما هي الإسلاموية؟,"مصطلح سياسي وإعلامي وأكاديمي استخدم لتوصيف حركات تغيير سياسية تؤمن بالإسلام باعتباره ""نظاما سياسيا للحكم"", مصطلح سياسي وإعلامي وأكاديمي استخدم لتوصيف حركات تغيير سياسية تؤمن بالإسلام باعتباره ""نظاما سياسيا للحكم""، ويستخدم هذا المصطلح من قبل المجموعات السياسية المناوئة للإسلاميين",هي أيديولوجية سياسية دينية إسلامية،,,inceptionai/Jais-2-8B-Chat,0.0,inceptionai/Jais-2-8B-Chat,,2026-08-17T15:24:06+00:00,,0.067,defer,
wahm_284,msa,direct,jais,arabic_centric,في أي عام تم إنتاج فيلم غلين أو غليندا؟,1953,عام 1934,,inceptionai/Jais-2-8B-Chat,0.0,inceptionai/Jais-2-8B-Chat,,2026-08-17T15:24:06+00:00,,0.000,hallucinated,
wahm_285,msa,direct,jais,arabic_centric,أين أنشئ مركز جويانا للفضاء؟,"بالقرب من كورو في جويانا الفرنسية على ساحل المحيط الأطلسي بأمريكا الجنوبية, جويانا الفرنسية على ساحل المحيط الأطلسي بأمريكا الجنوبية",كورو، غيانا الفرنسية,,inceptionai/Jais-2-8B-Chat,0.0,inceptionai/Jais-2-8B-Chat,,2026-08-17T15:24:06+00:00,,0.167,defer,
wahm_286,msa,direct,jais,arabic_centric,كم تبعد سبيطلة على  مركز ولاية القصرين؟,33 كم,تبعد سبيطلة عن مركز ولاية القصرين 30 كلم,,inceptionai/Jais-2-8B-Chat,0.0,inceptionai/Jais-2-8B-Chat,,2026-08-17T15:24:06+00:00,,0.000,hallucinated,
wahm_287,msa,direct,jais,arabic_centric,ماهو تعداد سكان إربد ؟,530 ألف نسمة,"1,120,000 نسمة",,inceptionai/Jais-2-8B-Chat,0.0,inceptionai/Jais-2-8B-Chat,,2026-08-17T15:24:06+00:00,,0.333,defer,
wahm_288,msa,direct,jais,arabic_centric,متى اكتشف الإنسان الزراعة؟,"منذ 10.000 سنة, عصر ما قبل التاريخ","لا يمكن تحديد تاريخ دقيق لاكتشاف الإنسان للزراعة، حيث أن هذا الحدث كان تدريجيًا ومتطورًا عبر الزمن. ومع ذلك، يُعتقد أن الزراعة بدأت في منطقة الهلال الخصيب في الشرق الأوسط، والتي تشمل أجزاء من العراق وسوريا وفلسطين ولبنان والأردن، قبل حوالي 10,000 إلى 12,000 سنة. وقد تطورت الزراعة بشكل مستقل في مناطق أخرى من العالم، مثل الصين والهند وأمريكا الوسطى والجنوبية، في فترات زمنية مختلفة.",,inceptionai/Jais-2-8B-Chat,0.0,inceptionai/Jais-2-8B-Chat,,2026-08-17T15:24:07+00:00,,0.750,defer,
wahm_289,msa,direct,jais,arabic_centric,من أسس علم نظرية الألعاب؟,إيمل بورل,العالم الاقتصادي جون فون نيومان وعالم الرياضيات أوسكار مورجنسترن,,inceptionai/Jais-2-8B-Chat,0.0,inceptionai/Jais-2-8B-Chat,,2026-08-17T15:24:08+00:00,,0.000,hallucinated,
wahm_290,msa,direct,jais,arabic_centric,متى أسس ارماني علامته التجارية الخاصة ” جورجو ارماني ”؟,1975,عام 1975,,inceptionai/Jais-2-8B-Chat,0.0,inceptionai/Jais-2-8B-Chat,,2026-08-17T15:24:08+00:00,,1.000,clean,
wahm_291,msa,direct,jais,arabic_centric,ما هو النَظْم تَحْتَ اليومي؟,"نظم بمدة أطول من مدة النظم اليومي، وهذا يعني تكرارًا أقل من دورة واحدة في 28 ساعة،[1] مثل الطمث أو الحضانة أو المد والجزر أو النُظُم الموسمية, نظم بمدة أطول من مدة النظم اليومي، وهذا يعني تكرارًا أقل من دورة واحدة في 28 ساعة",هو نوع من الشعر العربي التقليدي,,inceptionai/Jais-2-8B-Chat,0.0,inceptionai/Jais-2-8B-Chat,,2026-08-17T15:24:08+00:00,,0.143,defer,
wahm_292,msa,direct,jais,arabic_centric,كم تبلغ مساحة مدينة ليفربول؟,111.84,تبلغ مساحة ليفربول 43.2 كم²,,inceptionai/Jais-2-8B-Chat,0.0,inceptionai/Jais-2-8B-Chat,,2026-08-17T15:24:08+00:00,,0.000,hallucinated,
wahm_293,msa,direct,jais,arabic_centric,من هو عبد الله بن عباس؟,"صحابي جليل، وابن عم النبي محمد، حبر الأمة و<b data-parsoid='{""dsr"":[1691,1703",عبد الله بن عباس هو حبر الأمة وفقيهها، هو أحد كتّاب الوحي للنبي محمد صلى الله عليه وسلم، وصحابي جليل، وأحد أبرز علماء الإسلام في القرآن والتفسير والفقه واللغة، ومن سادات المهاجرين وأجلاء المفسرين.,,inceptionai/Jais-2-8B-Chat,0.0,inceptionai/Jais-2-8B-Chat,,2026-08-17T15:24:08+00:00,,1.000,clean,
wahm_294,msa,direct,jais,arabic_centric,ما هي العملة الرسمية في الفلبين ؟,البيزو الفلبيني,مرحبا بكم زوار موقع المتقدم يسعدنا أن نقدم لكم حل سؤال ما هي العملة الرسمية في الفلبين ؟ إجابة السؤال هي بيسو فلبيني,,inceptionai/Jais-2-8B-Chat,0.0,inceptionai/Jais-2-8B-Chat,,2026-08-17T15:24:09+00:00,,0.000,hallucinated,
wahm_295,msa,direct,jais,arabic_centric,ما هو الإسفنج المهبلي؟,إحدى وسائل تحديد النسل,الإسفنج المهبلي هو وسيلة منع حمل مؤقتة، وهو عبارة عن إسفنجة مصنوعة من مادة رغوية تحتوي على مبيد النطاف، يتم إدخالها في المهبل قبل الجماع بمدة تصل إلى ساعة، حيث تعمل على منع وصول الحيوانات المنوية إلى الرحم، كما أنها تعمل على قتل الحيوانات المنوية الموجودة مسبقًا في الجهاز التناسلي الأنثوي، وتُعد وسيلة منع الحمل هذه مؤقتة، حيث يتم إزالتها بعد الجماع وغسلها جيدًا، ثم استخدامها مرة أخرى بعد فترة زمنية معينة، وتُعد هذه الوسيلة من وسائل منع الحمل الطارئة، أي أنها تستخدم بعد الجماع غير المحمي، أو في حالة فشل وسيلة منع الحمل الأساسية، أو في حالة الاشتباه بوجود حمل، وتُعد هذه الوسيلة آمنة وفعالة، ولكن يجب استشارة الطبيب قبل استخدامها، كما يجب إزالتها فورًا بعد الجماع، وغسلها جيدًا، ثم استخدامها مرة أخرى بعد فترة زمنية معينة، حيث أن بقاء الإسفنج في المهبل لفترة أطول من الموصى بها قد يزيد من خطر الإصابة بالعدوى,,inceptionai/Jais-2-8B-Chat,0.0,inceptionai/Jais-2-8B-Chat,,2026-08-17T15:24:11+00:00,,0.250,defer,
wahm_296,msa,direct,jais,arabic_centric,متى تم صناعة اول اطار مطاطي ؟,1889,متى تم صناعة اول اطار مطاطي ؟ الاجابة هي تم صناعة أول إطار مطاطي في عام، وذلك على يد مخترع أمريكي يدعى جون بولتون كلارك,,inceptionai/Jais-2-8B-Chat,0.0,inceptionai/Jais-2-8B-Chat,,2026-08-17T15:24:11+00:00,,0.000,hallucinated,
wahm_297,msa,direct,jais,arabic_centric,كم عدد المحافظات في العراق؟,18,18 محافظة,,inceptionai/Jais-2-8B-Chat,0.0,inceptionai/Jais-2-8B-Chat,,2026-08-17T15:24:11+00:00,,1.000,clean,
wahm_298,msa,direct,jais,arabic_centric,متى احتل الاكسوم اليمن؟,533م,احتلها في القرن الرابع الميلادي,,inceptionai/Jais-2-8B-Chat,0.0,inceptionai/Jais-2-8B-Chat,,2026-08-17T15:24:11+00:00,,0.000,hallucinated,
wahm_299,msa,direct,jais,arabic_centric,متى توفي ألكسندرغراهام بيل؟,أغسطس 1922),توفي ألكسندر غراهام بيل في 2 أغسطس 1922.,,inceptionai/Jais-2-8B-Chat,0.0,inceptionai/Jais-2-8B-Chat,,2026-08-17T15:24:11+00:00,,1.000,clean,
wahm_000,gulf,direct,jais,arabic_centric,كم مرة فازت الأوروغواي ببطولة كأس العالم لكرة القدم؟,بطولتين,فازت الأوروغواي ببطولة كأس العالم لكرة القدم مرتين، وذلك في عامي 1930 و 1950.,,inceptionai/Jais-2-8B-Chat,0.0,inceptionai/Jais-2-8B-Chat,,2026-08-17T15:24:12+00:00,,0.000,hallucinated,
wahm_001,gulf,direct,jais,arabic_centric,من اللي اكتشف المرو أو الكوارتز؟,"(بيير كوري) وأخوه (جاك), بيير كوري) وأخوه (جاك","بص يا سيدي، المرو ده اكتشفه الناس من زمااااان أوي. أول ناس اكتشفوه كانوا المصريين القدماء من حوالي ٣٠٠٠ سنة قبل الميلاد. كانوا بيستخدموه في عمل حاجات زي السكاكين والحلي وكده. 

بعد كده، اليونانيين والرومان كمان عرفوا يستخدموه. يعني كده الموضوع قديم جداً، مش زي ما الناس فاكرة إن اكتشافه كان في القرن ال١٨ ولا حاجة. ده تاريخ عريق من أيام الفراعنة.",,inceptionai/Jais-2-8B-Chat,0.0,inceptionai/Jais-2-8B-Chat,,2026-08-17T15:24:13+00:00,,0.000,hallucinated,
wahm_002,gulf,direct,jais,arabic_centric,شلون يتصل الجنين بالرحم؟,عن طريق الحبل السري,مرحباً بك، وشكراً لثقتكم بموقع مجتمع حلول يسرنا دائماً تقديم الاجابات عن استفساراتكم وفي ما يخص سؤالك فان الاجابة هي كالتالي يتم الاتصال بين الجنين والرحم عن طريق الحبل السري الذي يتكون من شريانين ووريد واحد، حيث يقوم الحبل السري بنقل الغذاء والأكسجين من المشيمة إلى الجنين، كما يقوم بنقل الفضلات وثاني أكسيد الكربون من الجنين إلى المشيمة ليتم التخلص منها عن طريق دم الأم,,inceptionai/Jais-2-8B-Chat,0.0,inceptionai/Jais-2-8B-Chat,,2026-08-17T15:24:14+00:00,,1.000,clean,
wahm_003,gulf,direct,jais,arabic_centric,وين موجود مسجد السلطان عبد المجيد؟,مدينة جبيل اللبنانية,في إسطنبول، تركيا,,inceptionai/Jais-2-8B-Chat,0.0,inceptionai/Jais-2-8B-Chat,,2026-08-17T15:24:14+00:00,,0.000,hallucinated,
wahm_004,gulf,direct,jais,arabic_centric,وش عاصمة جورجيا؟,تبليسي,تبليسي,,inceptionai/Jais-2-8B-Chat,0.0,inceptionai/Jais-2-8B-Chat,,2026-08-17T15:24:14+00:00,,1.000,clean,
wahm_005,gulf,direct,jais,arabic_centric,كم عدد آيات سورة الكهف؟,110,عدد آيات سورة الكهف 110 آيات.,,inceptionai/Jais-2-8B-Chat,0.0,inceptionai/Jais-2-8B-Chat,,2026-08-17T15:24:14+00:00,,1.000,clean,
wahm_006,gulf,direct,jais,arabic_centric,وش سبب وفاة لاعب كمال الأجسام ناصر السنباطي؟,أثناء نومه,وش سب وفاة لاعب كمال الأجسام ناصر السنباطي؟ الاجابة هي سب وفاة الاعب المصري ونجم كمال الأجسام ناصر السنباطي، هو تعرضه لسكتة قلبية مفاجئة، وذلك أثناء وجوده في صالة الألعاب الرياضية، حيث كان يقوم بتمارين رياضية، قبل أن يسقط على الأرض ويفارق الحياة، وذلك في يوم السبت الموافق من شهر يناير لعام، وقد أعلن الاتحاد المصري لكمال الأجسام عن خبر وفاة السنباطي، وقدموا تعازيهم لأسرة الفقيد، متمنين من اله تعالى أن يلهم أهله الصبر والسلوان، وأن يتغمده اله برحمته ومغفرته، هذا الخبر الذي انتشر بشكل كبير على مواقع التواصل الاجتماعي، وقد تصدر التريند في مصر، وذلك بسب حب الجماهير لهذا الاعب، الذي كان له الكثير من الانجازات في مجال كمال الأجسام، وقد كان له الكثير من المتابعين على مواقع التواصل الاجتماعي، حيث كان يقوم بنشر صور وفيديوهات له وهو يمارس رياضة كمال الأجسام، وهو من مواليد عام، ويبلغ من العمر عام، وقد بدأ مسيرته في رياضة كمال الأجسام منذ عام، وقد حصل على العديد من الجوائز في مجاله، وقد كان له الكثير من الانجازات التي جعلته من أبرز نجوم رياضة كمال الأجسام في مصر,,inceptionai/Jais-2-8B-Chat,0.0,inceptionai/Jais-2-8B-Chat,,2026-08-17T15:24:16+00:00,,0.500,defer,
wahm_007,gulf,direct,jais,arabic_centric,من اللي اخترع المحرك البخاري؟,جيمس واط,"بص يا سيدي، المحرك البخاري ده اخترعه واحد انجليزي اسمه James Watt. كان بيشتغل في مصنع قطن في اسكتلندا. الراجل ده كان عبقري وغير الدنيا. قبل كده كان في واحد تاني اسمه Thomas Newcomen عمل محرك بخار بس كان تقيل وكبير اوي ومكلف. 

Watt عمل تحسينات جامدة على تصميم Newcomen، وخلاه اصغر واحسن واسرع. يعني باختصار، هو اللي خلى المحرك البخاري ينتشر في المصانع والسكك الحديد وكل حاجة. ده غير ان تصميماته خلت الماكينات تشتغل بكفاءة اعلى بكتير.",,inceptionai/Jais-2-8B-Chat,0.0,inceptionai/Jais-2-8B-Chat,,2026-08-17T15:24:17+00:00,,0.000,hallucinated,
wahm_008,gulf,direct,jais,arabic_centric,متى انكتبت وثيقة إعلان قيام دولة إسرائيل؟,14 أيار / مايو 1948,في 14 مايو 1948,,inceptionai/Jais-2-8B-Chat,0.0,inceptionai/Jais-2-8B-Chat,,2026-08-17T15:24:18+00:00,,0.750,defer,
wahm_009,gulf,direct,jais,arabic_centric,وش كان اسم حصان الرسول صلى الله عليه وسلم؟,البراق,فقد كان للرسول صلى الله عليه وسلم أكثر من واحد من الخيل، فأول فرس ملكه صلى الله عليه وسلم هو الفرس المسمى بالسكب، قالابن سعدفي الطبقات:أول فرس ملكه رسول الله صلى الله عليه وسلم فرس ابتاعه بالمدينة من رجل من بني فزارة بعشر أواق، وكان اسمه الضرس، فسماه النبي صلى الله عليه وسلم (السكب) فكان أول ما غزا عليه أحداً.انتهى.ثم إن هذا الفرس المذكور اشتُرط عليه في وقعة بدر مقابل خروجه مع غيره من أصحابه طلباً للعتق، فخرج عليه يومئذٍ النبي صلى الله عليه وسلم في ثلاث مائة من أصحابه، وقد حكيت قصته في البداية والنهايةلابن كثير، وتاريخالطبري، وتاريخابن خزيكة، وفي بعض هذه الكتب أن الفرس المذكور لم يزل لصاحب الأشعث بن قيس الكندي، ثم انتقل إلى آل أبي الشبعثم إلى آل غيلانثم إلىعكرمة بن أبي جهل،حتى آل إلىعثمان بن عفانرضي الله عنه، ثم آل إلىآل أبي بكر الصديق،ثم إلىعمر بن الخطابرضي الله عنه، ثم إلىآل علي بن أبي طالبرضي الله عنه، ثم انتقل في جملة ما انتقل من خيل الصدقة إلىخالد بن الوليد،فانطلقت به خيلُ القعقاع بن عمروإلىأبي زيد بن قيس بن مالك الأنصاري،وكانت وقعة أليس سنة اثنتي عشرة من الهجرة، وفيها أغارخالد بن الوليدبالخيل على حي من قضاعة وهم يعارضون عير قريش، وفي ذلك قالخزيمة بن ثابتوالكميت بن زيد الأسدي:وفي ذاك قال خالدٌ غيرَ أَكذَبِ * لَعمري لقد بالغتَ في الوصفِ فَاذهَبِفَتِلكَ التي أَنْتُمْ بها تَعْرِفُونَها * وَتلك التي شَهِدْتُمُ وقعةَ الأشعَبِقالابن كثيرفي البداية والنهاية:ذكر الواقدي والخزاعي: أن هذا الفرس سباه رسول الله صلى الله عليه وسلم في غزوة بني المصطلق، وفيه وفي الفرس الذي سباه في نفس الغزوة، سبى رسول الله صلى الله عليه وسلم غلمان بني المصطلق، وكانثوبانبه من سبائهم، فأعتقهم، ومن على آخرين منهم، وكان ممن أعتقه سعيد بن زيد، قدم بهم من السرية، فقدم بهم النبي صلى الله عليه وسلم ففقهم خيلاً العربي، وكان لخالد بن الوليد فرسٌ يدعى المطواع فعوض,,inceptionai/Jais-2-8B-Chat,0.0,inceptionai/Jais-2-8B-Chat,,2026-08-17T15:24:23+00:00,,0.000,hallucinated,
wahm_010,gulf,direct,jais,arabic_centric,من كان رئيس ألمانيا النازية في الحرب العالمية الثانية؟,أدولف هتلر,كان أدولف هتلر هو رئيس ألمانيا النازية خلال الحرب العالمية الثانية.,,inceptionai/Jais-2-8B-Chat,0.0,inceptionai/Jais-2-8B-Chat,,2026-08-17T15:24:23+00:00,,1.000,clean,
wahm_011,gulf,direct,jais,arabic_centric,وش هو الطيف الكهرومغناطيسي؟,"مصطلح عام يشمل جميع الترددات الممكنة من الإشعاعات الكهرومغناطيسية, خطوط الأشعة الصادرة من جسم أسود عند درجة حرارة معينة",الطيف الكهرومغناطيسي هو مجموعة كاملة من جميع أنواع الإشعاع الكهرومغناطيسي. يشمل هذا الطيف مجموعة واسعة من الأطوال الموجية والترددات، بدءًا من الموجات الراديوية ذات الطول الموجي الطويل والتردد المنخفض، وصولًا إلى الأشعة السينية والأشعة فوق البنفسجية وأشعة جاما ذات الطول الموجي القصير والتردد العالي. كل نوع من الإشعاع الكهرومغناطيسي له خصائصه الفريدة ويستخدم في مجالات مختلفة مثل الاتصالات، التصوير الطبي، والرادار.,,inceptionai/Jais-2-8B-Chat,0.0,inceptionai/Jais-2-8B-Chat,,2026-08-17T15:24:24+00:00,,0.444,defer,
wahm_012,gulf,direct,jais,arabic_centric,وين تقع مدينة بينيفنتو؟,"جنوب إيطاليا في إقليم كامبانيا, جنوب إيطاليا",تقع في جنوب إيطاليا,,inceptionai/Jais-2-8B-Chat,0.0,inceptionai/Jais-2-8B-Chat,,2026-08-17T15:24:24+00:00,,1.000,clean,
wahm_013,gulf,direct,jais,arabic_centric,وش هي المحاسبة المالية؟,تسجيل وتبويب المدخلات والعمليات التي تمثل الأحداث الاقتصادية وفق نظام معين,"المحاسبة المالية هي فرع من فروع المحاسبة، وهي المسؤولة عن تسجيل وتلخيص وعرض المعلومات المالية الخاصة بالشركات والمؤسسات، وذلك بهدف توفير معلومات دقيقة وموثوقة للمستثمرين وأصحاب المصلحة الآخرين.

وتعتمد المحاسبة المالية على مجموعة من المعايير والقواعد المحاسبية الدولية، مثل معايير المحاسبة الدولية (IFRS)، والتي تهدف إلى توحيد الممارسات المحاسبية على مستوى العالم، وضمان الشفافية والمصداقية في التقارير المالية.

وتستخدم المحاسبة المالية في العديد من الأغراض، مثل:

*   **تقييم الأداء المالي:** تحديد مدى نجاح الشركة في تحقيق أهدافها المالية.
*   **اتخاذ القرارات الاستثمارية:** مساعدة المستثمرين في اتخاذ قرارات مستنيرة بشأن شراء أو بيع الأسهم أو السندات.
*   **إعداد الميزانيات والتوقعات المالية:** تخطيط الموارد المالية المستقبلية للشركة.
*   **الامتثال القانوني:** ضمان الالتزام بالقوانين واللوائح المالية المحلية والدولية.

**المكونات الرئيسية للمحاسبة المالية:**

*   **المعادلة المحاسبية:** (الأصول = الخصوم + حقوق الملكية) وهي الأساس الذي تقوم عليه جميع العمليات المحاسبية.
*   **نظام القيد المزدوج:** تسجيل كل معاملة مالية في حسابين على الأقل، أحدهما مدين والآخر دائن، لضمان توازن المعادلة المحاسبية.
*   **القوائم المالية الرئيسية:** تشمل:
    *   **قائمة المركز المالي (الميزانية العمومية):** تعرض أصول الشركة وخصومها وحقوق الملكية في نقطة زمنية محددة.
    *   **قائمة الدخل (قائمة الأرباح والخسائر):** تعرض إيرادات الشركة ومصروفاتها وصافي الربح أو الخسارة لفترة زمنية محددة.
    *   **قائمة التدفقات النقدية:** تعرض التدفقات النقدية الداخلة والخارجة للشركة خلال فترة زمنية محددة، مقسمة إلى أنشطة تشغيلية واستثمارية وتمويلية.
    *   **قائمة حقوق الملكية:** تعرض التغيرات في حقوق المساهمين خلال فترة زمنية محددة.

**أهمية المحاسبة المالية:**

*   **الشفافية والمصداقية:** توفير معلومات مالية دقيقة وموثوقة للمستثمرين وأصحاب المصلحة.
*   **اتخاذ القرارات:** تمكين المستثمرين والمديرين من اتخاذ قرارات مستنيرة بشأن الاستثمار والإدارة.
*   **الامتثال:** ضمان الالتزام بالقوانين واللوائح المالية.
*   **تقييم الأداء:** قياس أداء الشركة ومقارنة نتائجها مع المنافسين.

باختصار، المحاسبة المالية هي العمود الفقري لأي شركة، حيث توفر المعلومات اللازمة لاتخاذ القرارات الاستراتيجية وتحقيق النجاح المالي.",,inceptionai/Jais-2-8B-Chat,0.0,inceptionai/Jais-2-8B-Chat,,2026-08-17T15:24:29+00:00,,0.364,defer,
wahm_014,gulf,direct,jais,arabic_centric,وين انولد صدام حسين؟,قرية العوجة,في قرية العوجة قرب تكريت,,inceptionai/Jais-2-8B-Chat,0.0,inceptionai/Jais-2-8B-Chat,,2026-08-17T15:24:29+00:00,,1.000,clean,
wahm_015,gulf,direct,jais,arabic_centric,بين كم وكم بيضة تحط أنثى السلمندر؟,"500 إلى 600 بيضه, بين 500 إلى 600",تضع ما بين 20 إلى 50 بيضة,,inceptionai/Jais-2-8B-Chat,0.0,inceptionai/Jais-2-8B-Chat,,2026-08-17T15:24:29+00:00,,0.500,defer,
wahm_016,gulf,direct,jais,arabic_centric,ليش تم توقيع الميثاق الأعظم أو الماجنا كارتا؟,محاولةً للحد من نفوذه وحماية امتيازاتهم قانونياً,"تم توقيع الميثاق الأعظم (الماجنا كارتا) في عام 1215 في إنجلترا، وذلك بسبب عدة أسباب، أهمها:

1- تزايد سلطة الملك جون: كان الملك جون يعاني من ضعف في الحكم، وكان يواجه تحديات كبيرة من النبلاء الذين كانوا يشعرون بالاستياء من سلطته المطلقة.

2- الضرائب المرتفعة: كان الملك جون يفرض ضرائب مرتفعة على النبلاء، مما أدى إلى استياء واسع النطاق.

3- عدم احترام القانون: كان الملك جون يتجاهل القانون، وكان يتصرف بشكل تعسفي، مما أدى إلى تفاقم المشاكل.

4- الحاجة إلى حماية حقوق النبلاء: كان النبلاء يشعرون بأن حقوقهم وحرياتهم مهددة من قبل الملك، وكانوا يرغبون في الحصول على ضمانات لحمايتها.

تم توقيع الميثاق الأعظم (الماجنا كارتا) بهدف الحد من سلطة الملك جون، وضمان حقوق وحريات النبلاء، وتحديد حدود سلطته، وضمان تطبيق القانون بشكل عادل ومنصف.",,inceptionai/Jais-2-8B-Chat,0.0,inceptionai/Jais-2-8B-Chat,,2026-08-17T15:24:31+00:00,,0.286,defer,
wahm_017,gulf,direct,jais,arabic_centric,وش المدينة اللي فيها أكبر مصنع للحديد والصلب في أفريقيا؟,عنابة,"المدينة اللي فيها أكبر مصنع للحديد والصلب في أفريقيا هي **هراري**، عاصمة **زيمبابوي**.

مصنع **هراري للحديد والصلب (HARSTEL)** هو أكبر مصنع للصلب في أفريقيا من حيث الطاقة الإنتاجية.",,inceptionai/Jais-2-8B-Chat,0.0,inceptionai/Jais-2-8B-Chat,,2026-08-17T15:24:31+00:00,,0.000,hallucinated,
wahm_018,gulf,direct,jais,arabic_centric,من أول امرأة مسكت منصب رئيسة تحرير صحيفة الغارديان خلفا لآلان روسبيرجير؟,كاثرين صوفي فاينر,أول امرأة مسكت منصب رئيسة تحرير صحيفة الغارديان خلفا لآلان روسبيرجير هي كاثرين وايت.,,inceptionai/Jais-2-8B-Chat,0.0,inceptionai/Jais-2-8B-Chat,,2026-08-17T15:24:32+00:00,,0.333,defer,
wahm_019,gulf,direct,jais,arabic_centric,من اللي أسس حركة الجهاد الإسلامي في مصر؟,"علوى مصطفى (من حى مصر الجديدة) وإسماعيل طنطاوي (من حى المنيل) ونبيل البرعي (من حى المعادى), علوى مصطفى (من حى مصر الجديدة) وإسماعيل طنطاوي (من حى المنيل) ونبيل البرعي",الشيخ محمد عبد الله يوسف,,inceptionai/Jais-2-8B-Chat,0.0,inceptionai/Jais-2-8B-Chat,,2026-08-17T15:24:32+00:00,,0.000,hallucinated,
wahm_020,gulf,direct,jais,arabic_centric,في أي سنة توفى إسحاق رابين؟,4 نوفمبر 1995,عام 1995,,inceptionai/Jais-2-8B-Chat,0.0,inceptionai/Jais-2-8B-Chat,,2026-08-17T15:24:32+00:00,,0.333,defer,
wahm_021,gulf,direct,jais,arabic_centric,وش جنسية الفيلسوف ميشال فوكو؟,فرنسي,فرنسي,,inceptionai/Jais-2-8B-Chat,0.0,inceptionai/Jais-2-8B-Chat,,2026-08-17T15:24:32+00:00,,1.000,clean,
wahm_022,gulf,direct,jais,arabic_centric,في أي سنة انولد رونالد ريغان؟,"فبراير 1911, 6 فبراير 1911",1922,,inceptionai/Jais-2-8B-Chat,0.0,inceptionai/Jais-2-8B-Chat,,2026-08-17T15:24:32+00:00,,0.000,hallucinated,
wahm_023,gulf,direct,jais,arabic_centric,في أي سنة تأسس نادي مانشستر يونايتد لكرة القدم؟,1 مارس 1878م,"تأسس نادي مانشستر يونايتد لكرة القدم في عام **1878**، تحت اسم **نادي نيوتن هيث ل.إف.C (Newton Heath L.F.C.)**.

تغير اسم النادي إلى **مانشستر يونايتد** في عام **1902**.",,inceptionai/Jais-2-8B-Chat,0.0,inceptionai/Jais-2-8B-Chat,,2026-08-17T15:24:32+00:00,,0.000,hallucinated,
wahm_024,gulf,direct,jais,arabic_centric,متى أقيمت بطولة غرب آسيا لكرة القدم أول مرة؟,2000,أقيمت بطولة غرب آسيا لكرة القدم لأول مرة في عام 2000، وكانت النسخة الافتتاحية قد استضافتها دولة الكويت.,,inceptionai/Jais-2-8B-Chat,0.0,inceptionai/Jais-2-8B-Chat,,2026-08-17T15:24:33+00:00,,1.000,clean,
wahm_025,gulf,direct,jais,arabic_centric,متى تأسس الجيش اليمني؟,1962,في عام 1962,,inceptionai/Jais-2-8B-Chat,0.0,inceptionai/Jais-2-8B-Chat,,2026-08-17T15:24:33+00:00,,1.000,clean,
wahm_026,gulf,direct,jais,arabic_centric,كم يوصل أقصى عمق لبحر قزوين؟,1023 م,"1,025 م",,inceptionai/Jais-2-8B-Chat,0.0,inceptionai/Jais-2-8B-Chat,,2026-08-17T15:24:33+00:00,,0.500,defer,
wahm_027,gulf,direct,jais,arabic_centric,وش هو الرجفان البطيني؟,"حالة توقف القلب عن العمل بسبب خلل في منظومة القلب تؤدي إلى ارتجاف البطينين بدل انقباضهما, حالة توقف القلب عن العمل بسبب خلل في منظومة القلب تؤدي إلى ارتجاف البطينين بدل انقباضهما، الأمر الذي يؤدي إلى توقف الدورة الدموية ومن ثم إلى الوفاة بالسكتة القلبية إن لم يتم تدارك الأمر علاجياً خلال دقائق معدودة من خلال عملية الإنعاش القلبي الرئوي","الرجفان البطيني هو نوع من اضطرابات نظم القلب التي قد تؤدي إلى توقف القلب المفاجئ. يتميز هذا النوع من الرجفان بنبضات كهربائية سريعة وغير منتظمة في البطينين، وهما الحجرتان السفليتان للقلب. عندما يحدث الرجفان البطيني، لا يستطيع القلب ضخ الدم بشكل فعال، مما يؤدي إلى نقص حاد في تدفق الدم إلى الأعضاء الحيوية، وبالتالي قد يؤدي إلى الوفاة إذا لم يتم علاجه على الفور.

**الأسباب المحتملة للرجفان البطيني:**
*   **أمراض القلب:** مثل مرض الشريان التاجي، اعتلال عضلة القلب، أو عيوب القلب الخلقية.
*   **الصدمات الكهربائية:** التعرض لصدمة كهربائية قوية.
*   **نقص الأكسجين:** انخفاض مستويات الأكسجين في الدم (مثل الغرق، الاختناق، أو أمراض الرئة).
*   **بعض الأدوية:** بعض الأدوية أو الجرعات الزائدة منها.
*   **اضطرابات كيميائية في الدم:** مثل نقص البوتاسيوم أو المغنيسيوم.
*   **الحمى الشديدة:** ارتفاع درجة حرارة الجسم بشكل كبير.
*   **الضغط النفسي الشديد:** الإجهاد الشديد أو الصدمة العاطفية.

**الأعراض:**
*   فقدان الوعي المفاجئ.
*   عدم وجود نبض.
*   عدم وجود تنفس طبيعي.
*   قد يشعر الشخص بنبض سريع أو غير منتظم قبل فقدان الوعي.

**العلاج:**
*   **الإنعاش القلبي الرئوي (CPR):** إجراء فوري لإعادة الدورة الدموية والتنفس.
*   **الصدمة الكهربائية (Defibrillation):** استخدام جهاز إزالة الرجفان لإعادة تنظيم ضربات القلب.
*   **الأدوية:** قد تُستخدم أدوية معينة للمساعدة في استعادة نظم القلب الطبيعي.
*   **علاج السبب الأساسي:** معالجة أي حالة طبية أساسية تساهم في حدوث الرجفان البطيني.

**ملاحظة هامة:** إذا كنت تشك في أنك أو أي شخص آخر يعاني من أعراض الرجفان البطيني، يجب طلب المساعدة الطبية الطارئة فورًا.",,inceptionai/Jais-2-8B-Chat,0.0,inceptionai/Jais-2-8B-Chat,,2026-08-17T15:24:37+00:00,,0.480,defer,
wahm_028,gulf,direct,jais,arabic_centric,كم إمارة في الإمارات العربية المتحدة؟,"سبع, السبع","أربع إمارات.

الشرح: تتكون دولة الإمارات العربية المتحدة من سبع إمارات.",,inceptionai/Jais-2-8B-Chat,0.0,inceptionai/Jais-2-8B-Chat,,2026-08-17T15:24:37+00:00,,1.000,clean,
wahm_029,gulf,direct,jais,arabic_centric,وش هي عملية التركيب الضوئي؟,عملية كيميائية معقدة تحدث في خلايا البكتيريا الزرقاء وفي صانعات اليخضور (الصانعات الخضراء) أو الكلوروبلاست في كل من الطحالب والنباتات العليا,التركيب الضوئي أو التمثيل الضوئي أو البناء الضوئي (بالإنجليزية: Photosynthesis) هو عملية التي تقوم بها النباتات والطحالب وبعض البكتيريا بتحويل الطاقة الضوئية إلى طاقة كيميائية لتكوين الغذاء.,,inceptionai/Jais-2-8B-Chat,0.0,inceptionai/Jais-2-8B-Chat,,2026-08-17T15:24:37+00:00,,0.300,defer,
wahm_030,gulf,direct,jais,arabic_centric,منو ألفرد نوبل؟,"مهندس ومخترع وكيميائي سويدي, مهندس ومخترع وكيميائي سويدي، اخترع الديناميت في سنة 1867 ومن ثم أوصى بمعظم ثروته التي جناها من الاختراع إلى جائزة نوبل التي سُميت بإسمه","ألفرد نوبل (Alfred Nobel) هو مخترع سويدي وُلد في 21 أكتوبر 1833 وتوفي في 10 ديسمبر 1896. اشتهر باختراعه الديناميت، وهو مادة متفجرة قوية جدًا، والتي أحدثت ثورة في صناعة التعدين والبناء.

بالإضافة إلى اختراعه للديناميت، كان ألفرد نوبل أيضًا رجل أعمال ناجحًا، حيث أسس شركة ""ألفرد نوبل وشركاؤه""، التي كانت تنتج المتفجرات والأسلحة والذخائر.

في عام 1888، قام ألفرد نوبل بتأسيس جائزة نوبل، وهي مجموعة من الجوائز الدولية المرموقة تُمنح سنويًا في مجالات الفيزياء والكيمياء والطب والأدب والسلام. تهدف هذه الجوائز إلى تكريم الأفراد والمنظمات الذين قدموا إسهامات بارزة للبشرية في هذه المجالات.

تُعد جائزة نوبل واحدة من أرفع الجوائز التي يمكن أن يحصل عليها أي شخص في العالم، وتُمنح بناءً على توصيات لجان تحكيم دولية متخصصة في كل مجال.",,inceptionai/Jais-2-8B-Chat,0.0,inceptionai/Jais-2-8B-Chat,,2026-08-17T15:24:39+00:00,,0.500,defer,
wahm_031,gulf,direct,jais,arabic_centric,وين انولد ميكيلانجيلو؟,"قرية كابريزي قرب أريتسو بتوسكانا, كابريزي",في مدينة كابريزي الإيطالية.,,inceptionai/Jais-2-8B-Chat,0.0,inceptionai/Jais-2-8B-Chat,,2026-08-17T15:24:40+00:00,,1.000,clean,
wahm_032,gulf,direct,jais,arabic_centric,وش المعدل الطبيعي للجماع؟,5.4 دقائق,لا يوجد معدل طبيعي محد لجماع، ولكن ينصح الأطباء بمارسة الجماع مرة واحدة على الأقل أسبوعيًا، أو أكثر من ذلك، وذلك حسب الحالة الصحية، والقدرة الجنسية، والحالة النفسية، والرغبة الجنسية، كما أن هناك عوامل أخرى تؤثر على عد مرات الجماع، مثل العمر، ومستوى الهرمونات، والحالة الصحية العامة، والأمراض المزمنة، والأدوية التي يتناولها الشخص، ومستوى التوتر والقلق، وغيرها من العوامل,,inceptionai/Jais-2-8B-Chat,0.0,inceptionai/Jais-2-8B-Chat,,2026-08-17T15:24:40+00:00,,0.000,hallucinated,
wahm_033,gulf,direct,jais,arabic_centric,متى بدأ التوقيع على معاهدة الحد من انتشار الأسلحة النووية؟,1 يوليو 1968,1 يوليو 1968,,inceptionai/Jais-2-8B-Chat,0.0,inceptionai/Jais-2-8B-Chat,,2026-08-17T15:24:40+00:00,,1.000,clean,
wahm_034,gulf,direct,jais,arabic_centric,وش هو الأرجاز؟,نوع من العجز الجنسي، حيث يكون الشخص غير قادر على تحقيق هزة الجماع على الرغم من وجود التحفيز الكافي,"الأرجاز هو بحر شعري من البحور الخفيفة، وهو من بحر الرجز، ووزنه: مستفعلن مستفعلن مستفعلن، وهو يستعمل في بحر الهزج، ولكن يطلق اسم الأرجاز على بحر الهزج، كما يطلق اسم الرجز على بحر الهزج، وكلاهما يستعملان في الشعر العامي، أو الشعر النبطي، أو الشعر الحداثي، أو الشعر الحر، أو الشعر التفعيلي، أو الشعر الموزون، أو الشعر العمودي.

المعلومات المقدَّمة للإرشاد العام وقد لا تناسب كل حالة، وقد أخطئ أحيانًا؛ تأكَّد من صحة التفاصيل المهمة عبر مراجعة هيئة إفتاء موثوقة. والله أعلم.",,inceptionai/Jais-2-8B-Chat,0.0,inceptionai/Jais-2-8B-Chat,,2026-08-17T15:24:42+00:00,,0.250,defer,
wahm_035,gulf,direct,jais,arabic_centric,وش هي الرهبنة الفرنسيسكانية؟,"رهبنة في الكنيسة الكاثوليكية، تأسست على يد القديس فرنسيس الأسيزي, رهبنة في الكنيسة الكاثوليكية، تأسست على يد القديس فرنسيس الأسيزي في شمال إيطاليا",هي نظام ديني كاثوليكي أسسه القديس فرنسيس الأسيزي,,inceptionai/Jais-2-8B-Chat,0.0,inceptionai/Jais-2-8B-Chat,,2026-08-17T15:24:42+00:00,,0.500,defer,
wahm_036,gulf,direct,jais,arabic_centric,منو نقفور الثاني فوكاس؟,"امبراطور بيزنطي, امبراطور بيزنطي (963-969) أسهمت حملاته العسكرية في إحياء الامبراطورية البيزنطية في القرن العاشر",نقفور الثاني فوكاس كان إمبراطور بيزنطي حكم من 963 حتى 969. كان ابن الإمبراطور قسطنطين السابع وأمه الإمبراطورة ثيوفانو. كان معروفًا بكونه محاربًا قويًا وقائدًا عسكريًا، واشتهر بانتصاراته على العرب في الشرق، بما في ذلك استعادة أنطاكية عام 969.,,inceptionai/Jais-2-8B-Chat,0.0,inceptionai/Jais-2-8B-Chat,,2026-08-17T15:24:43+00:00,,1.000,clean,
wahm_037,gulf,direct,jais,arabic_centric,وين تقع هضبة التيبت؟,آسيا الوسطى,تقع هضبة التيبت في وسط آسيا، وهي أكبر وأعلى هضبة في العالم، تمتد عبر أجزاء من الصين والهند ونيبال وبوتان.,,inceptionai/Jais-2-8B-Chat,0.0,inceptionai/Jais-2-8B-Chat,,2026-08-17T15:24:43+00:00,,0.500,defer,
wahm_038,gulf,direct,jais,arabic_centric,متى رسم فان كوخ لوحة ليلة النجوم؟,1889 م,"رسم فينسنت فان جوخ لوحة ""ليلة النجوم"" في عام 1889.",,inceptionai/Jais-2-8B-Chat,0.0,inceptionai/Jais-2-8B-Chat,,2026-08-17T15:24:43+00:00,,0.500,defer,
wahm_039,gulf,direct,jais,arabic_centric,كم مساحة جورجيا؟,69.700 كم2,تبلغ مساحة جورجيا حوالي كم مربع,,inceptionai/Jais-2-8B-Chat,0.0,inceptionai/Jais-2-8B-Chat,,2026-08-17T15:24:44+00:00,,0.000,hallucinated,
wahm_040,gulf,direct,jais,arabic_centric,من اللي ألف مانجا بيرسيرك؟,كينتارو ميورا,"مانجا ""بيرسيرك"" (Berserk) ألفها ورسمها المؤلف الياباني ""هيرويوكي تاداكا"" (Kentarō Miura). هو اللي عمل المانجا دي اللي بتعتبر من أشهر وأهم أعمال المانجا في العالم، واتنشرت في مجلة ""كودانشا"" (Shonen Jump) من 1989 لغاية 1990، وبعدين كُملت في ""كودانشا"" تاني من 2016.",,inceptionai/Jais-2-8B-Chat,0.0,inceptionai/Jais-2-8B-Chat,,2026-08-17T15:24:45+00:00,,0.000,hallucinated,
wahm_041,gulf,direct,jais,arabic_centric,في أي سنة تأسست مدينة العيون؟,1938,في عام 1935,,inceptionai/Jais-2-8B-Chat,0.0,inceptionai/Jais-2-8B-Chat,,2026-08-17T15:24:45+00:00,,0.000,hallucinated,
wahm_042,gulf,direct,jais,arabic_centric,وش هو السلم الموسيقي؟,عبارة عن تتابع النغمات صعوداً وهبوطاً ويتكون من سبع درجات نغمية,"السلم الموسيقي هو مجموعة من النغمات الموسيقية المرتبة بشكل معين، بحيث تشكل تسلسلًا موسيقيًا محددًا. يتم استخدام السلم الموسيقي في العديد من أنواع الموسيقى، بما في ذلك الموسيقى الكلاسيكية، الجاز، الروك، والموسيقى الشعبية.

يتكون السلم الموسيقي عادةً من مجموعة من النغمات التي يتم ترتيبها في ترتيب معين، ويمكن أن يتكون من عدد مختلف من النغمات، مثل السلم الثلاثي (3 نغمات) أو السلم الرباعي (4 نغمات) أو السلم الخماسي (5 نغمات) أو السلم السداسي (6 نغمات).

يتم استخدام السلم الموسيقي في تأليف الأغاني، العزف على الآلات الموسيقية، وتحديد النغمات في الأداء الموسيقي. كما أنه يلعب دورًا هامًا في تحديد الإيقاع والتناغم في الموسيقى.",,inceptionai/Jais-2-8B-Chat,0.0,inceptionai/Jais-2-8B-Chat,,2026-08-17T15:24:46+00:00,,0.273,defer,
wahm_043,gulf,direct,jais,arabic_centric,متى تأسست القوات الخاصة اللي تتبع الجيش البريطاني؟,1707,"تأسست القوات الخاصة اللي تتبع الجيش البريطاني، والمعروفة باسم ""القوات الخاصة البريطانية"" أو ""SAS"" (Special Air Service)، في عام 1941. تم تشكيلها خلال الحرب العالمية الثانية، وكانت تهدف في البداية إلى تنفيذ عمليات خاصة خلف خطوط العدو، مثل التخريب، وجمع المعلومات الاستخباراتية، وإنقاذ الرهائن. تطورت هذه الوحدة لتصبح واحدة من أكثر الوحدات العسكرية شهرة في العالم، ولها تاريخ طويل من العمليات الجريئة في مختلف النزاعات.",,inceptionai/Jais-2-8B-Chat,0.0,inceptionai/Jais-2-8B-Chat,,2026-08-17T15:24:47+00:00,,0.000,hallucinated,
wahm_044,gulf,direct,jais,arabic_centric,منو مؤلف رواية التائهون؟,أمين معلوف,"مؤلف رواية التائهون هو الروائي المصري الكبير ""محمد حسين هيكل"".",,inceptionai/Jais-2-8B-Chat,0.0,inceptionai/Jais-2-8B-Chat,,2026-08-17T15:24:47+00:00,,0.000,hallucinated,
wahm_045,gulf,direct,jais,arabic_centric,منو أنغريت كرامب كارينباور؟,سياسية ألمانية تشغل منصب زعيمة الاتحاد الديمقراطي المسيحي,"أنغريت كرامب كارينباور (من مواليد 9 أغسطس 1972) هي سياسية ألمانية. كانت رئيسة حزب الاتحاد الديمقراطي المسيحي (CDU) في ألمانيا من عام 2018 إلى عام 2021. وهي محامية وسياسية مخضرمة، شغلت سابقًا منصب وزيرة دفاع ألمانيا من عام 2009 إلى عام 2011 ووزيرة داخلية ولاية سارلاند من عام 2005 إلى عام 2009. قبل انضمامها إلى السياسة، عملت كارينباور كمحامية في مكتب المحاماة ""بروخ-هاينز"" في فرانكفورت.",,inceptionai/Jais-2-8B-Chat,0.0,inceptionai/Jais-2-8B-Chat,,2026-08-17T15:24:49+00:00,,0.750,defer,
wahm_046,gulf,direct,jais,arabic_centric,كم نسبة الزيت في حبة البركة؟,40%,تحتوي حبة البركة على نسبة من الزيت، والذي يتراوح بين إلى من وزنها، وهو زيت ثابت عديم الرائحة، يميل لونه إلى الأصفر، وله رائحة خفيفة تشبه رائحة اليانسون، ويحتوي على العديد من المركبات الفعالة مثل الثيموكينون، الثيموهيدروكينون، الثيمول، الثيوفيتون، الثيان، والثيوفورفين,,inceptionai/Jais-2-8B-Chat,0.0,inceptionai/Jais-2-8B-Chat,,2026-08-17T15:24:49+00:00,,0.000,hallucinated,
wahm_047,gulf,direct,jais,arabic_centric,"من اللي ألف كتاب ""12 قاعدة للحياة""؟",جوردان بيرنت بيترسون,"كتاب ""1-2-3: كيفية التعامل مع العالم الذي لا يمكن التنبؤ به"" كتبه جون جرين.",,inceptionai/Jais-2-8B-Chat,0.0,inceptionai/Jais-2-8B-Chat,,2026-08-17T15:24:50+00:00,,0.000,hallucinated,
wahm_048,gulf,direct,jais,arabic_centric,من هم اليهود الأشكناز؟,اليهود الذين ترجع أصولهم إلى أوروبا الشرقية,هم اليهود الذين استقروا في وسط وشرق أوروبا،,,inceptionai/Jais-2-8B-Chat,0.0,inceptionai/Jais-2-8B-Chat,,2026-08-17T15:24:50+00:00,,0.429,defer,
wahm_049,gulf,direct,jais,arabic_centric,متى توفي توماس كوهين؟,17 حزيران 1996,3 نوفمبر 2019),,inceptionai/Jais-2-8B-Chat,0.0,inceptionai/Jais-2-8B-Chat,,2026-08-17T15:24:50+00:00,,0.000,hallucinated,
wahm_050,gulf,direct,jais,arabic_centric,منو كريستوفر ستيفنز؟,"اسمه الكامل جون كريستوفر ستيفينز ، ولد وترعرع في شمال كاليفورنيا[2] ،درس في جامعة ""بركلي""وعمل محامياً مختصاً بالشؤون التجارية الدولية في واشنطن قبل ان ينضم إلى الخارجية الأمريكية في عام 1991.يجيد ستيفنز اللغة العربية والفرنسية وقد نشر العديد من المقالات في القدس ودمشق والقاهرة, سفير الولايات المتحدة في ليبيا منذ مايو 2012 [2] وحتى وفاته",كان كريستوفر ستيفنز سفير الولايات المتحدة في ليبيا.,,inceptionai/Jais-2-8B-Chat,0.0,inceptionai/Jais-2-8B-Chat,,2026-08-17T15:24:50+00:00,,0.455,defer,
wahm_051,gulf,direct,jais,arabic_centric,وش هي العصور الوسطى؟,التسمية التي تُطلق على الفترة الزمنية في التاريخ الأوروبي التي امتّدت من القرن الخامس حتّى القرن الخامس عشر الميلادي,"العصور الوسطى هي فترة تاريخية واسعة من تاريخ البشرية، تمتد تقريباً من القرن الخامس الميلادي إلى القرن الخامس عشر الميلادي. تُعرف هذه الفترة أيضاً بـ ""العصور المظلمة"" في بعض الأحيان، ولكنها في الواقع كانت فترة غنية بالتغيرات الثقافية والاجتماعية والسياسية.

**أهم السمات والخصائص للعصور الوسطى:**

*   **سقوط الإمبراطورية الرومانية الغربية (476 م):** يُعتبر هذا الحدث نقطة تحول رئيسية، حيث تفككت السلطة المركزية للإمبراطورية الرومانية، مما أدى إلى ظهور ممالك وإمارات محلية.
*   **النظام الإقطاعي (Feudalism):** نظام اجتماعي واقتصادي وسياسي معقد، يقوم على تقسيم المجتمع إلى طبقات، حيث يمتلك النبلاء (الإقطاعيون) الأراضي ويقدمون الحماية والخدمات للفلاحين (الأقنان) مقابل العمل والولاء.
*   **الكنيسة الكاثوليكية:** لعبت الكنيسة دوراً محورياً في الحياة اليومية، حيث كانت المصدر الرئيسي للتعليم والثقافة، وكانت تمتلك أراضي شاسعة ونفوذاً سياسياً كبيراً.
*   **الحروب الصليبية:** سلسلة من الحملات العسكرية التي أطلقتها أوروبا المسيحية لاستعادة الأراضي المقدسة من المسلمين، والتي كان لها تأثير كبير على العلاقات بين الشرق والغرب.
*   **التقدم في العلوم والفنون:** شهدت العصور الوسطى تطورات مهمة في مجالات مثل الطب، والرياضيات، والفلك، والعمارة، والأدب، والفنون، مثل العمارة القوطية.
*   **الزراعة والاقتصاد:** كانت الزراعة هي العمود الفقري للاقتصاد، حيث اعتمد معظم السكان على الزراعة المعيشية، مع وجود بعض التجارة المحلية والإقليمية.

**باختصار،** العصور الوسطى هي فترة معقدة ومتعددة الأوجه، شهدت تحولات جذرية في المجتمع الأوروبي، وشكلت الأساس للتطورات اللاحقة في التاريخ.",,inceptionai/Jais-2-8B-Chat,0.0,inceptionai/Jais-2-8B-Chat,,2026-08-17T15:24:53+00:00,,0.688,defer,
wahm_052,gulf,direct,jais,arabic_centric,وش هو عظم الإسك؟,الجزء الأسفل والخلفي لعظم الورك,الإسك هو عظم يقع في المنطقة الأربية (الفخذية)، وهو جزء من الحوض. يُعرف الإسك أيضًا باسم العظم الإسكي (Ischium)، وهو أحد العظام الثلاثة التي تشكل عظم الورك (Ischium، Pubis، and Ilium). الإسك هو الجزء السفلي والخلفي من عظم الورك، ويتميز بشكله المنحني الذي يشبه نصف حبة جوز الهند. يلعب الإسك دورًا هامًا في دعم وزن الجسم وتوفير الاستقرار للورك، كما أنه يشكل جزءًا من مفصل الورك.,,inceptionai/Jais-2-8B-Chat,0.0,inceptionai/Jais-2-8B-Chat,,2026-08-17T15:24:55+00:00,,0.800,defer,
wahm_053,gulf,direct,jais,arabic_centric,كم آية في سورة المائدة؟,120,"فقد اختلف العلماء في عدد آيات سورة المائدة على أقوال:1: أنها 110 آيات، وهو قول الجمهور، قالابن كثيرفي تفسيره:وهي أطول سورة في القرآن وأشملها، وأكثرها أحكاماً وحلالًا وحرامًا، ولهذا قال: من قال: ""إنها آخر ما نزل، لم يعرف من آخر ما نزل بها، ولا متى كان نزولها. اهـ.وقالالألوسي:والمشهور أنها 110 آيات، وقيل: 120، وقيل: 112.2: أنها 120 آية، قالهابن عباس،وذكرابن كثيرفي تفسيره قولاً آخر أنه 120 آية، ثم قال:وهذا القول يحتاج إلى دليل.3: أنها 124 آية، قالهابن كثيرعن بعض المتأخرين، وذكر في ذلك قولاً آخر أنها 112 آية.4: أنها 125 آية، قالهابن عطية.

الغرض من هذا الرد هو التوعية لا الإفتاء الملزم، وقد ترد فيه أخطاء؛ فضلاً تحقَّق من النقاط الجوهرية مع مختصّ شرعي. والله أعلم.",,inceptionai/Jais-2-8B-Chat,0.0,inceptionai/Jais-2-8B-Chat,,2026-08-17T15:24:57+00:00,,1.000,clean,
wahm_054,gulf,direct,jais,arabic_centric,وش هو العثث؟,"مجموعة كبيرة من الحشرات القريبة من الفراشات, مجموعة كبيرة من الحشرات القريبة من الفراشات، وهي من أكثر الكائنات الحية شيوعا في العالم، حيث تتواجد في مختلف الأقاليم والمناخات","العثث هي حشرات تنتمي إلى رتبة حرشفيات الأجنحة، وهي تتميز بأجسامها الرقيقة والأجنحة الطويلة التي غالبًا ما تكون مغطاة بالشعر أو القشور. تعيش العث في بيئات متنوعة، بما في ذلك المنازل والغابات والحقول، وتتغذى على مجموعة متنوعة من المواد العضوية مثل النباتات والألياف الحيوانية.

تُعرف العث بقدرتها على إحداث أضرار كبيرة في المنازل، حيث يمكنها أن تتسبب في تلف الأقمشة والسجاد والخشب، بالإضافة إلى كونها ناقلات لبعض الأمراض. هناك أنواع من العث تُستخدم في الأبحاث العلمية، مثل عث الشمع (Galleria mellonella) الذي يُستخدم لدراسة الأمراض البشرية.",,inceptionai/Jais-2-8B-Chat,0.0,inceptionai/Jais-2-8B-Chat,,2026-08-17T15:24:58+00:00,,0.500,defer,
wahm_055,gulf,direct,jais,arabic_centric,وين تقع مدينة أوديسا؟,"جمهورية أوكرانيا, أوكرانيا",تقع المدينة على ساحل البحر الأسود وبحر آزوف،,,inceptionai/Jais-2-8B-Chat,0.0,inceptionai/Jais-2-8B-Chat,,2026-08-17T15:24:58+00:00,,0.000,hallucinated,
wahm_056,gulf,direct,jais,arabic_centric,متى أنتجوا الفلم العربي (صح النوم)؟,1975,عام 1976,,inceptionai/Jais-2-8B-Chat,0.0,inceptionai/Jais-2-8B-Chat,,2026-08-17T15:24:58+00:00,,0.000,hallucinated,
wahm_057,gulf,direct,jais,arabic_centric,متى انعرض أول موسم من مسلسل امريكا قوت تالنت؟,يونيو من عام 2006,انعرض أول موسم من مسلسل امريكا قوت تالنت في 31 مايو 2006.,,inceptionai/Jais-2-8B-Chat,0.0,inceptionai/Jais-2-8B-Chat,,2026-08-17T15:24:59+00:00,,0.500,defer,
wahm_058,gulf,direct,jais,arabic_centric,من الملاكم اللي يلقبونه براون بومبر؟,جوزيف لويس بارو,مايك تايسون,,inceptionai/Jais-2-8B-Chat,0.0,inceptionai/Jais-2-8B-Chat,,2026-08-17T15:24:59+00:00,,0.000,hallucinated,
wahm_059,gulf,direct,jais,arabic_centric,وين تقع ولاية ساكسونيا؟,ولاية ألمانية,تقع في شرق ألمانيا,,inceptionai/Jais-2-8B-Chat,0.0,inceptionai/Jais-2-8B-Chat,,2026-08-17T15:24:59+00:00,,0.000,hallucinated,
wahm_060,gulf,direct,jais,arabic_centric,متى تأسست جامعة أم القرى؟,1401 هـ,عام 1981م,,inceptionai/Jais-2-8B-Chat,0.0,inceptionai/Jais-2-8B-Chat,,2026-08-17T15:24:59+00:00,,0.000,hallucinated,
wahm_061,gulf,direct,jais,arabic_centric,وش هي دوامة نفايات شمال المحيط الهادئ؟,"منطقة قمامة بحرية تقع في منتصف المحيط الهادي الشمالي، وتمتد إلى منطقة غير محددة الحدود بشكل دقيق، وذلك لاختلاف تركيز البلاستيك والنفايات على حسب المنطقة, منطقة قمامة بحرية تقع في منتصف المحيط الهادي الشمالي",دوامة نفايات شمال المحيط الهادئ هي منطقة في شمال المحيط الهادئ تتميز بتراكم كميات كبيرة من النفايات البحرية، بما في ذلك البلاستيك والمواد الأخرى التي يتم التخلص منها بشكل غير صحيح. هذه النفايات تتجمع في هذه المنطقة بسبب التيارات البحرية التي تحمل النفايات من السواحل والمناطق الأخرى إلى هذه المنطقة. هذا التراكم يشكل تهديدًا خطيرًا للحياة البحرية والبيئة البحرية، حيث يمكن أن يؤدي إلى تلوث المياه وتدمير الموائل البحرية.,,inceptionai/Jais-2-8B-Chat,0.0,inceptionai/Jais-2-8B-Chat,,2026-08-17T15:25:00+00:00,,0.500,defer,
wahm_062,gulf,direct,jais,arabic_centric,وش علامة إعراب المفعول به في اللغة العربية؟,"الفتحة الظاهرة، أو المقدرة، أو الياء إن كان مثنى أو جمع مذكر سالم، أو الكسرة (نيابة عن الفتحة) إن كان جمع مؤنث سالم، أو الألف إن كان من الأسماء الخمسة, منصوب",علامة نصب المفعول به الأصلية هي الفتحة.,,inceptionai/Jais-2-8B-Chat,0.0,inceptionai/Jais-2-8B-Chat,,2026-08-17T15:25:00+00:00,,0.500,defer,
wahm_063,gulf,direct,jais,arabic_centric,وش عاصمة موزمبيق؟,مابوتو,عاصمة موزمبيق هي مابوتو.,,inceptionai/Jais-2-8B-Chat,0.0,inceptionai/Jais-2-8B-Chat,,2026-08-17T15:25:00+00:00,,1.000,clean,
wahm_064,gulf,direct,jais,arabic_centric,من أوراق أي نبتة يستخرجون الكوكايين؟,الكوكا,"يتم استخراج الكوكايين من أوراق نبات **الكوكا** (Erythroxylum coca).

**معلومات إضافية:**

*   **نبات الكوكا:** هو نبات شجيري موطنه الأصلي جبال الأنديز في أمريكا الجنوبية (خاصة بيرو وبوليفيا).
*   **الاستخدام التاريخي:** استخدم السكان الأصليون للنبات لأغراض طبية وروحية، بالإضافة إلى مضغ أوراق النبات للحصول على تأثير منشط.
*   **إنتاج الكوكايين:** يتم تحويل القلويدات الموجودة في أوراق الكوكا إلى مسحوق الكوكايين من خلال عملية كيميائية معقدة.
*   **الاستخدامات الطبية:** على الرغم من أن الكوكايين معروف كمادة مخدرة، إلا أن له استخدامات طبية محدودة، مثل بعض أدوية التخدير الموضعي.",,inceptionai/Jais-2-8B-Chat,0.0,inceptionai/Jais-2-8B-Chat,,2026-08-17T15:25:01+00:00,,1.000,clean,
wahm_065,gulf,direct,jais,arabic_centric,متى اعتزل لاعب كرة القدم دييغو فورلان اللعب دوليا؟,مارس 2015,اعتزل دييغو فورلان اللعب دولياً في عام 2015.,,inceptionai/Jais-2-8B-Chat,0.0,inceptionai/Jais-2-8B-Chat,,2026-08-17T15:25:02+00:00,,0.500,defer,
wahm_066,gulf,direct,jais,arabic_centric,من هي الملكة هيلانة؟,والدة الإمبراطور الروماني قسطنطين الكبير,ملكة مملكة بريطانيا العظمى وأيرلندا,,inceptionai/Jais-2-8B-Chat,0.0,inceptionai/Jais-2-8B-Chat,,2026-08-17T15:25:02+00:00,,0.000,hallucinated,
wahm_067,gulf,direct,jais,arabic_centric,متى مات هتلر؟,30 أبريل 1945,مات هتلر في 30 أبريل 1945.,,inceptionai/Jais-2-8B-Chat,0.0,inceptionai/Jais-2-8B-Chat,,2026-08-17T15:25:02+00:00,,1.000,clean,
wahm_068,gulf,direct,jais,arabic_centric,كم يوصل عدد سكان الفلبين؟,92 مليون,يصل عد سكان الفلبين إلى مليون نسمة تقريبًا.,,inceptionai/Jais-2-8B-Chat,0.0,inceptionai/Jais-2-8B-Chat,,2026-08-17T15:25:02+00:00,,0.500,defer,
wahm_069,gulf,direct,jais,arabic_centric,وش هي الغواصة القزمية؟,نوع من الغواصات يكون حجم إزاحتها أقل من 150 طن,"الغواصة القزمية (Submarine) هي نوع من الغواصات الصغيرة التي تستخدم في الأغراض العسكرية أو العلمية أو البحثية. تتميز هذه الغواصات بصغر حجمها مقارنة بالغواصات الكبيرة، مما يجعلها أكثر مرونة وقدرة على المناورة في المياه الضيقة أو الضحلة.

**الخصائص الرئيسية للغواصة القزمية:**

*   **الحجم:** صغيرة الحجم، عادةً ما تكون بطول يتراوح بين بضعة أمتار إلى حوالي 10-12 مترًا.
*   **العمق:** مصممة للعمل في أعماق محدودة، غالبًا ما تكون قادرة على الغوص لعمق يتراوح بين 10 إلى 100 متر.
*   **السرعة:** قد تكون أبطأ من الغواصات الكبيرة، ولكنها مصممة للتحرك بكفاءة في المياه الضيقة.
*   **القدرة على المناورة:** تتميز بقدرة عالية على المناورة، مما يسمح لها بالعمل في بيئات معقدة مثل الشعاب المرجانية أو المناطق ذات التضاريس الصعبة.
*   **التكنولوجيا:** تستخدم تقنيات متقدمة في مجالات مثل الدفع، الاتصالات، الاستشعار، والملاحة.

**الاستخدامات الشائعة:**

*   **العمليات العسكرية:** تستخدم في الاستطلاع، جمع المعلومات الاستخباراتية، زرع الألغام، والعمليات الخاصة.
*   **البحث العلمي:** تستخدم في استكشاف الأعماق البحرية، دراسة الحياة البحرية، جمع العينات، وإجراء التجارب العلمية.
*   **الاستكشاف:** تستخدم في استكشاف الكهوف البحرية، حطام السفن، والمواقع الأثرية تحت الماء.

**أمثلة على الغواصات القزمية:**

*   **غواصة ""Turtle"" (السلحفاة):** غواصة قزمية أمريكية تاريخية، استخدمت في الحرب العالمية الأولى والثانية.
*   **غواصة ""Minesweeper"" (كاسحة الألغام):** غواصة قزمية بريطانية، استخدمت في الحرب العالمية الثانية.
*   **غواصة ""Shark"":** غواصة قزمية أمريكية حديثة، تستخدم في البحث العلمي والاستكشاف.

**ملاحظة:** قد تختلف التفاصيل الدقيقة للغواصات القزمية بشكل كبير اعتمادًا على الغرض من استخدامها، التكنولوجيا المستخدمة، والبلد المصنع.",,inceptionai/Jais-2-8B-Chat,0.0,inceptionai/Jais-2-8B-Chat,,2026-08-17T15:25:06+00:00,,0.333,defer,
wahm_070,gulf,direct,jais,arabic_centric,في أي سنة كان أول بث علني بالألوان؟,1951,"أول بث علني بالألوان حدث في عام 1954. كان هذا البث جزءًا من معرض نيويورك العالمي، حيث تم عرض برنامج تلفزيوني ملون بعنوان ""Premiere of the Color Television"". هذا الحدث يعتبر علامة فارقة في تاريخ التلفزيون، حيث بدأ عصر البث التلفزيوني الملون.",,inceptionai/Jais-2-8B-Chat,0.0,inceptionai/Jais-2-8B-Chat,,2026-08-17T15:25:07+00:00,,0.000,hallucinated,
wahm_071,gulf,direct,jais,arabic_centric,منو تشارلز فرانسيس ريشتر؟,عالم زلازل وفيزيائي أمريكي,"تشارلز فرانسيس ""تشارلي"" ريشتر (Charles Francis ""Charlie"" Richter) كان عالم فلك أمريكي، معروف بشكل أساسي بمساهماته في علم الفلك الراديوي، وخصوصاً اكتشافه ""موجات الجاذبية"" (Gravitational Waves) من اندماج الثقوب السوداء، ومساهماته في تطوير علم الفلك الراديوي.

ريتر كان أستاذ في جامعة كاليفورنيا، بيركلي، وعمل في مرصد غولدشتاين لعلم الفلك الراديوي (مملوك الآن لمرصد أريسيبو)، اللي كان ليه دور كبير في اكتشاف موجات الجاذبية في عام 2015. عمله كان أساسي في فهمنا لكيفية توليد موجات الجاذبية، اللي هي تموجات في الزمكان ناتجة عن أحداث كونية عنيفة زي اندماج الثقوب السوداء أو النجوم النيوترونية.

ريتر حصل على عدة جوائز وتكريمات لمساهماته في علم الفلك، منها ميدالية لورنس (Lawrence Medal) من الاتحاد الفلكي الدولي، اللي هي أعلى وسام يُمنح للعلماء البارزين في علم الفلك.",,inceptionai/Jais-2-8B-Chat,0.0,inceptionai/Jais-2-8B-Chat,,2026-08-17T15:25:09+00:00,,0.500,defer,
wahm_072,gulf,direct,jais,arabic_centric,وش عاصمة جورجيا؟,تبليسي,تبليسي,,inceptionai/Jais-2-8B-Chat,0.0,inceptionai/Jais-2-8B-Chat,,2026-08-17T15:25:09+00:00,,1.000,clean,
wahm_073,gulf,direct,jais,arabic_centric,من وين ينبع نهر ليمبوبو؟,جنوب وسط أفريقيا,من جنوب شرق جمهورية جنوب أفريقيا,,inceptionai/Jais-2-8B-Chat,0.0,inceptionai/Jais-2-8B-Chat,,2026-08-17T15:25:09+00:00,,0.667,defer,
wahm_074,gulf,direct,jais,arabic_centric,منو كان قائد ثورة الشواف على نظام عبد الكريم قاسم في 8 آذار من عام 1959؟,"العقيد عبد الوهاب الشواف, عبد الوهاب الشواف","قائد ثورة الشواف على نظام عبد الكريم قاسم في 8 آذار من عام 1959 كان العقيد **عبد الوهاب الشواف**.

**تفاصيل إضافية:**

*   **الخلفية:** كانت ثورة الشواف محاولة انقلابية للإطاحة بنظام عبد الكريم قاسم، الذي وصل إلى السلطة في العراق بعد انقلاب 14 تموز 1958.
*   **الأحداث:** بدأت الثورة في الموصل، حيث قام الشواف بإعلان سيطرته على المدينة، لكن القوات الحكومية العراقية، بدعم من وحدات الحرس الجمهوري، تمكنت من استعادة السيطرة على الموصل بعد معركة شرسة.
*   **النتيجة:** فشلت الثورة، وتم اعتقال عبد الوهاب الشواف ومحاكمته وإعدامه في 17 تموز 1959.
*   **الأهمية:** تعتبر ثورة الشواف من أبرز محاولات الإطاحة بنظام عبد الكريم قاسم، وتعكس التوترات السياسية والعسكرية التي كانت سائدة في العراق في تلك الفترة.",,inceptionai/Jais-2-8B-Chat,0.0,inceptionai/Jais-2-8B-Chat,,2026-08-17T15:25:11+00:00,,1.000,clean,
wahm_075,gulf,direct,jais,arabic_centric,وش عاصمة أيرلندا الشمالية؟,بلفاست,بلفاست,,inceptionai/Jais-2-8B-Chat,0.0,inceptionai/Jais-2-8B-Chat,,2026-08-17T15:25:11+00:00,,1.000,clean,
wahm_076,gulf,direct,jais,arabic_centric,من اللي كتب رواية العمى؟,جوزيه ساراماجو,"""عمى"" هي رواية كتبها خوسيه ساراماغو، كاتب وصحفي برتغالي. الرواية دي اتنشرت لأول مرة سنة 1995، وبتحكي عن وباء غامض بيخلي سكان مدينة برتغالية صغيرة مش شايفين حاجة، وده بيخلي المجتمع ينهار.",,inceptionai/Jais-2-8B-Chat,0.0,inceptionai/Jais-2-8B-Chat,,2026-08-17T15:25:11+00:00,,0.000,hallucinated,
wahm_077,gulf,direct,jais,arabic_centric,وين تقع منطقة الباحة؟,"الجزء الغربي من شبه الجزيرة العربية، على سلسلة جبال الحجاز, الجزء الغربي من شبه الجزيرة العربية",تقع منطقة الباحة في الجنوب الغربي من الملكة العربية السعودية، وتحدها من الشمال والغرب منطقة مكة المكرمة، ومن الجنوب والشرق منطقة عسير. تتميز المنطقة بتضاريسها الجبلية الخلابة، حيث تضم جبال السراة الشاهقة، ووديانها الخصبة، مما يجعلها وجهة سياحية رائعة لمحبي الطبيعة والمغامرات.,,inceptionai/Jais-2-8B-Chat,0.0,inceptionai/Jais-2-8B-Chat,,2026-08-17T15:25:12+00:00,,0.500,defer,
wahm_078,gulf,direct,jais,arabic_centric,كم عدد اللي يستخدمون خدمة الفيس بوك في الولايات المتحدة؟,36 مليون,193.5 مليون شخص,,inceptionai/Jais-2-8B-Chat,0.0,inceptionai/Jais-2-8B-Chat,,2026-08-17T15:25:12+00:00,,0.500,defer,
wahm_079,gulf,direct,jais,arabic_centric,متى بدت عملية الغزو السوفيتي لبولندا؟,17 سبتمبر 1939,في 17 سبتمبر 1939,,inceptionai/Jais-2-8B-Chat,0.0,inceptionai/Jais-2-8B-Chat,,2026-08-17T15:25:12+00:00,,1.000,clean,
wahm_080,gulf,direct,jais,arabic_centric,وين تقع مدينة خاركيف؟,أوكرانيا,تقع في شمال شرق أوكرانيا,,inceptionai/Jais-2-8B-Chat,0.0,inceptionai/Jais-2-8B-Chat,,2026-08-17T15:25:12+00:00,,1.000,clean,
wahm_081,gulf,direct,jais,arabic_centric,متى انولد عباس بن فرناس؟,في زمن الدولة الأموية في الأندلس,عباس بن فرناس في الأندلس، ولد في قرية شرق قرطبة،,,inceptionai/Jais-2-8B-Chat,0.0,inceptionai/Jais-2-8B-Chat,,2026-08-17T15:25:13+00:00,,0.400,defer,
wahm_082,gulf,direct,jais,arabic_centric,في أي سنة تأسست جامعة مالمو؟,1998,عام 1998,,inceptionai/Jais-2-8B-Chat,0.0,inceptionai/Jais-2-8B-Chat,,2026-08-17T15:25:13+00:00,,1.000,clean,
wahm_083,gulf,direct,jais,arabic_centric,منو أبو فرانكلين ديلانو روزفلت؟,جيمس روزفلت,أبو فرانكلين ديلانو روزفلت هو الرئيس الأمريكي فرانكلين ديلانو روزفلت (FDR)، الذي ولد في 30 يناير 1882 وتوفي في 12 أبريل 1945. كان رئيسًا للولايات المتحدة من عام 1933 حتى وفاته في عام 1945، وهو الرئيس الوحيد الذي خدم لأربع فترات رئاسية متتالية. كان روزفلت رئيسًا خلال فترة الكساد الكبير والحرب العالمية الثانية، وقد قاد البلاد خلال هذه الفترات الصعبة من خلال سياساته الاقتصادية والاجتماعية والعسكرية.,,inceptionai/Jais-2-8B-Chat,0.0,inceptionai/Jais-2-8B-Chat,,2026-08-17T15:25:14+00:00,,0.500,defer,
wahm_084,gulf,direct,jais,arabic_centric,متى توفى محمد علي العابد؟,1939,22 ديسمبر 1964,,inceptionai/Jais-2-8B-Chat,0.0,inceptionai/Jais-2-8B-Chat,,2026-08-17T15:25:14+00:00,,0.000,hallucinated,
wahm_085,gulf,direct,jais,arabic_centric,وش هو التوازن الثرموديناميكي؟,"نصف نظام بأنه في حالة توازن ثرموديناميكي عندما يكون في حالة توازن حراري و توازن ميكانيكي (حركي) و توازن إشعاعي و توازن كيميائي, عندما يكون في حالة توازن حراري و توازن ميكانيكي (حركي) و توازن إشعاعي و توازن كيميائي","التوازن الثرموديناميكي هو حالة في نظام فيزيائي أو كيميائي حيث لا يوجد تغير صافي في الخصائص الثرموديناميكية للنظام مع مرور الوقت. بمعنى آخر، هو حالة من الاستقرار حيث تكون جميع المتغيرات الثرموديناميكية (مثل درجة الحرارة، الضغط، الحجم، والطاقة الداخلية) ثابتة ولا تتغير.

في هذا التوازن، تكون القوى المؤثرة على النظام متوازنة، مما يعني أن النظام لا يميل إلى أي تغيير تلقائي. يمكن أن يكون التوازن الثرموديناميكي ثابتًا (حيث تبقى المتغيرات ثابتة) أو ديناميكيًا (حيث يمكن أن تحدث تغيرات صغيرة ولكنها لا تؤثر على الحالة العامة للنظام).

**أمثلة على التوازن الثرموديناميكي:**

*   **الماء في كوب:** إذا كان الماء في كوب في درجة حرارة الغرفة، فإنه يصل إلى حالة توازن حيث تكون درجة الحرارة ثابتة، والضغط الجوي يؤثر عليه، ولا يوجد تدفق صافي للحرارة أو المادة.
*   **التفاعلات الكيميائية:** في تفاعل كيميائي في وعاء مغلق، قد يصل النظام إلى حالة توازن حيث تتساوى معدلات التفاعل الأمامي والعكسي، مما يؤدي إلى ثبات تركيز المتفاعلات والنواتج.
*   **الغاز في أسطوانة:** إذا تم تسخين غاز في أسطوانة معزولة حرارياً، فإن الغاز قد يتمدد ويصل إلى حالة توازن حيث تكون درجة الحرارة والضغط ثابتتين، مع مراعاة أن هذا التوازن ديناميكي.

**أهمية التوازن الثرموديناميكي:**

*   **فهم العمليات الطبيعية:** يساعد في فهم العمليات التي تحدث في الطبيعة، مثل دورة المياه، الاحتراق، والتفاعلات الكيميائية.
*   **تصميم الأنظمة الهندسية:** ضروري في تصميم الأنظمة الهندسية مثل المحركات، المولدات، والمبادلات الحرارية، لضمان كفاءتها واستقرارها.
*   **تحليل التفاعلات الكيميائية:** يستخدم لتحديد كيفية تفاعل المواد الكيميائية مع بعضها البعض، وتحديد الظروف المثلى للتفاعل.
*   **دراسة الظواهر المناخية:** يلعب دورًا حاسمًا في فهم سلوك الغلاف الجوي والمحيطات، وتوقع التغيرات المناخية.

باختصار، التوازن الثرموديناميكي هو حالة من الاستقرار الديناميكي حيث تكون جميع المتغيرات الثرموديناميكية ثابتة، وهو مفهوم أساسي في الفيزياء والكيمياء والهندسة.",,inceptionai/Jais-2-8B-Chat,0.0,inceptionai/Jais-2-8B-Chat,,2026-08-17T15:25:18+00:00,,0.467,defer,
wahm_086,gulf,direct,jais,arabic_centric,كم مساحة مدينة إربد؟,30 كيلو متر مربع,"1,349 كم²",,inceptionai/Jais-2-8B-Chat,0.0,inceptionai/Jais-2-8B-Chat,,2026-08-17T15:25:18+00:00,,0.000,hallucinated,
wahm_087,gulf,direct,jais,arabic_centric,وش هي البطالة الاحتكاكية؟,"نوع من أنواع البطالة المؤقتة, نوع من أنواع البطالة المؤقتة (لفترة زمنية قصيرة)",البطالة الاحتكاكية هي نوع من البطالة التي تحدث عندما ينتقل العمال من وظيفة إلى أخرى. تحدث هذه البطالة عندما يبحث العمال عن وظائف جديدة أو ينتقلون إلى وظائف جديدة في مناطق جغرافية مختلفة. يمكن أن تكون هذه البطالة قصيرة الأجل، وعادة ما تستمر لبضعة أسابيع أو أشهر، حيث يبحث العمال عن فرص عمل أفضل أو أكثر ملاءمة لمهاراتهم. تعتبر البطالة الاحتكاكية جزءًا طبيعيًا من سوق العمل، حيث تعكس ديناميكية الاقتصاد وانتقال العمالة بين القطاعات والوظائف المختلفة.,,inceptionai/Jais-2-8B-Chat,0.0,inceptionai/Jais-2-8B-Chat,,2026-08-17T15:25:19+00:00,,0.600,defer,
wahm_088,gulf,direct,jais,arabic_centric,وش معنى اصطلاح اصطلاح الفاشية لغويا؟,حزمة من الصولجانات كانت تُحمَل أمام الحكام في روما القديمة دليلًا على سلطاتهم,مصطلح سياسي ظهر في إيطاليا في الفترة ما بين الحربين العالميتين,,inceptionai/Jais-2-8B-Chat,0.0,inceptionai/Jais-2-8B-Chat,,2026-08-17T15:25:19+00:00,,0.077,defer,
wahm_089,gulf,direct,jais,arabic_centric,منو الأصوليين؟,اصطلاحٌ سياسي فكري مستحدث يشير إلى نظرة متكاملة للحياة بكافة جوانبها السياسية والاجتماعية والاقتصادية والثقافية نابعة عن قناعة متأصلة نابعة عن إيمانٍ بفكرةٍ أو منظومة قناعات، تكون في الغالب تصوراً  أو عقيدةٍ دينية,"الأصوليون (أو الأصوليّون) هم مجموعة من الأفراد أو الجماعات الذين يتبنون مجموعة من المعتقدات أو الأفكار التي تؤكد على أهمية العودة إلى المصادر الأصلية أو الأصول، سواء كانت دينية، فلسفية، أو ثقافية، لتفسير وفهم العالم أو حل المشكلات المعاصرة.

**في السياقات المختلفة، يمكن أن يشير المصطلح إلى:**

*   **في الدين:** أولئك الذين يدعون إلى العودة إلى النصوص الأصلية (مثل القرآن الكريم في الإسلام، أو التوراة في اليهودية) لفهم الدين وتطبيقه، مع التركيز على التفسير الحرفي أو التقليدي.
*   **في الفلسفة:** أولئك الذين يدعون إلى العودة إلى المصادر الأصلية للفلسفة (مثل أعمال أرسطو أو أفلاطون) لفهم الأسس الفلسفية، مع التركيز على المنطق والاستدلال.
*   **في الثقافة:** أولئك الذين يدعون إلى العودة إلى التقاليد الثقافية الأصلية، مع التركيز على الحفاظ على الهوية الثقافية والتراث.

**الخصائص المشتركة للأصوليين:**

*   **التركيز على الأصالة:** التأكيد على أهمية العودة إلى المصادر الأصلية أو الأصول.
*   **التفسير الحرفي/التقليدي:** غالبًا ما يعتمدون على تفسيرات حرفية أو تقليدية للنصوص أو الأفكار.
*   **رفض التغيير أو التحديث:** قد يكونون حذرين من التغييرات أو التحديثات التي يرونها تهديدًا للأصالة أو الجوهر.
*   **الالتزام بالمبادئ:** غالبًا ما يلتزمون بمبادئ وقيم محددة مستمدة من هذه الأصول.

**أمثلة على الأصوليين:**

*   **في الإسلام:** بعض الحركات الإسلامية التي تدعو إلى تطبيق الشريعة الإسلامية بشكل صارم، والعودة إلى فهم تقليدي للإسلام.
*   **في المسيحية:** بعض الجماعات المسيحية التي تركز على العودة إلى الكتاب المقدس، وتفسيره بشكل حرفي، والتمسك بالتقاليد المسيحية القديمة.
*   **في الفلسفة:** بعض الفلاسفة الذين يسعون إلى استعادة الفلسفة الكلاسيكية، والعودة إلى أعمال الفلاسفة القدماء، مع التركيز على المنطق والاستدلال.

**ملاحظات هامة:**

*   **التنوع:** مصطلح ""الأصوليين"" واسع ويشمل طيفًا واسعًا من الأفكار والممارسات، مما يجعل من الصعب تحديد تعريف دقيق وشامل.
*   **التأثير:** يمكن أن يكون للأصوليين تأثير كبير على السياسة، والثقافة، والمجتمع، حيث يسعون إلى تطبيق مبادئهم على القضايا المعاصرة.
*   **النقد:** غالبًا ما يتم انتقاد الأصوليين من قبل أولئك الذين يرون أنهم قد يكونون ضيق الأفق، أو غير متسامحين، أو يرفضون التفكير النقدي أو التطور الفكري.

لتحديد ما إذا كان شخص أو مجموعة معينة تعتبر أصولية، يجب فهم السياق المحدد الذي ينتمون إليه، والمعتقدات التي يعتنقونها، وكيف يطبقون هذه المعتقدات في حياتهم.",,inceptionai/Jais-2-8B-Chat,0.0,inceptionai/Jais-2-8B-Chat,,2026-08-17T15:25:25+00:00,,0.429,defer,
wahm_090,gulf,direct,jais,arabic_centric,وش هو الجرافيك ديزاين؟,نهج إبداعي يقوم به مصمم أو مجموعة من المصممين بناء على طلب العميل أو الزبون ويتعاون على تنفيذ معطياته المادية مجموعة من المنتجين(عمال طباعة، مبرمجين، مخرجين، الخ) من أجل إيصال رسالة معينة (أو مجموعة رسائل) للجمهور المستهدف,الجرافيك ديزاين هو فن تصميم العناصر البصرية، زي الصور والرسومات والشعارات، عشان توصل رسالة معينة أو تحسن تجربة المستخدم. بيشمل استخدام برامج الكمبيوتر لإنشاء صور وعناصر تصميم تانية، وغالباً بيتضمن دمج عناصر بصرية مع النص. الجرافيك ديزاين بيستخدم في مجالات كتير، زي الإعلانات، وتغليف المنتجات، وتصميم المواقع، والتسويق الرقمي، عشان يجذب الجمهور ويوصل هوية العلامة التجارية بشكل فعال.,,inceptionai/Jais-2-8B-Chat,0.0,inceptionai/Jais-2-8B-Chat,,2026-08-17T15:25:26+00:00,,0.273,defer,
wahm_091,gulf,direct,jais,arabic_centric,وش هي متلازمة كلاينفيلتر؟,"متلازمة توجد في الذكور الذين يمتلكون صبغ (خ) زائد في خلاياهم, متلازمة توجد في الذكور الذين يمتلكون صبغ (خ) زائد في خلاياهم، ليصبح العدد 44+XXY بدلا من 44+XY","متلازمة كلاينفيلتر هي اضطراب وراثي يصيب الذكور، حيث يولدون بوجود كروموسوم X إضافي. هذا الكروموسوم الإضافي يؤدي إلى مجموعة من الخصائص الجسدية والتطورية المميزة.

**تشمل الأعراض الشائعة لمتلازمة كلاينفيلتر:**

*   **الخصائص الجسدية:**
    *   **القامة الطويلة:** غالبًا ما يكون الذكور المصابون أطول من أقرانهم.
    *   **تثدي:** تضخم في أنسجة الثدي، وهو أمر شائع بسبب اختلال التوازن الهرموني.
    *   **تأخر البلوغ:** قد يحدث تأخر في ظهور علامات البلوغ مثل نمو شعر الوجه والجسم، وتعمق الصوت.
    *   **ضعف الخصوبة:** غالبًا ما يعاني الذكور المصابون من انخفاض في إنتاج الحيوانات المنوية، مما يؤدي إلى العقم.
    *   **ضعف العضلات:** قد يكون هناك ضعف في قوة العضلات مقارنة بالذكور الآخرين في نفس العمر.

*   **التطور والتعلم:**
    *   **تأخر في التطور اللغوي:** قد يواجه بعض الأطفال المصابين صعوبة في اكتساب اللغة.
    *   **صعوبات في التعلم:** قد تظهر صعوبات في التعلم، خاصة في المهارات المكانية والرياضية.
    *   **مشاكل في الانتباه:** قد يعاني البعض من مشاكل في التركيز والانتباه.

**الأسباب:**
تحدث متلازمة كلاينفيلتر بسبب خطأ في انقسام الخلايا (الانقسام المنصف) أثناء تكوين الحيوانات المنوية أو البويضات. هذا الخطأ يؤدي إلى وجود كروموسوم X إضافي في خلايا الذكور.

**التشخيص:**
يمكن تشخيص متلازمة كلاينفيلتر من خلال:
*   **الفحص البدني:** ملاحظة الخصائص الجسدية المميزة.
*   **اختبارات الدم:** قياس مستويات الهرمونات (مثل هرمون التستوستيرون) وتقييم إنتاج الحيوانات المنوية.
*   **الفحص الجيني:** تحليل الكروموسومات لتأكيد وجود كروموسوم X إضافي.

**العلاج:**
لا يوجد علاج شافٍ لمتلازمة كلاينفيلتر، ولكن يمكن إدارة الأعراض وتحسين نوعية الحياة من خلال:
*   **العلاج الهرموني:** لتعويض نقص هرمون التستوستيرون، مما يساعد في تحسين الخصائص الجنسية الثانوية، وزيادة كتلة العضلات، وتحسين المزاج.
*   **العلاج النفسي والتعليمي:** لدعم التطور اللغوي والمعرفي، وتحسين مهارات التعلم.
*   **الدعم النفسي والاجتماعي:** لمساعدة الأفراد المصابين وعائلاتهم على التعامل مع التحديات.

**ملاحظات هامة:**
*   تختلف شدة الأعراض من شخص لآخر.
*   يمكن أن يعيش الأفراد المصابون بمتلازمة كلاينفيلتر حياة طبيعية ومنتجة، خاصة مع الدعم المناسب.
*   التشخيص المبكر والتدخل العلاجي ضروريان لتحقيق أفضل النتائج.",,inceptionai/Jais-2-8B-Chat,0.0,inceptionai/Jais-2-8B-Chat,,2026-08-17T15:25:31+00:00,,0.300,defer,
wahm_092,gulf,direct,jais,arabic_centric,كم تبلغ مساحة البحر الميت؟,650 كم2,1050 كم²,,inceptionai/Jais-2-8B-Chat,0.0,inceptionai/Jais-2-8B-Chat,,2026-08-17T15:25:31+00:00,,0.500,defer,
wahm_093,gulf,direct,jais,arabic_centric,متى انبنى جامع الزيتونة في تونس؟,698,في عهد الدولة الأغلبية,,inceptionai/Jais-2-8B-Chat,0.0,inceptionai/Jais-2-8B-Chat,,2026-08-17T15:25:31+00:00,,0.000,hallucinated,
wahm_094,gulf,direct,jais,arabic_centric,منو الفيلسوف أنطوني فلو؟,فيلسوف بريطاني، اشتهر بكتاباته في فلسفة الأديان,"أنطوني ""توني"" فلو (14 مايو 1923 - 8 سبتمبر 2010) كان فيلسوفًا بريطانيًا، اشتهر بعمله في فلسفة العقل، وخاصةً في مجال ""مشكلة العقل-الجسد""، وهي إحدى المشكلات الفلسفية الأساسية التي تبحث في العلاقة بين العقل (الوعي، الأفكار، المشاعر) والجسد المادي. كان فلو من أبرز المدافعين عن ""المادية الفلسفية""، وهي الاعتقاد بأن كل ما هو موجود في الكون هو مادي، وأن العقل هو نتاج للعمليات المادية في الدماغ، وليس شيئًا منفصلاً أو غير مادي.

**أبرز مساهماته وأفكاره:**

*   **المادية الفلسفية:** كان فلو من أبرز المدافعين عن هذه الفكرة، التي ترى أن كل ما هو موجود في الكون هو مادي، وأن العقل هو نتاج للعمليات المادية في الدماغ.
*   **مشكلة العقل-الجسد:** سعى فلو إلى حل هذه المشكلة من خلال تقديم حجج تدعم فكرة أن العقل ليس شيئًا منفصلاً عن الجسد، بل هو نتاج لعمليات فيزيائية وكيميائية تحدث في الدماغ.
*   **""مشكلة الحل"" (The ""Hard Problem"" of Consciousness):** على الرغم من أنه كان يعتقد في المادية، إلا أن فلو أقر بوجود ""مشكلة صعبة"" في تفسير الوعي الذاتي والتجربة الذاتية (كيف يمكن للعمليات المادية أن تنتج شعورًا ذاتيًا؟).
*   **تطور الفكر الفلسفي:** شهد مسار فلو الفكري تحولًا ملحوظًا. في شبابه، كان فلو يميل إلى ""المثالية"" (التي ترى أن العقل هو الأساس)، لكنه تحول لاحقًا إلى ""المادية"" (التي ترى أن المادة هي الأساس)، مما جعله شخصية محورية في تاريخ الفلسفة الحديثة.

**تأثيره:**

ترك أنطوني فلو إرثًا فلسفيًا عميقًا، حيث أثر في النقاشات حول طبيعة الوعي، العلاقة بين العقل والجسد، ومستقبل الفلسفة.",,inceptionai/Jais-2-8B-Chat,0.0,inceptionai/Jais-2-8B-Chat,,2026-08-17T15:25:35+00:00,,0.600,defer,
wahm_095,gulf,direct,jais,arabic_centric,منو الأنصار؟,أهل يثرب الذين ناصروا رسول الله في الإسلام محمد بن عبد الله,الأنصار هم أهل المدينة المنورة الذين نصروا النبي محمد صلى الله عليه وسلم والمهاجرين عند هجرتهم من مكة إلى المدينة. وقد كان الأنصار من الأوس والخزرج، وهم الذين استقبلوا النبي والمهاجرين في يثرب (المدينة المنورة) وقدموا لهم كل العون والمساعدة، حتى أنهم تقاسموا معهم أموالهم وبيوتهم.,,inceptionai/Jais-2-8B-Chat,0.0,inceptionai/Jais-2-8B-Chat,,2026-08-17T15:25:36+00:00,,0.545,defer,
wahm_096,gulf,direct,jais,arabic_centric,متى تأسس الاتحاد الدولي لكرة القدم؟,21 مايو من العام 1904,"تأسس الاتحاد الدولي لكرة القدم في عام 1904.

الشرح: هذه معلومة تاريخية رياضية. معرفة التواريخ الأساسية لتأسيس الاتحادات والمنظمات الرياضية أمر ضروري.",,inceptionai/Jais-2-8B-Chat,0.0,inceptionai/Jais-2-8B-Chat,,2026-08-17T15:25:36+00:00,,0.200,defer,
wahm_097,gulf,direct,jais,arabic_centric,وين تقع مدينة الإسماعيلية؟,منتصف المسافة بين بورسعيد شمالا والسويس جنوبًا,تقع مدينة الإسماعيلية في جمهورية مصر العربية، وتحديداً في شمال شرق البلاد، على الضفة الغربية لقناة السويس.,,inceptionai/Jais-2-8B-Chat,0.0,inceptionai/Jais-2-8B-Chat,,2026-08-17T15:25:37+00:00,,0.143,defer,
wahm_098,gulf,direct,jais,arabic_centric,وين انولد أبو عامر محمد بن أبي عامر؟,الجزيرة الخضراء,في مدينة قرطبة,,inceptionai/Jais-2-8B-Chat,0.0,inceptionai/Jais-2-8B-Chat,,2026-08-17T15:25:37+00:00,,0.000,hallucinated,
wahm_099,gulf,direct,jais,arabic_centric,وش معنى اسم داوود؟,"الحبيب, اسم علم شخصي عربي من أصل عبري، ويعتبر من الأسماء المنتشرة في العالم العربي نسباً لأنه اسم داود أحد الأنبياء في الإسلام والمسيحية واليهودية وألذي يعني الحبيب، ولهذا الاسم أشكال مختلفة في اللغات الأخرى مثل ديفيد وديف ودايفي وداودا",اسم علم مذكر توراتي، معناه: الحبيب، الصديق، والرجل الصالح، وهو اسم نبي الله داوود عليه السلام، أحد كبار قادة بني إسرائيل التاريخيين.,,inceptionai/Jais-2-8B-Chat,0.0,inceptionai/Jais-2-8B-Chat,,2026-08-17T15:25:37+00:00,,1.000,clean,
wahm_100,gulf,direct,jais,arabic_centric,وين تقع منطقة الخفجي؟,شمال شرق المملكة العربية السعودية,الخفجي هي مدينة سعودية تقع في المنطقة الشرقية من المملكة العربية السعودية. وهي مركز محافظة الخفجي، وتبعد حوالي 90 كيلومترًا عن مدينة الدمام، و 120 كيلومترًا عن مدينة الكويت. تشتهر الخفجي بموقعها الاستراتيجي على ساحل الخليج العربي، وتعتبر نقطة وصل هامة بين المملكة العربية السعودية والكويت.,,inceptionai/Jais-2-8B-Chat,0.0,inceptionai/Jais-2-8B-Chat,,2026-08-17T15:25:38+00:00,,0.600,defer,
wahm_101,gulf,direct,jais,arabic_centric,متى انطلقت قناة كرتون نتورك؟,10 أكتوبر 2010,1 أكتوبر 1992,,inceptionai/Jais-2-8B-Chat,0.0,inceptionai/Jais-2-8B-Chat,,2026-08-17T15:25:38+00:00,,0.333,defer,
wahm_102,gulf,direct,jais,arabic_centric,متى مسك محمد السادس الحكم في المغرب؟,ربيع الآخر سنة 1420 هـ,23 يوليو 1999,,inceptionai/Jais-2-8B-Chat,0.0,inceptionai/Jais-2-8B-Chat,,2026-08-17T15:25:38+00:00,,0.000,hallucinated,
wahm_103,gulf,direct,jais,arabic_centric,كم عدد المسيحيين الأردنيين؟,"174,000 إلى 390,000 نسمة, من 174,000 إلى 390,000","200,000 مسيحي",,inceptionai/Jais-2-8B-Chat,0.0,inceptionai/Jais-2-8B-Chat,,2026-08-17T15:25:38+00:00,,0.200,defer,
wahm_104,gulf,direct,jais,arabic_centric,وين تقع مدينة قطيسفون؟,جنوب شرق بغداد,تقع أطلالها على الضفة الشرقية لنهر دجلة في منطقة المدائن، جنوب شرق بغداد,,inceptionai/Jais-2-8B-Chat,0.0,inceptionai/Jais-2-8B-Chat,,2026-08-17T15:25:38+00:00,,1.000,clean,
wahm_105,gulf,direct,jais,arabic_centric,وش هي الذاكرة العرضية؟,ذاكرة أحداث السيرة الذاتية,"الذاكرة العرضية (Episodic Memory) هي نوع من أنواع الذاكرة طويلة المدى اللي بتركز على تخزين واسترجاع الأحداث الشخصية والتجارب اللي حصلت في وقت ومكان معين. النوع ده من الذاكرة بيشمل تفاصيل محددة عن ""إمتى"" و""إيه"" و""فين"" و""مع مين"" اللي حصل فيها الحدث، وده اللي بيخليه مختلف عن أنواع الذاكرة التانية زي الذاكرة الدلالية (Semantic Memory)، اللي بتتعامل مع الحقائق والمفاهيم العامة، والذاكرة الإجرائية (Procedural Memory)، اللي بتتعامل مع المهارات والإجراءات.

الذاكرة العرضية مرتبطة جداً بهوية الشخص وإحساسه بذاته، لأنها بتوفر أساس لتذكر التجارب الشخصية، اللي هي جزء أساسي من فهمنا لنفسنا وللعالم حوالينا. بتلعب دور مهم في حياتنا اليومية، وبتخلي الناس تفتكر تفاصيل زي أعياد الميلاد، والحوادث، والمحادثات، وده بيساعد في بناء قصة حياة متماسكة.

فيه كذا نظرية عن إزاي الذاكرة العرضية بتشتغل، منها نموذج الذاكرة متعددة المخازن (Multi-Store Model)، اللي بيقترح إن المعلومات بتتخزن في مخازن مختلفة (زي الذاكرة الحسية، الذاكرة قصيرة المدى، الذاكرة العرضية) قبل ما تتنقل للذاكرة طويلة المدى. كمان فيه نموذج التذكر المعتمد على الحالة (State-Dependent Forgetting)، اللي بيقول إن استرجاع الذاكرة بيكون أسهل لما الحالة النفسية أو البيئية تكون متشابهة وقت التذكر والاسترجاع.",,inceptionai/Jais-2-8B-Chat,0.0,inceptionai/Jais-2-8B-Chat,,2026-08-17T15:25:41+00:00,,0.250,defer,
wahm_106,gulf,direct,jais,arabic_centric,وين تقع مديرية رغوان؟,وسط اليمن,تقع مديرية رغوان في محافظة صنعاء اليمنية.,,inceptionai/Jais-2-8B-Chat,0.0,inceptionai/Jais-2-8B-Chat,,2026-08-17T15:25:41+00:00,,0.000,hallucinated,
wahm_107,gulf,direct,jais,arabic_centric,وين انولد هندريك أنتون لورنتس؟,أرنهيم بخيلدرلند بهولندا,في مدينة خرونينغن,,inceptionai/Jais-2-8B-Chat,0.0,inceptionai/Jais-2-8B-Chat,,2026-08-17T15:25:41+00:00,,0.000,hallucinated,
wahm_108,gulf,direct,jais,arabic_centric,من اللي اخترع العجلات المطاطية اللي تمشي عليها السيارات؟,جون بويد دنلوب,"العجلات المطاطية اللي بتمشي عليها العربيات اتخترعت بواسطة **John Lloyd Darro** في سنة 1845.

**خلفية تاريخية:**
قبل اختراع Darro، العربيات كانت بتستخدم عجلات خشبية، اللي كانت بتتعب بسرعة، خصوصاً في الطرق الوعرة. Darro، اللي كان صانع عجلات في الوقت ده، كان عنده فكرة تحسين العجلات الخشبية الموجودة.

**الاختراع:**
Darro طور طريقة لتصنيع عجلات مطاطية، باستخدام المطاط الطبيعي اللي كان متوفر في الوقت ده. العجلات المطاطية الجديدة دي كانت أقوى وأمتن بكتير من العجلات الخشبية، مما خلاها مثالية للاستخدام في العربيات.

**الأهمية والتأثير:**
اختراع Darro كان نقطة تحول في صناعة العربيات، لأنه وفر حل عملي وفعال لتحسين أداء العربيات وسهولة استخدامها. العجلات المطاطية اللي اخترعها بقت حجر الأساس في تصميم العربيات الحديثة، وساهمت بشكل كبير في تطور صناعة النقل.

**معلومات إضافية:**
- **اسم الشركة:** Darro Rubber Company، اللي أسسها John Lloyd Darro، كانت من أوائل الشركات اللي أنتجت وبيعت العجلات المطاطية المصنعة بكميات كبيرة.
- **التطورات اللاحقة:** مع إن اختراع Darro كان رائد، إلا إن تطوير المطاط الصناعي في أواخر القرن التاسع عشر وأوائل القرن العشرين أدى لتحسينات أكبر في أداء ومتانة العجلات المطاطية، مما أدى لتطورات مستمرة في تكنولوجيا العجلات.",,inceptionai/Jais-2-8B-Chat,0.0,inceptionai/Jais-2-8B-Chat,,2026-08-17T15:25:44+00:00,,0.000,hallucinated,
wahm_109,gulf,direct,jais,arabic_centric,وين يقع البحر الميت؟,"أخدود وادي الأردن, في أخدود وادي الأردن ضمن الشق السوري الأفريقي",يقع البحر الميت في الأردن وفلسطين، وهو أخفض نقطة على سطح الأرض، حيث يقع على عمق حوالي 430 مترًا تحت مستوى سطح البحر. يتميز البحر الميت بملوحته العالية، مما يجعله غير صالح للحياة البحرية، ولكنه يشتهر بخصائصه العلاجية والتجميلية.,,inceptionai/Jais-2-8B-Chat,0.0,inceptionai/Jais-2-8B-Chat,,2026-08-17T15:25:45+00:00,,0.333,defer,
wahm_110,gulf,direct,jais,arabic_centric,وش أطول فترات حكم فلاد الثالث؟,"دامت أطول فترات حكمه فيما بين عامي 1456 و1462 في أوج الحملات العثمانية للسيطرة على البلقان, بين عامي 1456 و1462","أطول فترة حكم لفلاد الثالث (فلاد المخوزق) كانت **عامين وسبعة أشهر**، وذلك من:

*   **1447** إلى **1459**

**خلفية:**
فلاد الثالث، المعروف أيضًا بفلاد المخوزق، كان أميرًا رومانيًا (من إمارة ولاخ) وقائدًا عسكريًا بارزًا في أواخر القرن الخامس عشر. اشتهر بقسوته الشديدة في الحكم، واستخدامه للتعذيب والإعدام، خاصةً عن طريق الخازوق، لإرهاب أعدائه والحفاظ على سلطته.

**لماذا كانت هذه الفترة هي الأطول؟**
*   **فترة حكم فعلي:** على الرغم من أن فلاد توفي في عام 1456، إلا أن فترة حكمه الفعلي كانت طويلة نسبيًا، حيث استمر في ممارسة السلطة الفعلية حتى وفاته.
*   **الصراعات المستمرة:** كانت فترة حكمه مليئة بالصراعات الداخلية والخارجية، مما استلزم قيادة مستمرة وإدارة فعالة.
*   **السيطرة على الأراضي:** تمكن فلاد من توسيع نفوذ إمارة ولاخ والسيطرة على مناطق واسعة، مما تطلب منه إدارة هذه الأراضي لفترات طويلة.

**ملاحظة:** بعد وفاة فلاد، تولى ابنه، الذي يُعرف أيضًا باسم فلاد الرابع، الحكم لفترة قصيرة جدًا (من 1459 إلى 1462)، ثم سقطت إمارة ولاخ في أيدي العثمانيين.",,inceptionai/Jais-2-8B-Chat,0.0,inceptionai/Jais-2-8B-Chat,,2026-08-17T15:25:48+00:00,,0.500,defer,
wahm_111,gulf,direct,jais,arabic_centric,منو نانسي ريغان؟,ممثلة سينمائية أمريكية وزوجة رونالد ريغان الرئيس الأربعين للولايات المتحدة الأمريكية، وسيّدة الولايات المتحدة الأولى لمدة ثمان سنوات، من 1981 وحتى 1989,"نانسي ريغان كانت مرات الرئيس الأمريكي الأربعين رونالد ريغان، وكانت السيدة الأولى للولايات المتحدة من 1981 حتى 1989. كانت شخصية مؤثرة في الحياة السياسية والاجتماعية في أمريكا، وكانت معروفة بدعمها القوي لحقوق الإنسان، ومناهضتها للمخدرات، وتشجيعها لبرامج الصحة النفسية. ريغان كانت كمان ممثلة سابقة، واشتهرت بدورها في المسلسل التلفزيوني ""بيتون بليس"".",,inceptionai/Jais-2-8B-Chat,0.0,inceptionai/Jais-2-8B-Chat,,2026-08-17T15:25:49+00:00,,1.000,clean,
wahm_112,gulf,direct,jais,arabic_centric,متى انضم اللاعب كيفن دي بروين لمانشستر سيتي الإنجليزي؟,2015,في 30 أغسطس 2015,,inceptionai/Jais-2-8B-Chat,0.0,inceptionai/Jais-2-8B-Chat,,2026-08-17T15:25:49+00:00,,1.000,clean,
wahm_113,gulf,direct,jais,arabic_centric,منو خليل كوت؟,"ضابط في الجيش العثماني وحاكم إقليمي, ضابط في الجيش العثماني وحاكم إقليمي، هو عم وزير الحرب العثماني خلال الحرب العالمية الأولى",لاعب كرة قدم,,inceptionai/Jais-2-8B-Chat,0.0,inceptionai/Jais-2-8B-Chat,,2026-08-17T15:25:49+00:00,,0.000,hallucinated,
wahm_114,gulf,direct,jais,arabic_centric,متى نزل أول عدد من مجلة تايم الأمريكية؟,3 مارس 1923,في 3 مارس 1923,,inceptionai/Jais-2-8B-Chat,0.0,inceptionai/Jais-2-8B-Chat,,2026-08-17T15:25:49+00:00,,1.000,clean,
wahm_115,gulf,direct,jais,arabic_centric,وش هو المذهب الحنفي؟,"ينسب هذا المذهب لأبي حنيفة النعمان (80هـ - 150هـ)، وهو مذهب فقهي من المذاهب الفقهية الأربعة المشهورة عند أهل السنة والجماعة كالمذهب المالكي، والمذهب الشافعي، والمذهب الحنبلي, مذهب فقهي من المذاهب الفقهية الأربعة المشهورة عند أهل السنة والجماعة","المذهب الحنفي هو مذهب من مذاهب الفقه الإسلامي، وهو أحد المذاهب الأربعة المشهورة: الحنفي، المالكي، الشافعي، الحنبلي.

**أبرز سماته:**

*   **الاعتماد على العقل والاجتهاد:** يُعرف المذهب الحنفي بتركيزه على العقل والاجتهاد في استنباط الأحكام الشرعية، مما يجعله مرنًا وقادرًا على التكيف مع الظروف المتغيرة.
*   **الاستحسان:** يُعد الاستحسان (وهو تفضيل حكم على آخر لمصلحة أو عرف) من أبرز أدوات المذهب الحنفي، حيث يسمح للمجتهد باختيار الرأي الأنسب في حالات معينة.
*   **القياس:** يعتمد المذهب الحنفي بشكل كبير على القياس (تشبيه حكم غير منصوص عليه بحكم منصوص عليه لوجود علة مشتركة بينهما).
*   **الرأي والمصالح:** يولي المذهب الحنفي أهمية كبيرة للرأي (الاستدلال العقلي) والمصالح المرسلة (المصالح التي لم يرد نص شرعي خاص بها، ولكنها تحقق مصلحة عامة).
*   **المرونة والواقعية:** يتميز المذهب الحنفي بمرونته وقدرته على التعامل مع القضايا المستجدة، مما جعله ينتشر في مناطق واسعة من العالم الإسلامي، خاصة في آسيا الوسطى وشبه القارة الهندية.

**المؤسس:**
المؤسس الرئيسي للمذهب الحنفي هو الإمام **أبو حنيفة النعمان بن ثابت الكوفي** (ت. 150 هـ / 767 م)، وهو فقيه وعالم دين بارز، اشتهر بفقهه العميق وقدرته على استنباط الأحكام الشرعية.

**أبرز أعلام المذهب:**
*   **الإمام أبو حنيفة:** المؤسس.
*   **الإمام أبو يوسف:** قاضي القضاة، ساهم في تطوير المذهب ونشره.
*   **الإمام محمد بن الحسن الشيباني:** من أبرز تلاميذ أبي حنيفة، قام بتدوين المذهب ونشره.
*   **الإمام أبو بكر الرازي:** فقيه ومحدث، له إسهامات كبيرة في المذهب.
*   **الإمام البخاري:** صاحب ""صحيح البخاري""، وهو من كبار فقهاء الحنفية.
*   **الإمام السرخسي:** من كبار فقهاء المذهب، صاحب ""المبسوط"".

**انتشاره:**
ينتشر المذهب الحنفي بشكل واسع في:
*   **تركيا:** حيث هو المذهب الرسمي للدولة.
*   **دول آسيا الوسطى:** مثل أوزبكستان، كازاخستان، طاجيكستان، قرغيزستان، تركمانستان.
*   **باكستان:** حيث يشكل النسبة الأكبر من السكان.
*   **الهند:** خاصة في مناطق مثل بنغلاديش، باكستان، وأجزاء من ولاية أوتار براديش.
*   **إندونيسيا:** حيث يشكل نسبة كبيرة من المسلمين.

**أهمية المذهب:**
للمذهب الحنفي أهمية تاريخية وفكرية كبيرة، فقد ساهم في إثراء الفقه الإسلامي، وفتح آفاقًا جديدة للاجتهاد، وأثر في تطور العلوم الشرعية الأخرى.",,inceptionai/Jais-2-8B-Chat,0.0,inceptionai/Jais-2-8B-Chat,,2026-08-17T15:25:54+00:00,,1.000,clean,
wahm_116,gulf,direct,jais,arabic_centric,منو سيمون بوليفار؟,"عسكري وسياسي فنزويلي, عسكري وسياسي فنزويلي في فترة ما قبل الجمهورية القبطانية العامة لفنزويلا","سيمون بوليفار (أو ""سيمون بوليفار"") هو شخصية تاريخية بارزة في أمريكا اللاتينية، ولد في فنزويلا عام 1783 وتوفي في كولومبيا عام 1830. كان قائدًا عسكريًا وسياسيًا، وقاد حركات الاستقلال في عدة دول في أمريكا الجنوبية، بما في ذلك فنزويلا وكولومبيا وبيرو والإكوادور وبوليفيا.

ولد بوليفار في عائلة ثرية، وتلقى تعليمًا جيدًا، مما ساعده على تطوير مهاراته القيادية والعسكرية. بدأ حياته السياسية في فنزويلا، حيث قاد حركة الاستقلال ضد الحكم الإسباني.

بعد نجاح الثورة في فنزويلا، انتقل بوليفار إلى كولومبيا، حيث قاد حركة الاستقلال ضد الحكم الإسباني في تلك المنطقة. في عام 1824، أعلن بوليفار استقلال كولومبيا، وأصبح أول رئيس لها.

في عام 1825، قاد بوليفار حملة عسكرية ناجحة لتحرير بيرو من الحكم الإسباني، وأسس جمهورية بيرو المستقلة. بعد ذلك، واصل جهوده لتحرير باقي دول أمريكا الجنوبية، بما في ذلك الإكوادور وبوليفيا.

تُعد شخصية سيمون بوليفار رمزًا للحرية والاستقلال في أمريكا اللاتينية، ويُحتفى به كبطل قومي في العديد من دول المنطقة.",,inceptionai/Jais-2-8B-Chat,0.0,inceptionai/Jais-2-8B-Chat,,2026-08-17T15:25:57+00:00,,0.182,defer,
wahm_117,gulf,direct,jais,arabic_centric,وش هي الرواية الفروسية؟,جنس أدبي من الروايات المكتوبة بالنثر والتي ظهرت في إسبانيا والبرتغال في القرن السادس عشر ولاقت نجاحًا كبيرًا وشعبية واسعة,"الرواية الفروسية هي نوع من الأدب الخيالي الذي نشأ في أوروبا في العصور الوسطى. تتميز هذه الروايات بوجود شخصيات فروسية، مثل الفرسان، الذين يتبعون مدونة سلوك أخلاقية صارمة، وغالبًا ما تكون مليئة بالمغامرات، والمعارك، والحب، والخيانة، والتضحية.

**السمات الرئيسية للرواية الفروسية:**

*   **الشخصيات الفروسية:** الأبطال هم فرسان، يتبعون مدونة سلوك الفروسية، والتي تشمل الشجاعة، والشرف، والولاء، والكرم، والدفاع عن الضعفاء.
*   **المدونة الأخلاقية:** تركز الروايات على قيم الفروسية، مثل الشجاعة، والشرف، والولاء، والكرم، والدفاع عن الضعفاء، والعدالة.
*   **المغامرات:** تتضمن الروايات غالبًا مغامرات مثيرة، مثل المعارك، والرحلات، والبحث عن الكنوز، والمواجهات مع الأعداء.
*   **الحب:** غالبًا ما تتضمن الروايات قصص حب رومانسية، غالبًا ما تكون مأساوية، بين الفرسان أو بين الفرسان والأميرات.
*   **الخيانة والتضحية:** غالبًا ما تتضمن الروايات الخيانة، سواء من قبل الأصدقاء أو من قبل الأعداء، والتضحية من أجل الخير الأكبر أو من أجل الحب.
*   **الخيال:** غالبًا ما تتضمن الروايات عناصر خيالية، مثل السحر، والوحوش، والأساطير، والأحداث الخارقة للطبيعة.

**أمثلة على روايات فروسية شهيرة:**

*   **""أرتور"" (Arthur):** سلسلة من القصص التي تصور الملك أرتور وفرسان المائدة المستديرة، مثل ""أرتور وسالومون"" و ""أرتور وسالومون"".
*   **""سير غاوين والفارس الأخضر"" (Sir Gawain and the Green Knight):** قصيدة ملحمية من العصور الوسطى تحكي قصة السير غاوين، أحد فرسان المائدة المستديرة، الذي يواجه الفارس الأخضر في تحدٍ.
*   **""دون كيخوته"" (Don Quixote):** على الرغم من أنها ليست رواية فروسية بالمعنى التقليدي، إلا أنها تعتبر من أهم الأعمال التي أثرت في هذا النوع، حيث تصور فارسًا نبيلًا يسعى لتحقيق المثل العليا، حتى لو كانت هذه المثل غير واقعية.

**أهمية الرواية الفروسية:**

*   **تثبيت القيم:** ساهمت في نشر وتثبيت قيم الفروسية والأخلاق النبيلة في المجتمع.
*   **التأثير الثقافي:** أثرت بشكل كبير على الأدب والفن والموسيقى في العصور الوسطى وما بعدها.
*   **الهروب من الواقع:** قدمت للقراء هروبًا من قسوة الحياة اليومية، من خلال قصص المغامرات والبطولات.

باختصار، الرواية الفروسية هي نوع أدبي غني بالقيم الأخلاقية، والمغامرات، وقصص الحب، والشخصيات البطولية، وقد تركت بصمة لا تُمحى على الثقافة الغربية.",,inceptionai/Jais-2-8B-Chat,0.0,inceptionai/Jais-2-8B-Chat,,2026-08-17T15:26:02+00:00,,0.263,defer,
wahm_118,gulf,direct,jais,arabic_centric,متى توفى الإمام جعفر الصادق؟,مساء 25 شوال من سنة 148 هـ,عام 148 هـ,,inceptionai/Jais-2-8B-Chat,0.0,inceptionai/Jais-2-8B-Chat,,2026-08-17T15:26:02+00:00,,0.286,defer,
wahm_119,gulf,direct,jais,arabic_centric,وين تقع مملكة بوتان؟,جنوب آسيا,تقع مملكة بوتان في جنوب قارة آسيا، وتحدها من الشمال الصين، ومن الشرق والجنوب والغرب الهند.,,inceptionai/Jais-2-8B-Chat,0.0,inceptionai/Jais-2-8B-Chat,,2026-08-17T15:26:03+00:00,,1.000,clean,
wahm_120,gulf,direct,jais,arabic_centric,كم سن عند الإنسان؟,32,"يختلف عدد الأسنان عند الإنسان حسب العمر والجنس، ولكن بشكل عام، يمتلك الإنسان البالغ أسنانًا دائمة، بما في ذلك:

*   **الأضراس (Molars):** 3 أضراس في كل ربع من الفك العلوي والسفلي، ليصبح المجموع 12 ضرسًا.
*   **الأنياب (Canines):** 2 أنياب في كل ربع من الفك العلوي والسفلي، ليصبح المجموع 4 أنياب.
*   **القواطع (Incisors):** 8 قواطع (4 في الفك العلوي و 4 في الفك السفلي)، 2 في كل جانب من الأسنان الأمامية.

**ملاحظات إضافية:**

*   **الأطفال:** يمتلك الأطفال عددًا أقل من الأسنان، حيث تظهر الأسنان اللبنية (الأسنان المؤقتة) أولاً، ثم تستبدل بالأسنان الدائمة.
*   **الأسنان الدائمة:** تبدأ في الظهور عادةً بين سن 6 و 12 عامًا، وتكتمل عملية استبدال الأسنان اللبنية بالدائمة في مرحلة المراهقة.
*   **الأسنان الإضافية:** قد يولد بعض الأشخاص بأسنان إضافية، أو قد تنمو أسنان أخرى لاحقًا في الحياة، خاصةً في الفك العلوي.
*   **الأسنان المفقودة:** قد يفقد بعض الأشخاص أسنانًا دائمة بسبب التسوس، الإصابة، أو أمراض اللثة، وقد يتم تعويضها بزراعة الأسنان أو تركيبات الأسنان.",,inceptionai/Jais-2-8B-Chat,0.0,inceptionai/Jais-2-8B-Chat,,2026-08-17T15:26:06+00:00,,0.000,hallucinated,
wahm_121,gulf,direct,jais,arabic_centric,متى انعملت معاهدة الحد من انتشار الأسلحة النووية؟,1 يوليو 1968,انعملت معاهدة الحد من انتشار الأسلحة النووية (NPT) في 24 يوليو 1968، ودخلت حيز التنفيذ في 5 مارس 1970.,,inceptionai/Jais-2-8B-Chat,0.0,inceptionai/Jais-2-8B-Chat,,2026-08-17T15:26:06+00:00,,0.667,defer,
wahm_122,gulf,direct,jais,arabic_centric,متى بدت الزخارف الإسلامية؟,836 م,في القرن السابع الميلادي,,inceptionai/Jais-2-8B-Chat,0.0,inceptionai/Jais-2-8B-Chat,,2026-08-17T15:26:06+00:00,,0.000,hallucinated,
wahm_123,gulf,direct,jais,arabic_centric,وين توفى أبو عبد الله سفيان بن سعيد بن مسروق؟,البصرة,الكوفة,,inceptionai/Jais-2-8B-Chat,0.0,inceptionai/Jais-2-8B-Chat,,2026-08-17T15:26:06+00:00,,0.000,hallucinated,
wahm_124,gulf,direct,jais,arabic_centric,متى انولد مصطفى فخار بن حميدو بن علال؟,مارس 1892م,15 ديسمبر 1920,,inceptionai/Jais-2-8B-Chat,0.0,inceptionai/Jais-2-8B-Chat,,2026-08-17T15:26:06+00:00,,0.000,hallucinated,
wahm_125,gulf,direct,jais,arabic_centric,في أي سنة مسك عبد الفتاح السيسي الحكم في مصر؟,2014,2014,,inceptionai/Jais-2-8B-Chat,0.0,inceptionai/Jais-2-8B-Chat,,2026-08-17T15:26:06+00:00,,1.000,clean,
wahm_126,gulf,direct,jais,arabic_centric,كم نسبة ملوحة البحر الميت؟,34%,نسبة ملوحة البحر الميت هي ملوحة لكل لتر,,inceptionai/Jais-2-8B-Chat,0.0,inceptionai/Jais-2-8B-Chat,,2026-08-17T15:26:06+00:00,,0.000,hallucinated,
wahm_127,gulf,direct,jais,arabic_centric,في أي عام تأسست جامعة تورنتو؟,15 مارس 1827,تأسست جامعة تورنتو في عام **1827**.,,inceptionai/Jais-2-8B-Chat,0.0,inceptionai/Jais-2-8B-Chat,,2026-08-17T15:26:07+00:00,,0.333,defer,
wahm_128,gulf,direct,jais,arabic_centric,وين اندلعت الثورة التونسية؟,سيدي بوزيد وولاية القصرين,اندلعت الثورة التونسية في مدينة سيدي بوزيد.,,inceptionai/Jais-2-8B-Chat,0.0,inceptionai/Jais-2-8B-Chat,,2026-08-17T15:26:07+00:00,,0.500,defer,
wahm_129,gulf,direct,jais,arabic_centric,من الفريق اللي فاز بكأس العالم 1998؟,فرنسا,منتخب فرنسا لكرة القدم,,inceptionai/Jais-2-8B-Chat,0.0,inceptionai/Jais-2-8B-Chat,,2026-08-17T15:26:07+00:00,,1.000,clean,
wahm_130,gulf,direct,jais,arabic_centric,وش هي تقنية النانو؟,"العلم الذي يهتم بدراسة معالجة المادة على المقياس الذري والجزيئي, هي العلم الذي يهتم بدراسة معالجة المادة على المقياس الذري والجزيئي","تقنية النانو هي علم يعنى بدراسة ومعالجة المواد على المستوى الذري والجزيئي، أي التعامل مع المواد بأبعاد تتراوح بين 1 إلى 100 نانومتر (النانومتر هو جزء من المليار من المتر).

**لماذا تقنية النانو مهمة؟**

*   **تحسين الخصائص:** يمكن لتقنية النانو أن تجعل المواد أقوى، أخف، أكثر مرونة، وأكثر كفاءة في توصيل الكهرباء أو الحرارة.
*   **تطبيقات واسعة:** تستخدم في مجالات متنوعة مثل:
    *   **الطب:** توصيل الأدوية بشكل مستهدف، تطوير أجهزة استشعار دقيقة.
    *   **الطاقة:** تحسين كفاءة الخلايا الشمسية، تطوير بطاريات أفضل.
    *   **الإلكترونيات:** صناعة أجهزة كمبيوتر وهواتف أكثر قوة وأصغر حجمًا.
    *   **المواد:** إنتاج مواد جديدة ذات خصائص فريدة (مثل مواد ذاتية التنظيف أو مقاومة للبكتيريا).

**كيف تعمل تقنية النانو؟**

تعتمد تقنية النانو على فهم دقيق لخصائص المواد على المستوى الذري والجزيئي. هذا الفهم يسمح للعلماء بـ:

*   **تعديل البنية:** تغيير شكل وتركيب المادة على المستوى النانوي.
*   **تحسين التفاعلات:** استغلال التفاعلات الكيميائية والفيزيائية الفريدة التي تحدث على هذا المستوى.
*   **تطوير مواد جديدة:** إنشاء مواد لم تكن موجودة من قبل، أو مواد ذات خصائص محسنة بشكل كبير.

**مثال بسيط:**

تخيل أنك تريد بناء جدار قوي جدًا. في الهندسة التقليدية، قد تستخدم كتلًا كبيرة من الطوب. لكن باستخدام تقنية النانو، يمكنك استخدام ""أنابيب نانوية كربونية"" (Carbon Nanotubes) - وهي هياكل نانوية صغيرة جدًا - لإنشاء جدار أقوى بكثير بنفس الحجم، وذلك بسبب قدرتها الفائقة على تحمل الضغط.

باختصار، تقنية النانو هي علم وهندسة المواد على المستوى الذري والجزيئي، وتهدف إلى استغلال هذه الخصائص الفريدة لإنشاء منتجات وتطبيقات مبتكرة.",,inceptionai/Jais-2-8B-Chat,0.0,inceptionai/Jais-2-8B-Chat,,2026-08-17T15:26:11+00:00,,0.636,defer,
wahm_131,gulf,direct,jais,arabic_centric,وين انولدت هيلينا بتروفنا بلافاتسكي؟,إقليم أيكانزينسلاف,"هيلينا بتروفنا بلافاتسكي اتولدت في مدينة ""بطرسبرج"" اللي دلوقتي اسمها ""سانت بطرسبرغ"" في روسيا.",,inceptionai/Jais-2-8B-Chat,0.0,inceptionai/Jais-2-8B-Chat,,2026-08-17T15:26:11+00:00,,0.000,hallucinated,
wahm_132,gulf,direct,jais,arabic_centric,وش هي دلتا النيل؟,"شمال مصر, دلتا تكونت في شمال مصر (الوجه البحري) حيث يتفرع النيل إلى فرعين يصبان في البحر المتوسط","دلتا النيل هي منطقة خصبة في مصر، بتتكون من تفرع نهر النيل عند مصبه في البحر المتوسط. الدلتا دي بتشكل مثلث من الأراضي المنخفضة، وبتعتبر من أكتر المناطق خصوبة في مصر، وبتدعم مجموعة كبيرة من النباتات والحيوانات.

**الخصائص الرئيسية لدلتا النيل:**

1.  **التكوين الجغرافي:** الدلتا عبارة عن سهل فيضي واسع، اتكون على مدى آلاف السنين من الرواسب الطينية اللي بيجيبها نهر النيل. النهر بيقسم نفسه لجزئين رئيسيين: فرع رشيد في الشمال وفرع دمياط في الجنوب، وكل فرع بيتفرع لجزئين تانيين، مما بيخلق شبكة معقدة من القنوات والترع.

2.  **الخصوبة:** التربة في الدلتا غنية جداً بالمواد العضوية والمعادن، اللي جاية من رواسب النيل، مما بيخليها من أكتر الأراضي خصوبة في مصر. ده بيخليها مثالية للزراعة، خصوصاً زراعة الأرز والقمح وقصب السكر والخضروات.

3.  **الأهمية الاقتصادية:** الدلتا بتلعب دور حيوي في الاقتصاد المصري، حيث إن الزراعة فيها بتوفر الغذاء لجزء كبير من السكان وبتدعم صناعات زي صناعة السكر والمنسوجات.

4.  **التنوع البيولوجي:** المنطقة فيها تنوع كبير من النباتات والحيوانات، بما في ذلك أنواع كتير من الطيور المهاجرة والبرمائيات والحشرات، اللي بتعتمد على البيئة المائية والبرية الفريدة في الدلتا.

5.  **التحديات البيئية:** الدلتا بتواجه تحديات بيئية كبيرة، منها:
    *   **الزحف الساحلي:** ارتفاع مستوى سطح البحر وزيادة التعرية ممكن يؤدي لتآكل الشواطئ والأراضي الزراعية المنخفضة.
    *   **نقص المياه العذبة:** الطلب المتزايد على المياه للزراعة والاستخدامات الحضرية والصناعية ممكن يضغط على موارد المياه العذبة المحدودة.
    *   **التلوث:** تصريف المخلفات الصناعية والزراعية ومياه الصرف الصحي في النيل ممكن يلوث المياه والتربة، مما يؤثر على صحة النظام البيئي.
    *   **التغير المناخي:** التغيرات في أنماط هطول الأمطار وارتفاع درجات الحرارة ممكن تأثر على الزراعة والموارد المائية.

دلتا النيل منطقة فريدة ومهمة جداً، وبتمثل نقطة التقاء بين الجغرافيا والتاريخ والزراعة، وبتلعب دور محوري في حياة ملايين الناس في مصر.",,inceptionai/Jais-2-8B-Chat,0.0,inceptionai/Jais-2-8B-Chat,,2026-08-17T15:26:15+00:00,,0.533,defer,
wahm_133,gulf,direct,jais,arabic_centric,وش العضو في الجسم اللي مسؤول عن نقل الأوكسيجين؟,جهاز التنفس,الرئتين,,inceptionai/Jais-2-8B-Chat,0.0,inceptionai/Jais-2-8B-Chat,,2026-08-17T15:26:15+00:00,,0.000,hallucinated,
wahm_134,gulf,direct,jais,arabic_centric,وين موجودة جزيرة بوكيت؟,جنوب تايلاند,تايلاند,,inceptionai/Jais-2-8B-Chat,0.0,inceptionai/Jais-2-8B-Chat,,2026-08-17T15:26:16+00:00,,0.500,defer,
wahm_135,gulf,direct,jais,arabic_centric,وش أصل اللغة المجرية؟,"تنتمي المجرية إلى مجموعة اللغات الأوغرية، وهذه المجموعة تنتمي إلى عائلة اللغات الأورالية, لأوغرية",هي لغة فينية أو مجموعة لغوية، تنتمي إلى عائلة اللغات الأوغرية، وهي فرع من عائلة اللغات التركية-الفينية.,,inceptionai/Jais-2-8B-Chat,0.0,inceptionai/Jais-2-8B-Chat,,2026-08-17T15:26:16+00:00,,0.833,defer,
wahm_136,gulf,direct,jais,arabic_centric,وش تسمى الغدة التناسلية الأنثوية؟,المبيضان,وش تسمى الغدة التناسلية الأنثوية,,inceptionai/Jais-2-8B-Chat,0.0,inceptionai/Jais-2-8B-Chat,,2026-08-17T15:26:16+00:00,,0.000,hallucinated,
wahm_137,gulf,direct,jais,arabic_centric,وش هو العليق المقدس؟,"شجيرة معمرة  شائكة من فصيلة الوردية, شجيرة معمرة  شائكة من فصيلة الوردية، كثيفة الأوراق","العليق المقدس هو نوع من النباتات يتبع فصيلة التوتيات. يُعرف علمياً باسم Morus sancta (أو Morus nigra في بعض التصنيفات). يتميز هذا النبات بأوراقه الكبيرة اللامعة، وثماره الصغيرة التي تكون إما سوداء أو حمراء داكنة، وتكون ذات طعم حلو.

**الخصائص الرئيسية للعليق المقدس:**

*   **الهيكل:** نبات شجيري أو شجيرة صغيرة، يصل ارتفاعه إلى حوالي 2-3 أمتار.
*   **الأوراق:** أوراق كبيرة، بيضاوية الشكل، ذات لون أخضر داكن ولامع، مما يمنحها مظهراً جذاباً.
*   **الثمار:** ثمار صغيرة، كروية أو بيضاوية الشكل، تتراوح ألوانها بين الأسود الداكن والأحمر الداكن، وتكون ذات طعم حلو.
*   **الانتشار:** ينمو بشكل طبيعي في مناطق البحر الأبيض المتوسط، بما في ذلك تركيا واليونان وشمال أفريقيا.
*   **الاستخدامات:** يُستخدم في صناعة المشروبات، مثل نبيذ العليق (Rosé)، كما يُستخدم في صناعة المربى والعصائر، وله قيمة غذائية عالية بفضل محتواه من الفيتامينات والمعادن.

**ملاحظات إضافية:**

*   **التمييز عن أنواع العليق الأخرى:** يجب التمييز بين العليق المقدس وأنواع العليق الأخرى (مثل العليق الأسود أو العليق الأحمر)، حيث تختلف في خصائصها الشكلية والثمرية.
*   **القيمة الثقافية:** يُعتبر العليق المقدس جزءاً من التراث الزراعي والثقافي في المناطق التي ينمو فيها، ويُستخدم في العديد من الطقوس والممارسات التقليدية.",,inceptionai/Jais-2-8B-Chat,0.0,inceptionai/Jais-2-8B-Chat,,2026-08-17T15:26:19+00:00,,0.500,defer,
wahm_138,gulf,direct,jais,arabic_centric,شلون توفى راجيف راتنا غاندي؟,اغتيل,راجيف راتنا غاندي، رئيس وزراء الهند الثالث، اغتيل في 21 مايو 1991. تم إطلاق النار عليه بينما كان في طريقه إلى اجتماع صلاة في حديقة راجيف غاندي في تشيناي، الهند. كان القاتل، توماس جون ماثيو، وهو مواطن أسترالي من أصل باكستاني، قد تسلل إلى أمنه الشخصي. بعد الاغتيال، تم القبض على ماثيو ومحاكمته وإدانته بتهمة القتل. تم شنقه في 11 مايو 1999.,,inceptionai/Jais-2-8B-Chat,0.0,inceptionai/Jais-2-8B-Chat,,2026-08-17T15:26:20+00:00,,1.000,clean,
wahm_139,gulf,direct,jais,arabic_centric,منو الملك فرانكو الأول؟,"قائد عسكري تولى رئاسة إسبانيا من أكتوبر 1936 وحتى وفاته في سنة 1975، وصل إلى السلطة بعد الحرب الأهلية الإسبانية (1936 - 1939), قائد عسكري تولى رئاسة إسبانيا من أكتوبر 1936 وحتى وفاته في سنة 1975",فرانكو الأول كان ملك إسبانيا من 1931 حتى وفاته في 1975. كان ديكتاتورًا يمينيًا قاد إسبانيا خلال الحرب الأهلية الإسبانية (1936-1939) وأسس نظامًا استبداديًا استمر لأكثر من 30 عامًا. يُعرف فرانكو بتركيزه على الحفاظ على القيم الكاثوليكية التقليدية، والقومية الإسبانية، والنظام الهرمي في المجتمع. خلال فترة حكمه، قمع المعارضة السياسية، وقام بترحيل آلاف الأشخاص من أصول يهودية وغجرية، وأسس نظامًا قمعيًا صارمًا. بعد وفاته، شهدت إسبانيا انتقالًا ديمقراطيًا، حيث تم تبني دستور جديد في عام 1978، مما وضع حدًا لفترة حكم فرانكو.,,inceptionai/Jais-2-8B-Chat,0.0,inceptionai/Jais-2-8B-Chat,,2026-08-17T15:26:22+00:00,,0.667,defer,
wahm_140,gulf,direct,jais,arabic_centric,كم رئيس أميركي تخرج من جامعة هارفارد؟,سبع,"رئيسان.

الشرح: رئيسا الولايات المتحدة هما جون آدامز و جون كينيدي. تخرج كلاهما من جامعة هارفارد.",,inceptionai/Jais-2-8B-Chat,0.0,inceptionai/Jais-2-8B-Chat,,2026-08-17T15:26:22+00:00,,0.000,hallucinated,
wahm_141,gulf,direct,jais,arabic_centric,منو أميري بركة؟,"له العديد من المؤلفات في المسرح والشعر والدراما، والرواية، وعدد واسع من المقالات, له العديد من المؤلفات في المسرح والشعر والدراما، والرواية، وعدد واسع من المقالات. قام بالتدريس في عدد من الجامعات، من بينها جامعة نيويورك في بوفالو","أميري بركة (Amiri Baraka) هو اسم مستعار للكاتب والمخرج والممثل الأمريكي من أصل أفريقي، وهو معروف بأعماله الأدبية والفنية التي تتناول قضايا الهوية والثقافة والسياسة. ولد في 7 أكتوبر 1934 وتوفي في 9 يناير 2017.

ولد بركة باسم ""ليور تويتي"" (Leo Toit) في مدينة نيويورك، ثم غير اسمه إلى ""أميري بركة"" (Amiri Baraka) في عام 1960. كان له تأثير كبير في الأدب الأمريكي المعاصر، حيث كتب العديد من الروايات والمسرحيات التي تتناول قضايا العنصرية والتمييز الاجتماعي.

من أشهر أعماله الأدبية رواية ""الأسود في نيويورك"" (The Blackboard Jungle) التي صدرت عام 1969، والتي تتناول قضايا التعليم والعنصرية في المدارس الأمريكية. كما كتب مسرحية ""الرقص في الظلام"" (The Raisin) التي تتناول قضايا العنصرية والفقر في الولايات المتحدة.

بالإضافة إلى أعماله الأدبية، كان بركة أيضًا مخرجًا سينمائيًا وممثلًا، حيث شارك في العديد من الأفلام والمسرحيات التي تعكس تجاربه الثقافية والاجتماعية. كان معروفًا بأسلوبه الفريد في الكتابة والتعبير عن القضايا الاجتماعية والسياسية، وقد ترك إرثًا ثقافيًا هامًا في الأدب والفن الأمريكي.",,inceptionai/Jais-2-8B-Chat,0.0,inceptionai/Jais-2-8B-Chat,,2026-08-17T15:26:25+00:00,,0.500,defer,
wahm_142,gulf,direct,jais,arabic_centric,منو خورخه فيديلا؟,الحاكم العسكري المطلق للأرجنتين من 1976 إلى 1981,خورخه فيديلا كان ديكتاتور ارجنتيني حكم من 1976 حتى 1981. كان رئيس المجلس العسكري الحاكم خلال الحرب القذرة، وهي فترة من العنف والقمع السياسي الشديد ضد المعارضين السياسيين والنقاد في الأرجنتين. سياساته الوحشية أدت إلى اختفاء آلاف الأشخاص، مما جعله شخصية مكروهة للغاية في الأرجنتين. بعد سقوط نظامه، تم القبض على فيديلا ومحاكمته بتهمة جرائم ضد الإنسانية، وحُكم عليه بالسجن مدى الحياة. توفي في السجن في 17 مايو 2018.,,inceptionai/Jais-2-8B-Chat,0.0,inceptionai/Jais-2-8B-Chat,,2026-08-17T15:26:26+00:00,,0.750,defer,
wahm_143,gulf,direct,jais,arabic_centric,وين تقع مدينة قوندر؟,إثيوبية,تقع في مرتفعات إثيوبيا,,inceptionai/Jais-2-8B-Chat,0.0,inceptionai/Jais-2-8B-Chat,,2026-08-17T15:26:26+00:00,,0.000,hallucinated,
wahm_144,gulf,direct,jais,arabic_centric,وش أكبر جائزة في مسابقة الخيول؟,"كأس دبي العالمي, كأس دبي العالمي  لسباق الخيل",أكبر جائزة في مسابقة الخيول هي كأس دبي العالمي (Dubai World Cup)، وهي جائزة عالمية تبلغ قيمتها 12 مليون دولار أمريكي، وتعتبر من أهم وأشهر سباقات الخيول في العالم.,,inceptionai/Jais-2-8B-Chat,0.0,inceptionai/Jais-2-8B-Chat,,2026-08-17T15:26:26+00:00,,1.000,clean,
wahm_145,gulf,direct,jais,arabic_centric,متى انولد شارل ديغول؟,1890,ولد شارل ديغول في 22 نوفمبر 1890,,inceptionai/Jais-2-8B-Chat,0.0,inceptionai/Jais-2-8B-Chat,,2026-08-17T15:26:26+00:00,,1.000,clean,
wahm_146,gulf,direct,jais,arabic_centric,متى انولد بدر الدين الزركشي؟,745 هـ,سنة 745 هـ,,inceptionai/Jais-2-8B-Chat,0.0,inceptionai/Jais-2-8B-Chat,,2026-08-17T15:26:26+00:00,,1.000,clean,
wahm_147,gulf,direct,jais,arabic_centric,وش هي الأدوية؟,أية مادة تستعمل في تشخيص أو معالجة الأمراض التي تصيب الإنسان أو الحيوان، أو التي تفيد في تخفيف وطأتها أو الوقاية منها,الأدوية هي مواد كيميائية تستخدم لعلاج الأمراض أو تخفيف الأعراض. يمكن أن تكون الأدوية عبارة عن مركبات طبيعية (مثل الأدوية العشبية) أو مركبات صناعية (مثل الأدوية الكيميائية). يتم تطوير الأدوية لعلاج مجموعة واسعة من الحالات الطبية، بما في ذلك الأمراض المعدية، والأمراض المزمنة، والأمراض النفسية، والألم، والحساسية، وغيرها الكثير. يتم تصنيف الأدوية إلى فئات مختلفة بناءً على آلية عملها، مثل الأدوية المضادة للبكتيريا، والأدوية المضادة للفيروسات، والأدوية المسكنة للألم، والأدوية المضادة للاكتئاب، وغيرها.,,inceptionai/Jais-2-8B-Chat,0.0,inceptionai/Jais-2-8B-Chat,,2026-08-17T15:26:28+00:00,,0.375,defer,
wahm_148,gulf,direct,jais,arabic_centric,وين موجودة مدينة الحبيلين؟,محافظة لحج,اليمن,,inceptionai/Jais-2-8B-Chat,0.0,inceptionai/Jais-2-8B-Chat,,2026-08-17T15:26:28+00:00,,0.000,hallucinated,
wahm_149,gulf,direct,jais,arabic_centric,وش هي السرطانة المشيمائية؟,ورم خبيث أرومي غاذي[1] ينشأ عادةً في المشيمة,"السرطانة المشيمائية هي نوع من السرطان الذي ينشأ من الخلايا المشيمائية، وهي الخلايا التي تشكل المشيمة أثناء الحمل. يمكن أن تحدث هذه الحالة في الرحم أو في أماكن أخرى في الجسم.

**الأسباب:**
*   **الحمل:** السبب الأكثر شيوعًا هو الحمل، خاصةً الحمل المتعدد (توأم أو أكثر).
*   **اضطرابات المشيمة:** مثل انفصال المشيمة المبكر أو المشيمة الملتصقة.
*   **عوامل أخرى:** قد تشمل بعض الحالات الوراثية أو استخدام بعض الأدوية.

**الأعراض:**
*   **نزيف مهبلي:** غالبًا ما يكون خفيفًا أو متقطعًا في المراحل المبكرة.
*   **آلام الحوض:** قد تكون خفيفة أو شديدة.
*   **تضخم الرحم:** قد يكون الرحم أكبر من المعتاد.
*   **أعراض أخرى:** قد تشمل الغثيان، القيء، فقدان الشهية، أو أعراض أخرى مرتبطة بالحمل.

**التشخيص:**
*   **الفحص البدني:** قد يكشف عن تضخم الرحم.
*   **الموجات فوق الصوتية (السونار):** هي الأداة الرئيسية لتأكيد التشخيص، حيث تظهر وجود كتلة في الرحم أو المشيمة.
*   **تحاليل الدم:** قد تظهر مستويات مرتفعة من بعض الهرمونات (مثل hCG) أو علامات أخرى تدل على وجود السرطان.
*   **أخذ عينة (خزعة):** قد يتم أخذ عينة من الأنسجة لتأكيد التشخيص.

**العلاج:**
*   **الجراحة:** غالبًا ما تكون الجراحة هي العلاج الأساسي، وتشمل استئصال الرحم (إزالة الرحم)، واستئصال المبيضين وقناتي فالوب (إزالة الأعضاء التناسلية)، وقد يتم استئصال أجزاء من الأمعاء أو المثانة إذا كانت هناك مضاعفات.
*   **العلاج الكيميائي:** قد يُستخدم بعد الجراحة أو في الحالات المتقدمة لتقليل خطر عودة السرطان.
*   **العلاج الإشعاعي:** نادرًا ما يُستخدم، ولكنه قد يُستخدم في بعض الحالات.

**المآل (التوقعات):**
*   **التشخيص المبكر:** يؤدي إلى نتائج أفضل.
*   **النوع:** هناك أنواع مختلفة من السرطانة المشيمائية، وتختلف استجابتها للعلاج.
*   **العمر والحالة الصحية العامة:** تؤثر على خيارات العلاج والنتائج.

**هام:** هذه المعلومات هي لأغراض التوعية العامة فقط، ولا تغني عن استشارة الطبيب المختص. إذا كنتِ تعانين من أي أعراض مقلقة، يجب عليكِ مراجعة الطبيب فورًا.",,inceptionai/Jais-2-8B-Chat,0.0,inceptionai/Jais-2-8B-Chat,,2026-08-17T15:26:33+00:00,,0.333,defer,
wahm_150,gulf,direct,jais,arabic_centric,متى تأسس المسرح اليديشي؟,1876,في القرن التاسع عشر,,inceptionai/Jais-2-8B-Chat,0.0,inceptionai/Jais-2-8B-Chat,,2026-08-17T15:26:33+00:00,,0.000,hallucinated,
wahm_151,gulf,direct,jais,arabic_centric,وين موجودة مدينة بيشاور؟,"خیبر بختونخوا, باكستان",باكستان,,inceptionai/Jais-2-8B-Chat,0.0,inceptionai/Jais-2-8B-Chat,,2026-08-17T15:26:33+00:00,,1.000,clean,
wahm_152,gulf,direct,jais,arabic_centric,متى نشبت معركة دوروستولون؟,971,15-16 أغسطس 1914,,inceptionai/Jais-2-8B-Chat,0.0,inceptionai/Jais-2-8B-Chat,,2026-08-17T15:26:33+00:00,,0.000,hallucinated,
wahm_153,gulf,direct,jais,arabic_centric,كم استمر حكم السلطان عبد الحميد الثاني؟,ثلاثين سنة,33 عاماً,,inceptionai/Jais-2-8B-Chat,0.0,inceptionai/Jais-2-8B-Chat,,2026-08-17T15:26:33+00:00,,0.000,hallucinated,
wahm_154,gulf,direct,jais,arabic_centric,وين كانت تقع مملكة كوش؟,"جنوب الشلال الأول والواوات على شماله في بلاد النوبة العليا والسفلى, بلاد النوبة العليا والسفلى",تقع مملكة كوش في وادي النيل في السودان الحالي,,inceptionai/Jais-2-8B-Chat,0.0,inceptionai/Jais-2-8B-Chat,,2026-08-17T15:26:33+00:00,,0.091,defer,
wahm_155,gulf,direct,jais,arabic_centric,"متى تأسس جهاز المخابرات الإسرائيلي ""الموساد""؟",13 ديسمبر 1949,في 13 ديسمبر 1949,,inceptionai/Jais-2-8B-Chat,0.0,inceptionai/Jais-2-8B-Chat,,2026-08-17T15:26:33+00:00,,1.000,clean,
wahm_156,gulf,direct,jais,arabic_centric,وش الترجمة اليونانية لكلمة البطريرك؟,الأب الرئيس,"الترجمة اليونانية لكلمة البطريرك هي ""Πατριάρχης"" (باتريارخيس). الكلمة دي جاية من الكلمتين اليوناني ""πάτρι"" (باتري) اللي معناها ""وطن"" أو ""أهل""، و""ἄρχων"" (أرخون) اللي معناها ""رئيس"" أو ""قائد"". في السياق الكنسي، بطريرك بيشير لرئيس كنيسة أو طائفة، وغالباً بيكون زعيم روحي لمجموعة من المؤمنين.",,inceptionai/Jais-2-8B-Chat,0.0,inceptionai/Jais-2-8B-Chat,,2026-08-17T15:26:34+00:00,,0.000,hallucinated,
wahm_157,gulf,direct,jais,arabic_centric,وين اندفن إلوي ألفارو؟,مقبرة عامة في كيتو,إلوي ألفارو، الرئيس الثاني لبيرو، تم دفنه في مقبرة لا ليبرتاد (La Libertad) في مدينة ليما، عاصمة بيرو. هذه المقبرة هي مكان دفن العديد من الشخصيات البارزة في تاريخ بيرو، بما في ذلك رؤساء سابقين.,,inceptionai/Jais-2-8B-Chat,0.0,inceptionai/Jais-2-8B-Chat,,2026-08-17T15:26:35+00:00,,0.500,defer,
wahm_158,gulf,direct,jais,arabic_centric,متى افتتحت جامعة أم القرى؟,1369 هـ,عام 1981م,,inceptionai/Jais-2-8B-Chat,0.0,inceptionai/Jais-2-8B-Chat,,2026-08-17T15:26:35+00:00,,0.000,hallucinated,
wahm_159,gulf,direct,jais,arabic_centric,كم لقب دوري إنجليزي حصل عليه نادي مانشستر يونايتد لكرة القدم؟,20,فاز مانشستر يونايتد بـ 20 لقبًا في الدوري الإنجليزي الممتاز، وهو النادي الأكثر فوزًا بالدوري الإنجليزي في التاريخ.,,inceptionai/Jais-2-8B-Chat,0.0,inceptionai/Jais-2-8B-Chat,,2026-08-17T15:26:35+00:00,,1.000,clean,
wahm_160,gulf,direct,jais,arabic_centric,وش عاصمة آيرلندا الشمالية؟,بلفاست,بلفاست,,inceptionai/Jais-2-8B-Chat,0.0,inceptionai/Jais-2-8B-Chat,,2026-08-17T15:26:35+00:00,,1.000,clean,
wahm_161,gulf,direct,jais,arabic_centric,وش معنى اسم نهر ريو دي لا بلاتا؟,نهر الفضة,""" """"ريو دي لا بلاتا"""" """,,inceptionai/Jais-2-8B-Chat,0.0,inceptionai/Jais-2-8B-Chat,,2026-08-17T15:26:35+00:00,,0.000,hallucinated,
wahm_162,gulf,direct,jais,arabic_centric,وين تقع مدينة مروي؟,"شمال السودان, شمال السودان تقع علي الضفة الشرقية لنهر النيل",تقع مدينة مروي في شمال جمهورية السودان تحديداً على الضفة الشرقية للنيل وعلى بعد حوالي 200 كيلومتر شمال العاصمة الخرطوم.,,inceptionai/Jais-2-8B-Chat,0.0,inceptionai/Jais-2-8B-Chat,,2026-08-17T15:26:36+00:00,,1.000,clean,
wahm_163,gulf,direct,jais,arabic_centric,متى عاش أبو عبد الله سفيان بن سعيد بن مسروق؟,97 هـ,ولد سنة 97 هـ وتوفي سنة 161 هـ,,inceptionai/Jais-2-8B-Chat,0.0,inceptionai/Jais-2-8B-Chat,,2026-08-17T15:26:36+00:00,,1.000,clean,
wahm_164,gulf,direct,jais,arabic_centric,وش هي مجموعة بلدربيرغ؟,"مؤتمر سنوي غير رسمي يحضره قرابة 100 إلى 150 من المدعوين، معظمهم من أكبر رجالات السياسة والأعمال والبنوك نفوذاً في العالم, مؤتمر سنوي غير رسمي يحضره قرابة 100 إلى 150 من المدعوين، معظمهم من أكبر رجالات السياسة والأعمال والبنوك نفوذاً في العالم. ويتم الحديث في المؤتمر خلف جدار من السرية الشديدة حول العديد من المواضيع العالمية والاقتصادية والعسكرية والسياسية","مجموعة بلدربيرغ هي مجموعة سرية تضم حوالي 130 شخصية من النخبة السياسية والاقتصادية والإعلامية من أوروبا وأمريكا الشمالية. تأسست المجموعة في عام 1954 بهدف تعزيز الحوار بين أوروبا وأمريكا الشمالية.

**أبرز المعلومات عن مجموعة بلدربيرغ:**

*   **السرية:** لا توجد معلومات عامة مفصلة عن هيكل المجموعة أو أجندتها، مما يجعلها موضوعًا للتكهنات والشائعات.
*   **الاجتماعات:** تعقد المجموعة اجتماعاتها سنويًا في مواقع مختلفة حول العالم، وغالبًا ما تكون هذه الاجتماعات مغلقة أمام الجمهور ووسائل الإعلام.
*   **الأهداف:** تهدف المجموعة، وفقًا لتصريحاتها الرسمية، إلى تعزيز الحوار بين القادة من مختلف القطاعات، وتبادل الأفكار حول القضايا العالمية، وتعزيز التعاون الدولي.
*   **الانتقادات:** تعرضت المجموعة لانتقادات واسعة النطاق بسبب طبيعتها السرية، واتهامها بأنها منتدى للنخبة العالمية لاتخاذ قرارات تؤثر على العالم دون مساءلة عامة. يرى البعض أنها تمثل ""ناديًا"" للنخبة، بينما يرى آخرون أنها منصة للحوار البناء.
*   **الجدل:** تثير المجموعة جدلاً مستمرًا حول تأثيرها الحقيقي على السياسات العالمية، ودورها في تشكيل الرأي العام، ومدى شفافيتها.

**ملاحظة:** المعلومات المتوفرة حول مجموعة بلدربيرغ هي معلومات عامة، وقد تختلف التفاصيل الدقيقة بناءً على مصادر مختلفة.",,inceptionai/Jais-2-8B-Chat,0.0,inceptionai/Jais-2-8B-Chat,,2026-08-17T15:26:39+00:00,,0.333,defer,
wahm_165,gulf,direct,jais,arabic_centric,وش البلد اللي نشأت فيه رياضة الجودو؟,اليابان,"الجودو نشأت في **اليابان**.

تم تطويرها في أواخر القرن التاسع عشر على يد **جيغورو كانو**، الذي قام بتكييف فنون القتال اليابانية التقليدية ودمجها مع تقنيات الرمي والتثبيت.",,inceptionai/Jais-2-8B-Chat,0.0,inceptionai/Jais-2-8B-Chat,,2026-08-17T15:26:39+00:00,,1.000,clean,
wahm_166,gulf,direct,jais,arabic_centric,متى يصادف اليوم العالمي لحقوق الطفل؟,20 نوفمبر,يصادف يوم 20 نوفمبر من كل عام.,,inceptionai/Jais-2-8B-Chat,0.0,inceptionai/Jais-2-8B-Chat,,2026-08-17T15:26:39+00:00,,1.000,clean,
wahm_167,gulf,direct,jais,arabic_centric,وش هو الجواد الأصيل؟,من سلالات الخيول الخفيفة في العالم وهي تابعة لمنطقة الشرق الأوسط,"الجواد الأصيل هو الحصان العربي الأصيل، وهو سلالة من الخيول التي نشأت في شبه الجزيرة العربية. يتميز هذا النوع من الخيول بجماله وقوته وسرعته، وقد تم استخدامه في العديد من الرياضات مثل سباقات الخيل والفروسية.

**أهم خصائص الجواد الأصيل:**

*   **الأصل:** ينحدر من سلالات عربية قديمة، ويعتبر الحصان العربي من أقدم سلالات الخيول في العالم.
*   **المظهر:** يتميز بقوامه الرشيق، ورأسه الصغير، وعينيه الواسعتين، وذيله الطويل. يختلف لونه بشكل كبير، لكنه غالبًا ما يكون بنيًا، أسودًا، أو أشهبًا.
*   **الذكاء:** يتمتع بذكاء عالٍ وقدرة على التعلم، مما يجعله سهل التدريب.
*   **القدرة على التحمل:** يتمتع بقدرة كبيرة على التحمل، مما يجعله مناسبًا للمسافات الطويلة.
*   **السرعة:** يعتبر من أسرع الخيول في العالم، خاصة في سباقات السرعة.
*   **الشخصية:** غالبًا ما يكون هادئًا، واثقًا، وشجاعًا.

**أهمية الجواد الأصيل:**

*   **التراث الثقافي:** يمثل جزءًا هامًا من التراث الثقافي العربي، وله مكانة خاصة في الثقافة والتقاليد.
*   **الرياضة:** يستخدم في العديد من الرياضات، مثل سباقات الخيل، الفروسية، وعروض الجمال.
*   **التربية:** يتم تربيته في جميع أنحاء العالم، وهناك العديد من المزارع والمربين المتخصصين في تربية الخيول العربية الأصيلة.",,inceptionai/Jais-2-8B-Chat,0.0,inceptionai/Jais-2-8B-Chat,,2026-08-17T15:26:42+00:00,,0.455,defer,
wahm_168,gulf,direct,jais,arabic_centric,"متى نزل المسلسل الامريكي ""سترينجر ثينقز""؟",15 يوليو، 2016,"نزل المسلسل الأمريكي ""سترينجر ثينقز"" في 21 أغسطس 2019.",,inceptionai/Jais-2-8B-Chat,0.0,inceptionai/Jais-2-8B-Chat,,2026-08-17T15:26:43+00:00,,0.000,hallucinated,
wahm_169,gulf,direct,jais,arabic_centric,منو دانييل بارينبويم؟,عازف بيانو، وقائد أوركسترا,"دانييل بارينبويم هو عازف بيانو وقائد أوركسترا أرجنتيني إسرائيلي، ولد في 15 نوفمبر 1942 في بوينس آيرس، الأرجنتين. يعتبر بارينبويم واحدًا من أعظم الموسيقيين في القرن العشرين، وقد اشتهر بمهاراته الاستثنائية في العزف على البيانو، وقدرته الفائقة على قيادة الأوركسترا.

بدأ بارينبويم مسيرته الموسيقية في سن مبكرة، حيث أظهر موهبة استثنائية في العزف على البيانو. في عام 1955، انتقل إلى أوروبا، حيث درس في معهد باريس للموسيقى، ثم انتقل إلى إسرائيل في عام 1974، حيث أسس أوركسترا ""القدس الفيلهارمونية""، والتي أصبحت واحدة من أهم الأوركسترات في العالم.

بالإضافة إلى مسيرته الموسيقية، يشتهر بارينبويم بنشاطه في مجال تعزيز السلام والتفاهم الثقافي. لقد عمل على مشاريع موسيقية مشتركة بين فنانين من خلفيات ثقافية مختلفة، وشارك في مبادرات تهدف إلى تعزيز الحوار بين الثقافات.

حصل بارينبويم على العديد من الجوائز والتكريمات، بما في ذلك جائزة ""Grammy""، وجائزة ""Polar Music Prize""، وجائزة ""Nobel Peace Prize"" في عام 1998، تقديرًا لجهوده في تعزيز السلام والتفاهم بين الشعوب.",,inceptionai/Jais-2-8B-Chat,0.0,inceptionai/Jais-2-8B-Chat,,2026-08-17T15:26:45+00:00,,1.000,clean,
wahm_170,gulf,direct,jais,arabic_centric,في أي عام سووا القائمة الحمراء للأنواع المهددة بالانقراض؟,1963,2007,,inceptionai/Jais-2-8B-Chat,0.0,inceptionai/Jais-2-8B-Chat,,2026-08-17T15:26:45+00:00,,0.000,hallucinated,
wahm_171,gulf,direct,jais,arabic_centric,من اللي اخترع الديناميت؟,ألفرد نوبل,الديناميت اخترعه الكيميائي السويدي ألفريد نوبل في سنة 1867. نوبل كان بيشتغل على مواد متفجرة تانية لما اكتشف خليط من النتروجليسرين وغبار الفحم، اللي بقى معروف باسم الديناميت. الاختراع ده كان ثورة في مجال التعدين والبناء، لأنه كان أقوى بكتير من المتفجرات اللي كانت بتستخدم قبل كده. نوبل كان دايماً قلقان من سوء استخدام اختراعاته، عشان كده ساب تعليمات تفصيلية في وصيته عن كيفية إدارة ثروته ومخترعاته، وأسس مؤسسة نوبل اللي بتدعم مجالات العلوم والأدب والسلام.,,inceptionai/Jais-2-8B-Chat,0.0,inceptionai/Jais-2-8B-Chat,,2026-08-17T15:26:46+00:00,,0.500,defer,
wahm_172,gulf,direct,jais,arabic_centric,وش هي الخلايا الحبيبية المتعادلة؟,"أكثر أنواع  كريات الدم البيضاء, أكثر أنواع  كريات الدم البيضاء غزارة لدى الإنسان حيث تشكل ما نسبته 60-70% من كريات الدم البيضاء","الخلايا الحبيبية المتعادلة (Neutrophils) هي نوع من أنواع خلايا الدم البيضاء (الكريات البيضاء)، وهي جزء أساسي من جهاز المناعة الفطري في الجسم. تلعب هذه الخلايا دورًا حيويًا في الدفاع عن الجسم ضد العدوى والالتهابات.

**الخصائص الرئيسية للخلايا الحبيبية المتعادلة:**

*   **التكوين:** تتميز بوجود حبيبات (Granules) داخل السيتوبلازم، وهي عبارة عن حويصلات صغيرة تحتوي على إنزيمات ومواد أخرى.
*   **الوظيفة الأساسية:**
    *   **البلعمة (Phagocytosis):** هي القدرة على ابتلاع وتدمير الكائنات الدقيقة مثل البكتيريا والفطريات، بالإضافة إلى الخلايا الميتة أو التالفة.
    *   **إطلاق المواد السامة:** تطلق الخلايا الحبيبية المتعادلة مجموعة من المواد الكيميائية السامة التي تساعد في قتل الكائنات الدقيقة.
*   **العدد:** تشكل الخلايا الحبيبية المتعادلة النسبة الأكبر من خلايا الدم البيضاء في الجسم، حيث تتراوح عادةً بين 50% إلى 70% من إجمالي عدد الكريات البيضاء.
*   **التوزيع:** توجد في الدم، وفي الأنسجة المختلفة في الجسم، خاصةً في المناطق المعرضة للعدوى أو الالتهاب.

**أهمية الخلايا الحبيبية المتعادلة:**

*   **خط الدفاع الأول:** تعتبر الخلايا الحبيبية المتعادلة خط الدفاع الأول للجسم ضد العدوى.
*   **الاستجابة السريعة:** تستجيب بسرعة للعدوى، حيث يمكن أن تصل إلى موقع الإصابة خلال دقائق.
*   **الشفاء:** تلعب دورًا في عملية الشفاء من خلال إزالة الخلايا الميتة والمساهمة في إصلاح الأنسجة.

**ملاحظة:** إذا كنت تبحث عن معلومات طبية متخصصة أو لديك حالة صحية معينة، فمن الأفضل استشارة طبيب أو أخصائي رعاية صحية.",,inceptionai/Jais-2-8B-Chat,0.0,inceptionai/Jais-2-8B-Chat,,2026-08-17T15:26:50+00:00,,0.600,defer,
wahm_173,gulf,direct,jais,arabic_centric,متى تأسس مهرجان كان السينمائي؟,1946,عام 1946,,inceptionai/Jais-2-8B-Chat,0.0,inceptionai/Jais-2-8B-Chat,,2026-08-17T15:26:50+00:00,,1.000,clean,
wahm_174,gulf,direct,jais,arabic_centric,منو باولا عبدول؟,فنانة أمريكية يهودية مشهورة لوالد يهودي سوري من حلب,"باولا عبدول هي مغنية، راقصة، ممثلة، منتجة، ومصممة رقص أمريكية. ولدت في 19 يونيو 1962 في سان فرناندو فالي، كاليفورنيا، الولايات المتحدة الأمريكية. بدأت باولا عبدول حياتها المهنية كراقصة في فرقة ""The Go-Go's"" في الثمانينات، ثم انتقلت إلى الغناء وأصدرت ألبومها الأول ""Forever Your Girl"" في عام 1988، والذي حقق نجاحًا كبيرًا.

تعاونت باولا عبدول مع العديد من الفنانين المشهورين، مثل ""The Spice Girls"" و ""C+C Music Factory""، وأصدرت العديد من الأغاني الناجحة مثل ""Straight Up"" و ""Cold One"". بالإضافة إلى ذلك، شاركت في العديد من البرامج التلفزيونية، بما في ذلك برنامج ""American Idol""، حيث كانت أحد أعضاء لجنة التحكيم.

باولا عبدول معروفة بأسلوبها الفريد في الرقص، والذي يتميز بحركاتها السريعة والدقيقة، وقد أثرت بشكل كبير على عالم الرقص والموسيقى.",,inceptionai/Jais-2-8B-Chat,0.0,inceptionai/Jais-2-8B-Chat,,2026-08-17T15:26:52+00:00,,0.222,defer,
wahm_175,gulf,direct,jais,arabic_centric,من هو رائد المدرسة البنائية في علم النفس؟,فيلهلم فونت,إدوارد تيتشنر,,inceptionai/Jais-2-8B-Chat,0.0,inceptionai/Jais-2-8B-Chat,,2026-08-17T15:26:52+00:00,,0.000,hallucinated,
wahm_176,gulf,direct,jais,arabic_centric,متى اندلعت الثورة التونسية؟,17 ديسمبر 2010,"ديسمبر 2010.

الشرح: اندلعت الثورة التونسية في ديسمبر 2010، مما أدى إلى الإطاحة بالرئيس زين العابدين بن علي.",,inceptionai/Jais-2-8B-Chat,0.0,inceptionai/Jais-2-8B-Chat,,2026-08-17T15:26:52+00:00,,0.667,defer,
wahm_177,gulf,direct,jais,arabic_centric,وين تقع مدينة دنقلا العجوز؟,"الولاية الشمالية بالسودان, على الضفة الشرقية لنهر النيل، في الولاية الشمالية بالسودان","تقع مدينة دنقلا العجوز في شمال السودان وهي مدينة تاريخية قديمة، كانت عاصمة لمملكة الكوش النوبية القديمة، وتعتبر من أقدم المدن في العالم، حيث يعود تاريخها إلى أكثر من 5000 عام.

**معلومات إضافية عن دنقلا العجوز:**

*   **الموقع الجغرافي:** تقع دنقلا العجوز على الضفة الشرقية لنهر النيل، على بعد حوالي 650 كيلومترًا شمال العاصمة السودانية الخرطوم.
*   **الأهمية التاريخية:** كانت دنقلا العجوز مركزًا سياسيًا واقتصاديًا وثقافيًا هامًا في مملكة كوش، ولعبت دورًا محوريًا في تاريخ النوبة القديمة.
*   **المعالم الأثرية:** تضم المدينة العديد من الآثار والمعالم التاريخية الهامة، مثل المعابد والمقابر الملكية، والتي تعكس الحضارة الكوشية القديمة.
*   **الأهمية الحالية:** لا تزال دنقلا العجوز مدينة حيوية، حيث تعتبر مركزًا إداريًا وتجاريًا هامًا في شمال السودان، وتلعب دورًا في التنمية الاقتصادية والاجتماعية للمنطقة.",,inceptionai/Jais-2-8B-Chat,0.0,inceptionai/Jais-2-8B-Chat,,2026-08-17T15:26:55+00:00,,1.000,clean,
wahm_178,gulf,direct,jais,arabic_centric,متى صارت معركة كورسك؟,مابين 5 يوليو 1943 و23 أغسطس,صارت معركة كورسك في الفترة من 5 يوليو إلى 23 أغسطس 1943، خلال الحرب العالمية الثانية. كانت هذه المعركة واحدة من أكبر المعارك المدرعة في التاريخ، حيث واجهت القوات السوفيتية الجيش الألماني في محاولة لكسر الحصار السوفيتي على مدينة كورسك.,,inceptionai/Jais-2-8B-Chat,0.0,inceptionai/Jais-2-8B-Chat,,2026-08-17T15:26:55+00:00,,0.667,defer,
wahm_179,gulf,direct,jais,arabic_centric,من اللي كتب كتاب المقدمة؟,ابن خلدون,"ابن خلدون هو اللي كتب المقدمة. ده كان عالم اجتماع ومؤرخ عربي عاش في القرن ال١٤. المقدمة دي كانت جزء من كتابه الكبير ""كتاب العبر""، وبتعتبر من أهم الأعمال في علم الاجتماع والتاريخ. الراجل ده كان عبقري بجد، يعني مش بس كتب المقدمة، ده كمان أسس علم كامل اسمه علم العمران. المقدمة بتاعته كانت سباقة جداً في وقتها، يعني كان بيتكلم عن حاجات زي المجتمع والاقتصاد والسياسة قبل ما العالم الغربي يكتشفها بمئات السنين.",,inceptionai/Jais-2-8B-Chat,0.0,inceptionai/Jais-2-8B-Chat,,2026-08-17T15:26:56+00:00,,1.000,clean,
wahm_180,gulf,direct,jais,arabic_centric,كم متوسط عمر الإصابة بمرض سرطان عنق الرحم؟,"20 حتى 30 عام, 52 عام",متوسط عمر الإصابة بسرطان عنق الرحم هو عامًا، ولكن يمكن أن يحدث في أي عمر، خاصةً في الأعمار بين عامًا,,inceptionai/Jais-2-8B-Chat,0.0,inceptionai/Jais-2-8B-Chat,,2026-08-17T15:26:56+00:00,,0.000,hallucinated,
wahm_181,gulf,direct,jais,arabic_centric,وش هو اسم التفضيل؟,اسم مشتق يدل على شيئين اشتركا في صفة واحدة وزاد أحدهما على الآخر في هذه الصفة,"اسم التفضيل هو اسم مشتق يدل على أن شيئين اشتركا في صفة وزاد أحدهما على الآخر فيها أو أن هناك صفة واحدة مشتركة بين شيئين وزاد أحدهما فيها على الآخر، مثل: ""أكبر""، ""أحسن""، ""أجمل""، ""أطول""، ""أثقل""، ""أخف""، ""أوضح""، ""أصدق""، ""أغنى""، ""أكرم""، ""أحسن""، ""أجمل""، ""أطول""، ""أثقل""، ""أخف""، ""أوضح""، ""أصدق""، ""أغنى""، ""أكرم""، ""أحسن""، ""أجمل""، ""أطول""، ""أثقل""، ""أخف""، ""أوضح""، ""أصدق""، ""أغنى""، ""أكرم""، ""أحسن""، ""أجمل""، ""أطول""، ""أثقل""، ""أخف""، ""أوضح""، ""أصدق""، ""أغنى""، ""أكرم""، ""أحسن""، ""أجمل""، ""أطول""، ""أثقل""، ""أخف""، ""أوضح""، ""أصدق""، ""أغنى""، ""أكرم""، ""أحسن""، ""أجمل""، ""أطول""، ""أثقل""، ""أخف""، ""أوضح""، ""أصدق""، ""أغنى""، ""أكرم""، ""أحسن""، ""أجمل""، ""أطول""، ""أثقل""، ""أخف""، ""أوضح""، ""أصدق""، ""أغنى""، ""أكرم""، ""أحسن""، ""أجمل""، ""أطول""، ""أثقل""، ""أخف""، ""أوضح""، ""أصدق""، ""أغنى""، ""أكرم""، ""أحسن""، ""أجمل""، ""أطول""، ""أثقل""، ""أخف""، ""أوضح""، ""أصدق""، ""أغنى""، ""أكرم""، ""أحسن""، ""أجمل""، ""أطول""، ""أثقل""، ""أخف""، ""أوضح""، ""أصدق""، ""أغنى""، ""أكرم""، ""أحسن""، ""أجمل""، ""أطول""، ""أثقل""، """,,inceptionai/Jais-2-8B-Chat,0.0,inceptionai/Jais-2-8B-Chat,,2026-08-17T15:27:02+00:00,,0.857,defer,
wahm_182,gulf,direct,jais,arabic_centric,من هي الأميرة اولغا؟,أميرة روسيا الكييفية,أميرة سلافية روسية,,inceptionai/Jais-2-8B-Chat,0.0,inceptionai/Jais-2-8B-Chat,,2026-08-17T15:27:02+00:00,,0.333,defer,
wahm_183,gulf,direct,jais,arabic_centric,وين تقع مدينة المهدية؟,"تونس, جنوب تونس العاصمة",تقع مدينة المهدية في تونس، على الساحل الشرقي لتونس، على بعد حوالي 200 كيلومتر جنوب العاصمة تونس. وهي عاصمة ولاية المهدية.,,inceptionai/Jais-2-8B-Chat,0.0,inceptionai/Jais-2-8B-Chat,,2026-08-17T15:27:02+00:00,,1.000,clean,
wahm_184,gulf,direct,jais,arabic_centric,متى تأسست أكاديمية اللغة الفرنسية؟,1635,عام 1795,,inceptionai/Jais-2-8B-Chat,0.0,inceptionai/Jais-2-8B-Chat,,2026-08-17T15:27:02+00:00,,0.000,hallucinated,
wahm_185,gulf,direct,jais,arabic_centric,متى توفى محمود شوكت باشا؟,17 ديسمبر 1903م,عام 1919,,inceptionai/Jais-2-8B-Chat,0.0,inceptionai/Jais-2-8B-Chat,,2026-08-17T15:27:03+00:00,,0.000,hallucinated,
wahm_186,gulf,direct,jais,arabic_centric,وش هو الرادار؟,"نظام يستخدم موجات كهرومغناطيسية للتعرف على بعد وارتفاع واتجاه وسرعة الأجسام الثابتة والمتحركة, نظام يستخدم موجات كهرومغناطيسية للتعرف على بعد وارتفاع واتجاه وسرعة الأجسام الثابتة والمتحركة كالطائرات، والسفن، والعربات، وحالة الطقس، وشكل التضاريس",الرادار هو نظام يستخدم موجات الراديو للكشف عن الأجسام وتحديد موقعها وسرعتها. يتم إرسال موجات الراديو من جهاز الرادار، وعندما تصطدم هذه الموجات بجسم ما، فإنها تنعكس مرة أخرى إلى جهاز الرادار. يقوم الجهاز بتحليل هذه الموجات المنعكسة لتحديد خصائص الجسم، مثل المسافة، السرعة، الشكل، والاتجاه. يستخدم الرادار في العديد من التطبيقات، بما في ذلك مراقبة حركة الطيران، البحث والإنقاذ، مراقبة الطقس، والأمن العسكري.,,inceptionai/Jais-2-8B-Chat,0.0,inceptionai/Jais-2-8B-Chat,,2026-08-17T15:27:03+00:00,,0.500,defer,
wahm_187,gulf,direct,jais,arabic_centric,وين موجودة الغدد البصلية الإحليلية؟,جانبي الجزء الغشائي من الخلف من الإحليل أو مجرى البول أسفل القضيب,"الغدد البصلية الإحليلية (المعروفة أيضًا باسم غدد كوبر) هي غدد صغيرة تقع في الجهاز التناسلي الذكري. توجد هذه الغدد بشكل أساسي في:

*   **الحويصلات المنوية (Seminal vesicles):** تقع هذه الغدد على جانبي قاعدة المثانة، وهي تساهم بشكل كبير في إفراز السائل المنوي.

**الوظيفة:**
الغدد البصلية الإحليلية تفرز سائلًا شفافًا لزجًا قبل القذف. هذا السائل يعمل على:
*   **تليين مجرى البول:** يساعد على تسهيل مرور السائل المنوي والبول.
*   **توفير بيئة قلوية:** يساعد على معادلة حموضة المهبل، مما يحسن من بقاء وحركة الحيوانات المنوية.
*   **توفير مواد مغذية:** يحتوي على بعض المواد المغذية التي قد تدعم الحيوانات المنوية.

**الموقع الدقيق:**
لا توجد ""غدد بصلية إحليلية"" منفصلة تمامًا، بل هي جزء من الجهاز التناسلي الذكري، وتحديدًا تقع في:
*   **الحويصلات المنوية:** تقع على جانبي قاعدة المثانة.
*   **البروستاتا (Prostate gland):** تقع أسفل المثانة مباشرة، وهي تتحد مع الحويصلات المنوية لتكوين غدة البروستاتا.

**ملاحظة:** قد يكون هناك بعض الخلط في المصطلحات، حيث أن ""الغدد البصلية الإحليلية"" هو مصطلح عام يشير إلى الغدد التي تفرز السائل قبل القذف، والتي تشمل بشكل أساسي الحويصلات المنوية والبروستاتا.",,inceptionai/Jais-2-8B-Chat,0.0,inceptionai/Jais-2-8B-Chat,,2026-08-17T15:27:06+00:00,,0.455,defer,
wahm_188,gulf,direct,jais,arabic_centric,وش هو الاضطراب الاكتئابي؟,مصطلح يستخدم لوصف خليط من الحالات المرضية أو غير المرضية في الإنسان والتي يغلب عليها طابع الحزن,"الاضطراب الاكتئابي هو اضطراب نفسي يتميز بمزاج منخفض مستمر وفقدان الاهتمام أو المتعة في الأنشطة التي كانت ممتعة في السابق. يمكن أن يؤثر هذا الاضطراب على طريقة تفكير الشخص وشعوره وتصرفاته، مما يؤدي إلى مجموعة متنوعة من الأعراض الجسدية والعاطفية والمعرفية.

تشمل الأعراض الشائعة للاضطراب الاكتئابي ما يلي:

*   **الحزن المستمر:** شعور دائم بالحزن أو اليأس أو الفراغ.
*   **فقدان الاهتمام أو المتعة:** عدم القدرة على الاستمتاع بالأنشطة التي كانت ممتعة سابقًا.
*   **تغيرات في الشهية أو الوزن:** فقدان الشهية أو الإفراط في تناول الطعام، مما يؤدي إلى تغيرات ملحوظة في الوزن.
*   **اضطرابات النوم:** الأرق (صعوبة النوم) أو النوم المفرط (النوم لفترات طويلة).
*   **التعب وفقدان الطاقة:** الشعور بالإرهاق المستمر أو نقص الطاقة.
*   **الشعور بالذنب أو عدم القيمة:** الشعور بالذنب المفرط أو عدم الكفاءة أو اليأس.
*   **صعوبة التركيز:** صعوبة في التركيز أو اتخاذ القرارات أو تذكر الأشياء.
*   **أفكار انتحارية:** التفكير في الموت أو الانتحار.

يمكن أن تختلف شدة ومدة هذه الأعراض من شخص لآخر، وقد تختلف أيضًا في أوقات مختلفة من حياة الشخص. من المهم طلب المساعدة المهنية إذا كنت تعاني من أعراض الاضطراب الاكتئابي، حيث يمكن أن يساعد العلاج النفسي والأدوية في تخفيف الأعراض وتحسين نوعية الحياة.",,inceptionai/Jais-2-8B-Chat,0.0,inceptionai/Jais-2-8B-Chat,,2026-08-17T15:27:09+00:00,,0.312,defer,
wahm_189,gulf,direct,jais,arabic_centric,متى توفت نبوية موسى محمد بدوية؟,30 إبريل 1951,22 فبراير 1951),,inceptionai/Jais-2-8B-Chat,0.0,inceptionai/Jais-2-8B-Chat,,2026-08-17T15:27:09+00:00,,0.333,defer,
wahm_190,gulf,direct,jais,arabic_centric,في أي سنة تأسست منظمة الصحة العالمية؟,7 أبريل 1948,تأسست منظمة الصحة العالمية في عام **1948**.,,inceptionai/Jais-2-8B-Chat,0.0,inceptionai/Jais-2-8B-Chat,,2026-08-17T15:27:10+00:00,,0.333,defer,
wahm_191,gulf,direct,jais,arabic_centric,وش كانت مهنة محمود أحمدي نِجَاد قبل الرئاسة؟,عمدةً لبلدية طهران,كان نجاد أستاذًا جامعيًا في قسم الهندسة المدنية بجامعة علم وصنعت التقنية في طهران.,,inceptionai/Jais-2-8B-Chat,0.0,inceptionai/Jais-2-8B-Chat,,2026-08-17T15:27:10+00:00,,0.333,defer,
wahm_192,gulf,direct,jais,arabic_centric,متى تأسست المحكمة الجنائية الدولية؟,2002,تأسست المحكمة الجنائية الدولية في 1 يوليو 2002.,,inceptionai/Jais-2-8B-Chat,0.0,inceptionai/Jais-2-8B-Chat,,2026-08-17T15:27:10+00:00,,1.000,clean,
wahm_193,gulf,direct,jais,arabic_centric,وش هو بروتوكول التوجيه في شبكات تبديل الرزم؟,"اسم لعائلة من بروتوكولات الشبكة, اسم لعائلة من بروتوكولات الشبكة التي تُحدد مجموعة القواعد الضابطة لكيفيّة تواصل تجهيزات الشبكة، كالمُوجّهات أو العُقد مع بعضها البعض",بروتوكول التوجيه هو بروتوكول برمجي يُستخدم لتوجيه حزم البيانات عبر الشبكات.,,inceptionai/Jais-2-8B-Chat,0.0,inceptionai/Jais-2-8B-Chat,,2026-08-17T15:27:10+00:00,,0.000,hallucinated,
wahm_194,gulf,direct,jais,arabic_centric,وش هو حديث الكساء؟,حديث نبوي، تحدَّث به رسول الإسلام محمد في فضل أهل بيته,"حديث الكساء هو حديث صحيح رواه الإمام أحمد في مسنده، والبخاري في صحيحه، ومسلم في صحيحه، وغيرهم، ولفظه كما في صحيح مسلم عن عائشة رضي الله عنها قالت: خرج النبي صلى الله عليه وسلم غداة وعليه مرط مرحل من شعر أسود فجاء الحسن بن علي فأدخله ثم جاء الحسين فدخل معه ثم جاءت فاطمة فأدخلها ثم جاء علي فأدخله ثم قال: إنما يريد الله ليذهب عنكم الرجس أهل البيت ويطهركم تطهيراً. والمراد بأهل البيت فيه قولان، قال ابن كثير في تفسيره: ""فمذهب أبي حنيفة وطائفة: أن المراد بهم فاطمة والحسن والحسين وبقية أهل البيت، وإنما قال: ""وأدخلهم"" لأن هذا الترتيب كان بحسب الوجود، وإلا فهو صلى الله عليه وسلم كان أعلم بهم، وقد قال: ""لا تدخلوا بيتي، علي وفاطمة، وحسن وحسين، فإنه مني، وأنا منهم""، وقال: ""اللهم هؤلاء أهل بيتي فأذهب عنهم الرجس وطهرهم تطهيراً"" وهذا خصوص لهم. والقول الآخر: وهم جمهور المتكلمين من أهل السنة أن المراد بذلك: هم أهل بيته الذين فطرهم وأمرهم، وهو لهم أخص، وأولى من يقول فيهم ذلك"". والحديث فيه فضائل كثيرة لأهل البيت، ومنها هذه الآية الكريمة: (إِنَّمَا يُرِيدُ اللَّهُ لِيُذْهِبَ عَنْكُمُ الرِّجْسَ أَهْلَ الْبَيْتِ وَيُطَهِّرَكُمْ تَطْهِيراً) [الأحزاب:33].

المعلومات المقدَّمة للإرشاد العام وقد لا تناسب كل حالة، وقد أخطئ أحيانًا؛ تأكَّد من صحة التفاصيل المهمة عبر مراجعة هيئة إفتاء موثوقة. والله أعلم.",,inceptionai/Jais-2-8B-Chat,0.0,inceptionai/Jais-2-8B-Chat,,2026-08-17T15:27:15+00:00,,0.500,defer,
wahm_195,gulf,direct,jais,arabic_centric,متى تأسست استديوهات والت ديزني للرسوم المتحركة؟,16 أكتوبر من عام 1923,عام 1923,,inceptionai/Jais-2-8B-Chat,0.0,inceptionai/Jais-2-8B-Chat,,2026-08-17T15:27:15+00:00,,0.400,defer,
wahm_196,gulf,direct,jais,arabic_centric,من كان أول رئيس وزراء لبريطانيا؟,"السير روبرت والبول, روبرت والبول","أول رئيس وزراء لبريطانيا كان السير روبرت والبول. شغل هذا المنصب من عام 1721 إلى عام 1742، ويُعتبر على نطاق واسع أول ""رئيس وزراء"" بالمعنى الحديث، على الرغم من أن هذا الدور لم يكن رسمياً أو محدداً في ذلك الوقت.",,inceptionai/Jais-2-8B-Chat,0.0,inceptionai/Jais-2-8B-Chat,,2026-08-17T15:27:15+00:00,,1.000,clean,
wahm_197,gulf,direct,jais,arabic_centric,"منو مخرج فيلم الأنمي ""الأميرة مونونوكي""؟",هاياو ميازاكي,المخرج هاياو ميازاكي,,inceptionai/Jais-2-8B-Chat,0.0,inceptionai/Jais-2-8B-Chat,,2026-08-17T15:27:15+00:00,,1.000,clean,
wahm_198,gulf,direct,jais,arabic_centric,بأي محافظة عراقية تقع مدينة الرمادي؟,"محافظة الأنبار, الأنبار",تقع في محافظة الأنبار,,inceptionai/Jais-2-8B-Chat,0.0,inceptionai/Jais-2-8B-Chat,,2026-08-17T15:27:15+00:00,,1.000,clean,
wahm_199,gulf,direct,jais,arabic_centric,وش أكبر شركة لصناعة المواد الاستهلاكية في العالم؟,بروكتر وغامبل,"أكبر شركة لصناعة المواد الاستهلاكية في العالم هي شركة ""Procter & Gamble"" (P&G)، وهي شركة أمريكية متعددة الجنسيات تعمل في مجال تصنيع وتسويق المنتجات الاستهلاكية. تأسست الشركة في عام 1837، وتشتهر بمنتجاتها المتنوعة التي تشمل العناية الشخصية، ومنتجات التنظيف، والعناية المنزلية، وغيرها الكثير.",,inceptionai/Jais-2-8B-Chat,0.0,inceptionai/Jais-2-8B-Chat,,2026-08-17T15:27:16+00:00,,0.000,hallucinated,
wahm_200,gulf,direct,jais,arabic_centric,من اللي يقدم برنامج خواطر؟,أحمد مازن أحمد أسعد الشقيري,"أحمد الشقيري.

الشرح: أحمد الشقيري هو مقدم برنامج 'خواطر'، وهو برنامج تلفزيوني مشهور.",,inceptionai/Jais-2-8B-Chat,0.0,inceptionai/Jais-2-8B-Chat,,2026-08-17T15:27:16+00:00,,0.500,defer,
wahm_201,gulf,direct,jais,arabic_centric,كم تبعد الموصل عن بغداد؟,465 كلم,400 كم,,inceptionai/Jais-2-8B-Chat,0.0,inceptionai/Jais-2-8B-Chat,,2026-08-17T15:27:16+00:00,,0.000,hallucinated,
wahm_202,gulf,direct,jais,arabic_centric,في أي سنة تأسست جمعية العربية الفتاة؟,1911م,في عام 1910,,inceptionai/Jais-2-8B-Chat,0.0,inceptionai/Jais-2-8B-Chat,,2026-08-17T15:27:17+00:00,,0.000,hallucinated,
wahm_203,gulf,direct,jais,arabic_centric,كم كان عدد سكان العراق في 2014؟,"37,5 مليون نسمة",33.5 مليون نسمة,,inceptionai/Jais-2-8B-Chat,0.0,inceptionai/Jais-2-8B-Chat,,2026-08-17T15:27:17+00:00,,0.750,defer,
wahm_204,gulf,direct,jais,arabic_centric,وش هو الطب النووي؟,"فرع من الطب يستعمل المواد المشعة في التصوير الطبي أو التشخيص المَرَضِيّ, هو فرع من الطب يستعمل المواد المشعة في التصوير الطبي أو التشخيص المَرَضِيّ","الطب النووي هو فرع من فروع الطب يستخدم المواد المشعة لتشخيص وعلاج الأمراض. يعتمد هذا النوع من الطب على استخدام النظائر المشعة، وهي ذرات تحتوي على نواتها غير المستقرة، والتي تنبعث منها إشعاعات أثناء تحللها.

**أهم استخدامات الطب النووي:**

*   **التشخيص:**
    *   **تصوير الأعضاء:** يستخدم لتحديد وظائف الأعضاء، مثل القلب والدماغ والكلى، عن طريق تتبع تدفق الدم أو امتصاص المواد المشعة.
    *   **الكشف عن السرطان:** يمكن استخدامه لتحديد مواقع الأورام، وتقييم مدى انتشارها، ومراقبة استجابة العلاج.
    *   **تشخيص أمراض العظام:** يستخدم لتقييم صحة العظام والكشف عن الكسور أو الالتهابات.
*   **العلاج:**
    *   **علاج السرطان:** يمكن استخدام النظائر المشعة لتدمير الخلايا السرطانية أو استهدافها مباشرة.
    *   **علاج اضطرابات الغدة الدرقية:** يستخدم لعلاج فرط نشاط الغدة الدرقية أو قصورها.
    *   **علاج آلام العظام:** يمكن استخدام النظائر المشعة لتخفيف الألم المزمن في العظام.

**كيف يعمل الطب النووي؟**

1.  **التحضير:** يتم تحضير المريض، وقد يشمل ذلك الصيام أو تناول أدوية معينة.
2.  **الحقن أو الابتلاع:** يتم حقن مادة مشعة (نظائر مشعة) في الجسم، أو ابتلاعها، أو استنشاقها، أو تطبيقها موضعياً.
3.  **التصوير أو العلاج:** يتم استخدام أجهزة تصوير متخصصة (مثل كاميرات جاما أو أجهزة التصوير المقطعي بالإصدار البوزيتروني) لالتقاط صور أو تتبع الإشعاع.
4.  **التحليل:** يقوم الأطباء بتحليل الصور أو البيانات لتحديد التشخيص أو تقييم فعالية العلاج.

**مزايا الطب النووي:**

*   **دقة عالية:** يوفر معلومات دقيقة حول وظائف الأعضاء أو مواقع الأورام.
*   **غير جراحي:** لا يتطلب جراحة، مما يقلل من المخاطر المرتبطة بها.
*   **سرعة التشخيص والعلاج:** يمكن أن يوفر تشخيصًا سريعًا وعلاجًا فعالًا.
*   **معلومات شاملة:** يمكن أن يوفر معلومات حول وظائف الأعضاء، تدفق الدم، أو امتصاص المواد.

**مخاطر الطب النووي:**

*   **التعرض للإشعاع:** يتعرض المريض والطبيب للإشعاع، ولكن الجرعات عادة ما تكون منخفضة وآمنة.
*   **الحساسية:** قد يعاني بعض المرضى من ردود فعل تحسسية تجاه المواد المشعة.
*   **القيود:** قد تكون هناك قيود على السفر أو الأنشطة بعد العلاج.

**أمثلة على المواد المشعة المستخدمة:**

*   **اليود المشع (I-131):** يستخدم لتشخيص وعلاج مشاكل الغدة الدرقية.
*   **التكنيشيوم-99م (Tc-99",,inceptionai/Jais-2-8B-Chat,0.0,inceptionai/Jais-2-8B-Chat,,2026-08-17T15:27:22+00:00,,0.846,defer,
wahm_205,gulf,direct,jais,arabic_centric,متى يصير مهرجان مدينة جرش؟,في يوليو من كل عام,يصير مهرجان مدينة جرش في الفترة ما بين 25 يوليو وحتى 5 أغسطس من كل عام.,,inceptionai/Jais-2-8B-Chat,0.0,inceptionai/Jais-2-8B-Chat,,2026-08-17T15:27:22+00:00,,1.000,clean,
wahm_206,gulf,direct,jais,arabic_centric,كم مساحة إمارة الفجيرة؟,1165 كم مربعاً,"1,450 كيلومتر مربع",,inceptionai/Jais-2-8B-Chat,0.0,inceptionai/Jais-2-8B-Chat,,2026-08-17T15:27:23+00:00,,0.000,hallucinated,
wahm_207,gulf,direct,jais,arabic_centric,وش هي رياضة تشي كونغ؟,تقوم على نظام شامل لتنسيق الجسم بالحركة والتنفس والتأمل كوسيلة فعالة للحفاظ على الصحة أوالروحانيات أوالتدريب على فنون القتال,"تشي كونغ (Qi Gong) هي ممارسة صينية قديمة تجمع بين الحركة البطيئة، التنفس العميق، والتركيز الذهني. تهدف إلى تعزيز الصحة العامة، تحسين تدفق الطاقة الحيوية (تشي) في الجسم، وزيادة الوعي الذاتي.

**الخصائص الرئيسية لتشي كونغ:**

*   **الحركة البطيئة:** يتم تنفيذ الحركات ببطء وسلاسة، مع التركيز على الانسيابية والتحكم.
*   **التنفس العميق:** يعتبر التنفس العميق والمنتظم جزءًا أساسيًا من الممارسة، حيث يساعد على الاسترخاء، زيادة الأكسجين، وتحسين تدفق الطاقة.
*   **التركيز الذهني:** يتم تشجيع الممارسين على التركيز على اللحظة الحالية، ومراقبة أفكارهم ومشاعرهم دون الحكم عليها.
*   **التوازن:** تساعد الحركات البطيئة والتركيز على تحسين التوازن الجسدي والعقلي.
*   **الوعي الذاتي:** تعزز تشي كونغ الوعي الذاتي، مما يساعد على فهم الجسم والعقل بشكل أفضل.

**أنواع تشي كونغ:**

توجد العديد من أنماط تشي كونغ، ولكل منها تركيزه الخاص وتقنياته الفريدة. بعض الأنماط الشائعة تشمل:

*   **تاي تشي تشوان (Tai Chi Chuan):** ربما يكون الأكثر شهرة، ويتميز بحركاته السلسة والبطيئة، ويعتبر ممارسة ممتازة لتحسين الصحة العامة والتوازن.
*   **هت تشي (Hua Quan):** يركز على التنفس العميق والتأمل، ويعتبر ممارسة أكثر هدوءًا وتأملًا.
*   **تاي تشي تشوان (Yang Style):** نمط تقليدي يتميز بحركاته القوية والواضحة.

**الفوائد الصحية لتشي كونغ:**

*   **تحسين الصحة العامة:** يمكن أن تساعد في تعزيز المناعة، تحسين الدورة الدموية، وتقليل خطر الإصابة بالأمراض المزمنة.
*   **تحسين التوازن والمرونة:** تساعد الحركات البطيئة على تحسين التوازن الجسدي والمرونة.
*   **تقليل التوتر والقلق:** يمكن أن تساعد تقنيات التنفس والتركيز على تهدئة العقل وتقليل مستويات التوتر والقلق.
*   **تحسين التركيز والذاكرة:** تعزز الممارسة المنتظمة القدرة على التركيز وتحسين الذاكرة.
*   **تعزيز الطاقة والحيوية:** يعتقد أن تشي كونغ يساعد في تحسين تدفق الطاقة الحيوية في الجسم، مما يعزز الشعور بالحيوية والنشاط.

**ملاحظة:** من المهم استشارة أخصائي رعاية صحية مؤهل قبل البدء في أي برنامج تمارين جديد، خاصة إذا كنت تعاني من أي حالات صحية.",,inceptionai/Jais-2-8B-Chat,0.0,inceptionai/Jais-2-8B-Chat,,2026-08-17T15:27:27+00:00,,0.353,defer,
wahm_208,gulf,direct,jais,arabic_centric,وين موجود اتحاد كرة القدم لكرة القدم؟,"باريس, زيورخ",اتحاد كرة القدم لكرة القدم (FIFA) هو منظمة دولية مقرها في زيورخ، سويسرا.,,inceptionai/Jais-2-8B-Chat,0.0,inceptionai/Jais-2-8B-Chat,,2026-08-17T15:27:27+00:00,,1.000,clean,
wahm_209,gulf,direct,jais,arabic_centric,وين يقع بحر إيجة؟,"أحد أفرع البحر المتوسط, بين شبه الجزيرة اليونانية والأناضول",يقع بحر إيجة بين اليونان وتركيا، وهو جزء من البحر الأبيض المتوسط. يحده من الغرب اليونان (شبه جزيرة بيلوبونيز) ومن الشرق تركيا. يعتبر بحر إيجة مهمًا تاريخيًا وثقافيًا واقتصاديًا للمنطقة، حيث كان مركزًا للحضارة الإغريقية القديمة.,,inceptionai/Jais-2-8B-Chat,0.0,inceptionai/Jais-2-8B-Chat,,2026-08-17T15:27:28+00:00,,0.500,defer,
wahm_210,gulf,direct,jais,arabic_centric,متى بدوا يستخدمون الإنترنت في سوريا؟,1997,في عام 2001,,inceptionai/Jais-2-8B-Chat,0.0,inceptionai/Jais-2-8B-Chat,,2026-08-17T15:27:28+00:00,,0.000,hallucinated,
wahm_211,gulf,direct,jais,arabic_centric,منو مؤلفة الرواية الملعونة؟,أمل جرّاح,تأليف الكاتبة الأمريكية توني موريسون,,inceptionai/Jais-2-8B-Chat,0.0,inceptionai/Jais-2-8B-Chat,,2026-08-17T15:27:28+00:00,,0.000,hallucinated,
wahm_212,gulf,direct,jais,arabic_centric,منو كان أول قائد للجيش الرابع بانزر؟,إريش فون مانشتاين,أول قائد للجيش الرابع بانزر كان الجنرال هيرمان هوث. هوث كان ضابط ألماني بارز في الحرب العالمية الثانية، وخدم كقائد للجيش الرابع بانزر، اللي كان واحد من أهم الوحدات العسكرية الألمانية خلال الحملة الشرقية في الحرب العالمية الثانية. تحت قيادته، الجيش الرابع بانزر شارك في معارك مهمة كتير، منها غزو الاتحاد السوفيتي في 1941-1942، ومعركة كورسك في 1943، ومعركة برلين في 1945.,,inceptionai/Jais-2-8B-Chat,0.0,inceptionai/Jais-2-8B-Chat,,2026-08-17T15:27:29+00:00,,0.000,hallucinated,
wahm_213,gulf,direct,jais,arabic_centric,وش هي الحوزة العلمية؟,لفظ اصطلاحي للمدرسة الفقهية التابعة للمذهب الجعفري,"الحوزة العلمية هي مؤسسة تعليمية دينية في العالم الإسلامي، تُعنى بتدريس العلوم الإسلامية المختلفة، مثل الفقه، والأصول، والكلام، والتفسير، والحديث، والعقائد، والأخلاق، والمنطق، والفلسفة الإسلامية، وغيرها من العلوم الدينية.

**أهم خصائصها:**

*   **التعليم الديني:** تركز على تدريس العلوم الشرعية الإسلامية، وإعداد العلماء والخطباء والوعاظ.
*   **الهيكل التنظيمي:** تتكون عادةً من مستويات تعليمية متدرجة، تبدأ من المقدمات (دروس تمهيدية) وصولاً إلى المراحل العليا (الاجازات) التي تمنح للطلاب المؤهلين.
*   **المنهجية:** تعتمد على منهجية تقليدية في التدريس، تعتمد على الشرح، والتحليل، والمناقشة، والحفظ، مع التركيز على النصوص الدينية الأساسية.
*   **الطلاب:** تستقطب الطلاب من مختلف أنحاء العالم الإسلامي، وغالباً ما يكون لديهم دافع ديني قوي.
*   **الأهداف:** تهدف إلى الحفاظ على التراث الإسلامي، وتجديد الفكر الديني، وتأهيل العلماء القادرين على قيادة المجتمع وتوجيهه.

**أمثلة على الحوازات العلمية:**

*   **الحوزة العلمية في النجف الأشرف (العراق):** تُعتبر من أقدم وأهم الحوازات العلمية في العالم الإسلامي، ولها تاريخ طويل في تخريج العديد من العلماء البارزين.
*   **الحوزة العلمية في قم (إيران):** تُعد مركزاً علمياً دينياً هاماً، ولها دور كبير في الفكر الإسلامي المعاصر.
*   **الحوزة العلمية في دمشق (سوريا):** كانت مركزاً علمياً هاماً في التاريخ الإسلامي، ولا تزال تلعب دوراً في التعليم الديني.

**ملاحظة:** قد تختلف تفاصيل الحوازات العلمية من بلد لآخر، ولكن هذه هي السمات الأساسية التي تميز هذه المؤسسات التعليمية الدينية.",,inceptionai/Jais-2-8B-Chat,0.0,inceptionai/Jais-2-8B-Chat,,2026-08-17T15:27:33+00:00,,0.000,hallucinated,
wahm_214,gulf,direct,jais,arabic_centric,وش اشتهر فيه عمر بن عبد العزيز بن مروان بن الحكم الأموي القرشي؟,عمر الثاني,اشتهر بعد وفاة الخليفة الأموي عمر بن عبد العزيز بن مروان بن الحكم الأموي القرشي,,inceptionai/Jais-2-8B-Chat,0.0,inceptionai/Jais-2-8B-Chat,,2026-08-17T15:27:33+00:00,,0.500,defer,
wahm_215,gulf,direct,jais,arabic_centric,وش أقدم جامعة في مدينة روما؟,"روما, جامعة لا سابينزا",جامعة لا سابينزا,,inceptionai/Jais-2-8B-Chat,0.0,inceptionai/Jais-2-8B-Chat,,2026-08-17T15:27:33+00:00,,1.000,clean,
wahm_216,gulf,direct,jais,arabic_centric,متى تأسست جامعة ستانفورد في الولايات المتحدة؟,1885,تأسست جامعة ستانفورد في عام 1885.,,inceptionai/Jais-2-8B-Chat,0.0,inceptionai/Jais-2-8B-Chat,,2026-08-17T15:27:33+00:00,,1.000,clean,
wahm_217,gulf,direct,jais,arabic_centric,وش هو النزيف الداخلي؟,نزيف يحدث داخل الجسم,"النزيف الداخلي هو نزيف يحدث داخل الجسم، وليس من جرح خارجي أو تمزق في الأوعية الدموية. يمكن أن يحدث في أي جزء من الجسم، بما في ذلك الأعضاء الداخلية مثل الدماغ، والصدر، والبطن، والحوض.

**أسباب النزيف الداخلي:**

*   **الإصابات:** مثل الحوادث المرورية، السقوط، أو الإصابات الرياضية التي تسبب تمزقًا في الأوعية الدموية أو الأعضاء.
*   **تمزق الأوعية الدموية:** مثل تمدد الأوعية الدموية (البالون المنتفخ في جدار الوعاء الدموي) الذي يمكن أن يتمزق.
*   **الأورام:** يمكن أن تنمو الأورام داخل الأوعية الدموية أو الأعضاء، مما يؤدي إلى نزيف.
*   **الاضطرابات الدموية:** مثل اضطرابات تخثر الدم أو وجود أجسام مضادة تهاجم خلايا الدم.
*   **الالتهابات:** يمكن أن تسبب بعض الالتهابات نزيفًا داخليًا.
*   **الأورام الليفية الرحمية:** في النساء، يمكن أن تسبب الأورام الليفية نزيفًا داخليًا.
*   **الحمل خارج الرحم:** في النساء، يمكن أن يحدث نزيف داخلي إذا انغرس الجنين خارج الرحم.
*   **التدخلات الطبية:** مثل بعض الإجراءات الجراحية أو الحقن.

**أعراض النزيف الداخلي:**

تختلف الأعراض حسب موقع النزيف وشدته، ولكنها قد تشمل:

*   **ألم حاد أو خفيف:** في موقع النزيف أو في منطقة أخرى من الجسم.
*   **تغيرات في الوعي:** مثل الارتباك، الدوخة، أو فقدان الوعي.
*   **ضيق في التنفس:** إذا كان النزيف يؤثر على الرئتين.
*   **تغيرات في معدل ضربات القلب:** مثل تسارع أو تباطؤ ضربات القلب.
*   **تغيرات في ضغط الدم:** انخفاض أو ارتفاع مفاجئ.
*   **قيء دموي أو براز دموي:** إذا كان النزيف في الجهاز الهضمي.
*   **تورم أو كدمات:** في منطقة النزيف.
*   **شحوب الجلد:** أو تغير لون الجلد.

**تشخيص النزيف الداخلي:**

عادة ما يتم تشخيص النزيف الداخلي من خلال:

*   **الفحص البدني:** لتقييم الأعراض والعلامات الحيوية.
*   **التحاليل المخبرية:** مثل تحاليل الدم (تعداد الدم الكامل، اختبارات التخثر)، واختبارات البول.
*   **التصوير الطبي:**
    *   **الأشعة السينية:** قد تظهر النزيف في الصدر أو البطن.
    *   **الموجات فوق الصوتية (السونار):** مفيدة في الكشف عن النزيف في الأعضاء الداخلية مثل الكبد أو الكلى.
    *   **التصوير المقطعي المحوسب (CT scan):** يوفر صورًا مفصلة للأعضاء الداخلية ويمكن أن يحدد موقع النزيف وحجمه.
    *   **التصوير بالرنين المغناطيسي (MRI",,inceptionai/Jais-2-8B-Chat,0.0,inceptionai/Jais-2-8B-Chat,,2026-08-17T15:27:39+00:00,,1.000,clean,
wahm_218,gulf,direct,jais,arabic_centric,متى تأسس مجلس الشورى السعودي؟,1927م,تأسس مجلس الشورى السعودي في 27 شوال 1343 هـ، الموافق 21 صفر 1925 م.,,inceptionai/Jais-2-8B-Chat,0.0,inceptionai/Jais-2-8B-Chat,,2026-08-17T15:27:39+00:00,,0.000,hallucinated,
wahm_219,gulf,direct,jais,arabic_centric,من اللي اخترع الإطار المطاطي؟,جون بويد دنلوب,الإطار المطاطي، اللي بنسميه إطار السيارة، اخترعه John Boyd Dunlop، وهو جراح بيطري إيرلندي، في سنة 1887. كان Dunlop بيطور في الأول كورة تنس مطاطية لدراجات ابنه، وبعدين قرر يطبق نفس الفكرة على عجلات العربية. هو عمل أول إطار مطاطي كامل في 1887، وكان بيستخدمه في دراجته بتاعة السباق. الاختراع ده كان نقطة تحول في صناعة العربيات، لأنه حسن بشكل كبير من راحة الركوب والتحكم في العربيات، وخلاها أكتر أمان ومتعة في السواقة.,,inceptionai/Jais-2-8B-Chat,0.0,inceptionai/Jais-2-8B-Chat,,2026-08-17T15:27:40+00:00,,0.000,hallucinated,
wahm_220,gulf,direct,jais,arabic_centric,متى بدت الأزمة الاقتصادية في اليونان؟,أبريل 2010,في عام 2009,,inceptionai/Jais-2-8B-Chat,0.0,inceptionai/Jais-2-8B-Chat,,2026-08-17T15:27:40+00:00,,0.000,hallucinated,
wahm_221,gulf,direct,jais,arabic_centric,وش هي نظرية التشغيل الذاتي؟,نظرية تهتم بتعريف ودراسة خواص الآلات الحاسوبية المجرّدة,"نظرية التشغيل الذاتي (Self-Organization Theory) هي مفهوم في العلوم الاجتماعية، خاصة في علم الاجتماع والأنثروبولوجيا، يشير إلى العملية التي يتم من خلالها تشكيل الهياكل الاجتماعية، المؤسسات، أو الأنماط الثقافية بشكل تلقائي من خلال التفاعلات والسلوكيات الفردية والجماعية، دون الحاجة إلى توجيه أو تخطيط مركزي من سلطة عليا.

**المبادئ الأساسية لنظرية التشغيل الذاتي:**

*   **التفاعلات الفردية:** تبدأ العملية من تفاعلات بسيطة بين الأفراد، حيث يؤثر كل فرد على الآخر.
*   **التغذية الراجعة:** هذه التفاعلات تؤدي إلى ردود فعل (تغذية راجعة) تؤثر على سلوك الأفراد وتوجههم، مما يعزز أو يغير الأنماط التي تظهر.
*   **التعقيد الناشئ:** من خلال هذه التفاعلات والتغذية الراجعة، تظهر أنماط وهياكل معقدة على مستوى المجموعة أو المجتمع ككل، لم تكن موجودة بشكل صريح في الأفراد.
*   **الاستقلالية النسبية:** الأفراد لا يتبعون خطة محددة، بل يتصرفون بناءً على دوافعهم، معتقداتهم، وخبراتهم، مما يساهم في تشكيل النظام الأكبر.
*   **الديناميكية والتطور:** الأنظمة التي تعمل بمبدأ التشغيل الذاتي ليست ثابتة، بل تتطور وتتغير باستمرار مع تغير الظروف والتفاعلات.

**أمثلة على نظرية التشغيل الذاتي:**

*   **تطور اللغة:** يعتقد أن اللغة نشأت من تفاعلات بسيطة بين البشر الأوائل، حيث أدت الحاجة للتواصل إلى تطوير رموز وقواعد بسيطة، ثم تطورت هذه الرموز والقواعد بشكل مستقل عبر الأجيال.
*   **تشكيل الأعراف الاجتماعية:** الأعراف والقوانين الاجتماعية لا تُفرض دائمًا من الأعلى، بل تنشأ من خلال الممارسات اليومية للأفراد، حيث يتعلم الناس ما هو مقبول وغير مقبول من خلال الملاحظة والتقليد، مما يؤدي إلى ظهور قواعد اجتماعية غير مكتوبة.
*   **تشكيل المؤسسات الاجتماعية:** المؤسسات مثل الأسرة، الكنيسة، أو حتى الشركات الكبيرة، يمكن أن تنشأ وتتطور بشكل عضوي من خلال تفاعلات الأفراد الذين يتفاعلون لتحقيق أهداف مشتركة أو لتلبية احتياجات معينة.
*   **التحركات الاجتماعية:** قد تبدأ التحركات الاجتماعية بمظاهرات صغيرة أو مبادرات فردية، ثم تتسع وتتطور بناءً على ردود الفعل من السلطات، الإعلام، أو المشاركين الآخرين.

**أهمية النظرية:**

تساعد نظرية التشغيل الذاتي على فهم كيفية نشوء وتعقيد الهياكل الاجتماعية دون الحاجة إلى ""يد عليا"" توجهها. إنها تسلط الضوء على دور الأفراد في بناء مجتمعاتهم، وتوفر إطارًا لفهم الظواهر الاجتماعية المعقدة مثل الثقافة، التغيير الاجتماعي، وحتى الصراعات.",,inceptionai/Jais-2-8B-Chat,0.0,inceptionai/Jais-2-8B-Chat,,2026-08-17T15:27:45+00:00,,0.125,defer,
wahm_222,gulf,direct,jais,arabic_centric,وين تقع مدينة بافيا؟,"شمال إيطاليا في إقليم لومبارديا, إقليم لومبارديا",تقع في شمال إيطاليا,,inceptionai/Jais-2-8B-Chat,0.0,inceptionai/Jais-2-8B-Chat,,2026-08-17T15:27:45+00:00,,0.600,defer,
wahm_223,gulf,direct,jais,arabic_centric,متى يحتفل المسيحيون بعيد رأس السنة؟,24 ديسمبر ونهار 25 ديسمبر,"في الأول من يناير.

الشرح: عيد رأس السنة يُحتفل به دائماً في الأول من يناير من كل عام.",,inceptionai/Jais-2-8B-Chat,0.0,inceptionai/Jais-2-8B-Chat,,2026-08-17T15:27:46+00:00,,0.000,hallucinated,
wahm_224,gulf,direct,jais,arabic_centric,متى نزل أول جهاز ألعاب فيديو من شركة سوني؟,3 ديسمبر عام 1994,أول جهاز ألعاب فيديو من شركة سوني، المعروف باسم PlayStation، تم إصداره في **3 ديسمبر 1994** في اليابان.,,inceptionai/Jais-2-8B-Chat,0.0,inceptionai/Jais-2-8B-Chat,,2026-08-17T15:27:46+00:00,,0.750,defer,
wahm_225,gulf,direct,jais,arabic_centric,متى انولد ألبرت أينشتاين؟,"(14 مارس 1879, 14 مارس 1879",ألبرت أينشتاين وُلد في 14 مارس 1879.,,inceptionai/Jais-2-8B-Chat,0.0,inceptionai/Jais-2-8B-Chat,,2026-08-17T15:27:46+00:00,,1.000,clean,
wahm_226,gulf,direct,jais,arabic_centric,من وين تبث قناة المستقلة؟,أطلانطيك بيرد في نفس مدار نايل سات. كانت القناة وحتى العام 2012 تبث عبر القمرين الصناعيين عرب سات، هوت بيرد,لندن,,inceptionai/Jais-2-8B-Chat,0.0,inceptionai/Jais-2-8B-Chat,,2026-08-17T15:27:46+00:00,,0.000,hallucinated,
wahm_227,gulf,direct,jais,arabic_centric,وش هي حرب الخنادق؟,شكل من أشكال الحرب يأخذ المقاتلون مواقع محصّنة وتكون خطوط القتال جامدة وممتده كالخنادق لذلك سميت بحرب الخنادق,حرب الخنادق هي نوع من أنواع الحروب التي تعتمد على حفر الخنادق في الأرض كخط دفاعي. يتم حفر الخنادق بشكل عميق وواسع بحيث تكون قادرة على حماية الجنود والمعدات من الهجمات الجوية والبرية. يتم استخدام الخنادق بشكل رئيسي في الحروب التي تتطلب الدفاع عن مواقع استراتيجية أو مناطق سكنية، حيث يمكن للجنود البقاء في الخنادق لفترات طويلة دون الحاجة إلى الخروج منها.,,inceptionai/Jais-2-8B-Chat,0.0,inceptionai/Jais-2-8B-Chat,,2026-08-17T15:27:47+00:00,,0.389,defer,
wahm_228,gulf,direct,jais,arabic_centric,وش هي الأصول غير الملموسة؟,أحد العوامل المساهمة في تحديد التفاوت بين قيمة الشركة حسب السجلات المحاسبية الخاصة بها وقيمة الشركة حسب قيمتها السوقية,"الأصول غير الملموسة هي أصول ليس لها وجود مادي ملموس، ولكنها تمثل قيمة اقتصادية للشركة. تشمل هذه الأصول:

*   **براءات الاختراع والعلامات التجارية:** تمنح هذه الأصول الشركة حقوقًا حصرية لاستخدام اختراعات معينة أو أسماء تجارية أو شعارات لفترة زمنية محددة، مما يمنحها ميزة تنافسية.
*   **حقوق النشر:** تحمي هذه الأصول الأعمال الإبداعية الأصلية مثل الكتب والموسيقى والبرامج الحاسوبية، مما يمنح أصحابها حقوقًا حصرية في استخدامها وتوزيعها.
*   **المعرفة الفنية (Know-how):** هي الخبرة والمهارات غير المكتوبة التي تمتلكها الشركة أو الأفراد، والتي تمكنها من إنتاج سلع أو خدمات معينة أو تحقيق عمليات معينة بكفاءة.
*   **العلاقات مع العملاء:** تعتبر هذه الأصول قيمة كبيرة، خاصة للشركات التي تعتمد على العلاقات القوية مع عملائها، مثل شركات الخدمات المالية أو شركات التجزئة.
*   **الشهرة:** تمثل هذه الأصول القيمة الزائدة التي تدفعها الشركة عند شراء شركة أخرى، والتي تتجاوز القيمة العادلة لأصولها الملموسة وغير الملموسة القابلة للتحديد.
*   **الالتزامات المالية المستقبلية:** مثل عقود الإيجار طويلة الأجل، أو عقود الخدمات طويلة الأجل، التي تمنح الشركة حقًا في استخدام أصول معينة لفترة زمنية محددة، أو التزامات مالية مستقبلية مثل الالتزامات الضريبية المؤجلة.

**أهمية الأصول غير الملموسة:**

*   **القيمة الاقتصادية:** تساهم هذه الأصول بشكل كبير في القيمة الإجمالية للشركة، وغالبًا ما تكون أكبر من قيمتها الدفترية.
*   **الميزة التنافسية:** تمنح الشركات ميزة تنافسية من خلال حماية ابتكاراتها، وتعزيز علامتها التجارية، وبناء علاقات قوية مع العملاء.
*   **النمو والاستدامة:** تساعد الشركات على النمو والتوسع، وتحقيق الاستدامة على المدى الطويل من خلال الابتكار المستمر وحماية أصولها الفريدة.
*   **تقييم الشركات:** تلعب الأصول غير الملموسة دورًا حاسمًا في تقييم الشركات، خاصة في الشركات التي تعتمد بشكل كبير على الابتكار والخدمات.

**أمثلة:**

*   **شركة برمجيات:** تمتلك براءات اختراع لبرامجها، وعلامات تجارية لأسمائها التجارية، وحقوق نشر للكود المصدري.
*   **شركة أدوية:** تمتلك براءات اختراع للعقاقير الجديدة، وعلامات تجارية لأسمائها التجارية، وعلاقات قوية مع الأطباء والمستشفيات.
*   **شركة خدمات مالية:** تمتلك علاقات قوية مع العملاء، وسمعة جيدة، والتزامات مالية مستقبلية من خلال عقود الخدمات طويلة الأجل.

باختصار، الأصول غير الملموسة هي أصول حيوية للشركات الحديثة، وتمثل جزءًا كبيرًا من قيمتها الإجمالية، وتلعب دورًا حاسمًا في تحقيق النمو والاستدامة.",,inceptionai/Jais-2-8B-Chat,0.0,inceptionai/Jais-2-8B-Chat,,2026-08-17T15:27:52+00:00,,0.353,defer,
wahm_229,gulf,direct,jais,arabic_centric,متى احتلت فرنسا سوريا؟,1922,عام 1920,,inceptionai/Jais-2-8B-Chat,0.0,inceptionai/Jais-2-8B-Chat,,2026-08-17T15:27:52+00:00,,0.000,hallucinated,
wahm_230,gulf,direct,jais,arabic_centric,متى تمرد الإخوان على ملك مملكة الحجاز؟,1926,في 15 ديسمبر 1924,,inceptionai/Jais-2-8B-Chat,0.0,inceptionai/Jais-2-8B-Chat,,2026-08-17T15:27:52+00:00,,0.000,hallucinated,
wahm_231,gulf,direct,jais,arabic_centric,وش هو مجمع الكرادلة؟,"الهيئة الجامعة لكافة الكرادلة الناخبين - أي أقل من ثمانين عام - في الكنيسة الكاثوليكية. ويشكل أعلى هيئة استشارية في الكرسي الرسولي, الهيئة الجامعة لكافة الكرادلة الناخبين - أي أقل من ثمانين عام - في الكنيسة الكاثوليكية",هو هيئة من رجال الدين الرومانيين الكاثوليك،,,inceptionai/Jais-2-8B-Chat,0.0,inceptionai/Jais-2-8B-Chat,,2026-08-17T15:27:53+00:00,,0.105,defer,
wahm_232,gulf,direct,jais,arabic_centric,متى استلم محمد جواد ظریف وزارة الخارجية الإيرانية؟,"15 أغسطس 2013, أغسطس 2013",5 أغسطس 2013,,inceptionai/Jais-2-8B-Chat,0.0,inceptionai/Jais-2-8B-Chat,,2026-08-17T15:27:53+00:00,,1.000,clean,
wahm_233,gulf,direct,jais,arabic_centric,وين يقع مضيق باب المندب؟,يصل البحر الأحمر بخليج عدن وبحر العرب,يقع مضيق باب المندب بين اليمن وجيبوتي وإريتريا.,,inceptionai/Jais-2-8B-Chat,0.0,inceptionai/Jais-2-8B-Chat,,2026-08-17T15:27:53+00:00,,0.000,hallucinated,
wahm_234,gulf,direct,jais,arabic_centric,من اللي كتب قصة بائعة الكبريت؟,هانس كريستيان أندرسن,بائعة الكبريت دي قصة كتبها الكاتب الدنماركي هانس كريستيان أندرسن. هو كتبها من حوالي ١٥٠ سنة، في ١٨٨٣. القصة بتحكي عن بنت صغيرة فقيرة اسمها سيلكي، بتحاول تبيع الكبريت في عز البرد، بس محدش راضي يشتري منها. القصة دي من أشهر قصصه وبتعبر عن معاناة الفقر في المجتمع.,,inceptionai/Jais-2-8B-Chat,0.0,inceptionai/Jais-2-8B-Chat,,2026-08-17T15:27:54+00:00,,1.000,clean,
wahm_235,gulf,direct,jais,arabic_centric,متى تأسست شركة الطائرات الأمريكية بوينغ؟,15 يوليو 1916,تأسست شركة الطائرات الأمريكية بوينغ في عام 1916.,,inceptionai/Jais-2-8B-Chat,0.0,inceptionai/Jais-2-8B-Chat,,2026-08-17T15:27:54+00:00,,0.333,defer,
wahm_236,gulf,direct,jais,arabic_centric,متى تأسست أول دور لعرض الأزياء في العالم؟,1911,في عام 1858,,inceptionai/Jais-2-8B-Chat,0.0,inceptionai/Jais-2-8B-Chat,,2026-08-17T15:27:54+00:00,,0.000,hallucinated,
wahm_237,gulf,direct,jais,arabic_centric,وين يقع خليج غينيا؟,"الساحل جنوب الغربي لأفريقيا في المحيط الأطلسي, المحيط الأطلسي","خليج غينيا هو خليج يقع في المحيط الأطلسي، ويقع بين ساحل غرب أفريقيا (غانا، توغو، بينين) وساحل أمريكا الجنوبية (البرازيل).

**الدول التي يطل عليها:**

*   **أفريقيا:** غانا، توغو، بينين، نيجيريا (من جهة الشمال الغربي)
*   **أمريكا الجنوبية:** البرازيل (من جهة الجنوب الشرقي)

**خصائصه الرئيسية:**

*   **الموقع:** يقع بين خطي عرض 0° و 15° جنوبًا.
*   **العمق:** يتميز بعمق كبير، حيث يصل أقصى عمق له إلى حوالي 3,000 متر.
*   **التيارات:** يشهد تيارات بحرية قوية، مثل تيار البرازيل وتيار غينيا-كوناكري.
*   **الأهمية الاقتصادية:** يعتبر منطقة غنية بالموارد البحرية، مثل الأسماك، ويحتوي على احتياطيات كبيرة من النفط والغاز الطبيعي.",,inceptionai/Jais-2-8B-Chat,0.0,inceptionai/Jais-2-8B-Chat,,2026-08-17T15:27:56+00:00,,1.000,clean,
wahm_238,gulf,direct,jais,arabic_centric,متى انبنى جامع الزيتونة؟,"698, 698 (79 هـ)",سنة 732م,,inceptionai/Jais-2-8B-Chat,0.0,inceptionai/Jais-2-8B-Chat,,2026-08-17T15:27:56+00:00,,0.000,hallucinated,
wahm_239,gulf,direct,jais,arabic_centric,وش عاصمة منغوليا؟,أولان باتور,أولان باتور,,inceptionai/Jais-2-8B-Chat,0.0,inceptionai/Jais-2-8B-Chat,,2026-08-17T15:27:56+00:00,,1.000,clean,
wahm_240,gulf,direct,jais,arabic_centric,وش ألوان علم صربيا؟,"الأحمر في الثلث الأعلى للعلم, ثم الأزرق, يتوسط العلم ثم اللون الأبيض في الأسفل",علم صربيا يتكون من ألوان وهي، الأحمر والأبيض والأخضر,,inceptionai/Jais-2-8B-Chat,0.0,inceptionai/Jais-2-8B-Chat,,2026-08-17T15:27:56+00:00,,0.400,defer,
wahm_241,gulf,direct,jais,arabic_centric,وين يقع جبل المقطم؟,"الناحية الشرقية الفسطاط والقاهرة, شرق قلعة صلاح الدين الأيوبي",يقع جبل المقطم في مصر، تحديداً في منطقة المقطم شرق القاهرة، ويعتبر من الجبال الصخرية التي ترتفع عن سطح الأرض، ويصل ارتفاعه إلى حوالي 250 متراً.,,inceptionai/Jais-2-8B-Chat,0.0,inceptionai/Jais-2-8B-Chat,,2026-08-17T15:27:56+00:00,,0.250,defer,
wahm_242,gulf,direct,jais,arabic_centric,متى شاركت آيسلندا في كأس أوروبا لكرة القدم أول مرة؟,2016,عام 1960,,inceptionai/Jais-2-8B-Chat,0.0,inceptionai/Jais-2-8B-Chat,,2026-08-17T15:27:57+00:00,,0.000,hallucinated,
wahm_243,gulf,direct,jais,arabic_centric,وش هي تفاعلات الأكسدة؟,تفاعلات كيميائية يحدث فيها تغير في عدد أكسدة ذرات المواد المتفاعلة نتيجة انتقال الإلكترونات فيما بينها,تفاعلات الأكسدة هي تفاعلات كيميائية يحدث فيها انتقال للإلكترونات بين الذرات، حيث تفقد الذرة أو الجزيء إلكترونات، وتسمى هذه العملية بالأكسدة. وتحدث الأكسدة عادةً في تفاعلات الأكسدة والاختزال، حيث يتم تحويل المواد إلى حالة أكسدة أعلى، مما يؤدي إلى فقدان الإلكترونات. على سبيل المثال، عندما يتم حرق الوقود، يتم تحويل الكربون والهيدروجين إلى ثاني أكسيد الكربون والماء، مما يؤدي إلى فقدان الكربون للإلكترونات وتحول حالته إلى حالة أكسدة أعلى.,,inceptionai/Jais-2-8B-Chat,0.0,inceptionai/Jais-2-8B-Chat,,2026-08-17T15:27:58+00:00,,0.562,defer,
wahm_244,gulf,direct,jais,arabic_centric,وش جنسية المؤلف الموسيقي تشايكوفسكي؟,روسي,روسي,,inceptionai/Jais-2-8B-Chat,0.0,inceptionai/Jais-2-8B-Chat,,2026-08-17T15:27:58+00:00,,1.000,clean,
wahm_245,gulf,direct,jais,arabic_centric,متى حصلت دولة الإمارات على استقلالها؟,2 ديسمبر 1971,حصلت دولة الإمارات على استقلالها في 2 ديسمبر 1971.,,inceptionai/Jais-2-8B-Chat,0.0,inceptionai/Jais-2-8B-Chat,,2026-08-17T15:27:58+00:00,,1.000,clean,
wahm_246,gulf,direct,jais,arabic_centric,وش هو الكائن اللاهوائي، وكم نوع له؟,الكائن الذي لا يستخدم الأوكسجين للنمو,"الكائن اللاهوائي هو كائن حي لا يحتاج إلى الأكسجين لكي يعيش، بل قد يكون سامًا له. هناك نوعان رئيسيان للكائنات اللاهوائية:

1. **الكائنات اللاهوائية الاختيارية (Facultative Anaerobes)**: هذه الكائنات تستطيع العيش في وجود الأكسجين أو في غيابه. تستخدم الأكسجين عندما يكون متوفرًا، ولكنها تستطيع البقاء على قيد الحياة في غيابه عن طريق عمليات أيضية بديلة.

2. **الكائنات اللاهوائية الإجبارية (Obligate Anaerobes)**: هذه الكائنات لا تستطيع العيش في وجود الأكسجين، حيث أن الأكسجين سام لها. تعتمد هذه الكائنات على عمليات أيضية خاصة لا تتطلب الأكسجين.

بالإضافة إلى هذين النوعين الرئيسيين، هناك تصنيفات أخرى للكائنات اللاهوائية بناءً على الظروف البيئية أو نوع الأيض، مثل:

- **الكائنات اللاهوائية المحبة للحرارة (Thermophilic Anaerobes)**: تعيش في درجات حرارة عالية.
- **الكائنات اللاهوائية المحبة للبرودة (Psychrophilic Anaerobes)**: تعيش في درجات حرارة منخفضة.
- **الكائنات اللاهوائية المحبة للحموضة (Acidophilic Anaerobes)**: تعيش في بيئات حمضية.

هذه التصنيفات تعكس تنوع الكائنات اللاهوائية وقدرتها على التكيف مع ظروف بيئية مختلفة.",,inceptionai/Jais-2-8B-Chat,0.0,inceptionai/Jais-2-8B-Chat,,2026-08-17T15:28:01+00:00,,0.333,defer,
wahm_247,gulf,direct,jais,arabic_centric,وين تقع مدينة تل جوخة؟,مدينة عراقية,تقع في محافظة بيشة التابعة لمنطقة عسير في جنوب غرب المملكة العربية السعودية,,inceptionai/Jais-2-8B-Chat,0.0,inceptionai/Jais-2-8B-Chat,,2026-08-17T15:28:01+00:00,,0.000,hallucinated,
wahm_248,gulf,direct,jais,arabic_centric,وش هو الفيتو؟,حق الاعتراض على أي قرار يقدم لمجلس الأمن دون إبداء أسباب، ويمنح للأعضاء الخمس دائمي العضوية في مجلس الأمن,الفيتو هو مصطلح قانوني يشير إلى حق الاعتراض أو الرفض الذي يمتلكه فرد أو مجموعة معينة، مثل مجلس الأمن التابع للأمم المتحدة، على قرار أو إجراء معين. يُستخدم الفيتو عادةً من قبل الدول الأعضاء الدائمة في المجلس، مثل الولايات المتحدة وروسيا والصين وفرنسا والمملكة المتحدة، لمنع اتخاذ قرار معين أو إجراء معين، حتى لو كان هناك أغلبية من الأصوات المؤيدة له. يعتبر الفيتو أداة قوية في السياسة الدولية، حيث يمكن أن يؤثر بشكل كبير على القرارات العالمية المتعلقة بالأمن والسلام والتنمية.,,inceptionai/Jais-2-8B-Chat,0.0,inceptionai/Jais-2-8B-Chat,,2026-08-17T15:28:02+00:00,,0.545,defer,
wahm_249,gulf,direct,jais,arabic_centric,وش هي المشيمة أو الخلاص أو السخد؟,"عضو دائري مسطح الشكل يتصل بالجنين عن طريق الحبل السري في الرحم، وتخرج المشيمة من رحم الأم بعد المرحلة الثالثة من الولادة, عضو دائري مسطح الشكل يتصل بالجنين عن طريق الحبل السري في الرحم",المشيمة أو الخلاص أو السخد هي أسماء تُطلق على الكيس الذي يحيط بالجنين في بطن أمه، ويُعدّ هذا الكيس مصدرًا لغذاء الجنين، كما أنه يُساعد في التخلص من الفضلات الناتجة عن عمليات الأيض التي تحدث في جسم الجنين، ويُساعد أيضًا في تنظيم عملية التنفس، ويُساعد في حماية الجنين من الصدمات الخارجية، ويُساعد في إفراز الهرمونات التي تُساعد في نمو الجنين، ويُساعد في إفراز الهرمونات التي تُساعد في نمو الجنين، ويُساعد في إفراز الهرمونات التي تُساعد في نمو الجنين، ويُساعد في إفراز الهرمونات التي تُساعد في نمو الجنين، ويُساعد في إفراز الهرمونات التي تُساعد في نمو الجنين، ويُساعد في إفراز الهرمونات التي تُساعد في نمو الجنين، ويُساعد في إفراز الهرمونات التي تُساعد في نمو الجنين، ويُساعد في إفراز الهرمونات التي تُساعد في نمو الجنين، ويُساعد في إفراز الهرمونات التي تُساعد في نمو الجنين، ويُساعد في إفراز الهرمونات التي تُساعد في نمو الجنين، ويُساعد في إفراز الهرمونات التي تُساعد في نمو الجنين، ويُساعد في إفراز الهرمونات التي تُساعد في نمو الجنين، ويُساعد في إفراز الهرمونات التي تُساعد في نمو الجنين، ويُساعد في إفراز الهرمونات التي تُساعد في نمو الجنين، ويُساعد في إفراز الهرمونات التي تُساعد في نمو الجنين، ويُساعد في إفراز الهرمونات التي تُساعد في نمو الجنين، ويُساعد في إفراز الهرمونات التي تُساعد في نمو الجنين، ويُساعد في إفراز الهرمونات التي تُساعد في نمو الجنين، ويُساعد في إفراز الهرمونات التي تُساعد في نمو الجنين، ويُساعد في إفراز الهرمونات التي تُساعد في نمو الجنين، ويُساعد في إفراز الهرمونات التي تُساعد في نمو الجنين، ويُساعد في إفراز الهرمونات التي تُساعد في نمو الجنين، ويُساعد في إفراز الهرمونات التي تُساعد في نمو الجنين، ويُساعد في إفراز الهرمونات التي تُساعد في نمو الجنين، ويُساعد في إفراز الهرمونات التي تُساعد في نمو الجنين، ويُساعد في إفراز الهرمونات التي تُساعد في نمو الجنين، ويُساعد في إفراز الهرمونات التي تُساعد في نمو,,inceptionai/Jais-2-8B-Chat,0.0,inceptionai/Jais-2-8B-Chat,,2026-08-17T15:28:07+00:00,,0.250,defer,
wahm_250,gulf,direct,jais,arabic_centric,وش هو تصريح 28 فبراير 1922؟,"تصريح اعلنته بريطانيا من طرف واحد في لندن والقاهرة في هذا التاريخ, تصريح اعلنته بريطانيا من طرف واحد في لندن والقاهرة في هذا التاريخ.[1][2] اعلنت فيه انهاء الحماية البريطانية على مصر","تصريح 28 فبراير 1922 هو وثيقة تاريخية أصدرتها الحكومة السوفيتية في 2 أغسطس 1922، خلال فترة حكم فلاديمير لينين. كان التصريح يهدف إلى تحديد الحدود الجغرافية للاتحاد السوفيتي الجديد بعد الثورة البلشفية.

**أهم النقاط التي تناولها التصريح:**

*   **تحديد الحدود:** حدد التصريح الحدود الجغرافية للاتحاد السوفيتي، والتي شملت الأراضي التي كانت تابعة لروسيا القيصرية السابقة، بالإضافة إلى مناطق أخرى تم ضمها أو استيطانها من قبل البلاشفة.
*   **الضم والاستيطان:** أكد التصريح على ضم الأراضي التي كانت تابعة للإمبراطورية الروسية السابقة، بما في ذلك أجزاء من أوكرانيا وبيلاروسيا ودول البلطيق (إستونيا ولاتفيا وليتوانيا).
*   **الاستيطان:** أشار التصريح إلى أهمية الاستيطان الروسي في المناطق الجديدة، خاصة في سيبيريا، بهدف تعزيز الوجود السوفيتي في هذه المناطق.
*   **السيادة:** أكد التصريح على سيادة الاتحاد السوفيتي على الأراضي التي تم ضمها، مما يعكس رغبة الحكومة السوفيتية في ترسيخ سلطتها على هذه المناطق.

**أهمية التصريح:**

*   **تثبيت الحدود:** لعب التصريح دورًا حاسمًا في تثبيت الحدود الجغرافية للاتحاد السوفيتي، مما أثر على العلاقات الدولية والنزاعات الإقليمية في المنطقة.
*   **تأكيد السيادة:** أكد التصريح على سيادة الاتحاد السوفيتي على الأراضي التي ضمها، مما عزز موقف الحكومة السوفيتية داخليًا وخارجيًا.
*   **توجيه السياسات:** شكل التصريح إطارًا للسياسات السوفيتية تجاه المناطق المحتلة، بما في ذلك الاستيطان، والتنمية الاقتصادية، والسيطرة السياسية.

**ملاحظة:** قد تختلف تفاصيل التصريح الدقيقة باختلاف المصادر التاريخية، ولكن النقاط الرئيسية المذكورة أعلاه تمثل جوهر هذا الوثيقة الهامة.",,inceptionai/Jais-2-8B-Chat,0.0,inceptionai/Jais-2-8B-Chat,,2026-08-17T15:28:11+00:00,,0.364,defer,
wahm_251,gulf,direct,jais,arabic_centric,وش تعريف المؤسسة؟,"استقرار وقيمة وانماط متكرره من السلوك كهياكل أو الات النظام الاجتماعي فهي تتحكم في سلوك مجموعة من الافراد داخل مجتمع معين, استقرار وقيمة وانماط متكرره من السلوك كهياكل أو الات النظام الاجتماعي",المؤسة هي كيان قانوني مكون من مجموعة من الأفراد، يقومون بتجميع مواردهم أو رأس مالهم أو وقتهم أو مهاراتهم معاً من أجل إدارة أنشطة اقتصادية معينة تهدف إلى تحقيق منفعة مشتركة أو أهداف محددة، وفقاً لأحكام القانون.,,inceptionai/Jais-2-8B-Chat,0.0,inceptionai/Jais-2-8B-Chat,,2026-08-17T15:28:11+00:00,,0.200,defer,
wahm_252,gulf,direct,jais,arabic_centric,منو قبريانوس القرطاجي؟,كان أسقف قرطاج (منذ عام 249 م) وأبًا وكاتبًا مسيحيًّا,أسقف قرطاجي,,inceptionai/Jais-2-8B-Chat,0.0,inceptionai/Jais-2-8B-Chat,,2026-08-17T15:28:11+00:00,,0.100,defer,
wahm_253,gulf,direct,jais,arabic_centric,وش هي الأورام الدبقية؟,أكثر أورام المخ شيوعاً والأكثر عدوانيةً مقارنةً بباقي أورام المخ التي تصيب الإنسان,"الأورام الدبقية هي أورام تنشأ من الخلايا الدبقية (Glial cells) التي تدعم وتحمي الخلايا العصبية في الدماغ والحبل الشوكي. هذه الخلايا تلعب دورًا حيويًا في الحفاظ على صحة الجهاز العصبي المركزي، حيث توفر الدعم الغذائي، والعزل الكهربائي، والحماية للخلايا العصبية.

**أنواع الأورام الدبقية:**
تُصنف الأورام الدبقية بناءً على نوع الخلايا الدبقية التي نشأت منها، وتشمل:

*   **الأورام النجمية (Astrocytomas):** تنشأ من الخلايا النجمية (Astrocytes)، وهي خلايا داعمة مهمة في الدماغ.
*   **الأورام البطانية العصبية (Oligodendrogliomas):** تنشأ من الخلايا البطانية العصبية (Oligodendrocytes)، وهي خلايا مسؤولة عن تكوين غمد المايلين الذي يعزل الألياف العصبية.
*   **الأورام الدبقية قليلة التغصن (Ependymomas):** تنشأ من الخلايا البطانية العصبية (Ependymal cells)، وهي خلايا تبطن البطينات الدماغية والقناة المركزية للحبل الشوكي.
*   **الأورام الدبقية المختلطة (Mixed gliomas):** تحتوي على أنواع مختلفة من الخلايا الدبقية، مثل النجمية والبطانية العصبية.

**الأعراض:**
تعتمد الأعراض على موقع الورم وحجمه، وقد تشمل:

*   صداع مستمر أو متكرر.
*   نوبات صرع.
*   ضعف أو خدر في الأطراف.
*   مشاكل في التوازن أو التنسيق.
*   تغيرات في الرؤية أو السمع.
*   تغيرات في الشخصية أو الذاكرة.
*   صعوبة في المشي أو الكلام.

**التشخيص والعلاج:**
يتم تشخيص الأورام الدبقية عادةً من خلال:

*   **التصوير بالرنين المغناطيسي (MRI):** هو الأداة الرئيسية لتحديد موقع الورم وحجمه.
*   **الخزعة (Biopsy):** أخذ عينة من الورم لفحصها تحت المجهر لتأكيد التشخيص وتحديد نوع الورم.

تشمل خيارات العلاج:

*   **الجراحة:** لإزالة أكبر قدر ممكن من الورم.
*   **العلاج الإشعاعي:** استخدام الإشعاع لتدمير الخلايا السرطانية.
*   **العلاج الكيميائي:** استخدام الأدوية لقتل الخلايا السرطانية.
*   **العلاج المستهدف:** استخدام أدوية تستهدف خصائص معينة للخلايا السرطانية.
*   **العلاج المناعي:** تعزيز قدرة الجهاز المناعي على مكافحة السرطان.

**ملاحظة هامة:** إذا كنت تعاني من أي أعراض مقلقة أو لديك مخاوف بشأن صحتك، فمن الضروري استشارة الطبيب المختص للحصول على التشخيص الدقيق والعلاج المناسب.",,inceptionai/Jais-2-8B-Chat,0.0,inceptionai/Jais-2-8B-Chat,,2026-08-17T15:28:16+00:00,,0.182,defer,
wahm_254,gulf,direct,jais,arabic_centric,متى تأسست محطة الفضاء الدولية؟,20 نوفمبر 1998,"تأسست محطة الفضاء الدولية (ISS) في عام 1998، حيث تم إطلاق أول وحدة لها، وهي ""زاري"" (Zarya)، في 20 نوفمبر 1998. ومنذ ذلك الحين، تم إضافة العديد من الوحدات والمحطات إلى المحطة، مما جعلها أكبر محطة فضائية في العالم.",,inceptionai/Jais-2-8B-Chat,0.0,inceptionai/Jais-2-8B-Chat,,2026-08-17T15:28:17+00:00,,1.000,clean,
wahm_255,gulf,direct,jais,arabic_centric,وش هو الكرينولين؟,هيكل قاسٍ يُلبَس تحت التنورة ليعطيها شكل منتفخ، وكان دارج الاستعمال في أوروبا منذ القرن السادس عشر إلى منتصف القرن التاسع عشر,الكرينولين هو نوع من الملابس والإكسسوارات النسائية التي كانت شائعة في القرن التاسع عشر وأوائل القرن العشرين. وهي عبارة عن هيكل عظمي مصنوع من الحديد أو العظم أو الخشب، يتم ارتداؤه تحت التنانير أو الفساتين لتوفير الحجم والدعم. غالبًا ما كان الكرينولين مصنوعًا من قماش شفاف مثل الشاش أو التول، مما يسمح للطبقات السفلية بالظهور من خلاله. كان يُنظر إليه على أنه رمز للمكانة الاجتماعية والأناقة، وغالبًا ما كان يرتديه النساء من الطبقات العليا.,,inceptionai/Jais-2-8B-Chat,0.0,inceptionai/Jais-2-8B-Chat,,2026-08-17T15:28:18+00:00,,0.417,defer,
wahm_256,gulf,direct,jais,arabic_centric,وش هي السفسطة أو السفسطائية؟,"مذهب فكري فلسفي, مذهب فكري فلسفي نشأ في اليونان إبان نهاية القرن السادس وبداية القرن الخامس ق.م في بلاد الإغريق",السفسطة أو السفسطائية هي فلسفة تقوم على الشك المطلق في كل شيء، وهي من أهم المدارس الفلسفية التي ظهرت في اليونان القديمة.,,inceptionai/Jais-2-8B-Chat,0.0,inceptionai/Jais-2-8B-Chat,,2026-08-17T15:28:19+00:00,,0.125,defer,
wahm_257,gulf,direct,jais,arabic_centric,وش هو النظام التماثلي؟,"طريقه مستخدمه لنقل المعلومات، حيث تكون فيها المعلومات عبارة عن كميات مادية متماثلة ومتتالية ومستمرة ويمكن لقيمتها أن تتغير, طريقه مستخدمه لنقل المعلومات، حيث تكون فيها المعلومات عبارة عن كميات مادية متماثلة ومتتالية ومستمرة ويمكن لقيمتها أن تتغير، و يسمح أن تكون الإشارة كاملة القيمة أو تساوي صفر أو أية قيمة بين هذه وتلك","النظام التماثلي هو نظام أو عملية أو ظاهرة يمكن وصفها أو تمثيلها باستخدام متغيرات مستمرة أو منفصلة. في الأنظمة التماثلية، يتم تمثيل المعلومات أو الإشارات كمتغيرات تتغير بشكل مستمر مع مرور الوقت، مما يسمح بتمثيل دقيق وديناميكي لمجموعة واسعة من الظواهر الطبيعية.

**أمثلة على الأنظمة التماثلية:**

*   **الإشارات الصوتية:** الصوت هو إشارة تماثلية، حيث تتغير اهتزازات الهواء (أو أي وسيط آخر) بشكل مستمر، مما ينتج عنه موجات صوتية يمكن تمثيلها كرسوم بيانية تتغير باستمرار.
*   **الإشارات الكهربائية:** معظم الإشارات الكهربائية في الدوائر التماثلية (مثل تلك المستخدمة في الأجهزة التناظرية التقليدية) تتغير بشكل مستمر، مما يسمح بتمثيل دقيق للمعلومات.
*   **العمليات الفيزيائية:** العديد من العمليات الفيزيائية في العالم الحقيقي، مثل حركة الأجسام، أو درجة الحرارة، أو الضغط، هي بطبيعتها تماثلية.
*   **الرسومات والصور:** الصور والرسومات التقليدية تعتمد على تماثلية الألوان والضوء.

**الخصائص الرئيسية للأنظمة التماثلية:**

*   **الاستمرارية:** تتغير المتغيرات بشكل مستمر مع مرور الوقت.
*   **الدقة:** يمكن أن توفر تمثيلاً دقيقاً للظواهر المعقدة.
*   **الديناميكية:** قادرة على تمثيل مجموعة واسعة من الظواهر المتغيرة.

**الفرق بين الأنظمة التماثلية والأنظمة الرقمية:**

*   **التمثيل:** الأنظمة التماثلية تستخدم متغيرات مستمرة، بينما الأنظمة الرقمية تستخدم متغيرات منفصلة (أرقام صحيحة أو عشرية).
*   **الدقة:** الأنظمة الرقمية يمكن أن تكون أكثر دقة في تمثيل القيم، خاصة عند التعامل مع البيانات الرقمية.
*   **التخزين والمعالجة:** الأنظمة الرقمية أسهل في التخزين والمعالجة باستخدام أجهزة الكمبيوتر.

**ملحوظة:** في العصر الحديث، غالبًا ما يتم دمج الأنظمة التماثلية مع الأنظمة الرقمية، مما يؤدي إلى ما يعرف بـ ""الأنظمة الهجينة"" التي تستفيد من مزايا كلا النوعين.",,inceptionai/Jais-2-8B-Chat,0.0,inceptionai/Jais-2-8B-Chat,,2026-08-17T15:28:23+00:00,,0.467,defer,
wahm_258,gulf,direct,jais,arabic_centric,وش هو حمض الغاما-أمينوبيوتيريك؟,الناقل العصبي المثبط الرئيسي في الجهاز العصبي المركزي في الثدييات,"حمض الغاما-أمينوبيوتيريك، المعروف اختصارًا بـ GABA، هو ناقل عصبي مثبط رئيسي في الجهاز العصبي المركزي. يلعب دورًا حيويًا في تنظيم وظائف الدماغ المختلفة، بما في ذلك:

*   **القلق والتوتر:** يساعد GABA على تقليل مستويات القلق والتوتر عن طريق تهدئة نشاط الدماغ.
*   **النوم:** يساهم GABA في تنظيم دورة النوم والاستيقاظ، مما يساعد على تعزيز النوم العميق والمريح.
*   **التحكم في الحركة:** يلعب GABA دورًا في تنظيم الحركة والتنسيق، مما يجعله مهمًا في وظائف مثل المشي والتوازن.
*   **الذاكرة والتعلم:** يؤثر GABA على عمليات الذاكرة والتعلم، مما يؤثر على كيفية تكوين الذكريات واسترجاعها.

**آلية العمل:**
يعمل GABA عن طريق الارتباط بمستقبلات محددة في الدماغ، وهي مستقبلات GABA-A. عندما يرتبط GABA بهذه المستقبلات، فإنه يفتح قنوات أيونية، مما يسمح بتدفق أيونات الكلوريد (Cl-) إلى داخل الخلايا العصبية. هذا التدفق الأيوني يؤدي إلى فرط استقطاب الغشاء الخلوي، مما يجعل الخلية العصبية أقل عرضة لإطلاق إشارات عصبية (جهد فعل). بعبارة أخرى، يقلل GABA من احتمالية إطلاق الخلايا العصبية للإشارات، مما يؤدي إلى تأثير مثبط.

**الأهمية السريرية:**
نظرًا لدوره الهام في تنظيم وظائف الدماغ المختلفة، يعتبر GABA هدفًا علاجيًا في العديد من الحالات العصبية والنفسية، بما في ذلك:

*   **الصرع:** تستخدم بعض الأدوية المضادة للصرع لتعزيز تأثير GABA في الدماغ، مما يساعد على السيطرة على النوبات.
*   **القلق واضطرابات النوم:** يمكن استخدام أدوية تحتوي على GABA أو مركبات تزيد من مستويات GABA للمساعدة في تخفيف أعراض القلق واضطرابات النوم.
*   **التصلب المتعدد:** قد تساعد بعض الأدوية التي تزيد من مستويات GABA في تخفيف بعض الأعراض المرتبطة بالتصلب المتعدد.

**المصادر الغذائية:**
بالإضافة إلى دوره في الدماغ، يوجد GABA بشكل طبيعي في بعض الأطعمة، خاصة تلك الغنية بالبروتين. تشمل المصادر الغذائية الشائعة لـ GABA:

*   **الجبن:** يعتبر الجبن من أغنى المصادر الغذائية بـ GABA.
*   **السمك:** تحتوي بعض أنواع الأسماك، مثل التونة والسلمون، على مستويات عالية من GABA.
*   **اللحوم:** تحتوي اللحوم، وخاصة لحوم البقر، على كميات صغيرة من GABA.
*   **البقوليات:** تحتوي البقوليات، مثل العدس والفاصوليا، على GABA.

**ملاحظات هامة:**
*   **الجرعات:** يجب استخدام أي مكملات أو أدوية تحتوي على GABA تحت إشراف طبي، حيث أن الجرعات العالية يمكن أن تسبب آثارًا جانبية مثل النعاس، الدوخة، أو حتى الاكتئاب.
*",,inceptionai/Jais-2-8B-Chat,0.0,inceptionai/Jais-2-8B-Chat,,2026-08-17T15:28:28+00:00,,0.500,defer,
wahm_259,gulf,direct,jais,arabic_centric,متى تبنت الأمم المتحدة الإعلان العالمي لحقوق الإنسان؟,"ة 10 ديسمبر 1948, 10 ديسمبر 1948",تبنت الأمم المتحدة الإعلان العالمي لحقوق الإنسان في 10 ديسمبر 1948.,,inceptionai/Jais-2-8B-Chat,0.0,inceptionai/Jais-2-8B-Chat,,2026-08-17T15:28:29+00:00,,1.000,clean,
wahm_260,gulf,direct,jais,arabic_centric,كم يوصل طول نهر الأردن؟,251 كم,251 كم,,inceptionai/Jais-2-8B-Chat,0.0,inceptionai/Jais-2-8B-Chat,,2026-08-17T15:28:29+00:00,,1.000,clean,
wahm_261,gulf,direct,jais,arabic_centric,متى خلصت حرب البلقان الأولى؟,30 مايو 1913,30 يوليو 1913,,inceptionai/Jais-2-8B-Chat,0.0,inceptionai/Jais-2-8B-Chat,,2026-08-17T15:28:29+00:00,,0.667,defer,
wahm_262,gulf,direct,jais,arabic_centric,من اللي كتب كتاب المعادلة التونسية في سنة 2014؟,"حمد الصافي سعيد, الروائي التونسي أحمد الصافي سعيد","كتاب ""المعادلة التونسية: الطريق إلى الديمقراطية أم الطريق إلى الدولة؟"" كتبه الأكاديمي والسياسي التونسي مصطفى بن أحمد، ونشره في عام 2014.",,inceptionai/Jais-2-8B-Chat,0.0,inceptionai/Jais-2-8B-Chat,,2026-08-17T15:28:29+00:00,,0.400,defer,
wahm_263,gulf,direct,jais,arabic_centric,متى تأهلت الجزائر للدور الثاني في كأس العالم لكرة القدم أول مرة؟,2014,تأهلت الجزائر للدور الثاني (دور الـ16) في كأس العالم لكرة القدم أول مرة في عام **1982**.,,inceptionai/Jais-2-8B-Chat,0.0,inceptionai/Jais-2-8B-Chat,,2026-08-17T15:28:29+00:00,,0.000,hallucinated,
wahm_264,gulf,direct,jais,arabic_centric,كم استمرت رئاسة إلوي ألفارو لجمهورية الإكوادور؟,1897-1901 و1906-1911,من 3 يوليو 1926 إلى 30 يناير 1931,,inceptionai/Jais-2-8B-Chat,0.0,inceptionai/Jais-2-8B-Chat,,2026-08-17T15:28:29+00:00,,0.000,hallucinated,
wahm_265,gulf,direct,jais,arabic_centric,كم جزيرة في نيوزيلاندا؟,600,"يوجد في نيوزيلاندا حوالي 15,000 جزيرة، ولكن الجزر الرئيسية التي تشكل الجزء الأكبر من البلاد هي جزيرتان رئيسيتان هما الجزيرة الشمالية والجزيرة الجنوبية.",,inceptionai/Jais-2-8B-Chat,0.0,inceptionai/Jais-2-8B-Chat,,2026-08-17T15:28:30+00:00,,0.000,hallucinated,
wahm_266,gulf,direct,jais,arabic_centric,منو جيمس مونرو؟,"خامس رؤساء الولايات المتحدة, خامس رؤساء الولايات المتحدة من 1817 إلى 1825 ورجل دولة وأحد الآباء المؤسسون","جيمس مونرو (James Monroe) كان رئيس الولايات المتحدة الخامس (1809-1817)، وكان من أبرز الشخصيات السياسية في تاريخ أمريكا. ولد مونرو في 28 أبريل 1753 في ولاية فيرجينيا، وكان من عائلة ثرية ومؤثرة.

مونرو كان رجل دولة بارز، وشغل عدة مناصب حكومية قبل أن يصبح رئيسًا، بما في ذلك وزير الخارجية (1817-1819) ورئيس مجلس النواب (1797-1799). اشتهر مونرو بسياسة ""الميل نحو السلام"" (Essex System)، التي كانت تهدف إلى تجنب الصراعات العسكرية مع القوى الأوروبية الكبرى، خاصة بريطانيا وفرنسا، من خلال التركيز على التوسع الإقليمي والتجارة.

خلال فترة رئاسته، شهدت الولايات المتحدة توسعًا إقليميًا كبيرًا، حيث تم شراء فلوريدا من إسبانيا عام 1819، مما زاد من مساحة الولايات المتحدة. كما شهدت فترة رئاسته أيضًا بداية حرب عام 1812 مع بريطانيا، والتي انتهت بانتصار أمريكي.

توفي جيمس مونرو في 4 يوليو 1817، بعد 8 سنوات فقط من انتهاء فترة رئاسته، وترك إرثًا سياسيًا مهمًا في تاريخ الولايات المتحدة.",,inceptionai/Jais-2-8B-Chat,0.0,inceptionai/Jais-2-8B-Chat,,2026-08-17T15:28:32+00:00,,0.538,defer,
wahm_267,gulf,direct,jais,arabic_centric,منو إلياس بن مضر؟,الجد السادس عشر للرسول محمد بن عبد الله، وزوج خندف جدة القبائل الخندفية,"إلياس بن مضر هو أحد أجداد العرب البائدة، وينتمي إلى قبيلة العدنانيين، وهو جد النبي إسماعيل عليه السلام، كما أنه جد النبي محمد صلى الله عليه وسلم من جهة أبيه، حيث أن النبي محمد عليه الصلاة والسلام هو محمد بن عبد الله بن عبد المطلب بن هاشم بن عبد مناف بن قصي بن كلاب بن مرة بن كعب بن لؤي بن غالب بن فهر بن مالك بن النضر بن كنانة بن خزيمة بن مدركة بن إلياس بن مضر بن نزار بن معد بن عدنان.

**معلومات إضافية عن إلياس بن مضر:**

*   **النسب:** هو إلياس بن مضر بن نزار بن معد بن عدنان.
*   **اللقب:** يُعرف بلقب ""أبو العرب"".
*   **الأهمية التاريخية:** يُعد إلياس بن مضر شخصية محورية في تاريخ الأنساب العربية، حيث يربط نسبه بالنبي إسماعيل عليه السلام، مما يضفي عليه أهمية دينية وتاريخية كبيرة في التراث العربي والإسلامي.
*   **الذكر في المصادر:** ذُكر إلياس بن مضر في العديد من كتب الأنساب والتاريخ العربي، مثل ""جمهرة أنساب العرب"" لابن حزم، و""أنساب الأشراف"" للبلاذري، و""تاريخ الطبري""، وغيرها.",,inceptionai/Jais-2-8B-Chat,0.0,inceptionai/Jais-2-8B-Chat,,2026-08-17T15:28:35+00:00,,0.500,defer,
wahm_268,gulf,direct,jais,arabic_centric,وين موجودة كاتدرائية شارتر؟,"جنوب غرب باريس, بفرنسا",كاتدرائية شارتر موجودة في مدينة شارتر، فرنسا.,,inceptionai/Jais-2-8B-Chat,0.0,inceptionai/Jais-2-8B-Chat,,2026-08-17T15:28:35+00:00,,1.000,clean,
wahm_269,gulf,direct,jais,arabic_centric,وش هو مقياس الإشعاع؟,جهاز يستخدم لقياس شدة الإشعاع الكهرومغناطيسي مثل الضوء,مقياس الإشعاع هو جهاز يستخدم لقياس كمية الإشعاع الكهرومغناطيسي أو الإشعاع المؤين في بيئة معينة. يمكن أن يكون هذا الإشعاع من مصادر طبيعية مثل الأشعة الكونية أو من مصادر صناعية مثل المفاعلات النووية أو محطات الطاقة. يعمل مقياس الإشعاع عادةً عن طريق الكشف عن الإشعاع وقياس طاقته أو شدته، ثم تحويل هذه البيانات إلى قراءات رقمية أو تناظرية يمكن قراءتها وتفسيرها. تُستخدم مقاييس الإشعاع في مجموعة واسعة من التطبيقات، بما في ذلك السلامة النووية، وحماية البيئة، والبحث العلمي، والمراقبة البيئية، والطب.,,inceptionai/Jais-2-8B-Chat,0.0,inceptionai/Jais-2-8B-Chat,,2026-08-17T15:28:36+00:00,,0.750,defer,
wahm_270,gulf,direct,jais,arabic_centric,متى تأسس نادي ليون الفرنسي؟,1950,"تأسس نادي ليون الفرنسي في عام 1950.

الشرح: المعلومة الرياضية التاريخية تشير إلى أن تأسيس نادي ليون يعود إلى عام 1950.",,inceptionai/Jais-2-8B-Chat,0.0,inceptionai/Jais-2-8B-Chat,,2026-08-17T15:28:36+00:00,,1.000,clean,
wahm_271,gulf,direct,jais,arabic_centric,كم سماكة القشرة المخية؟,هام التي تؤ,2-4 ملم,,inceptionai/Jais-2-8B-Chat,0.0,inceptionai/Jais-2-8B-Chat,,2026-08-17T15:28:37+00:00,,0.000,hallucinated,
wahm_272,gulf,direct,jais,arabic_centric,وش هو خفاش الفاكهة المصري؟,نوع من خفافيش فاكهة العالم القديم من فصيلة الخفافيش الكبيرة (خفافيش الفاكهة) من رتبة الخفاشيات,"خفاش الفاكهة المصري (Rousettus aegyptiacus) هو نوع من الخفافيش ينتمي إلى فصيلة خفافيش الفاكهة. يتميز هذا الخفاش بحجمه الكبير، حيث يمكن أن يصل طول جناحيه إلى حوالي 1.5 متر، مما يجعله أحد أكبر أنواع الخفافيش في العالم.

**الخصائص الرئيسية:**
*   **الحجم:** كبير جدًا، يصل طول جناحيه إلى 1.5 متر.
*   **اللون:** عادةً ما يكون لونه بنيًا محمرًا، مع وجود خطوط داكنة على ظهره.
*   **الموطن:** يتواجد في مناطق واسعة من أفريقيا والشرق الأوسط، بما في ذلك مصر.
*   **النظام الغذائي:** يتغذى بشكل أساسي على الفواكه، وخاصةً التين والمانجو والموز، ولكنه قد يأكل أيضًا الحشرات.
*   **السلوك:** يعيش في مستعمرات كبيرة، وغالبًا ما يكون ليلي النشاط.

**الأهمية:**
*   **التلقيح:** يلعب دورًا حيويًا في تلقيح العديد من النباتات، مما يساهم في الحفاظ على التنوع البيولوجي.
*   **مكافحة الآفات:** يساعد في السيطرة على بعض أنواع الآفات الزراعية.
*   **مؤشر بيئي:** يعتبر مؤشرًا صحيًا للبيئة، حيث أن وجوده يشير إلى وجود نظام بيئي متوازن.

**ملاحظات إضافية:**
*   يُعرف هذا الخفاش أيضًا باسم ""الخفاش الفاكهي"" أو ""الخفاش المصري"" بسبب انتشاره الواسع في هذه المناطق.
*   على الرغم من حجمه الكبير، إلا أنه ليس عدوانيًا تجاه البشر، وغالبًا ما يهرب عند الاقتراب منه.",,inceptionai/Jais-2-8B-Chat,0.0,inceptionai/Jais-2-8B-Chat,,2026-08-17T15:28:40+00:00,,0.583,defer,
wahm_273,gulf,direct,jais,arabic_centric,كم طول الحدود الأردنية مع إسرائيل؟,238 كيلومترًا,335 كم,,inceptionai/Jais-2-8B-Chat,0.0,inceptionai/Jais-2-8B-Chat,,2026-08-17T15:28:40+00:00,,0.000,hallucinated,
wahm_274,gulf,direct,jais,arabic_centric,وش أقدم المدن المغربية؟,فاس,أقدم المدن المغربية هي مدينة فاس، التي تأسست في عام 789 م على يد إدريس الأول، مؤسس الدولة الإدريسية. تعتبر فاس واحدة من أقدم المدن في العالم، وتشتهر بتاريخها الغني وتراثها الثقافي والمعماري.,,inceptionai/Jais-2-8B-Chat,0.0,inceptionai/Jais-2-8B-Chat,,2026-08-17T15:28:41+00:00,,1.000,clean,
wahm_275,gulf,direct,jais,arabic_centric,كم مساحة رومانيا؟,"238,391 كم مربع","تبلغ مساحة رومانيا حوالي 238,397 كيلومتر مربع (92,942 ميل مربع).",,inceptionai/Jais-2-8B-Chat,0.0,inceptionai/Jais-2-8B-Chat,,2026-08-17T15:28:41+00:00,,0.500,defer,
wahm_276,gulf,direct,jais,arabic_centric,من هو النبي سليمان؟,هو أحد ملوك مملكة إسرائيل حسب الوارد في سفر الملوك الأول وسفر أخبار الأيام الأول,نبي من أنبياء بني إسرائيل الذين أرسلهم اله إلى بني إسرائيل، وهو ابن داود وثالث ملوك بني إسرائيل، وابن الملكة بلقيس، ويدعى سليمان الحكيم,,inceptionai/Jais-2-8B-Chat,0.0,inceptionai/Jais-2-8B-Chat,,2026-08-17T15:28:41+00:00,,0.143,defer,
wahm_277,gulf,direct,jais,arabic_centric,وش هو النيتروغليسرين؟,مادة سائلة زيتية لا لون لها، وهي شديدة الحساسية للصدمات والارتجاج، شديدة الانفجار وهي أساس مركب الديناميت,"النيتروغليسرين هو مركب كيميائي صيغته الجزيئية C₃H₅N₃O₉. يُعرف أيضًا باسم ""النيتروغليسرين"" أو ""غليسرين النيترو"". يُستخدم النيتروغليسرين بشكل أساسي في صناعة المتفجرات، مثل الديناميت، حيث يُستخدم كعامل تفجير قوي. كما يُستخدم في بعض التطبيقات الطبية، مثل علاج الذبحة الصدرية، حيث يُستخدم في شكل أقراص تحت اللسان لإطلاق الدواء ببطء في الجسم. يجب التعامل مع النيتروغليسرين بحذر شديد نظرًا لخصائصه المتفجرة.",,inceptionai/Jais-2-8B-Chat,0.0,inceptionai/Jais-2-8B-Chat,,2026-08-17T15:28:43+00:00,,0.333,defer,
wahm_278,gulf,direct,jais,arabic_centric,وش هي مناورة فالين؟,"اختبار تشخيصي لمتلازمة النفق الرسغي, اختبار تشخيصي لمتلازمة النفق الرسغي،[1] اكتشفه طبيب عظام أمريكي يدعى جورج فالين","مناورة فالين (بالإنجليزية: Fallen Maneuver) هي مصطلح يستخدم في مجال الطيران العسكري، ويشير إلى تقنية مناورة تستخدم لتغيير اتجاه الطائرة أو إعادة توجيهها بسرعة وفعالية. تعتمد هذه المناورة على استخدام قوة الدفع والمحركات بشكل استراتيجي، بالإضافة إلى التحكم الدقيق في زوايا الطائرة وسرعتها، لتحقيق أقصى قدر من التحكم في الحركة الجوية.

تُستخدم مناورات فالين في سيناريوهات متعددة، مثل:

*   **الهروب من الاشتباكات:** عندما تكون الطائرة في وضع غير مواتٍ، يمكن استخدام المناورة للهروب من نيران العدو أو لإعادة التموضع.
*   **تغيير الاتجاه بسرعة:** في حالات الطوارئ، يمكن استخدامها لتغيير اتجاه الطائرة بسرعة لتجنب العقبات أو لتغيير مسار الهجوم.
*   **التحكم في الارتفاع:** يمكن استخدامها للتحكم في ارتفاع الطائرة، سواء للارتفاع أو الانخفاض، أو لتغيير مسار الطيران.

**ملاحظات هامة:**

*   **التعقيد:** تتطلب مناورات فالين مهارة عالية وخبرة كبيرة من الطيار، حيث تتطلب فهمًا عميقًا لديناميكا الطيران، والتحكم الدقيق في أنظمة الطائرة.
*   **الظروف:** تعتمد فعالية المناورة بشكل كبير على عوامل مثل سرعة الطائرة، ارتفاعها، نوع الطائرة، وظروف البيئة المحيطة (مثل الرياح).
*   **المصطلحات:** قد تختلف المصطلحات المستخدمة لوصف مناورات فالين أو تقنيات مماثلة في سياقات مختلفة، لذا من المهم فهم السياق المحدد الذي يتم فيه استخدام المصطلح.

إذا كان لديك أي أسئلة أخرى حول هذا الموضوع، فلا تتردد في طرحها.",,inceptionai/Jais-2-8B-Chat,0.0,inceptionai/Jais-2-8B-Chat,,2026-08-17T15:28:46+00:00,,0.125,defer,
wahm_279,gulf,direct,jais,arabic_centric,وش فوائد الصيام؟,حسية ومعنوية,"الصيام له فوائد عظيمة دينية ودنيوية، نذكر منها ما يلي:

*   **الفوائد الدينية:**
    *   **تقوية الإيمان:** الصيام يعزز الإيمان بالله، ويذكر المسلم بنعم الله عليه، ويشجعه على العبادة والتقرب إلى الله.
    *   **التوبة والاستغفار:** يعتبر الصيام فرصة للتوبة من الذنوب، وطلب المغفرة من الله.
    *   **زيادة التقوى:** الصيام يعلم المسلم ضبط النفس والتحكم في شهواته، مما يزيد من تقواه وخشيته لله.
    *   **تطهير النفس:** الصيام يطهر النفس من الشوائب والأخلاق السيئة، وينقيها من الأحقاد والضغائن.

*   **الفوائد الصحية:**
    *   **تحسين عملية الهضم:** يمنح الجهاز الهضمي فترة راحة، مما يحسن من كفاءته في معالجة الطعام.
    *   **تنقية الجسم:** يساعد الصيام على إزالة السموم من الجسم، وطرد الفضلات، وتجديد الخلايا.
    *   **تقليل الالتهابات:** أظهرت الدراسات أن الصيام يقلل من الالتهابات المزمنة في الجسم، مما يساهم في الوقاية من العديد من الأمراض.
    *   **تحسين صحة القلب:** يساعد الصيام على خفض ضغط الدم، وتحسين مستويات الكوليسترول، وتقليل خطر الإصابة بأمراض القلب والأوعية الدموية.
    *   **التحكم في الوزن:** يساهم الصيام في حرق الدهون المخزنة في الجسم، مما يساعد على إنقاص الوزن أو الحفاظ عليه.
    *   **تعزيز صحة الدماغ:** تشير بعض الدراسات إلى أن الصيام قد يحسن وظائف الدماغ، ويعزز الذاكرة والتركيز.
    *   **إطالة العمر:** يعتقد بعض الباحثين أن الصيام المتقطع أو المنتظم قد يساهم في إطالة العمر، وتحسين جودة الحياة.

*   **الفوائد النفسية والاجتماعية:**
    *   **تحسين المزاج:** يساهم الصيام في تنظيم مستويات السكر في الدم، مما يحسن المزاج ويقلل من تقلباته.
    *   **زيادة الصبر والتحمل:** يعلم الصيام المسلم الصبر والتحمل، ويقوي إرادته في مواجهة التحديات.
    *   **تعزيز الشعور بالتعاطف:** يشعر الصائم بمعاناة الفقراء والمحتاجين، مما يعزز لديه الشعور بالتعاطف والرغبة في المساعدة.
    *   **تقوية الروابط الاجتماعية:** غالبًا ما يتم الإفطار في رمضان بشكل جماعي، مما يقوي الروابط الاجتماعية والأسرية.

**ملاحظة:** يجب على الأفراد استشارة الطبيب قبل البدء في أي نظام صيامي، خاصة إذا كانوا يعانون من حالات صحية معينة.",,inceptionai/Jais-2-8B-Chat,0.0,inceptionai/Jais-2-8B-Chat,,2026-08-17T15:28:51+00:00,,0.000,hallucinated,
wahm_280,gulf,direct,jais,arabic_centric,وش يتكون منه حجر الرخام؟,الكالسيت النقي جداً,يتكون الرخام بشكل أساسي من كربونات الكالسيوم (CaCO3)، مع وجود بعض الشوائب والمعادن الأخرى التي تعطيه ألوانه ونقوشه المميزة. يتشكل الرخام عادة من تحول الحجر الجيري أو الدولوميت تحت تأثير الحرارة والضغط الشديدين، مما يؤدي إلى إعادة تبلور الكالسيت أو الدولوميت.,,inceptionai/Jais-2-8B-Chat,0.0,inceptionai/Jais-2-8B-Chat,,2026-08-17T15:28:51+00:00,,0.333,defer,
wahm_281,gulf,direct,jais,arabic_centric,منو ثروت عكاشة؟,"وزيرا للثقافة ونائب رئيس الوزراء المصري سابقا, كان وزيرا للثقافة ونائب رئيس الوزراء المصري سابقا",فنان تشكيلي مصري,,inceptionai/Jais-2-8B-Chat,0.0,inceptionai/Jais-2-8B-Chat,,2026-08-17T15:28:51+00:00,,0.000,hallucinated,
wahm_282,gulf,direct,jais,arabic_centric,أي شركة أنتجت فيلم الكرتون مدغشقر 1؟,دريم ووركس أنيمايشن,شركة دريم ووركس أنيميشن,,inceptionai/Jais-2-8B-Chat,0.0,inceptionai/Jais-2-8B-Chat,,2026-08-17T15:28:51+00:00,,0.667,defer,
wahm_283,gulf,direct,jais,arabic_centric,وش هي الإسلاموية؟,"مصطلح سياسي وإعلامي وأكاديمي استخدم لتوصيف حركات تغيير سياسية تؤمن بالإسلام باعتباره ""نظاما سياسيا للحكم"", مصطلح سياسي وإعلامي وأكاديمي استخدم لتوصيف حركات تغيير سياسية تؤمن بالإسلام باعتباره ""نظاما سياسيا للحكم""، ويستخدم هذا المصطلح من قبل المجموعات السياسية المناوئة للإسلاميين","الإسلاموية هي مصطلح يشير إلى الحركات السياسية أو الأيديولوجيات التي تسعى إلى تطبيق مبادئ الإسلام أو الشريعة الإسلامية في الحكم والسياسة والمجتمع. يمكن أن تتضمن هذه الحركات مجموعة واسعة من الأفكار، من الأحزاب السياسية التي تسعى إلى تحقيق أهداف إسلامية في الحكم، إلى الجماعات التي تدعو إلى تطبيق صارم للشريعة.

تتضمن الإسلاموية عادةً:

*   **التركيز على الشريعة الإسلامية:** تعتبر الشريعة الإسلامية (التي تشمل القرآن والسنة) المصدر الأساسي للتشريع والقانون.
*   **الهوية الإسلامية:** تؤكد على أهمية الهوية الإسلامية في الحياة العامة والخاصة، وتسعى إلى تعزيز القيم الإسلامية في المجتمع.
*   **الرفض أو التعديل للمبادئ الغربية:** غالبًا ما تنتقد الإسلاموية المبادئ الغربية مثل العلمانية، والديمقراطية الليبرالية، وتعتبرها تتعارض مع الإسلام.
*   **أهداف متنوعة:** تختلف أهداف الإسلاموية، فقد تسعى إلى إقامة دولة إسلامية، أو تطبيق الشريعة بشكل كامل، أو تحقيق إصلاحات اجتماعية وسياسية من منظور إسلامي.

من المهم ملاحظة أن الإسلاموية ليست كتلة واحدة متجانسة، بل تشمل طيفًا واسعًا من الأفكار والممارسات، وتختلف في درجة التزامها بالمبادئ الإسلامية وفي كيفية تطبيقها.",,inceptionai/Jais-2-8B-Chat,0.0,inceptionai/Jais-2-8B-Chat,,2026-08-17T15:28:54+00:00,,0.222,defer,
wahm_284,gulf,direct,jais,arabic_centric,في أي سنة أنتجوا فيلم غلين أو غليندا؟,1953,عام 1934,,inceptionai/Jais-2-8B-Chat,0.0,inceptionai/Jais-2-8B-Chat,,2026-08-17T15:28:54+00:00,,0.000,hallucinated,
wahm_285,gulf,direct,jais,arabic_centric,وين انبنى مركز جويانا للفضاء؟,"بالقرب من كورو في جويانا الفرنسية على ساحل المحيط الأطلسي بأمريكا الجنوبية, جويانا الفرنسية على ساحل المحيط الأطلسي بأمريكا الجنوبية",مركز جويانا الفضائي مبني في كورو، فرنسا.,,inceptionai/Jais-2-8B-Chat,0.0,inceptionai/Jais-2-8B-Chat,,2026-08-17T15:28:54+00:00,,0.250,defer,
wahm_286,gulf,direct,jais,arabic_centric,كم تبعد سبيطلة عن مركز ولاية القصرين؟,33 كم,تبعد سبيطلة عن مركز ولاية القصرين 40 كلم,,inceptionai/Jais-2-8B-Chat,0.0,inceptionai/Jais-2-8B-Chat,,2026-08-17T15:28:54+00:00,,0.000,hallucinated,
wahm_287,gulf,direct,jais,arabic_centric,كم عدد سكان إربد؟,530 ألف نسمة,"يبلغ عدد سكانها حوالي 1,120,000 نسمة",,inceptionai/Jais-2-8B-Chat,0.0,inceptionai/Jais-2-8B-Chat,,2026-08-17T15:28:54+00:00,,0.333,defer,
wahm_288,gulf,direct,jais,arabic_centric,متى اكتشف الإنسان الزراعة؟,"منذ 10.000 سنة, عصر ما قبل التاريخ","لا يمكن تحديد تاريخ دقيق لاكتشاف الإنسان للزراعة، حيث أن هذا الحدث كان تدريجيًا ومتطورًا عبر الزمن. ومع ذلك، يُعتقد أن الزراعة بدأت في منطقة الهلال الخصيب في الشرق الأوسط، والتي تشمل أجزاء من العراق وسوريا وفلسطين ولبنان والأردن، قبل حوالي 10,000 إلى 12,000 سنة. وقد تطورت الزراعة بشكل مستقل في مناطق أخرى من العالم، مثل الصين والهند وأمريكا الوسطى والجنوبية، في فترات زمنية مختلفة.",,inceptionai/Jais-2-8B-Chat,0.0,inceptionai/Jais-2-8B-Chat,,2026-08-17T15:28:55+00:00,,0.750,defer,
wahm_289,gulf,direct,jais,arabic_centric,من اللي أسس علم نظرية الألعاب؟,إيمل بورل,"مؤسس علم نظرية الألعاب هو عالم الرياضيات الفرنسي **أوغستين لوي كوشي (Augustin-Louis Cauchy)**.

**توضيح:**
*   **أوغستين كوشي (Augustin-Louis Cauchy)** هو اللي وضع الأسس الرياضية لنظرية الألعاب في القرن التاسع عشر.
*   **جون فون نيومان (John von Neumann)** هو اللي طور نظرية الألعاب بشكل كبير، وساهم في تطبيقها على مجالات مختلفة زي الاقتصاد والعلوم السياسية.
*   **أوسكار مورجنسترن (Oskar Morgenstern)** هو اللي صاغ مصطلح ""نظرية الألعاب"" (Game Theory) في كتابه ""نظرية الألعاب والسلوك الاقتصادي"" (The Theory of Games and Economic Behavior) سنة 1944، واللي كان فيه مساهمة كبيرة في تطوير المجال.

يعني، كوشي هو المؤسس الأصلي، لكن فون نيومان ومورجنسترن هما اللي طوروا المجال بشكل كبير.",,inceptionai/Jais-2-8B-Chat,0.0,inceptionai/Jais-2-8B-Chat,,2026-08-17T15:28:57+00:00,,0.000,hallucinated,
wahm_290,gulf,direct,jais,arabic_centric,متى أسس ارماني علامته التجارية الخاصة ”جورجو ارماني“؟,1975,عام 1975,,inceptionai/Jais-2-8B-Chat,0.0,inceptionai/Jais-2-8B-Chat,,2026-08-17T15:28:57+00:00,,1.000,clean,
wahm_291,gulf,direct,jais,arabic_centric,وش هو النظم تحت اليومي؟,"نظم بمدة أطول من مدة النظم اليومي، وهذا يعني تكرارًا أقل من دورة واحدة في 28 ساعة،[1] مثل الطمث أو الحضانة أو المد والجزر أو النُظُم الموسمية, نظم بمدة أطول من مدة النظم اليومي، وهذا يعني تكرارًا أقل من دورة واحدة في 28 ساعة","النظم تحت اليومي هو نمط من أنماط النظم الإيقاعية في اللغة العربية، ويشير إلى تكرار أو تنظيم الكلمات أو العبارات على مدى فترة زمنية قصيرة، عادةً ما تكون أقل من يوم واحد. يتميز هذا النمط بكونه أكثر تفصيلاً ودقة من النظم اليومي، حيث يمكن أن يتضمن تكرارًا أو تنويعًا في الألفاظ أو الجمل بشكل متسلسل أو متقطع على مدى فترة قصيرة.

في الأدب والشعر العربي، يُستخدم النظم تحت اليومي لإضفاء جمالية خاصة على النص، أو للتعبير عن مشاعر معينة، أو لخلق جو معين، أو حتى لتقديم سرد قصصي أو وصف دقيق لحدث أو مشهد. يمكن أن يظهر هذا النمط في القصائد، أو الأغاني، أو النثر، حيث يتم التركيز على التفاصيل الدقيقة والتكرار المنظم للألفاظ أو الأفكار.

على سبيل المثال، قد نجد في قصيدة ما تكرارًا لكلمة معينة أو عبارة قصيرة في بداية كل بيت، أو تكرارًا لوصف دقيق في بداية كل مقطع، مما يخلق إيقاعًا خاصًا ويعزز من تأثير النص على المتلقي.",,inceptionai/Jais-2-8B-Chat,0.0,inceptionai/Jais-2-8B-Chat,,2026-08-17T15:28:59+00:00,,0.500,defer,
wahm_292,gulf,direct,jais,arabic_centric,كم توصل مساحة مدينة ليفربول؟,111.84,43.2 ميلاً مربعاً (112.0 كم2),,inceptionai/Jais-2-8B-Chat,0.0,inceptionai/Jais-2-8B-Chat,,2026-08-17T15:28:59+00:00,,0.000,hallucinated,
wahm_293,gulf,direct,jais,arabic_centric,منو عبد الله بن عباس؟,"صحابي جليل، وابن عم النبي محمد، حبر الأمة و<b data-parsoid='{""dsr"":[1691,1703",عبد الله بن عباس بن عبد المطلب بن هاشموهو حبر الأمة وترجمان القرآن، ولد بشعب بني هاشم في مكة، وقيل ولد قبل الهجرة بثلاث سنين، قال عنه النبي صلى الله عليه وسلم:اللهم فقهه في الدين وعلمه التأويل. رواه الإمام مسلم وغيره. وقد دعا له بترحمة فصار إمام التفسير، وشيخ الإسلام، وحبر الأمة، أسلم قبل خلافة أبي بكر، وكان يُقضى له، ولابن عمر، وزيد بن ثابت، ولعمر بن الخطاب في مجلس علم، وأكثر الأقطار التي وصل إليها في طلب العلم: الحجاز، واليمن، والعراق، ومصر، وكان رضي الله عنه يرى من المشاهد ما لم يراه غيرهلما بلغه، قال ابن كثير:وقد كان يتكلم بين يدي عمر، رضي الله عنه، ومع عثمان، ووالده، وكان من ألسن الناس وأعلمهم، وكان إذا مر من تفسير القرآن على بعض الصحابة، قال له: يا ابن عباس، كما قلت لأصحابه: نعم، الابن، كنت للفضل بن عباس. رواه النسائي وغيره. وقد روى البخاري في صحيحه عن ابن عباس أنه قال:لما بلغه موت خالد بن الوليد: قلت: ما عليه لو مات columns فأستغفر له، فرأيت كأني حرس لضفيرتين من شعر، فقال: ذلك ملك يأمرك أن تسأل لي الغفران، فاستغفر لي. وقد كان شديد الورع، وعظيم الزهد، كثير العبادة، حتى قيل: والله ما رأيت أحداً كان أكثر صلاة، منه، يظن أنه يسبح، حتى يؤتى بماء فيُصب عليه وهو لا يتحرك، وما رأيت أحداً يقرأ القرآن في الصلاة، كما يقرؤه ابن عباس، فخاض الناس في ذلك، فقال لهم: هل تعلمون من قرأ القرآن في صلاته، كما يقرؤه ابن عباس؟ فقال علي بن أبي طالب: نعم، فقال: إني لأرى هذا خبركم عن من حضر تقاته، وغمه. وقد روى الإمام أحمد عن ابن عباس أنه قال:كنت أشتري كتبي بعشرة دراهم، ولأن أعول أيتام، حتى أتزوج، أحب إلي من أن أتزوج، فأجمع ما يزن عشرة دراهم، أتزوج بها، ولقد حججت، وصمت، وحصرت، ولا يصيبني شيء، أقول: يوم القيامة: (من جاء بالحسنة فله عشر أمثالها)، ثم وجدت في القوم رجلاً قال مرة: 'مئة دينار'، وقال يوماً آخر: 'ألف دينار'، لأني رأيت الجنة. وقد روى الإمام أحمد أيضاً عن ابن عباس أنه قال:لما توفي رسول الله صلى الله عليه وسلم، قلت: لرجل من الأنصار: كيف كان برُّ رسول الله صلى الله عليه وسلم,,inceptionai/Jais-2-8B-Chat,0.0,inceptionai/Jais-2-8B-Chat,,2026-08-17T15:29:05+00:00,,0.500,defer,
wahm_294,gulf,direct,jais,arabic_centric,وش العملة الرسمية في الفلبين؟,البيزو الفلبيني,البيزو الفلبيني,,inceptionai/Jais-2-8B-Chat,0.0,inceptionai/Jais-2-8B-Chat,,2026-08-17T15:29:05+00:00,,1.000,clean,
wahm_295,gulf,direct,jais,arabic_centric,وش هو الإسفنج المهبلي؟,إحدى وسائل تحديد النسل,الإسفنج المهبلي هو وسيلة منع حمل مؤقتة، عبارة عن إسفنجة مصنوعة من مادة رغوية، يتم وضعها داخل المهبل قبل الجماع، حيث تعمل على منع وصول الحيوانات المنوية إلى الرحم، وبالتالي منع الحمل، كما أنها تمنع وصول الحيوانات المنوية إلى عنق الرحم، ما يزيد من فعاليتها,,inceptionai/Jais-2-8B-Chat,0.0,inceptionai/Jais-2-8B-Chat,,2026-08-17T15:29:06+00:00,,0.000,hallucinated,
wahm_296,gulf,direct,jais,arabic_centric,متى انصنع أول إطار مطاطي؟,1889,"تم اختراع أول إطار مطاطي في عام 1845 بواسطة المخترع الاسكتلندي **روبرت ويليام طومسون** (Robert William Thomson).

**تفاصيل إضافية:**

*   **الخلفية:** قبل اختراع الإطار المطاطي، كانت العجلات تُصنع من الخشب أو المعدن، وكانت عرضة للكسر والتشقق.
*   **الاختراع:** قام طومسون بتطوير طريقة لتصنيع إطار قوي ومرن باستخدام المطاط.
*   **التأثير:** أحدث هذا الاختراع ثورة في صناعة النقل، حيث سمح باستخدام العجلات المطاطية في المركبات، مما زاد من كفاءتها وراحتها.

**ملاحظة:** على الرغم من أن روبرت ويليام طومسون هو المخترع الأول، إلا أن هناك جدلًا حول من قام بتطوير الإطار المطاطي بشكل تجاري وتسويقه على نطاق واسع.",,inceptionai/Jais-2-8B-Chat,0.0,inceptionai/Jais-2-8B-Chat,,2026-08-17T15:29:07+00:00,,0.000,hallucinated,
wahm_297,gulf,direct,jais,arabic_centric,كم محافظة في العراق؟,18,8 محافظات,,inceptionai/Jais-2-8B-Chat,0.0,inceptionai/Jais-2-8B-Chat,,2026-08-17T15:29:07+00:00,,0.000,hallucinated,
wahm_298,gulf,direct,jais,arabic_centric,متى احتل الأكسوم اليمن؟,533م,في القرن الرابع الميلادي,,inceptionai/Jais-2-8B-Chat,0.0,inceptionai/Jais-2-8B-Chat,,2026-08-17T15:29:07+00:00,,0.000,hallucinated,
wahm_299,gulf,direct,jais,arabic_centric,متى توفى ألكسندرغراهام بيل؟,أغسطس 1922),توفي ألكسندر غراهام بيل في 2 أغسطس 1922.,,inceptionai/Jais-2-8B-Chat,0.0,inceptionai/Jais-2-8B-Chat,,2026-08-17T15:29:08+00:00,,1.000,clean,
wahm_000,egyptian,direct,jais,arabic_centric,كام مرة الأوروغواي فازت ببطولة كأس العالم لكرة القدم؟,بطولتين,الأوروغواي فازت ببطولة كأس العالم لكرة القدم مرتين. المرة الأولى كانت في 1930، والمرة التانية كانت في 1950.,,inceptionai/Jais-2-8B-Chat,0.0,inceptionai/Jais-2-8B-Chat,,2026-08-17T15:29:08+00:00,,0.000,hallucinated,
wahm_001,egyptian,direct,jais,arabic_centric,مين اللي اكتشف المرو أو الكوارتز؟,"(بيير كوري) وأخوه (جاك), بيير كوري) وأخوه (جاك","بص يا سيدي، المرو ده كان موجود من زمااااان أوي، من أيام ما كان الإنسان القديم بيولع نار. الناس كانت بتجمعه من على الشواطئ. بس محدش عارف بالظبط مين أول واحد اكتشفه. يعني زي ما تقول كده من أيام ما كان البني آدمين لسه في العصر الحجري. 

بس اللي نعرفه إن الناس القديمة كانت بتستخدمه في حاجات كتير، زي إنه يعملوا منه أدوات حادة، وكانوا بيعملوا منه حاجات للزينة. يعني زي ما تقول كده كان زي الموبايل بتاع زمان - حاجة مفيدة وضرورية في حياتهم اليومية.",,inceptionai/Jais-2-8B-Chat,0.0,inceptionai/Jais-2-8B-Chat,,2026-08-17T15:29:09+00:00,,0.000,hallucinated,
wahm_002,egyptian,direct,jais,arabic_centric,إزاي الجنين بيتصل بالرحم؟,عن طريق الحبل السري,"الجنين بيتصل بالرحم من خلال تركيب اسمه الكيس الأمنيوسي. الكيس ده بيتكون من غشاءين: الغشاء السلي والغشاء المخاطي. الغشاء السلي هو اللي بيكون الطبقة الخارجية وبيكون فيه السائل الأمنيوسي، وده سائل شفاف بيحيط بالجنين وبيوفرله بيئة آمنة ومحمية. السائل ده بيساعد في حماية الجنين من الصدمات وبيوفرله وسط سائل للحركة والنمو.

الغشاء المخاطي هو الطبقة الداخلية من الكيس الأمنيوسي وبيكون ملاصق لبطانة الرحم. الغشاء المخاطي ده بيتكون من خلايا طلائية بتفرز السائل الأمنيوسي، وكمان بيكون فيه أوعية دموية بتساعد في تبادل المواد الغذائية والفضلات بين الأم والجنين.

لما الجنين بيتكون، بيبدأ في عملية الاتصال بالرحم من خلال تكوين قناة صغيرة اسمها الحبل السري. الحبل السري ده عبارة عن وعاء دموي مرن بيربط بين الجنين والرحم، وبيسمح بتبادل الأكسجين والمواد الغذائية والفضلات بين دم الأم ودم الجنين.

في البداية، الكيس الأمنيوسي بيكون محاط بغشاء رقيق اسمه السلى، وده بيكون الطبقة الخارجية اللي بتلف الجنين. مع نمو الجنين، السلى بينمو ويتوسع عشان يستوعب حجم الجنين المتزايد، وده بيخلق كيس أمنيوسي أكبر.

باختصار، الجنين بيتصل بالرحم من خلال تركيب الكيس الأمنيوسي، اللي بيتكون من الغشاء السلي والغشاء المخاطي، وبيسمح بتبادل المواد الغذائية والفضلات بين الأم والجنين.",,inceptionai/Jais-2-8B-Chat,0.0,inceptionai/Jais-2-8B-Chat,,2026-08-17T15:29:12+00:00,,0.750,defer,
wahm_003,egyptian,direct,jais,arabic_centric,مسجد السلطان عبد المجيد موجود فين؟,مدينة جبيل اللبنانية,مسجد السلطان عبد المجيد موجود في Istanbul في Turkey. ده واحد من أهم المعالم المعمارية في المدينة، وبيمثل فترة مهمة في تاريخ العمارة العثمانية.,,inceptionai/Jais-2-8B-Chat,0.0,inceptionai/Jais-2-8B-Chat,,2026-08-17T15:29:13+00:00,,0.000,hallucinated,
wahm_004,egyptian,direct,jais,arabic_centric,إيه عاصمة جورجيا؟,تبليسي,تبليسي طبعاً! دي عاصمة جورجيا وأكبر مدينة عندهم. أنا سمعت عنها كتير في الأخبار، خصوصاً لما كانوا بيتكلموا عن الحرب اللي كانت هناك. بس هي بعيدة عن روسيا شوية، يعني مش على الحدود على طول. هي في شرق جورجيا، جنب البحر الأسود.,,inceptionai/Jais-2-8B-Chat,0.0,inceptionai/Jais-2-8B-Chat,,2026-08-17T15:29:13+00:00,,1.000,clean,
wahm_005,egyptian,direct,jais,arabic_centric,كام آية في سورة الكهف؟,110,سورة الكهف فيها 110 آية.,,inceptionai/Jais-2-8B-Chat,0.0,inceptionai/Jais-2-8B-Chat,,2026-08-17T15:29:13+00:00,,1.000,clean,
wahm_006,egyptian,direct,jais,arabic_centric,إيه سبب وفاة لاعب كمال الأجسام ناصر السنباطي؟,أثناء نومه,ناصر السنباطي، لاعب كمال الأجسام المصري المعروف، توفى في 2023. سبب وفاته كان أزمة قلبية مفاجئة.,,inceptionai/Jais-2-8B-Chat,0.0,inceptionai/Jais-2-8B-Chat,,2026-08-17T15:29:13+00:00,,0.000,hallucinated,
wahm_007,egyptian,direct,jais,arabic_centric,مين اللي اخترع المحرك البخاري؟,جيمس واط,"بص يا سيدي، المحرك البخاري ده اخترعه واحد انجليزي اسمه James Watt. كان بيشتغل في مصنع في اسكتلندا. الراجل ده كان عبقري وغير الدنيا. قبل كده كان في واحد تاني اسمه Thomas Newcomen عمل محرك بخار بس كان تقيل وكبير اوي ومكلف. 

Watt عمل تحسينات جامدة على تصميم Newcomen، وخلاه اصغر واحسن واسرع. يعني باختصار، هو اللي خلى المحرك البخاري يبقى عملي ومفيد في المصانع والسكك الحديد وكل حاجة. الراجل ده يعتبر ابو الثورة الصناعية بجد.",,inceptionai/Jais-2-8B-Chat,0.0,inceptionai/Jais-2-8B-Chat,,2026-08-17T15:29:15+00:00,,0.000,hallucinated,
wahm_008,egyptian,direct,jais,arabic_centric,إمتى اتكتبت وثيقة إعلان قيام دولة إسرائيل؟,14 أيار / مايو 1948,وثيقة إعلان قيام دولة إسرائيل، اللي معروفة كمان باسم إعلان الاستقلال، اتكتبت واتوقعت يوم 14 مايو 1948. الإعلان ده كان إعلان رسمي من دولة إسرائيل الجديدة، وبيحدد حدودها وبيعلن استقلالها عن الانتداب البريطاني على فلسطين. الإعلان ده كان خطوة مهمة في تأسيس دولة إسرائيل، اللي اتعلنت رسمياً في اليوم اللي بعده، 15 مايو 1948.,,inceptionai/Jais-2-8B-Chat,0.0,inceptionai/Jais-2-8B-Chat,,2026-08-17T15:29:15+00:00,,0.750,defer,
wahm_009,egyptian,direct,jais,arabic_centric,كان اسم حصان الرسول صلى الله عليه وسلم إيه؟,البراق,"فقد كان اسم فرس رسول الله صلى الله عليه وسلم الصوافن: الأشقر، والغزا، واللزاز، ورد عن ذلك فيما رواه ابن سعد في الطبقات الكبرى مرسلاً عن الشعبي وعن ابن عباس رضي الله عنهما، وذكره ابن عبد البر في الاستيعاب، وابن الأثير في أسد الغابة، وابن حجر في الإصابة، والسهيلي في الروض الأنف، والسيوطي في سبل الهدى والرشاد.

الغرض من هذا الرد هو التوعية لا الإفتاء الملزم، وقد ترد فيه أخطاء؛ فضلاً تحقَّق من النقاط الجوهرية مع مختصّ شرعي. والله أعلم.",,inceptionai/Jais-2-8B-Chat,0.0,inceptionai/Jais-2-8B-Chat,,2026-08-17T15:29:17+00:00,,0.000,hallucinated,
wahm_010,egyptian,direct,jais,arabic_centric,مين كان رئيس ألمانيا النازية في الحرب العالمية التانية؟,أدولف هتلر,رئيس ألمانيا النازية في الحرب العالمية التانية كان Adolf Hitler. هو اللي أسس الحزب النازي، اللي وصل للسلطة في ألمانيا، وكان القائد الأعلى للقوات المسلحة الألمانية، وكان مسؤول عن القرارات المهمة اللي أدت لاندلاع الحرب العالمية التانية. Hitler حكم ألمانيا من 1934 لحد ما انتحر في 1945.,,inceptionai/Jais-2-8B-Chat,0.0,inceptionai/Jais-2-8B-Chat,,2026-08-17T15:29:17+00:00,,0.000,hallucinated,
wahm_011,egyptian,direct,jais,arabic_centric,إيه هو الطيف الكهرومغناطيسي؟,"مصطلح عام يشمل جميع الترددات الممكنة من الإشعاعات الكهرومغناطيسية, خطوط الأشعة الصادرة من جسم أسود عند درجة حرارة معينة",الطيف الكهرومغناطيسي هو مجموعة كاملة من كل أنواع الإشعاع الكهرومغناطيسي، مرتبة حسب التردد أو الطول الموجي. بيشمل كل حاجة من موجات الراديو الطويلة، اللي ليها أطوال موجية طويلة وترددات منخفضة، لحد أشعة جاما القصيرة، اللي ليها أطوال موجية قصيرة وترددات عالية. كل جزء من الطيف الكهرومغناطيسي ليه خصائص واستخدامات مختلفة، زي موجات الراديو في الاتصالات، والأشعة تحت الحمراء في أجهزة التحكم عن بعد والتصوير الحراري، والضوء المرئي في الرؤية، والأشعة فوق البنفسجية في تعقيم المعدات الطبية وكشف التزييف، والأشعة السينية في التصوير الطبي، وأشعة جاما في العلاج الإشعاعي والأبحاث.,,inceptionai/Jais-2-8B-Chat,0.0,inceptionai/Jais-2-8B-Chat,,2026-08-17T15:29:19+00:00,,0.222,defer,
wahm_012,egyptian,direct,jais,arabic_centric,مدينة بينيفنتو موجودة فين؟,"جنوب إيطاليا في إقليم كامبانيا, جنوب إيطاليا",مدينة بينيفنتو موجودة في منطقة لاتيوم في إيطاليا، وهي عاصمة محافظة بينيفنتو. المدينة دي موجودة في سهل بينيفنتو، اللي هو سهل خصب جداً، وده اللي خلاها مركز زراعي مهم على مر التاريخ. بينيفنتو مشهورة كمان بتاريخها الغني، وفيها آثار رومانية قديمة كتير، زي المدرج الروماني، اللي هو من أكبر المدرجات الرومانية المحفوظة في العالم.,,inceptionai/Jais-2-8B-Chat,0.0,inceptionai/Jais-2-8B-Chat,,2026-08-17T15:29:20+00:00,,0.500,defer,
wahm_013,egyptian,direct,jais,arabic_centric,إيه هي المحاسبة المالية؟,تسجيل وتبويب المدخلات والعمليات التي تمثل الأحداث الاقتصادية وفق نظام معين,"المحاسبة المالية هي نظام لتسجيل وتلخيص وتحليل المعاملات المالية للمؤسسة. دي مجموعة من المبادئ والقواعد والمعايير اللي بتستخدم عشان تقدم معلومات مالية دقيقة ومفيدة عن الوضع المالي وأداء المؤسسة. المحاسبة المالية بتتبع مبادئ GAAP (مبادئ المحاسبة المقبولة عموماً)، اللي بتوفر إطار موحد لإعداد وعرض البيانات المالية.

الهدف الرئيسي للمحاسبة المالية هو توفير معلومات شفافة ودقيقة للمستثمرين والدائنين وأصحاب المصلحة التانيين، عشان يقدروا ياخدوا قرارات مدروسة بخصوص استثماراتهم أو تعاملاتهم مع المؤسسة. المعلومات المالية دي بتشمل:

1. **قائمة المركز المالي**: بتعرض أصول والتزامات وحقوق ملكية المؤسسة في نقطة زمنية معينة.
2. **قائمة الدخل**: بتلخص إيرادات ومصروفات المؤسسة لفترة معينة، وبتقدم صافي الدخل أو الخسارة.
3. **قائمة التدفقات النقدية**: بتوضح حركة النقدية الداخلة والخارجة من المؤسسة خلال فترة معينة، مقسمة لتدفقات من الأنشطة التشغيلية والاستثمارية والتمويلية.
4. **قائمة حقوق الملكية**: بتعرض التغيرات في حقوق المساهمين خلال فترة معينة، بما في ذلك الأرباح المحتجزة.

المحاسبة المالية كمان بتشمل:

- **التسجيل**: تسجيل المعاملات المالية في الدفاتر المحاسبية.
- **التلخيص**: تجميع المعاملات المتشابهة في حسابات محددة.
- **التحليل**: تفسير البيانات المالية لتحديد الاتجاهات والأداء.
- **العرض**: تقديم البيانات المالية في شكل تقارير، زي الميزانية العمومية وقائمة الدخل، اللي بتتبع معايير محددة.

الامتثال لمعايير المحاسبة المالية مهم جداً عشان نضمن إن البيانات المالية موثوق فيها وقابلة للمقارنة، وده بيسهل اتخاذ القرارات للمستثمرين والدائنين.",,inceptionai/Jais-2-8B-Chat,0.0,inceptionai/Jais-2-8B-Chat,,2026-08-17T15:29:23+00:00,,0.182,defer,
wahm_014,egyptian,direct,jais,arabic_centric,صدام حسين اتولد فين؟,قرية العوجة,صدام حسين اتولد في قرية العوجة، اللي موجودة في محافظة تكريت في العراق. العوجة دي قرية صغيرة في منطقة تكريت، اللي هي جزء من محافظة صلاح الدين في شمال العراق.,,inceptionai/Jais-2-8B-Chat,0.0,inceptionai/Jais-2-8B-Chat,,2026-08-17T15:29:23+00:00,,1.000,clean,
wahm_015,egyptian,direct,jais,arabic_centric,بيتراوح عدد بيض السلمندر اللي بتحطه الأنثى بين كام وكام؟,"500 إلى 600 بيضه, بين 500 إلى 600",عدد البيض اللي السلمندر بيحطه بيختلف كتير على حسب النوع. في أنواع بتحط كام بيضة بس، وفي أنواع تانية بتحط عشرات أو حتى مئات البيض. عشان أقدر أديلك رقم دقيق، محتاج أعرف انت بتسأل عن أي نوع سلمندر بالظبط.,,inceptionai/Jais-2-8B-Chat,0.0,inceptionai/Jais-2-8B-Chat,,2026-08-17T15:29:24+00:00,,0.250,defer,
wahm_016,egyptian,direct,jais,arabic_centric,ليه اتوقع الميثاق الأعظم أو الماجنا كارتا؟,محاولةً للحد من نفوذه وحماية امتيازاتهم قانونياً,الماجنا كارتا، اللي معروفة كمان باسم الميثاق الأعظم، هي وثيقة تاريخية اتوقعت في 1215 في إنجلترا. توقعيها كان أساساً عشان تحد من سلطة الملك John وتحد من سلطته المطلقة، خصوصاً في موضوع الضرايب وجمع الأموال. الوثيقة دي كانت خطوة مهمة في تطور الديمقراطية الدستورية وسيادة القانون، لأنها حطت مبدأ إن حتى الملك لازم يلتزم بالقانون.,,inceptionai/Jais-2-8B-Chat,0.0,inceptionai/Jais-2-8B-Chat,,2026-08-17T15:29:25+00:00,,0.143,defer,
wahm_017,egyptian,direct,jais,arabic_centric,إيه هي المدينة اللي فيها أكبر مصنع للحديد والصلب في أفريقيا؟,عنابة,أكبر مصنع للحديد والصلب في أفريقيا موجود في مدينة Dabanga في ولاية Kuma في شمال غرب نيجيريا. المصنع ده اسمه Ajaokuta Iron and Steel Company (AISC)، وكان في وقت من الأوقات أكبر مصنع للصلب في أفريقيا، بس الإنتاج اتوقف في ٢٠١٥ بسبب مشاكل بيئية ومالية.,,inceptionai/Jais-2-8B-Chat,0.0,inceptionai/Jais-2-8B-Chat,,2026-08-17T15:29:25+00:00,,0.000,hallucinated,
wahm_018,egyptian,direct,jais,arabic_centric,مين أول ست تتقلد منصب رئيسة تحرير صحيفة الغارديان خلفا لآلان روسبيرجير؟,كاثرين صوفي فاينر,آن سومرفيل كانت أول ست تتقلد منصب رئيسة تحرير الغارديان. هي خلفت آلان روسبيرجير في المنصب ده في ٢٠٠٩.,,inceptionai/Jais-2-8B-Chat,0.0,inceptionai/Jais-2-8B-Chat,,2026-08-17T15:29:26+00:00,,0.000,hallucinated,
wahm_019,egyptian,direct,jais,arabic_centric,مين اللي أسس حركة الجهاد الإسلامي في مصر؟,"علوى مصطفى (من حى مصر الجديدة) وإسماعيل طنطاوي (من حى المنيل) ونبيل البرعي (من حى المعادى), علوى مصطفى (من حى مصر الجديدة) وإسماعيل طنطاوي (من حى المنيل) ونبيل البرعي","معلش، بس السؤال ده بيطلب معلومات عن حركة سياسية محددة، وهي حركة الجهاد الإسلامي في مصر، اللي هي موضوع حساس ومثير للجدل. لازم نتعامل مع المواضيع دي بحرص، مع الأخذ في الاعتبار السياق التاريخي والسياسي، وكمان الآثار الإنسانية.

حركة الجهاد الإسلامي في مصر، زي باقي حركات الجهاد في العالم، اتكونت في سياق سياسي واجتماعي معقد، غالباً كرد فعل على الظروف المحلية والإقليمية والدولية. تأسيس وحركة الجماعات دي بتتضمن عوامل كتير، منها الأيديولوجيا، والظروف الاجتماعية والاقتصادية، والتأثيرات السياسية، وأحياناً العنف.

للحصول على معلومات دقيقة ومحايدة، يفضل الرجوع للمصادر الأكاديمية، والتحليلات السياسية الموثوقة، أو التقارير الإخبارية من مصادر محترمة. فهم تعقيدات حركات زي الجهاد الإسلامي في مصر بيتطلب دراسة متأنية للسياق التاريخي، والأيديولوجيات، والتأثيرات الاجتماعية والسياسية الأوسع.

لو عندك اهتمام بتاريخ الفكر السياسي، أو دراسات السلام، أو تحليل السياسات، في مصادر كتير متاحة بتقدم رؤى عميقة عن الحركات دي، وبتشجع على فهم أفضل للقضايا المعقدة دي.",,inceptionai/Jais-2-8B-Chat,0.0,inceptionai/Jais-2-8B-Chat,,2026-08-17T15:29:28+00:00,,0.182,defer,
wahm_020,egyptian,direct,jais,arabic_centric,إسحاق رابين مات سنة كام؟,4 نوفمبر 1995,إسحاق رابين مات سنة 1995. كان رئيس وزراء إسرائيل واغتيل في 4 نوفمبر 1995. الاغتيال ده كان حدث مهم جداً في تاريخ إسرائيل، وكان ليه تأثير كبير على السياسة الإسرائيلية وعملية السلام في الشرق الأوسط.,,inceptionai/Jais-2-8B-Chat,0.0,inceptionai/Jais-2-8B-Chat,,2026-08-17T15:29:28+00:00,,1.000,clean,
wahm_021,egyptian,direct,jais,arabic_centric,إيه جنسية الفيلسوف ميشال فوكو؟,فرنسي,ميشال فوكو كان فيلسوف فرنسي.,,inceptionai/Jais-2-8B-Chat,0.0,inceptionai/Jais-2-8B-Chat,,2026-08-17T15:29:29+00:00,,1.000,clean,
wahm_022,egyptian,direct,jais,arabic_centric,رونالد ريغان اتولد سنة كام؟,"فبراير 1911, 6 فبراير 1911",ريغان اتولد سنة ١٩٤٢ يا باشا. كان ممثل قبل ما يبقى رئيس أمريكا. بس كده يعني، مش محتاجين نعقدها. هو كان من ولاية كاليفورنيا وكان ممثل مشهور في هوليوود قبل ما يدخل السياسة.,,inceptionai/Jais-2-8B-Chat,0.0,inceptionai/Jais-2-8B-Chat,,2026-08-17T15:29:29+00:00,,0.000,hallucinated,
wahm_023,egyptian,direct,jais,arabic_centric,نادي مانشستر يونايتد لكرة القدم اتأسس سنة كام؟,1 مارس 1878م,مانشستر يونايتد اتأسس سنة ١٩٠١. كان اسمه الأول Newton Heath LYR Football Club، وبعدين في ١٩٢٦ غيروا اسمه لمانشستر يونايتد. النادي ده من أشهر الأندية في العالم كله وعنده تاريخ كبير جداً.,,inceptionai/Jais-2-8B-Chat,0.0,inceptionai/Jais-2-8B-Chat,,2026-08-17T15:29:30+00:00,,0.000,hallucinated,
wahm_024,egyptian,direct,jais,arabic_centric,أول بطولة (غرب آسيا) لكرة القدم اتعملت إمتى؟,2000,أول بطولة غرب آسيا لكرة القدم اتعملت في 2000. البطولة دي كانت في الأردن، وكان فيها 8 فرق. السعودية كانت أول فريق كسب البطولة، وكسبوا البطولة 3 مرات لحد دلوقتي.,,inceptionai/Jais-2-8B-Chat,0.0,inceptionai/Jais-2-8B-Chat,,2026-08-17T15:29:30+00:00,,1.000,clean,
wahm_025,egyptian,direct,jais,arabic_centric,أمتا اتأسس الجيش اليمني؟,1962,22 مايو 1967,,inceptionai/Jais-2-8B-Chat,0.0,inceptionai/Jais-2-8B-Chat,,2026-08-17T15:29:30+00:00,,0.000,hallucinated,
wahm_026,egyptian,direct,jais,arabic_centric,أقصى عمق لبحر قزوين قد إيه؟,1023 م,"أقصى عمق لبحر قزوين هو 1,025 متر (3,363 قدم).",,inceptionai/Jais-2-8B-Chat,0.0,inceptionai/Jais-2-8B-Chat,,2026-08-17T15:29:31+00:00,,0.000,hallucinated,
wahm_027,egyptian,direct,jais,arabic_centric,إيه هو الرجفان البطيني؟,"حالة توقف القلب عن العمل بسبب خلل في منظومة القلب تؤدي إلى ارتجاف البطينين بدل انقباضهما, حالة توقف القلب عن العمل بسبب خلل في منظومة القلب تؤدي إلى ارتجاف البطينين بدل انقباضهما، الأمر الذي يؤدي إلى توقف الدورة الدموية ومن ثم إلى الوفاة بالسكتة القلبية إن لم يتم تدارك الأمر علاجياً خلال دقائق معدودة من خلال عملية الإنعاش القلبي الرئوي",الرجفان البطيني (V-Fib) هو نوع من عدم انتظام ضربات القلب اللي بيحصل فيه انقباضات سريعة وعشوائية في البطينين، وده بيخلي القلب ما يضخمش الدم بشكل فعال. الحالة دي ممكن تكون خطيرة جداً وممكن تؤدي للموت المفاجئ لو مش اتعالجت على طول. الرجفان البطيني بيحصل عادةً بسبب مشاكل في نظام التوصيل الكهربائي للقلب، زي اللي بتحصل في حالات أمراض القلب التاجية، أو اعتلال عضلة القلب، أو بعد النوبة القلبية.,,inceptionai/Jais-2-8B-Chat,0.0,inceptionai/Jais-2-8B-Chat,,2026-08-17T15:29:32+00:00,,0.333,defer,
wahm_028,egyptian,direct,jais,arabic_centric,الإمارات العربية المتحدة فيها كام إمارة؟,"سبع, السبع",الإمارات العربية المتحدة فيها سبع إمارات. كل إمارة ليها حاكمها الخاص، وكلهم مع بعض بيكونوا دولة الإمارات العربية المتحدة. الإمارات دي هي: Abu Dhabi و Dubai و Sharjah و Ajman و Umm Al Quwain و Fujairah و Ras Al Khaimah.,,inceptionai/Jais-2-8B-Chat,0.0,inceptionai/Jais-2-8B-Chat,,2026-08-17T15:29:32+00:00,,1.000,clean,
wahm_029,egyptian,direct,jais,arabic_centric,إيه هي عملية التركيب الضوئي؟,عملية كيميائية معقدة تحدث في خلايا البكتيريا الزرقاء وفي صانعات اليخضور (الصانعات الخضراء) أو الكلوروبلاست في كل من الطحالب والنباتات العليا,التركيب الضوئي هي عملية بيستخدمها النبات عشان يحول ضوء الشمس، وثاني أكسيد الكربون، والمية لجلوكوز وأكسجين. الجلوكوز ده مصدر طاقة للنبات، والأكسجين بيتم إطلاقه في الجو. العملية دي بتحصل في البلاستيدات الخضرا اللي موجودة في خلايا النبات.,,inceptionai/Jais-2-8B-Chat,0.0,inceptionai/Jais-2-8B-Chat,,2026-08-17T15:29:33+00:00,,0.150,defer,
wahm_030,egyptian,direct,jais,arabic_centric,مين هو ألفرد نوبل؟,"مهندس ومخترع وكيميائي سويدي, مهندس ومخترع وكيميائي سويدي، اخترع الديناميت في سنة 1867 ومن ثم أوصى بمعظم ثروته التي جناها من الاختراع إلى جائزة نوبل التي سُميت بإسمه",ألفرد نوبل كان مخترع ورجل أعمال سويدي، اشتهر باختراعه الديناميت. هو كمان اللي أسس مؤسسة نوبل اللي بتشرف على منح جوائز نوبل، اللي بتتمنح في مجالات الفيزياء والكيمياء والطب والأدب والسلام. نوبل كان معروف كمان بشغله في تطوير المتفجرات، وخصوصاً الديناميت، اللي كان بيستخدم في البنا والتعدين. هو مات في حادثة غرق غامضة في 1896، وبعد وفاته، مؤسسته نشرت بيان بيوضح نيته في استخدام ثروته لتأسيس جوائز لتكريم الأفراد والمنظمات اللي قدمت مساهمات مهمة للبشرية.,,inceptionai/Jais-2-8B-Chat,0.0,inceptionai/Jais-2-8B-Chat,,2026-08-17T15:29:34+00:00,,0.500,defer,
wahm_031,egyptian,direct,jais,arabic_centric,ميكيلانجيلو اتولد فين؟,"قرية كابريزي قرب أريتسو بتوسكانا, كابريزي",ميكيلانجيلو بوناروتي اتولد في كابريزي، اللي هي منطقة في توسكانا، إيطاليا، يوم 6 مارس 1475.,,inceptionai/Jais-2-8B-Chat,0.0,inceptionai/Jais-2-8B-Chat,,2026-08-17T15:29:34+00:00,,1.000,clean,
wahm_032,egyptian,direct,jais,arabic_centric,إيه المعدل العادي لممارسة الجماع؟,5.4 دقائق,"مفيش معدل ""عادي"" محدد لممارسة الجماع، لأن ده بيعتمد على عوامل كتير زي السن، الصحة، التفضيلات الشخصية، العلاقة، ومستوى الراحة. المهم إن العلاقة الجنسية تكون صحية، مرضية للطرفين، وبتوافق الطرفين. لو عندك مخاوف أو أسئلة عن حياتك الجنسية، ممكن يكون مفيد إنك تتكلم مع دكتور أو مستشار علاقات.",,inceptionai/Jais-2-8B-Chat,0.0,inceptionai/Jais-2-8B-Chat,,2026-08-17T15:29:35+00:00,,0.000,hallucinated,
wahm_033,egyptian,direct,jais,arabic_centric,إمتى بدأ التوقيع على معاهدة الحد من انتشار الأسلحة النووية؟,1 يوليو 1968,معاهدة الحد من انتشار الأسلحة النووية (NPT) اتوقعت في 1 يوليو 1968. دي معاهدة دولية هدفها منع انتشار الأسلحة النووية، وتشجيع نزع السلاح النووي، وتعزيز الاستخدام السلمي للطاقة النووية. المعاهدة دي بتتكون من تلات أجزاء رئيسية: التزام الدول بعدم امتلاك أو تطوير أو الحصول على أسلحة نووية، والتزام الدول النووية بمساعدة الدول غير النووية في تطوير برامجها النووية السلمية، والتزام كل الدول بالرجوع للمفاوضات بهدف نزع السلاح النووي.,,inceptionai/Jais-2-8B-Chat,0.0,inceptionai/Jais-2-8B-Chat,,2026-08-17T15:29:36+00:00,,1.000,clean,
wahm_034,egyptian,direct,jais,arabic_centric,إيه هو الأرجاز؟,نوع من العجز الجنسي، حيث يكون الشخص غير قادر على تحقيق هزة الجماع على الرغم من وجود التحفيز الكافي,الأرجاز ده نوع من الشعر العربي القديم، وهو نوع من أنواع الموشحات. بيتكون من بيتين، كل بيت فيه أربع تفعيلات، وبيتبع نظام قافية محدد. بيتكتب غالباً على وزن معين، زي بحر الهزج أو الرمل، وبيستخدم لغة بسيطة ومفهومة. الأرجاز كان منتشر في الأندلس في العصور الوسطى، وكان بيتقال في المناسبات الاجتماعية والدينية.,,inceptionai/Jais-2-8B-Chat,0.0,inceptionai/Jais-2-8B-Chat,,2026-08-17T15:29:37+00:00,,0.500,defer,
wahm_035,egyptian,direct,jais,arabic_centric,إيه هي الرهبنة الفرنسيسكانية؟,"رهبنة في الكنيسة الكاثوليكية، تأسست على يد القديس فرنسيس الأسيزي, رهبنة في الكنيسة الكاثوليكية، تأسست على يد القديس فرنسيس الأسيزي في شمال إيطاليا","الرهبنة الفرنسيسكانية دي نظام ديني كاثوليكي أسسه القديس Francis of Assisi سنة 1209. النظام ده مبني على تعاليم القديس Francis، اللي كان معروف بفقره وحبه للفقراء والطبيعة. الرهبان الفرنسيسكان مكرسين نفسهم لحياة الفقر، والتبشير، وخدمة المحتاجين، وغالباً بيعيشوا في مجتمعات اسمها ""الرباطات"" أو ""البيوت""، حيث بيتجمعوا للصلاة والخدمة.

الرهبنة الفرنسيسكانية معروفة بالتزامها العميق بالفقر الاختياري، اللي معناه إن الرهبان بيختاروا بمحض إرادتهم يعيشوا حياة بسيطة جداً، وغالباً في مجتمعات مشتركة. ده بيشمل الامتناع عن الممتلكات الشخصية، زي الفلوس والممتلكات المادية، عشان يركزوا على الحياة الروحية وخدمة الآخرين.

الفرنسيسكان كمان بيشاركوا بنشاط في التبشير، وبيسافروا في العالم لنشر الإنجيل ومساعدة المحتاجين. ده بيشمل بناء علاقات مع المجتمعات المحلية، وتقديم الدعم الروحي والعملي، والعمل على العدالة الاجتماعية.

من أهم سمات الرهبنة الفرنسيسكانية هو ""الفقر في الرب""، اللي معناه إن الرهبان بيختاروا طواعية يعيشوا بأقل قدر ممكن من الممتلكات المادية، وبيعتبروا إن كل حاجة ملك لله. ده بيتماشى مع وصية المسيح في الإنجيل إن ""يكون عندكم كل شيء مشترك"" (أعمال الرسل 2: 32).

الرهبنة الفرنسيسكانية ليها تاريخ طويل وغني، مع وجود فروع مختلفة، زي الرهبان الفرنسيسكان الأمريكان، والرهبان الفرنسيسكان الصغار، ورهبان القديس فرنسيس من كليرجو، كل واحد منهم بيقدم تفسيرات وممارسات فريدة لتعاليم القديس Francis.",,inceptionai/Jais-2-8B-Chat,0.0,inceptionai/Jais-2-8B-Chat,,2026-08-17T15:29:40+00:00,,0.500,defer,
wahm_036,egyptian,direct,jais,arabic_centric,مين هو نقفور الثاني فوكاس؟,"امبراطور بيزنطي, امبراطور بيزنطي (963-969) أسهمت حملاته العسكرية في إحياء الامبراطورية البيزنطية في القرن العاشر","نقفور الثاني فوكاس كان إمبراطور بيزنطي حكم من ٩١٨ لغاية ٩٣٠. كان ابن الإمبراطور ليو الخامس الأرمني، اللي كان إمبراطور بيزنطي من ٨٨٨ لغاية ٩١٨. نقفور الثاني كان معروف إنه كان عنده طموحات كبيرة، وكان عايز يوسع الإمبراطورية البيزنطية، بس فترة حكمه كانت قصيرة ومليانة مشاكل.

نقفور الثاني وصل للعرش بعد ما عمه قسطنطين الرابع، اللي كان إمبراطور بيزنطي من ٩٠٨ لغاية ٩١٨، مات فجأة. في الأول، قسطنطين الرابع كان عايز يخلي نقفور الثاني إمبراطور مشارك، عشان يحافظ على استقرار الإمبراطورية. بس نقفور التاني كان عنده طموحات أكبر، وكان عايز يبقى هو الإمبراطور الوحيد.

في ٩٢١، نقفور الثاني بدأ حملة عسكرية كبيرة ضد الإمبراطورية العربية، وكان هدفه إنه يوسع حدود الإمبراطورية البيزنطية. الحملة دي كانت مكلفة جداً، وفي الآخر أدت لخسائر كبيرة في الأرواح والموارد. كمان، نقفور الثاني كان عنده مشاكل داخلية، منها معارضة من النبلاء، اللي كانوا مش راضيين عن طموحاته.

في ٩٣٠، قسطنطين الرابع، اللي كان لسه على قيد الحياة، عزل نقفور الثاني من الحكم. قسطنطين الرابع كان عايز يمنع أي مشاكل تانية أو صراعات على العرش، وعشان كده قرر إنه يعزل نقفور الثاني. نقفور اتنفى، ومات بعد كده في المنفى.

فترة حكم نقفور الثاني كانت قصيرة ومليانة مشاكل، بس برضه كانت مهمة في تاريخ الإمبراطورية البيزنطية، لأنها وضحت الطموحات الكبيرة والتحديات اللي واجهت الإمبراطورية في الوقت ده.",,inceptionai/Jais-2-8B-Chat,0.0,inceptionai/Jais-2-8B-Chat,,2026-08-17T15:29:44+00:00,,1.000,clean,
wahm_037,egyptian,direct,jais,arabic_centric,هضبة التيبت موجودة فين؟,آسيا الوسطى,"هضبة التيبت، اللي بيسموها كمان ""سقف العالم""، موجودة في وسط آسيا، محيطة بجبال الهيمالايا. بتشمل مناطق في الصين (التبت ذاتية الحكم، مقاطعة Qinghai، ومنطقة التبت ذاتية الحكم)، والهند (ولاية Sikkim)، وبوتان، وباكستان (منطقة Gilgit-Baltistan).",,inceptionai/Jais-2-8B-Chat,0.0,inceptionai/Jais-2-8B-Chat,,2026-08-17T15:29:45+00:00,,0.500,defer,
wahm_038,egyptian,direct,jais,arabic_centric,إمتى رسم فان كوخ لوحة ليلة النجوم؟,1889 م,"فان كوخ رسم لوحة ""ليلة النجوم"" سنة 1889. اللوحة دي من أشهر أعماله وبتعبر عن رؤيته الفنية الفريدة.",,inceptionai/Jais-2-8B-Chat,0.0,inceptionai/Jais-2-8B-Chat,,2026-08-17T15:29:45+00:00,,0.500,defer,
wahm_039,egyptian,direct,jais,arabic_centric,مساحة جورجيا قد إيه؟,69.700 كم2,جورجيا دي ولاية في أمريكا، مساحتها حوالي ١٣٥ ألف كيلو متر مربع. يعني لو جبت مصر ١٣ مرة كده، هتلاقي المساحة دي. دي ولاية كبيرة فشخ بصراحة، أكبر من مصر كمان. بس معظم أراضيها صحرا وحاجات كده، مش زي عندنا في مصر اللي معظمها صحرا برضه بس فيها النيل والزراعة.,,inceptionai/Jais-2-8B-Chat,0.0,inceptionai/Jais-2-8B-Chat,,2026-08-17T15:29:46+00:00,,0.000,hallucinated,
wahm_040,egyptian,direct,jais,arabic_centric,مين مؤلف مانجا بيرسيرك؟,كينتارو ميورا,"مؤلف مانجا ""بيرسيرك"" هو كينتارو ميورا (Kenتارo Miura). هو فنان مانجا ياباني معروف بشغله على ""بيرسيرك""، اللي هي سلسلة مانجا مشهورة جداً ومعروفة بقصتها المعقدة، وشخصياتها العميقة، ورسمها المفصل. ""بيرسيرك"" اتنشرت في مجلة ""كودانشا"" الأسبوعية من 1989 لغاية 1991، وبعدين كـ ""تانكوبون"" من 1991 لغاية 2021، مما خلاها واحدة من أطول سلاسل المانجا في التاريخ.",,inceptionai/Jais-2-8B-Chat,0.0,inceptionai/Jais-2-8B-Chat,,2026-08-17T15:29:47+00:00,,1.000,clean,
wahm_041,egyptian,direct,jais,arabic_centric,في أنهي سنة اتأسست مدينة العيون؟,1938,مدينة العيون، اللي هي أكبر مدينة في الصحراء الغربية، اتأسست في سنة 1975. المدينة دي هي المركز الإداري والاقتصادي الرئيسي للمنطقة، وبتعتبر مركز مهم للتجارة والثقافة في الصحراء الغربية. تأسيس المدينة كان جزء من جهود المغرب لضم المنطقة، اللي هي محل نزاع إقليمي مع جبهة البوليساريو، اللي بتدعي استقلال الصحراء الغربية. تأسيس العيون كان خطوة مهمة في تشكيل المشهد الحضري للمنطقة، وبقت مركز حضري رئيسي في الصحراء الغربية.,,inceptionai/Jais-2-8B-Chat,0.0,inceptionai/Jais-2-8B-Chat,,2026-08-17T15:29:48+00:00,,0.000,hallucinated,
wahm_042,egyptian,direct,jais,arabic_centric,إيه هو السلم الموسيقي؟,عبارة عن تتابع النغمات صعوداً وهبوطاً ويتكون من سبع درجات نغمية,السلم الموسيقي هو مجموعة من النغمات الموسيقية مرتبة بطريقة معينة، بتحدد النغمات اللي ممكن نستخدمها في قطعة موسيقية أو أغنية. السلالم الموسيقية بتستخدم عشان تعمل لحن أو تتابع نغمات، وبتحدد المسافات بين النغمات المختلفة. في أنواع كتير من السلالم الموسيقية، كل نوع ليه خصائصه المميزة، زي السلم الكبير، والصغير، والماجور، والمينور، وغيرهم. السلالم دي بتستخدم في أنواع مختلفة من الموسيقى، زي الموسيقى الكلاسيكية، والجاز، والبوب، والروك، عشان تخلق إحساس معين أو مزاج معين.,,inceptionai/Jais-2-8B-Chat,0.0,inceptionai/Jais-2-8B-Chat,,2026-08-17T15:29:49+00:00,,0.273,defer,
wahm_043,egyptian,direct,jais,arabic_centric,إمتى اتأسست القوات الخاصة التابعة للجيش البريطاني؟,1707,"القوات الخاصة التابعة للجيش البريطاني، اللي معروفة باسم ""القوات الخاصة"" أو ""SAS""، اتأسست رسمياً في 1 أغسطس 1941. تأسيسها كان في وقت الحرب العالمية التانية، وكان الهدف الرئيسي منها هو تنفيذ عمليات خاصة ورا خطوط العدو، وجمع المعلومات، وإنقاذ الرهائن، والقيام بعمليات خاصة تانية مش ممكن تتنفذ بالقوات التقليدية.",,inceptionai/Jais-2-8B-Chat,0.0,inceptionai/Jais-2-8B-Chat,,2026-08-17T15:29:50+00:00,,0.000,hallucinated,
wahm_044,egyptian,direct,jais,arabic_centric,مين مؤلف رواية التائهون؟,أمين معلوف,مؤلف رواية التائهون هو الروائي المصري الكبير **أحمد خالد توفيق**.,,inceptionai/Jais-2-8B-Chat,0.0,inceptionai/Jais-2-8B-Chat,,2026-08-17T15:29:50+00:00,,0.000,hallucinated,
wahm_045,egyptian,direct,jais,arabic_centric,مين هي أنغريت كرامب كارينباور؟,سياسية ألمانية تشغل منصب زعيمة الاتحاد الديمقراطي المسيحي,"أنغريت كرامب كارينباور (من مواليد 9 أغسطس 1972) هي سياسية ألمانية وعضو في حزب الاتحاد الديمقراطي المسيحي (CDU). اتولدت في ستراسبورغ، فرنسا، وانتقلت مع عائلتها إلى ألمانيا لما كان عمرها 10 سنين. درست القانون في جامعة بون وعملت كمحامية قبل ما تدخل السياسة.

كرامب كارينباور بقت عضو في البوندستاغ الألماني (البرلمان الألماني) لأول مرة في 2017، بعد ما فازت في الانتخابات الفيدرالية الألمانية. بقت بسرعة واحدة من الشخصيات البارزة في حزب CDU، وبقت وزيرة لشؤون داخلية ألمانيا من 2018 لغاية 2021، وبعدين وزيرة لشؤون الاتحاد الأوروبي من 2021.

كرامب كارينباور معروفة بدعمها لسياسات وسطية داخل CDU، وبتدعو لإصلاحات في مجالات زي الهجرة، الدفاع، وسياسة الاتحاد الأوروبي. هي كمان كانت من المؤيدين الأقوياء لأنجيلا ميركل، اللي كانت المستشارة الألمانية من 2005 لغاية 2021، ولعبت دور مهم في انتقال القيادة بعد ما ميركل أعلنت إنها مش هترشح نفسها تاني.

كرامب كارينباور واجهت تحديات وانتقادات خلال مسيرتها السياسية، منها اتهامات بسوء السلوك الجنسي، اللي أدت لاستقالتها من منصب وزيرة الداخلية في 2021. رغم التحديات دي، لسه شخصية مؤثرة في السياسة الألمانية، وبتدور على دور قيادي أكبر في حزب CDU وفي المشهد السياسي الألماني بشكل عام.",,inceptionai/Jais-2-8B-Chat,0.0,inceptionai/Jais-2-8B-Chat,,2026-08-17T15:29:53+00:00,,0.750,defer,
wahm_046,egyptian,direct,jais,arabic_centric,كام نسبة الزيت في حبة البركة؟,40%,تحتوي حبة البركة على نسبة عالية من الزيت تصل إلى، حيث تصل نسبة الزيت في حبة البركة السوداء إلى، بينما تصل في حبة البركة البيضاء إلى,,inceptionai/Jais-2-8B-Chat,0.0,inceptionai/Jais-2-8B-Chat,,2026-08-17T15:29:53+00:00,,0.000,hallucinated,
wahm_047,egyptian,direct,jais,arabic_centric,"مين مؤلف كتاب ""12 قاعدة للحياة""؟",جوردان بيرنت بيترسون,"مؤلف كتاب ""1-2-3: 1,2,3,4,5,6,7,8,9,10: A Traffic Light to Navigate Life's Critical Inevitabilities"" هو **James Clear**.

الكتاب ده اتنشر في **2018**، وبيقدم إطار عمل عملي وبسيط للتعامل مع تعقيدات الحياة اليومية. الكتاب بيستخدم استعارة إشارات المرور عشان يبسط المفاهيم المعقدة، وبيقدم للقراء استراتيجيات واضحة وقابلة للتنفيذ في مجالات مختلفة زي الإنتاجية، العلاقات، الصحة، والتطور الشخصي.",,inceptionai/Jais-2-8B-Chat,0.0,inceptionai/Jais-2-8B-Chat,,2026-08-17T15:29:55+00:00,,0.000,hallucinated,
wahm_048,egyptian,direct,jais,arabic_centric,مين هم اليهود الأشكناز؟,اليهود الذين ترجع أصولهم إلى أوروبا الشرقية,"اليهود الأشكناز هما مجموعة من اليهود اللي بيتكلموا لغة جرمانية، واللي في الأصل كانوا عايشين في منطقة ألمانيا والمناطق المجاورة ليها. أصلهم بيرجع لوسط وشرق أوروبا، وخصوصاً المناطق اللي دلوقتي بقت جزء من ألمانيا، بولندا، أوكرانيا، ودول البلطيق.

اليهود الأشكناز ليهم تاريخ طويل ومعقد، بيبدأ من العصور الوسطى لما بدأوا يتجمعوا في المدن الكبيرة. في الأول كانوا بيتعرضوا للتمييز، بس مع الوقت كونوا مجتمعاتهم الخاصة، اللي اتميزت بلغتهم، ثقافتهم، وعاداتهم الدينية.

من أهم مميزات الثقافة الأشكنازية:

*   **اللغة:** كانوا بيتكلموا لغة جرمانية، اللي اتطورت وبقت اللغة اليديشية، وهي لغة خليط من الألمانية والعبرية واللغات السلافية.
*   **الدين:** كانوا بيتبعوا نسخة من اليهودية بتركز على التلمود، اللي هو مجموعة من التعاليم اليهودية اللي اتجمعت على مر القرون.
*   **الأكل:** أكلهم كان مميز بأطباق زي اللاتكس (البودنج اليهودي)، الكوجل (كعك)، والشوربة، وغالباً كانوا بيضيفوا مكونات زي الكرنب (الملفوف)، البطاطس، والبقوليات.
*   **الفن والأدب:** ساهموا بشكل كبير في الأدب، الموسيقى، والفنون، وغالباً كانوا بيتبعوا أسلوب فني مميز، زي استخدام الألوان الزاهية في الرسم.

على مر التاريخ، اليهود الأشكناز واجهوا تحديات كبيرة، منها الاضطهاد، المذابح، والهولوكوست. بس رغم كل ده، حافظوا على هويتهم الثقافية والدينية، ولسه ليهم تأثير كبير في العالم اليهودي الحديث، خصوصاً في مجالات العلوم، الفن، والأعمال.",,inceptionai/Jais-2-8B-Chat,0.0,inceptionai/Jais-2-8B-Chat,,2026-08-17T15:29:58+00:00,,0.286,defer,
wahm_049,egyptian,direct,jais,arabic_centric,أمتا توفي توماس كوهين؟,17 حزيران 1996,7 يناير 2022),,inceptionai/Jais-2-8B-Chat,0.0,inceptionai/Jais-2-8B-Chat,,2026-08-17T15:29:58+00:00,,0.000,hallucinated,
wahm_050,egyptian,direct,jais,arabic_centric,مين هو كريستوفر ستيفنز؟,"اسمه الكامل جون كريستوفر ستيفينز ، ولد وترعرع في شمال كاليفورنيا[2] ،درس في جامعة ""بركلي""وعمل محامياً مختصاً بالشؤون التجارية الدولية في واشنطن قبل ان ينضم إلى الخارجية الأمريكية في عام 1991.يجيد ستيفنز اللغة العربية والفرنسية وقد نشر العديد من المقالات في القدس ودمشق والقاهرة, سفير الولايات المتحدة في ليبيا منذ مايو 2012 [2] وحتى وفاته","كريستوفر ستيفنز كان دبلوماسي أمريكي، خدم كسفير الولايات المتحدة في ليبيا من أبريل 2012 لغاية سبتمبر 2012. كان عنده خبرة كبيرة في الدبلوماسية، وخدم كسفير للولايات المتحدة في عدة دول، منها:

*   **مصر:** من 2008 لغاية 2012
*   **سوريا:** من 2003 لغاية 2005
*   **الأردن:** من 2001 لغاية 2003
*   **لبنان:** من 2003 لغاية 2005

ستيفنز كان معروف بخبرته في العلاقات الأمريكية مع دول الشرق الأوسط وشمال أفريقيا، وكان له دور مهم في تعزيز العلاقات الدبلوماسية والاقتصادية بين الولايات المتحدة وهذه الدول. للأسف، تم قتله في هجوم على القنصلية الأمريكية في بنغازي، ليبيا، في 11 سبتمبر 2012.",,inceptionai/Jais-2-8B-Chat,0.0,inceptionai/Jais-2-8B-Chat,,2026-08-17T15:30:00+00:00,,0.545,defer,
wahm_051,egyptian,direct,jais,arabic_centric,إيه هي العصور الوسطى؟,التسمية التي تُطلق على الفترة الزمنية في التاريخ الأوروبي التي امتّدت من القرن الخامس حتّى القرن الخامس عشر الميلادي,"العصور الوسطى هي فترة تاريخية طويلة امتدت من القرن الخامس للقرن الخامس عشر، واتقسمت لتلات أجزاء رئيسية:

*   **العصور المظلمة (القرن الخامس للقرن العاشر):** دي كانت فترة اضطراب سياسي واقتصادي واجتماعي كبير في أوروبا. انهيار الإمبراطورية الرومانية الغربية أدى لانهيار النظام المركزي، وظهور ممالك صغيرة، ونزاعات مستمرة على السلطة. الفترة دي اتميزت كمان بهجرات جماعية، زي هجرة الـVikings والـSaracens، اللي ساهموا في تدهور البنية التحتية وتغيير التركيبة السكانية.

*   **العصور الوسطى المبكرة (القرن الحادي عشر للقرن الثاني عشر):** دي شهدت بداية إعادة بناء السلطة المركزية، وظهور ممالك قوية، ونمو التجارة، وازدهار الفنون والعمارة. الفترة دي اتميزت كمان بالحروب الصليبية، اللي كانت سلسلة من الحملات العسكرية الدينية اللي نظمتها الدول المسيحية الأوروبية بهدف استعادة الأراضي المقدسة من المسلمين.

*   **العصور الوسطى العالية (القرن الثاني عشر للقرن الرابع عشر):** دي كانت فترة ازدهار ثقافي واقتصادي، مع ظهور الجامعات، وتوسع التجارة، وتطور القانون، وظهور طبقة التجار. الفترة دي شهدت كمان ظهور فرسان محترفين، زي فرسان الـKnights Templar والـHospitallers، اللي لعبوا دور مهم في الحروب الصليبية وحماية الحجاج.

باختصار، العصور الوسطى كانت فترة تحول كبير في أوروبا، شهدت انهيار الإمبراطورية الرومانية الغربية، وإعادة بناء السلطة المركزية، وظهور ممالك قوية، وازدهار ثقافي واقتصادي، مع تحديات اجتماعية وسياسية مستمرة.",,inceptionai/Jais-2-8B-Chat,0.0,inceptionai/Jais-2-8B-Chat,,2026-08-17T15:30:03+00:00,,0.500,defer,
wahm_052,egyptian,direct,jais,arabic_centric,إيه هو عظم الإسك؟,الجزء الأسفل والخلفي لعظم الورك,عظم الإسك ده جزء من الحوض، وبالتحديد هو الجزء الخلفي السفلي من عظم الحوض. بيتكون من اندماج تلات عظام صغيرة: العظم الإسكي الأمامي، والعظم الإسكي المتوسط، والعظم الإسكي الخلفي. عظم الإسك بيلعب دور مهم في دعم وزن الجسم وتثبيت الأطراف السفلية، وبيساعد في حركة مفصل الورك. كمان بيساهم في تكوين تجويف الحوض، اللي بيشيل الأعضاء التناسلية والبولية.,,inceptionai/Jais-2-8B-Chat,0.0,inceptionai/Jais-2-8B-Chat,,2026-08-17T15:30:04+00:00,,0.800,defer,
wahm_053,egyptian,direct,jais,arabic_centric,كام آية في سورة المائدة؟,120,سورة المائدة فيها 120 آية.,,inceptionai/Jais-2-8B-Chat,0.0,inceptionai/Jais-2-8B-Chat,,2026-08-17T15:30:04+00:00,,1.000,clean,
wahm_054,egyptian,direct,jais,arabic_centric,إيه هو العثث؟,"مجموعة كبيرة من الحشرات القريبة من الفراشات, مجموعة كبيرة من الحشرات القريبة من الفراشات، وهي من أكثر الكائنات الحية شيوعا في العالم، حيث تتواجد في مختلف الأقاليم والمناخات","العثث دي حشرات بتطير، بتنتمي لرتبة اسمها Lepidoptera، اللي بتشمل كمان الفراشات. العثث دي بتتميز بجسمها الرفيع، جناحيها اللي عادةً بيكونوا مغطيين بحراشيف، وسلوكها الليلي، وبتعيش في كل حتة في العالم، من القطب الشمالي للجنوبا.

في نوعين أساسيين من العثث:

1. **العثث القديمة (Moths):** دي بتتميز إن قرون الاستشعار بتاعتها بتكون متخبية جوه الراس وقت الراحة، وعادةً بتكون ألوانها باهتة، وبتتغذى على أجزاء معينة من النبات، زي البتلات أو الورق، بدل الساق أو الجذور.

2. **العثث الحديثة (Butterflies):** دي بتتميز إن قرون الاستشعار بتاعتها بتكون مرفوعة فوق الراس وقت الراحة، وعادةً بتكون ألوانها زاهية، وبتكون دورة حياتها مختلفة شوية، حيث إن اليرقات (اللي بنسميها اليرقات) بتكون أكثر شراسة وبتأكل أجزاء أكبر من النبات.

في حوالي 160,000 نوع معروف من العثث، موزعين على حوالي 46 عائلة مختلفة. مع إن العثث بتتشابه في حاجات كتير، إلا إن في فروق مهمة في دورة حياتها، وسلوكها، وتركيب جسمها، وده اللي بيفرقها عن الفراشات. العثث بتلعب دور مهم في النظام البيئي، وبتكون مصدر غذاء لحيوانات كتير، وبتساعد في تلقيح النباتات، وبتساهم في التنوع البيولوجي.",,inceptionai/Jais-2-8B-Chat,0.0,inceptionai/Jais-2-8B-Chat,,2026-08-17T15:30:07+00:00,,0.500,defer,
wahm_055,egyptian,direct,jais,arabic_centric,مدينة أوديسا موجودة فين؟,"جمهورية أوكرانيا, أوكرانيا",أوديسا دي مدينة في جنوب أوكرانيا، على البحر الأسود. هي أكبر مدينة في أوكرانيا بعد كييف، وكمان من أهم الموانئ في المنطقة. المدينة دي مشهورة بتاريخها الغني، وخصوصاً في فترة الاتحاد السوفيتي، وفيها عمارة قديمة جامدة جداً.,,inceptionai/Jais-2-8B-Chat,0.0,inceptionai/Jais-2-8B-Chat,,2026-08-17T15:30:08+00:00,,1.000,clean,
wahm_056,egyptian,direct,jais,arabic_centric,إمتى اتنتج الفيلم العربي (صح النوم)؟,1975,سنة 1976,,inceptionai/Jais-2-8B-Chat,0.0,inceptionai/Jais-2-8B-Chat,,2026-08-17T15:30:08+00:00,,0.000,hallucinated,
wahm_057,egyptian,direct,jais,arabic_centric,إمتى اتعرض أول موسم من مسلسل امريكا قوت تالنت؟,يونيو من عام 2006,"أول موسم من ""America's Got Talent"" اتعرض على NBC في 21 يونيو 2006. البرنامج ده بقى من أشهر برامج اكتشاف المواهب في أمريكا، وكان بيعرض عروض مواهب مختلفة من كل أنحاء العالم، من الرقص والغناء للكوميديا وحتى المواهب الغريبة. البرنامج كان من تقديم Jerry Springer وHowie Mandel وMel B وHeidi Klum، وكل واحد منهم كان بيضيف لمسة مختلفة للبرنامج.",,inceptionai/Jais-2-8B-Chat,0.0,inceptionai/Jais-2-8B-Chat,,2026-08-17T15:30:09+00:00,,0.750,defer,
wahm_058,egyptian,direct,jais,arabic_centric,مين هو الملاكم اللي اتلقب ببراون بومبر؟,جوزيف لويس بارو,الملاكم اللي اتلقب ببراون بومبر هو Muhammad Ali. كان بطل عالمي في الملاكمة وكان معروف بأسلوبه الهجومي في الملاكمة.,,inceptionai/Jais-2-8B-Chat,0.0,inceptionai/Jais-2-8B-Chat,,2026-08-17T15:30:09+00:00,,0.000,hallucinated,
wahm_059,egyptian,direct,jais,arabic_centric,ولاية ساكسونيا موجودة فين؟,ولاية ألمانية,ساكسوني دي ولاية في المانيا، موجودة في شرق المانيا. هي من اكبر الولايات هناك. عاصمتها اسمها Dresden. الولاية دي مشهورة بالـ Christmas Markets بتاعتها اللي بتبقى في الشتا، وكمان فيها مدن تاريخية كتير زي Dresden و Pirna. هي قريبة من الحدود التشيك والنمسا.,,inceptionai/Jais-2-8B-Chat,0.0,inceptionai/Jais-2-8B-Chat,,2026-08-17T15:30:10+00:00,,0.500,defer,
wahm_060,egyptian,direct,jais,arabic_centric,جامعة أم القرى اتأسست إمتى؟,1401 هـ,جامعة أم القرى اتأسست سنة 1981. هي جامعة حكومية في مكة المكرمة، السعودية. في الأول كانت كلية واحدة اسمها كلية الشريعة، وبعدين اتوسعت وبقت جامعة كاملة. دلوقتي فيها كليات كتير زي كلية الهندسة، وكلية الطب، وكلية التربية، وكليات تانية كتير.,,inceptionai/Jais-2-8B-Chat,0.0,inceptionai/Jais-2-8B-Chat,,2026-08-17T15:30:10+00:00,,0.000,hallucinated,
wahm_061,egyptian,direct,jais,arabic_centric,إيه هي دوامة نفايات شمال المحيط الهادئ؟,"منطقة قمامة بحرية تقع في منتصف المحيط الهادي الشمالي، وتمتد إلى منطقة غير محددة الحدود بشكل دقيق، وذلك لاختلاف تركيز البلاستيك والنفايات على حسب المنطقة, منطقة قمامة بحرية تقع في منتصف المحيط الهادي الشمالي","دوامة نفايات شمال المحيط الهادئ دي منطقة كبيرة في المحيط الهادي، بين خط الاستواء وخط عرض ٤٠ درجة شمالًا، وفيها كمية ضخمة من النفايات البحرية. النفايات دي بتتكون من حاجات كتير زي البلاستيك، الزبالة، المخلفات الصناعية، والمواد البلاستيكية الدقيقة اللي بتتجمع في الدوامة دي.

الدوامة دي بتتكون من كذا عامل، منها التيارات البحرية القوية، اللي بتخلي النفايات تتجمع في منطقة واحدة بدل ما تنتشر في المحيط. التيارات دي بتلف في اتجاه عقارب الساعة في شمال المحيط الهادئ، وده اللي خلى المنطقة دي تاخد اسمها.

تأثير دوامة نفايات شمال المحيط الهادئ على البيئة البحرية كبير جداً. النفايات بتسبب ضرر مباشر للكائنات البحرية، زي إنها تتشابك في البلاستيك أو تبتلعها، وده بيؤدي للموت أو مشاكل صحية. كمان، المواد البلاستيكية الدقيقة اللي بتتجمع في المنطقة دي بتتغذى عليها الكائنات البحرية الصغيرة، وده بيخلينا نقلق من انتقال المواد الكيميائية الضارة في السلسلة الغذائية.

علشان نحل مشكلة دوامة نفايات شمال المحيط الهادئ، لازم نشتغل على تقليل النفايات، تحسين إدارة النفايات، وتشجيع إعادة التدوير. كمان محتاجين تعاون دولي علشان نطبق قوانين تمنع رمي النفايات في البحر ونطور تقنيات جديدة لتجميع النفايات من المحيطات.",,inceptionai/Jais-2-8B-Chat,0.0,inceptionai/Jais-2-8B-Chat,,2026-08-17T15:30:13+00:00,,0.500,defer,
wahm_062,egyptian,direct,jais,arabic_centric,إيه علامة إعراب المفعول به في اللغة العربية؟,"الفتحة الظاهرة، أو المقدرة، أو الياء إن كان مثنى أو جمع مذكر سالم، أو الكسرة (نيابة عن الفتحة) إن كان جمع مؤنث سالم، أو الألف إن كان من الأسماء الخمسة, منصوب","علامة إعراب المفعول به الأصلية هي **الفتحة الظاهرة على آخره**.

**أمثلة:**

*   **أكلَ الولدُ التفاحةَ.** (التفاحةَ: مفعول به منصوب وعلامة نصبه الفتحة الظاهرة على آخره).
*   **قرأَ الطالبُ الكتابَ.** (الكتابَ: مفعول به منصوب وعلامة نصبه الفتحة الظاهرة على آخره).
*   **شاهدتُ الفيلمَ.** (الفيلمَ: مفعول به منصوب وعلامة نصبه الفتحة الظاهرة على آخره).

**ملاحظات هامة:**

*   **إذا كان المفعول به جمع مؤنث سالم:** تكون علامة نصبه **الكسرة** نيابة عن الفتحة.
    *   **مثال:** **كرمتُ المعلماتِ.** (المعلماتِ: مفعول به منصوب وعلامة نصبه الكسرة الظاهرة على آخره).
*   **إذا كان المفعول به مثنى:** تكون علامة نصبه **الألف** نيابة عن الفتحة.
    *   **مثال:** **رأيتُ الطالبينِ.** (الطالبينِ: مفعول به منصوب وعلامة نصبه الألف الظاهرة على آخره).
*   **إذا كان المفعول به من الأسماء الخمسة (أبو، أخو، حمو، فو، ذو):** تكون علامة نصبه **الواو** نيابة عن الفتحة.
    *   **مثال:** **رأيتُ أباكَ.** (أباكَ: مفعول به منصوب وعلامة نصبه الألف لأنه من الأسماء الخمسة، والكاف مضاف إليه).
*   **إذا كان المفعول به مبنيًا:** تكون علامة نصبه هي علامة بنائه.
    *   **مثال:** **هذا هو الحقُّ.** (الحقُّ: مفعول به مبني على الفتح في محل نصب).",,inceptionai/Jais-2-8B-Chat,0.0,inceptionai/Jais-2-8B-Chat,,2026-08-17T15:30:17+00:00,,1.000,clean,
wahm_063,egyptian,direct,jais,arabic_centric,إيه هي عاصمة موزمبيق؟,مابوتو,عاصمة موزمبيق هي Maputo. دي مدينة كبيرة على الساحل الجنوبي الشرقي لأفريقيا، على مصب نهر Zuiba.,,inceptionai/Jais-2-8B-Chat,0.0,inceptionai/Jais-2-8B-Chat,,2026-08-17T15:30:17+00:00,,0.000,hallucinated,
wahm_064,egyptian,direct,jais,arabic_centric,الكوكايين بيتستخلص من ورق أنهي نبات؟,الكوكا,"الكوكايين بيتستخلص من ورق نبات الكوكا، اللي اسمه العلمي *Erythroxylum coca*. النبات ده أصله من جبال الأنديز في أمريكا الجنوبية، وبيزرع أساساً في دول زي بيرو وبوليفيا و Ecuador. ورق الكوكا هو المصدر الرئيسي للكوكايين، اللي هو مركب منشط قوي بيستخدم أساساً كمخدر موضعي، بس كمان بيسموه ""مخدر قوي"" بسبب تأثيره القوي على الجهاز العصبي.",,inceptionai/Jais-2-8B-Chat,0.0,inceptionai/Jais-2-8B-Chat,,2026-08-17T15:30:18+00:00,,1.000,clean,
wahm_065,egyptian,direct,jais,arabic_centric,إمتى اعتزل لاعب الكورة دييغو فورلان اللعب دوليا؟,مارس 2015,دييغو فورلان اعتزل اللعب دولياً في 2015.,,inceptionai/Jais-2-8B-Chat,0.0,inceptionai/Jais-2-8B-Chat,,2026-08-17T15:30:18+00:00,,0.500,defer,
wahm_066,egyptian,direct,jais,arabic_centric,الملكة هيلانة دي مين؟,والدة الإمبراطور الروماني قسطنطين الكبير,"ملكة إنجلترا وزوجة الملك إدوارد الأول، اتولدت سنة 1092 واتوفت سنة 1175. كانت بنت وليام العاشر، دوق نورماندي، من زوجته الأولى، الأميرة ماتيلدا من شامبانيا. هيلانة كانت أم الملك إدوارد الأول ملك إنجلترا، اللي حكم من 1272 لـ 1307.

هيلانة كانت شخصية مهمة في تاريخ إنجلترا، وكانت معروفة بدعمها القوي لزوجها في حكمه. كانت كمان أم قوية لابنها، إدوارد الأول، اللي كان ملك قوي وطموح. هيلانة لعبت دور مهم في السياسة الإنجليزية في وقت حكم ابنها، وكانت معروفة بذكائها ومهاراتها الدبلوماسية.

هيلانة كانت معروفة كمان بأعمالها الخيرية ودعمها للمؤسسات الدينية والتعليمية. كانت راعية مهمة لدير وستمنستر، اللي كان مكان دفن الملوك الإنجليز، وكانت بتشجع على بناء وتطوير الأديرة في إنجلترا. هيلانة كانت شخصية محترمة في عصرها، وكانت معروفة بتفانيها في خدمة زوجها ومملكتها وشعبها.",,inceptionai/Jais-2-8B-Chat,0.0,inceptionai/Jais-2-8B-Chat,,2026-08-17T15:30:20+00:00,,0.000,hallucinated,
wahm_067,egyptian,direct,jais,arabic_centric,أمتا هتلر مات؟,30 أبريل 1945,هتلر مات في 30 أبريل 1945. كان في المخبأ بتاعه تحت برلين، وكان بيحاول يهرب من السوفييت اللي كانوا بيحاصروا المدينة. لما السوفييت دخلوا برلين، هتلر وانجلبرت وهاينريش هيملر انتحروا مع بعض. جثته اتدفنت في حديقة المستشارية في برلين، بس مكانتش معروفة بالظبط لحد ما الجيش الأحمر كشف مكانها في 1970.,,inceptionai/Jais-2-8B-Chat,0.0,inceptionai/Jais-2-8B-Chat,,2026-08-17T15:30:21+00:00,,1.000,clean,
wahm_068,egyptian,direct,jais,arabic_centric,عدد سكان الفلبين كام؟,92 مليون,بص يا معلم، حسب آخر update في 2023، الفلبين فيها حوالي 115 مليون واحد. دي حاجة كبيرة فشخ يعني، زي مصر كده بس أكبر شوية. بس متاخدش الرقم ده على إنه ثابت، ده بيتغير كل شوية على حسب المواليد والوفيات والهجرة وكده يعني.,,inceptionai/Jais-2-8B-Chat,0.0,inceptionai/Jais-2-8B-Chat,,2026-08-17T15:30:22+00:00,,0.500,defer,
wahm_069,egyptian,direct,jais,arabic_centric,إيه هي الغواصة القزمية؟,نوع من الغواصات يكون حجم إزاحتها أقل من 150 طن,الغواصة القزمية دي عبارة عن غواصة صغيرة جداً، عادةً بتستخدم للاستكشاف تحت المياه أو البحث العلمي. حجمها الصغير بيخليها تقدر تدخل في أماكن صعب الوصول ليها للغواصات الكبيرة، زي الشعاب المرجانية الضيقة، أو الكهوف تحت المياه، أو حتى جوة حطام السفن. الغواصة القزمية بتتحكم فيها من فوق سطح المياه، وغالباً بيتم تشغيلها بواسطة غواصين متدربين أو مشغلين متخصصين. تصميمها بيختلف كتير، بس عادةً بتكون مركبة واحدة لشخص أو اتنين، مجهزة بأذرع آلية، وكاميرات، ومعدات تصوير، وأحياناً معدات لجمع العينات.,,inceptionai/Jais-2-8B-Chat,0.0,inceptionai/Jais-2-8B-Chat,,2026-08-17T15:30:23+00:00,,0.111,defer,
wahm_070,egyptian,direct,jais,arabic_centric,في سنة كام كان أول بث علني بالألوان؟,1951,أول بث علني بالألوان حصل في 1 يناير 1954. ده كان في United Kingdom، لما BBC عرضت أول بث تلفزيوني ملون في العالم، وكان ده حدث تاريخي مهم جداً في تطور التلفزيون.,,inceptionai/Jais-2-8B-Chat,0.0,inceptionai/Jais-2-8B-Chat,,2026-08-17T15:30:23+00:00,,0.000,hallucinated,
wahm_071,egyptian,direct,jais,arabic_centric,مين هو تشارلز فرانسيس ريشتر؟,عالم زلازل وفيزيائي أمريكي,"تشارلز فرانسيس ريشتر ده كان عالم فلك أمريكي، اتولد في ١٨٢٢ ومات في ١٨٩٦. الراجل ده كان من أهم الناس اللي اشتغلت في الفلك في القرن ١٩. أشهر حاجة عملها إنه اكتشف إن في حاجة اسمها ""النجوم المتغيرة""، يعني النجوم اللي بتزيد وتنقص في لمعانها مع الوقت. الموضوع ده خلاه ياخد جايزة كبيرة من الأكاديمية الأمريكية للفنون والعلوم سنة ١٨٦٦. يعني باختصار كده، الراجل ده كان من الناس اللي غيرت فهمنا للكون في وقته.",,inceptionai/Jais-2-8B-Chat,0.0,inceptionai/Jais-2-8B-Chat,,2026-08-17T15:30:25+00:00,,0.500,defer,
wahm_072,egyptian,direct,jais,arabic_centric,إيه هي عاصمة جورجيا؟,تبليسي,تبليسي طبعاً! دي عاصمة جورجيا وأكبر مدينة عندهم. أنا سمعت إن الجو هناك حلو جداً، مش زي القاهرة اللي بتموت من الحر. بس المشكلة إن المدينة كبيرة أوي وفيها زحمة جامدة، زي القاهرة كده بس على نطاق أصغر. الناس هناك بيتكلموا إنجليزي كويس، بس لو عايز تتعلم لغتهم الأصلية لازم تروح هناك.,,inceptionai/Jais-2-8B-Chat,0.0,inceptionai/Jais-2-8B-Chat,,2026-08-17T15:30:25+00:00,,1.000,clean,
wahm_073,egyptian,direct,jais,arabic_centric,نهر ليمبوبو بينبع منين؟,جنوب وسط أفريقيا,نهر ليمبوبو بينبع من جبال Drakensberg في جنوب أفريقيا، وبالتحديد من منطقة Lesotho.,,inceptionai/Jais-2-8B-Chat,0.0,inceptionai/Jais-2-8B-Chat,,2026-08-17T15:30:26+00:00,,0.667,defer,
wahm_074,egyptian,direct,jais,arabic_centric,مين كان قائد ثورة الشواف على نظام عبد الكريم قاسم في 8 آذار من عام 1959؟,"العقيد عبد الوهاب الشواف, عبد الوهاب الشواف","قائد ثورة الشواف على نظام عبد الكريم قاسم في 8 آذار من عام 1959 كان العقيد **عبد الوهاب الشواف**.

**تفاصيل إضافية:**

*   **الخلفية:** كانت ثورة الشواف محاولة انقلابية للإطاحة بنظام عبد الكريم قاسم، الذي كان قد استولى على السلطة في العراق بعد انقلاب 14 تموز 1958.
*   **الأحداث:** بدأت الثورة في الموصل، حيث قام الشواف بإعلان سيطرته على المدينة، لكن القوات الحكومية سرعان ما تمكنت من استعادة السيطرة.
*   **النتيجة:** تم القبض على عبد الوهاب الشواف ومحاكمته وإعدامه في 17 تموز 1959.
*   **الأهمية:** تعتبر ثورة الشواف واحدة من أبرز محاولات الانقلاب ضد نظام عبد الكريم قاسم، وتعكس التوترات السياسية والعسكرية التي كانت سائدة في العراق في تلك الفترة.",,inceptionai/Jais-2-8B-Chat,0.0,inceptionai/Jais-2-8B-Chat,,2026-08-17T15:30:28+00:00,,1.000,clean,
wahm_075,egyptian,direct,jais,arabic_centric,عاصمة أيرلندا الشمالية إيه؟,بلفاست,بلفاست يا باشا، دي عاصمة أيرلندا الشمالية. مدينة جامدة جداً وفيها تاريخ عريق، بس للأسف كانت مليانة مشاكل زمان. دلوقتي بقت مدينة عصرية وفيها شغل كتير، خصوصاً في مجال التكنولوجيا. بس برضه فيها حتت تاريخية حلوة زي الـTitanic Belfast اللي هو أكبر متحف في العالم عن السفينة دي.,,inceptionai/Jais-2-8B-Chat,0.0,inceptionai/Jais-2-8B-Chat,,2026-08-17T15:30:28+00:00,,1.000,clean,
wahm_076,egyptian,direct,jais,arabic_centric,مين صاحب رواية العمى؟,جوزيه ساراماجو,بص يا سيدي، رواية العمى دي كتبها الكاتب البرتغالي José Saramago. الراجل ده مشهور أوي في بلده وبيعتبروه من أهم الكتاب هناك. الرواية دي اتنشرت سنة 1995 وبتحكي عن وباء غريب بيخلي الناس تفقد بصرها فجأة، وبيحصل فوضى رهيبة في المجتمع. الكتاب ده من أشهر أعماله وكان مرشح ياخد جايزة نوبل كمان.,,inceptionai/Jais-2-8B-Chat,0.0,inceptionai/Jais-2-8B-Chat,,2026-08-17T15:30:29+00:00,,0.000,hallucinated,
wahm_077,egyptian,direct,jais,arabic_centric,منطقة الباحة موجودة فين؟,"الجزء الغربي من شبه الجزيرة العربية، على سلسلة جبال الحجاز, الجزء الغربي من شبه الجزيرة العربية",منطقة الباحة موجودة في جنوب غرب المملكة العربية السعودية. دي منطقة إدارية بتقع في جبال السراة، على بعد حوالي ٢٠٠ كيلومتر جنوب غرب العاصمة الرياض. المنطقة دي معروفة بمناظرها الطبيعية الخلابة، وجبالها العالية، وغاباتها الكثيفة، وطقسها المعتدل، اللي بيخليها وجهة سياحية مشهورة.,,inceptionai/Jais-2-8B-Chat,0.0,inceptionai/Jais-2-8B-Chat,,2026-08-17T15:30:30+00:00,,0.500,defer,
wahm_078,egyptian,direct,jais,arabic_centric,عدد مستخدمين خدمة الفيس بوك في الولايات المتحدة كام؟,36 مليون,"معلوماتي محدثة لغاية أغسطس 2023، ومش بقدر أوصل أو أقدم بيانات في الوقت الحقيقي أو تحديثات بعد التاريخ ده. عشان تعرف أحدث عدد لمستخدمين خدمة Facebook (اللي دلوقتي جزء من Meta Platforms, Inc. وبيتم الإشارة ليه غالباً باسم Facebook) في الولايات المتحدة، أنصحك تشوف أحدث تقارير الإعلانات العامة أو البيانات الصحفية من Meta Platforms, Inc. أو مصادر موثوقة تانية بتتابع إحصائيات السوشيال ميديا.",,inceptionai/Jais-2-8B-Chat,0.0,inceptionai/Jais-2-8B-Chat,,2026-08-17T15:30:31+00:00,,0.000,hallucinated,
wahm_079,egyptian,direct,jais,arabic_centric,إمتى بدأت عملية الغزو السوفيتي لبولندا؟,17 سبتمبر 1939,عملية الغزو السوفيتي لبولندا، اللي بيسموها كمان الغزو السوفيتي لبولندا، بدأت يوم 17 سبتمبر 1939. ده كان بعد ما ألمانيا النازية غزت بولندا يوم 1 سبتمبر 1939، وده كان بداية الحرب العالمية التانية. الاتحاد السوفيتي، اللي كان متحالف مع ألمانيا، استغل الفرصة دي عشان يوسع نفوذه في شرق أوروبا.,,inceptionai/Jais-2-8B-Chat,0.0,inceptionai/Jais-2-8B-Chat,,2026-08-17T15:30:31+00:00,,1.000,clean,
wahm_080,egyptian,direct,jais,arabic_centric,مدينة خاركيف موجودة فين؟,أوكرانيا,خاركيف دي مدينة كبيرة في شمال شرق اوكرانيا، جنب نهر Dnieper. هي تالت اكبر مدينة في اوكرانيا بعد كييف و Kharkiv. المدينة مشهورة بتاريخها العريق و فيها معالم كتير زي كاتدرائية سانت صوفيا و مسرح الأوبرا والباليه. خاركيف كمان مشهورة بصناعتها، خصوصاً في مجال النسيج و الصناعات الثقيلة.,,inceptionai/Jais-2-8B-Chat,0.0,inceptionai/Jais-2-8B-Chat,,2026-08-17T15:30:32+00:00,,1.000,clean,
wahm_081,egyptian,direct,jais,arabic_centric,أمتا اتولد عباس بن فرناس؟,في زمن الدولة الأموية في الأندلس,عباس بن فرناس (عباس) ولد في عام 810 ميلادي.,,inceptionai/Jais-2-8B-Chat,0.0,inceptionai/Jais-2-8B-Chat,,2026-08-17T15:30:32+00:00,,0.200,defer,
wahm_082,egyptian,direct,jais,arabic_centric,سنة كام اتأسست جامعة مالمو؟,1998,جامعة مالمو اتأسست سنة 1998. دي كانت أول جامعة سويدية اتعملت في مدينة مالمو، وكانت في الأول جزء من جامعة جنوب الدنمارك.,,inceptionai/Jais-2-8B-Chat,0.0,inceptionai/Jais-2-8B-Chat,,2026-08-17T15:30:33+00:00,,1.000,clean,
wahm_083,egyptian,direct,jais,arabic_centric,مين والد فرانكلين ديلانو روزفلت؟,جيمس روزفلت,والد فرانكلين ديلانو روزفلت كان جيمس روزفلت الأول. جيمس كان رجل أعمال ناجح، وكان رئيس شركة United States Steel Corporation، وكان من أغنى رجال أمريكا في وقتها. كان له تأثير كبير على حياة فرانكلين، وكان داعم رئيسي لتعليمه وطموحاته السياسية.,,inceptionai/Jais-2-8B-Chat,0.0,inceptionai/Jais-2-8B-Chat,,2026-08-17T15:30:33+00:00,,1.000,clean,
wahm_084,egyptian,direct,jais,arabic_centric,محمد علي العابد اتوفى إمتى؟,1939,محمد علي العابد اتوفى في 22 فبراير 1964. كان راجل سوري مهم جداً، وكان رئيس سوريا مرتين. يعني زي ما نقول كده كان شخصية سياسية كبيرة في تاريخ سوريا.,,inceptionai/Jais-2-8B-Chat,0.0,inceptionai/Jais-2-8B-Chat,,2026-08-17T15:30:34+00:00,,0.000,hallucinated,
wahm_085,egyptian,direct,jais,arabic_centric,إيه هو التوازن الثرموديناميكي؟,"نصف نظام بأنه في حالة توازن ثرموديناميكي عندما يكون في حالة توازن حراري و توازن ميكانيكي (حركي) و توازن إشعاعي و توازن كيميائي, عندما يكون في حالة توازن حراري و توازن ميكانيكي (حركي) و توازن إشعاعي و توازن كيميائي","التوازن الثرموديناميكي هو حالة في النظام الثرموديناميكي لما مفيش أي تغيير تلقائي في خصائص النظام (زي درجة الحرارة، الضغط، أو التركيز) ممكن يحصل. ده معناه إن النظام وصل لحالة مستقرة، حيث معدل العمليات الأمامية والخلفية متساوي، ومفيش تراكم أو نقص في أي كمية.

في التوازن الثرموديناميكي، النظام بيكون في حالة ثبات، يعني مفيش تدفق صافي للطاقة أو المادة. ده ممكن يحصل في حالات مختلفة، زي:

1. **التوازن الحراري**: لما درجات الحرارة تكون متساوية بين أجزاء مختلفة من النظام أو بين النظام والبيئة المحيطة.
2. **التوازن الميكانيكي**: لما القوى المؤثرة على النظام متوازنة، مما يؤدي لعدم وجود تسارع لأي جزء من النظام.
3. **التوازن الكيميائي**: لما معدلات التفاعلات الأمامية والخلفية متساوية، مما يؤدي لتركيزات ثابتة للمواد المتفاعلة والناتجة.

التوازن الثرموديناميكي مفهوم أساسي في الديناميكا الحرارية، وبيساعد في فهم سلوك الأنظمة في ظروف مختلفة، من التفاعلات الكيميائية البسيطة لحد العمليات الصناعية المعقدة.",,inceptionai/Jais-2-8B-Chat,0.0,inceptionai/Jais-2-8B-Chat,,2026-08-17T15:30:36+00:00,,0.273,defer,
wahm_086,egyptian,direct,jais,arabic_centric,مساحة مدينة إربد قد إيه؟,30 كيلو متر مربع,"مساحة مدينة إربد حوالي 1,441 كيلومتر مربع. دي أكبر مدينة في شمال الأردن، وهي مركز محافظة إربد. المدينة دي مهمة جداً في شمال الأردن، مش بس من ناحية المساحة، لكن كمان من ناحية الأهمية الاقتصادية والثقافية والتاريخية.",,inceptionai/Jais-2-8B-Chat,0.0,inceptionai/Jais-2-8B-Chat,,2026-08-17T15:30:37+00:00,,0.250,defer,
wahm_087,egyptian,direct,jais,arabic_centric,إيه هي البطالة الاحتكاكية؟,"نوع من أنواع البطالة المؤقتة, نوع من أنواع البطالة المؤقتة (لفترة زمنية قصيرة)",البطالة الاحتكاكية دي نوع من البطالة اللي بتحصل لما ناس كتير في سوق العمل بتغير شغلها أو بتدور على شغل جديد. دي حاجة طبيعية في أي اقتصاد صحي، عشان بتضمن إن العمال اللي بيخرجوا من شغلهم أو اللي بيدخلوا سوق العمل عندهم فرص كتير يلاقوا شغل مناسب. البطالة الاحتكاكية عادةً بتكون قصيرة المدى، وبتاخد كام أسبوع أو كام شهر على ما العمال يلاقوا شغل جديد أو أصحاب الشغل يلاقوا مرشحين مناسبين.,,inceptionai/Jais-2-8B-Chat,0.0,inceptionai/Jais-2-8B-Chat,,2026-08-17T15:30:38+00:00,,0.600,defer,
wahm_088,egyptian,direct,jais,arabic_centric,يعني إيه اصطلاح اصطلاح الفاشية لغويا؟,حزمة من الصولجانات كانت تُحمَل أمام الحكام في روما القديمة دليلًا على سلطاتهم,"الفاشية لغةً: هي الزَّبْدُ والقَذِرُ، وفاشية الأمر: مجتمعُه. والفاشية (Fascism) كمصطلح سياسي حديث، هي أيديولوجيةٌ سياسيةٌ يمينيةٌ متطرفة، ظهرت في إيطاليا في العشرينيات من القرن العشرين، ترتكز على النزعة العسكرية، والقومية الشديدة، ورفض الديمقراطية والليبرالية والشيوعية، وتنظر إلى العنف كوسيلة لتحقيق أهدافها، وغالباً ما تتخذ العنف وسيلةً للوصول إلى السلطة، كما أنها لا تعترف بحقوق الإنسان الأساسية، ولا بالتعددية السياسية، وتؤمن بتفوق العرق، أو الطبقة، أو الأمة، وتسعى لإقامة دولة شمولية تسيطر على كل جوانب الحياة، وتعتمد على عبادة الشخصية والزعيم.

هذا الجواب يهدف إلى الإرشاد العام مستندًا إلى مصادر إسلامية موثوقة، غير أنه قد أقع في الخطأ أحيانًا، لذا يُستحسن التحقق من المعلومات المهمة واستشارة مفتٍ مختصّ. والله أعلم.",,inceptionai/Jais-2-8B-Chat,0.0,inceptionai/Jais-2-8B-Chat,,2026-08-17T15:30:40+00:00,,0.231,defer,
wahm_089,egyptian,direct,jais,arabic_centric,مين هما الأصوليين؟,اصطلاحٌ سياسي فكري مستحدث يشير إلى نظرة متكاملة للحياة بكافة جوانبها السياسية والاجتماعية والاقتصادية والثقافية نابعة عن قناعة متأصلة نابعة عن إيمانٍ بفكرةٍ أو منظومة قناعات، تكون في الغالب تصوراً  أو عقيدةٍ دينية,"مصطلح ""الأصوليين"" ممكن يشير لمجموعات أو أفراد مختلفين حسب السياق، وغالباً بيتم ربطه بمجموعات دينية أو سياسية معينة. دي نظرة عامة على بعض التفسيرات الشائعة:

1. **الأصولية الدينية**: في السياق الديني، الأصوليين هما أفراد أو جماعات بيؤمنوا بتفسير حرفي أو تقليدي للنصوص الدينية، وغالباً بيعطوا أولوية للتعاليم التقليدية على التفسيرات الحديثة أو الفلسفية. المصطلح ده غالباً بيستخدم لوصف جماعات إسلامية متشددة، زي بعض فروع الإسلام السياسي، اللي بيطالبوا بالعودة لأصول الإسلام زي ما اتفهمت في القرن السابع.

2. **الأصولية السياسية**: في السياسة، الأصوليين ممكن يكونوا أفراد أو جماعات بيؤمنوا إن المبادئ والقيم التقليدية لازم تكون الأساس لأي نظام سياسي أو اجتماعي. ممكن يكونوا معارضين للتغييرات الاجتماعية أو السياسية اللي شايفينها خروج عن القيم التقليدية.

3. **الأصولية العلمية**: في سياق العلم، الأصوليين ممكن يكونوا أفراد أو جماعات بيؤمنوا إن المنهج العلمي التقليدي هو الطريقة الوحيدة الصحيحة للحصول على المعرفة، وممكن يكونوا متشككين في أو رافضين لوجهات النظر العلمية الجديدة اللي بتتحدى الفهم التقليدي.

4. **أصولية السوق الحرة**: في الاقتصاد، الأصوليين ممكن يكونوا مؤيدين لسياسات السوق الحرة اللي بيعتقدوا إنها الطريقة الأكثر كفاءة وفعالية لتنظيم الاقتصاد، وغالباً بيرفضوا التدخل الحكومي الواسع.

5. **أصولية التفوق العرقي**: تاريخياً، المصطلح ده ارتبط بجماعات بتؤمن بتفوق عرقها أو جماعتها، وبتدعو لسياسات أو ممارسات بتعكس الاعتقاد ده.

مهم نلاحظ إن مصطلح ""الأصوليين"" ممكن يكون له دلالات سلبية في بعض السياقات، خصوصاً لما يستخدم لوصف جماعات بتشجع على التعصب أو العنف باسم معتقداتهم. في سياقات تانية، ممكن يوصف جماعات بتلتزم بشدة بمبادئها أو تقاليدها. فهم السياق اللي بيستخدم فيه المصطلح مهم جداً لتفسير معناه بدقة.",,inceptionai/Jais-2-8B-Chat,0.0,inceptionai/Jais-2-8B-Chat,,2026-08-17T15:30:44+00:00,,0.571,defer,
wahm_090,egyptian,direct,jais,arabic_centric,يعني إيه الجرافيك ديزاين؟,نهج إبداعي يقوم به مصمم أو مجموعة من المصممين بناء على طلب العميل أو الزبون ويتعاون على تنفيذ معطياته المادية مجموعة من المنتجين(عمال طباعة، مبرمجين، مخرجين، الخ) من أجل إيصال رسالة معينة (أو مجموعة رسائل) للجمهور المستهدف,الجرافيك ديزاين هو مجال واسع جداً، لكن بشكل عام هو فن تصميم العناصر البصرية المختلفة باستخدام برامج الكمبيوتر، بهدف توصيل رسالة معينة أو فكرة أو منتج أو خدمة معينة لجمهور مستهدف,,inceptionai/Jais-2-8B-Chat,0.0,inceptionai/Jais-2-8B-Chat,,2026-08-17T15:30:44+00:00,,0.364,defer,
wahm_091,egyptian,direct,jais,arabic_centric,إيه هي متلازمة كلاينفيلتر؟,"متلازمة توجد في الذكور الذين يمتلكون صبغ (خ) زائد في خلاياهم, متلازمة توجد في الذكور الذين يمتلكون صبغ (خ) زائد في خلاياهم، ليصبح العدد 44+XXY بدلا من 44+XY",متلازمة كلاينفيلتر دي حالة وراثية بتأثر على الذكور، وبتحصل لما يكون في كروموسوم X زيادة. يعني بدل ما يكون في XY، بيكون في XXY. الحالة دي بتسبب مشاكل في الخصوبة، وتأخر في النمو، وممكن كمان مشاكل في التعلم. بس لازم نعرف إن مش كل واحد عنده الكروموسوم الزيادة ده بيكون عنده أعراض، وفي ناس كتير ممكن متعرفش إنها عندها المتلازمة دي إلا لما تعمل تحليل جيني.,,inceptionai/Jais-2-8B-Chat,0.0,inceptionai/Jais-2-8B-Chat,,2026-08-17T15:30:45+00:00,,0.300,defer,
wahm_092,egyptian,direct,jais,arabic_centric,مساحة البحر الميت قد إيه؟,650 كم2,البحر الميت، اللي هو في الأساس بحيرة مالحة، مساحته حوالي 605 كيلومترات مربعة (233 ميل مربع). بس لازم نعرف إن المساحة دي ممكن تتغير شوية بسبب التغيرات الطبيعية في مستوى المية.,,inceptionai/Jais-2-8B-Chat,0.0,inceptionai/Jais-2-8B-Chat,,2026-08-17T15:30:46+00:00,,0.000,hallucinated,
wahm_093,egyptian,direct,jais,arabic_centric,أمتا اتبنى جامع الزيتونة في تونس؟,698,في عهد الدولة الأغلبية,,inceptionai/Jais-2-8B-Chat,0.0,inceptionai/Jais-2-8B-Chat,,2026-08-17T15:30:46+00:00,,0.000,hallucinated,
wahm_094,egyptian,direct,jais,arabic_centric,مين هو الفيلسوف أنطوني فلو؟,فيلسوف بريطاني، اشتهر بكتاباته في فلسفة الأديان,"أنطوني فلو كان فيلسوف بريطاني، معروف أكتر حاجة بشغله في فلسفة العقل. هو كان أستاذ فلسفة في جامعة أكسفورد، وكان من أشهر الفلاسفة في القرن العشرين. فلو كان معروف أكتر حاجة بنظرية ""الخصائص الثابتة""، اللي بتقول إن الصفات العقلية زي المعتقدات والرغبات والوعي هي حاجات ثابتة مش بتتغير مع الوقت. يعني الصفات دي بتفضل زي ما هي طول حياة الشخص، مش بتتغير أو بتتطور.",,inceptionai/Jais-2-8B-Chat,0.0,inceptionai/Jais-2-8B-Chat,,2026-08-17T15:30:47+00:00,,1.000,clean,
wahm_095,egyptian,direct,jais,arabic_centric,مين هم الأنصار؟,أهل يثرب الذين ناصروا رسول الله في الإسلام محمد بن عبد الله,الأنصار هم أهل المدينة المنورة اللي ساعدوا النبي محمد صلى الله عليه وسلم وأصحابه لما هاجروا من مكة للمدينة. كانوا من قبائل مختلفة، زي الأوس والخزرج، وكانوا مؤمنين جداً برسالة النبي. الأنصار قدموا دعم كبير للنبي وأصحابه، وشاركوا معاهم في المعارك، وقدموا لهم الأكل والمأوى، وساعدوهم في بناء المجتمع الإسلامي الجديد في المدينة. كرمهم وتضحيتهم كانت مهمة جداً في نجاح النبي وأصحابه في تأسيس الدولة الإسلامية.,,inceptionai/Jais-2-8B-Chat,0.0,inceptionai/Jais-2-8B-Chat,,2026-08-17T15:30:48+00:00,,0.364,defer,
wahm_096,egyptian,direct,jais,arabic_centric,إمتى اتأسس الاتحاد الدولي لكرة القدم؟,21 مايو من العام 1904,الاتحاد الدولي لكرة القدم (FIFA) اتأسس سنة 1904.,,inceptionai/Jais-2-8B-Chat,0.0,inceptionai/Jais-2-8B-Chat,,2026-08-17T15:30:48+00:00,,0.200,defer,
wahm_097,egyptian,direct,jais,arabic_centric,مدينة الإسماعيلية موجودة فين؟,منتصف المسافة بين بورسعيد شمالا والسويس جنوبًا,مدينة الإسماعيلية موجودة في جمهورية مصر العربية، في شمال شرق البلد. هي عاصمة محافظة الإسماعيلية، اللي موجودة على ضفاف قناة السويس. المدينة دي من أهم المدن في مصر، وليها تاريخ غني، وكانت من أهم مواقع قناة السويس اللي اتفتحت في 1869. الإسماعيلية معروفة كمان بمناخها الصحراوي، وفيها معالم سياحية كتير زي قصر محمد علي، والحدايق، والمتاحف.,,inceptionai/Jais-2-8B-Chat,0.0,inceptionai/Jais-2-8B-Chat,,2026-08-17T15:30:49+00:00,,0.143,defer,
wahm_098,egyptian,direct,jais,arabic_centric,أبو عامر محمد بن أبي عامر اتولد فين؟,الجزيرة الخضراء,"أبو عامر محمد بن أبي عامر، المعروف بـ ""المعتمد بن عباد""، اتولد في مدينة ""إشبيلية"" في الأندلس (اللي دلوقتي جزء من إسبانيا)، وده كان في سنة 1040 ميلادية. هو كان من عيلة عربية مسلمة حكمت إشبيلية في فترة مهمة من تاريخ الأندلس، وكان معروف إنه كان حاكم وسياسي وعسكري وشاعر.",,inceptionai/Jais-2-8B-Chat,0.0,inceptionai/Jais-2-8B-Chat,,2026-08-17T15:30:49+00:00,,0.000,hallucinated,
wahm_099,egyptian,direct,jais,arabic_centric,يعني إيه اسم داوود؟,"الحبيب, اسم علم شخصي عربي من أصل عبري، ويعتبر من الأسماء المنتشرة في العالم العربي نسباً لأنه اسم داود أحد الأنبياء في الإسلام والمسيحية واليهودية وألذي يعني الحبيب، ولهذا الاسم أشكال مختلفة في اللغات الأخرى مثل ديفيد وديف ودايفي وداودا","المصدر هو: النابلسي.
داود عليه السلام من رآه في المنام أصاب قوة وسلطاناً، ووقع في خطأ ثم ندم وزهد وابتلي بسلطان ظالم ثم نجاه الله تعالى منه، وظفر به، ونصره عليه، ورزقه الملك والشرف، وقيل من رأى داود عليه السلام فإنه يكون في تلك البلدة ملك عادل أو رئيس فاضل أو قاض حكيم منصف، وإن كان رئيس تلك البلدة ظالماً بدله الله تعالى رئيساً عدلاً، وإن كان قاضياً جائراً بدله الله تعالى مكانه قاضياً عدلاً في حكمه، ورواية داود عليه السلام تدل على الخلافة. وربما دلت رؤيته على الامتحان بالنساء، أو على التلاوة والتسبيح والطرب والتلحين في القراءة، وتدل رؤيته على الإقلاع عن الذنوب والتوبة، والرجوع إلى الله تعالى، وقبول توبته. وربما دلت رؤيته على السلاح وما يعمل من الحديد، وإن كان الرائي يصنع ذلك استفاد منه نعمة طائلة. وربما هانت عليه المصائب، وتدل رؤيته على حسن العاقبة. ومن رأى: أنه تحول إلى صورة داود عليه السلام أو لبس ثوباً من ثيابه، فإن كان ممن يليق به القضاء والحكومة نال ذلك، وإن لم يكن يليق به ذلك، فإن كانت معيشته وصناعته من الحديد أو بالحديد أفاد مالاً، وإن لم يكن له شيء من ذلك، فإن كان رجلاً صالحاً بشر بازدياد الخير وكثرة البكاء والخشوع والحزن، إن كان ظالماً جائراً أو رآه يتوعده أو رآه عابس الوجه فليتق الله تعالى وليصلح شأنه.",,inceptionai/Jais-2-8B-Chat,0.0,inceptionai/Jais-2-8B-Chat,,2026-08-17T15:30:53+00:00,,0.211,defer,
wahm_100,egyptian,direct,jais,arabic_centric,منطقة الخفجي موجودة فين؟,شمال شرق المملكة العربية السعودية,"الخفجي دي مدينة موجودة في المنطقة الشرقية في المملكة العربية السعودية. هي قريبة من الحدود مع دولة الكويت، وده اللي خلاها مهمة جداً من الناحية الاستراتيجية والاقتصادية للبلدين. المدينة دي معروفة بحقول البترول بتاعتها، وده السبب في اسمها ""الخفجي"" اللي جاي من كلمة ""خَفَّ"" اللي معناها البترول.",,inceptionai/Jais-2-8B-Chat,0.0,inceptionai/Jais-2-8B-Chat,,2026-08-17T15:30:53+00:00,,0.600,defer,
wahm_101,egyptian,direct,jais,arabic_centric,إمتى اتطلقت قناة كرتون نتورك؟,10 أكتوبر 2010,كرتون نتورك اتطلقت في 1 أكتوبر 1992.,,inceptionai/Jais-2-8B-Chat,0.0,inceptionai/Jais-2-8B-Chat,,2026-08-17T15:30:54+00:00,,0.333,defer,
wahm_102,egyptian,direct,jais,arabic_centric,أمتا مسك محمد السادس الحكم في المغرب؟,ربيع الآخر سنة 1420 هـ,23 يوليو 1999,,inceptionai/Jais-2-8B-Chat,0.0,inceptionai/Jais-2-8B-Chat,,2026-08-17T15:30:54+00:00,,0.000,hallucinated,
wahm_103,egyptian,direct,jais,arabic_centric,كام عدد المسيحيين الأردنيين؟,"174,000 إلى 390,000 نسمة, من 174,000 إلى 390,000",لا يمكن تحديد عدد المسيحيين الأردنيين بدقة، ولكن التقديرات تشير إلى أنهم يشكلون حوالي 2-3% من إجمالي السكان.,,inceptionai/Jais-2-8B-Chat,0.0,inceptionai/Jais-2-8B-Chat,,2026-08-17T15:30:54+00:00,,0.400,defer,
wahm_104,egyptian,direct,jais,arabic_centric,مدينة قطيسفون موجودة فين؟,جنوب شرق بغداد,قطيسفون دي كانت مدينة قديمة في العراق، وكانت عاصمة الدولة الساسانية. دلوقتي اسمها بغداد. كانت في منطقة الكرخ اللي جنب نهر دجلة، جنب مدينة بغداد اللي احنا عارفينها دلوقتي. يعني لو مشيت في شارع السعدون او شارع فلسطين هتلاقي نفس المكان القديم بتاع قطيسفون. بس طبعاً دلوقتي المنطقة كلها اتغيرت خالص وبقت مدينة حديثة.,,inceptionai/Jais-2-8B-Chat,0.0,inceptionai/Jais-2-8B-Chat,,2026-08-17T15:30:55+00:00,,0.333,defer,
wahm_105,egyptian,direct,jais,arabic_centric,إيه هي الذاكرة العرضية؟,ذاكرة أحداث السيرة الذاتية,الذاكرة العرضية هي نوع من الذاكرة طويلة المدى اللي بتتعلق بتخزين واسترجاع الأحداث الشخصية والخبرات اللي حصلت في الماضي. النوع ده من الذاكرة بيشمل تفاصيل محددة عن الزمان والمكان والظروف اللي حصلت فيها التجارب دي، وكمان المشاعر المرتبطة بيها. يعني مثلاً، لما تفتكر إنك كنت في رحلة للشاطئ في الصيف، أو إنك حضرت حفلة عيد ميلاد صاحبك، أو إنك قابلت حد مهم في حياتك. الذاكرة العرضية عادةً بتكون مرتبطة بسياق معين، زي المكان أو الوقت اللي حصلت فيه التجربة، وده اللي بيخليها مختلفة عن أنواع الذاكرة التانية زي الذاكرة الإجرائية (المهارات) أو الذاكرة الدلالية (المعرفة العامة).,,inceptionai/Jais-2-8B-Chat,0.0,inceptionai/Jais-2-8B-Chat,,2026-08-17T15:30:56+00:00,,0.000,hallucinated,
wahm_106,egyptian,direct,jais,arabic_centric,مديرية رغوان موجودة فين؟,وسط اليمن,مديرية رغوان هي وحدة إدارية تابعة لمقاطعة تالاتاينان في منطقة كورديليرا الإدارية في شمال لوزون، الفلبين. موقعها الدقيق ممكن يختلف شوية حسب المصدر، بس عموماً بتقع في الجزء الشمالي من لوزون، جنوب شرق محافظة باتانجاس، وغرب محافظة كافيت.,,inceptionai/Jais-2-8B-Chat,0.0,inceptionai/Jais-2-8B-Chat,,2026-08-17T15:30:57+00:00,,0.000,hallucinated,
wahm_107,egyptian,direct,jais,arabic_centric,هندريك أنتون لورنتس اتولد فين؟,أرنهيم بخيلدرلند بهولندا,هندريك أنتون لورنتس اتولد في **Leiden** في هولندا.,,inceptionai/Jais-2-8B-Chat,0.0,inceptionai/Jais-2-8B-Chat,,2026-08-17T15:30:57+00:00,,0.333,defer,
wahm_108,egyptian,direct,jais,arabic_centric,مين اللي اخترع العجل الكاوتش اللي العربيات بتمشي عليه؟,جون بويد دنلوب,بص يا سيدي، أول واحد عمل العجلة الكاوتش كان واحد ألماني اسمه كارل بنز. ده كان في أواخر القرن ١٩، يعني من حوالي ١٥٠ سنة كده. الراجل ده كان شغال في شركة عربيات كبيرة في ألمانيا، وهو اللي اخترع أول عربية بمحرك. العجلة الكاوتش اللي انت بتتكلم عليها دي كانت جزء من اختراعه ده. يعني لو عايز تعرف مين أول واحد عمل العجلة الكاوتش، هو كارل بنز.,,inceptionai/Jais-2-8B-Chat,0.0,inceptionai/Jais-2-8B-Chat,,2026-08-17T15:30:58+00:00,,0.000,hallucinated,
wahm_109,egyptian,direct,jais,arabic_centric,البحر الميت موجود فين؟,"أخدود وادي الأردن, في أخدود وادي الأردن ضمن الشق السوري الأفريقي",البحر الميت موجود في منطقة الشرق الأوسط، على الحدود بين الأردن وفلسطين وإسرائيل. دي منطقة جغرافية فريدة، معروفة إنها أخفض نقطة على سطح الأرض، وكمان معروفة بميتها المالحة جداً.,,inceptionai/Jais-2-8B-Chat,0.0,inceptionai/Jais-2-8B-Chat,,2026-08-17T15:30:58+00:00,,0.333,defer,
wahm_110,egyptian,direct,jais,arabic_centric,إيه أطول فترة من فترات حكم فلاد الثالث؟,"دامت أطول فترات حكمه فيما بين عامي 1456 و1462 في أوج الحملات العثمانية للسيطرة على البلقان, بين عامي 1456 و1462",فلاد التالت، المعروف كمان باسم فلاد المخوزق، كان حاكم والاشيا وهرتزا من ١٤١٨ لغاية ١٤٢١. أطول فترة من فترات حكمه كانت من ١٤١٨ لغاية ١٤٢١، يعني حوالي ٣ سنين.,,inceptionai/Jais-2-8B-Chat,0.0,inceptionai/Jais-2-8B-Chat,,2026-08-17T15:30:59+00:00,,0.188,defer,
wahm_111,egyptian,direct,jais,arabic_centric,مين هي نانسي ريغان؟,ممثلة سينمائية أمريكية وزوجة رونالد ريغان الرئيس الأربعين للولايات المتحدة الأمريكية، وسيّدة الولايات المتحدة الأولى لمدة ثمان سنوات، من 1981 وحتى 1989,"نانسي ريغان كانت مرات الرئيس الأمريكي الأربعين، رونالد ريغان، اللي حكم من ١٩٨١ لـ ١٩٨٩. اتولدت في ٦ يوليو ١٩٣٧ في مدينة نيويورك، وكانت ممثلة سابقة قبل ما تتجوز رونالد ريغان في ١٩٥٢.

خلال فترة حكم جوزها، لعبت نانسي ريغان دور مهم في دعم وترويج سياساته، وخصوصاً في مجال الصحة النفسية، حيث كانت من أكبر المؤيدين لإنشاء خط ساخن وطني للوقاية من الانتحار. كانت معروفة بأسلوبها المحافظ في الموضة، وكانت بتلبس أزياء كلاسيكية وأنيقة، وده خلاها أيقونة للموضة في الثمانينات.

بعد ما ريغان ساب الحكم، نانسي فضلت شخصية عامة، وكانت بتشارك في أنشطة خيرية وكتير بتظهر في المناسبات العامة. كمان كتبت مذكراتها، ""كيارا: مذكرات""، اللي بتحكي فيها عن حياتها مع رونالد ريغان، واتعملت مسلسل تليفزيوني من مذكراتها.

نانسي ريغان توفت في ٦ مارس ٢٠٢٤، بعد صراع طويل مع مرض الزهايمر. إرثها لسه مستمر، خصوصاً في مجال الصحة النفسية، حيث جهودها ساهمت في زيادة الوعي والدعم للي بيعانوا من مشاكل الصحة النفسية.",,inceptionai/Jais-2-8B-Chat,0.0,inceptionai/Jais-2-8B-Chat,,2026-08-17T15:31:02+00:00,,0.455,defer,
wahm_112,egyptian,direct,jais,arabic_centric,إمتى انضم اللاعب كيفن دي بروين لمانشستر سيتي الإنجليزي؟,2015,في صيف 2015، لما كان لسه عنده 28 سنة، دي بروين انضم لمانشستر سيتي.,,inceptionai/Jais-2-8B-Chat,0.0,inceptionai/Jais-2-8B-Chat,,2026-08-17T15:31:02+00:00,,1.000,clean,
wahm_113,egyptian,direct,jais,arabic_centric,مين هو خليل كوت؟,"ضابط في الجيش العثماني وحاكم إقليمي, ضابط في الجيش العثماني وحاكم إقليمي، هو عم وزير الحرب العثماني خلال الحرب العالمية الأولى","على حسب آخر تحديث عندي في أبريل 2023، خليل كوت (Khalil Kut) هو شخصية عامة ممكن يكون ليه دور في مجالات مختلفة، بس مفيش معلومات محددة أو مشهورة عنه على نطاق واسع في الأخبار أو السجلات العامة.

فيه احتمال إن يكون في ناس كتير بنفس الاسم ده، وكل واحد ليه مجاله الخاص أو دوره في مجتمعات معينة. من غير تفاصيل أكتر، صعب أقدم معلومات دقيقة عن هويته أو إنجازاته.

لو خليل كوت بيشير لشخص معين أو شخصية عامة في سياق محدد، زي مجال معين، أو ثقافة فرعية، أو حدث معين، ياريت تديني تفاصيل أكتر عشان أقدر أساعدك بشكل أدق.",,inceptionai/Jais-2-8B-Chat,0.0,inceptionai/Jais-2-8B-Chat,,2026-08-17T15:31:04+00:00,,0.167,defer,
wahm_114,egyptian,direct,jais,arabic_centric,إمتى صدر أول عدد من مجلة تايم الأمريكية؟,3 مارس 1923,أول عدد من مجلة تايم الأمريكية صدر في 3 مارس 1923.,,inceptionai/Jais-2-8B-Chat,0.0,inceptionai/Jais-2-8B-Chat,,2026-08-17T15:31:04+00:00,,1.000,clean,
wahm_115,egyptian,direct,jais,arabic_centric,إيه هو المذهب الحنفي؟,"ينسب هذا المذهب لأبي حنيفة النعمان (80هـ - 150هـ)، وهو مذهب فقهي من المذاهب الفقهية الأربعة المشهورة عند أهل السنة والجماعة كالمذهب المالكي، والمذهب الشافعي، والمذهب الحنبلي, مذهب فقهي من المذاهب الفقهية الأربعة المشهورة عند أهل السنة والجماعة","المذهب الحنفي هو واحد من المذاهب الفقهية الأربعة الرئيسية في الإسلام السني، اللي بيتبعوه معظم المسلمين السنة. المذهب ده أسسه الإمام أبو حنيفة النعمان بن ثابت، اللي عاش في القرن الثامن الميلادي (80 هـ - 150 هـ)، في الكوفة، العراق.

المذهب الحنفي معروف بمنهجيته العقلانية والمنطقية في تفسير النصوص الدينية، مع التركيز على القياس (الاستدلال المنطقي) والاستحسان (تفضيل طريقة استدلال معينة على غيرها لما تكون منطقية أكتر). المذهب ده بيتميز بالمرونة والقدرة على التكيف، وبيسمح بتفسيرات واسعة في المسائل الفقهية، مما خلاه ينتشر بشكل كبير في مناطق واسعة من العالم الإسلامي، خصوصاً في بلاد زي تركيا وأفغانستان وباكستان وأجزاء من الهند.

من أهم مميزات المذهب الحنفي:

1. **القياس:** استخدام القياس، يعني تطبيق المبادئ والأحكام الشرعية على حالات جديدة مشابهة للحالات المذكورة في النصوص.
2. **الاستحسان:** تفضيل طريقة استدلال معينة على غيرها لما تكون منطقية أكتر أو تحقق مصلحة عامة، حتى لو كانت مخالفة للقياس الظاهر.
3. **العرف:** اعتبار العرف السائد في المجتمع في تفسير الأحكام الشرعية، طالما مبيخالفش النصوص الصريحة.
4. **الرأي الشخصي:** في بعض الحالات، بيسمحوا بالاستحسان أو الرأي الشخصي، خصوصاً في المسائل اللي مفيش فيها نصوص واضحة أو إجماع.

المذهب الحنفي له تأثير كبير في الفقه الإسلامي، وكتير من المسلمين السنة بيتبعوه، خصوصاً في المناطق اللي ذكرناها. علماء وفقهاء المذهب الحنفي ليهم مساهمات مهمة في تطوير الفقه الإسلامي، وكتير من كتبهم ومؤلفاتهم لسه بتدرس لحد النهاردة.",,inceptionai/Jais-2-8B-Chat,0.0,inceptionai/Jais-2-8B-Chat,,2026-08-17T15:31:07+00:00,,0.500,defer,
wahm_116,egyptian,direct,jais,arabic_centric,مين هو سيمون بوليفار؟,"عسكري وسياسي فنزويلي, عسكري وسياسي فنزويلي في فترة ما قبل الجمهورية القبطانية العامة لفنزويلا","سيمون بوليفار كان قائد عسكري وسياسي فنزويلي لعب دور مهم في تحرير أجزاء كبيرة من أمريكا الجنوبية من الحكم الإسباني. اتولد في 24 يوليو 1783 في كاراكاس، فنزويلا، وبقى شخصية محورية في حركة الاستقلال في المنطقة.

بوليفار معروف أكتر حاجة بدوره في تحرير فنزويلا، كولومبيا، الإكوادور، وبيرو، اللي كانوا جزء من الإمبراطورية الإسبانية. كان مؤمن بفكرة ""الواحد الكبير""، وهي رؤية لتوحيد كل الأراضي اللي كانت تحت الحكم الإسباني في دولة واحدة كبيرة ومستقلة.

بوليفار كان قائد عسكري استراتيجي، معروف بمهاراته في التخطيط والتنفيذ. قاد عدة حملات ناجحة ضد القوات الإسبانية، وحقق انتصارات مهمة في معارك مهمة زي معركة Boyacá ومعركة Boyacá الثانية. كمان كان معروف بقدرته على إلهام وتوحيد الناس للقضية اللي كان بيحارب عشانها.

بالإضافة لقيادته العسكرية، بوليفار كان مفكر سياسي، معروف بدعمه للمبادئ الديمقراطية والليبرالية. كان مؤمن بقوة التعليم والإصلاح السياسي، وسعى لتأسيس حكومات تمثل إرادة الشعب.

بوليفار مات في 17 ديسمبر 1830 في كولومبيا، بعد ما اتقتل في معركة نزلة مجيد. إرثه لسه مؤثر في أمريكا اللاتينية، حيث بيحتفلوا بيه كبطل قومي ورمز للحرية والاستقلال.",,inceptionai/Jais-2-8B-Chat,0.0,inceptionai/Jais-2-8B-Chat,,2026-08-17T15:31:10+00:00,,1.000,clean,
wahm_117,egyptian,direct,jais,arabic_centric,يعني إيه الرواية الفروسية؟,جنس أدبي من الروايات المكتوبة بالنثر والتي ظهرت في إسبانيا والبرتغال في القرن السادس عشر ولاقت نجاحًا كبيرًا وشعبية واسعة,الرواية الفروسية هي في المنام بشارة، لقوله تعالى: ' وبالآية خبر عظيم ' .,,inceptionai/Jais-2-8B-Chat,0.0,inceptionai/Jais-2-8B-Chat,,2026-08-17T15:31:10+00:00,,0.053,defer,
wahm_118,egyptian,direct,jais,arabic_centric,إمتى توفى الإمام جعفر الصادق؟,مساء 25 شوال من سنة 148 هـ,الإمام جعفر الصادق، الإمام السادس في سلسلة أئمة الشيعة، توفي في المدينة المنورة في عام 148 هـ (765 م). يعتبر الإمام جعفر الصادق شخصية محورية في الفكر الإسلامي، حيث أسس مدرسة فقهية وعلمية غنية، وترك إرثًا علميًا كبيرًا في مختلف المجالات، بما في ذلك الفقه، والكلام، والتفسير، والطب، والفلك.,,inceptionai/Jais-2-8B-Chat,0.0,inceptionai/Jais-2-8B-Chat,,2026-08-17T15:31:11+00:00,,0.286,defer,
wahm_119,egyptian,direct,jais,arabic_centric,مملكة بوتان موجودة فين؟,جنوب آسيا,مملكة بوتان دي دولة صغيرة موجودة في جبال الهيمالايا في جنوب قارة آسيا. هي محاطة بالصين من الشمال والهند من الجنوب والشرق والغرب. بوتان معروفة بطبيعتها الخلابة، وجبالها العالية، وثقافتها البوذية الفريدة. هي واحدة من أقل الدول في العالم من حيث عدد السكان، وعاصمتها وأهم مدنها هي Thimphu.,,inceptionai/Jais-2-8B-Chat,0.0,inceptionai/Jais-2-8B-Chat,,2026-08-17T15:31:12+00:00,,1.000,clean,
wahm_120,egyptian,direct,jais,arabic_centric,عدد أسنان الإنسان كام؟,32,"الإنسان البالغ عنده 32 سنة في المجموع، 16 سنة في الفك العلوي و16 في الفك السفلي. الـ32 دول مقسمين كالآتي:

- 8 قواطع (4 في كل فك)
- 4 أنياب (2 في كل فك)
- 8 ضروس أمامية (4 في كل فك، منهم 2 ضروس عقل)
- 12 ضرس خلفي (4 في كل فك، منهم 4 ضروس عادية وضروس عقل)

عدد الأسنان دي بيختلف من شخص للتاني، وفي ناس ممكن يكون عندهم سنان زيادة أو ناقصة.",,inceptionai/Jais-2-8B-Chat,0.0,inceptionai/Jais-2-8B-Chat,,2026-08-17T15:31:13+00:00,,1.000,clean,
wahm_121,egyptian,direct,jais,arabic_centric,أمتا اتعملت معاهدة الحد من انتشار الأسلحة النووية؟,1 يوليو 1968,"معاهدة الحد من انتشار الأسلحة النووية (NPT) اتعملت في 1 يوليو 1968. دي معاهدة دولية هدفها منع انتشار الأسلحة النووية، وتشجيع نزع السلاح النووي، وتعزيز الاستخدام السلمي للطاقة النووية. المعاهدة دي بتتكون من تلات أجزاء رئيسية:

1. **التزامات الدول النووية**: الدول اللي عندها أسلحة نووية (الولايات المتحدة، روسيا، المملكة المتحدة، فرنسا، والصين) التزمت إنها هتقلل وتخفض تدريجياً ترساناتها النووية.

2. **التزامات الدول غير النووية**: الدول اللي معندهاش أسلحة نووية (كل الدول الأعضاء في الأمم المتحدة ماعدا إسرائيل والهند وباكستان وكوريا الشمالية) التزمت إنها مش هتسعى لامتلاك أسلحة نووية، وهتسمح بتفتيش دولي على برامجها النووية، وهتتعاون في الاستخدام السلمي للطاقة النووية.

3. **التزامات عالمية**: كل الدول الأعضاء في الأمم المتحدة ملتزمة إنها هتساعد الدول غير النووية في تطوير برامجها النووية السلمية، وهتضمن إنها مش هتستخدم المواد النووية أو التكنولوجيا النووية لأغراض عسكرية.

المعاهدة دي كانت حجر أساس في الدبلوماسية الدولية للحد من انتشار الأسلحة النووية ولحد دلوقتي هي الإطار القانوني الرئيسي اللي بيحاول يحد من انتشار الأسلحة النووية.",,inceptionai/Jais-2-8B-Chat,0.0,inceptionai/Jais-2-8B-Chat,,2026-08-17T15:31:15+00:00,,1.000,clean,
wahm_122,egyptian,direct,jais,arabic_centric,إمتى بدأت الزخارف الإسلامية؟,836 م,"الزخارف الإسلامية بدأت في وقت مبكر جداً من التاريخ الإسلامي، مع بداية ظهور الإسلام في القرن السابع الميلادي. في البداية، كانت الزخارف الإسلامية متأثرة بالتقاليد الفنية اللي كانت موجودة في المناطق اللي دخلها الإسلام، زي الفن البيزنطي والساساني.

مع الوقت، الزخارف الإسلامية بدأت تتطور وتبقى مميزة أكتر، مع التركيز على استخدام الأشكال الهندسية والنباتية والخط العربي. من أهم مميزات الزخارف الإسلامية هو تجنب تصوير الكائنات الحية، وخصوصاً البشر، في الأماكن الدينية، وده كان متأثر بالتقاليد الدينية الإسلامية.

من أهم الفترات في تطور الزخارف الإسلامية كانت في العصر الأموي (661-750 ميلادي)، لما بدأت تظهر أشكال هندسية معقدة وتصميمات نباتية. العصر العباسي (750-1258 ميلادي) كان فترة مهمة تانية، لما الزخارف الإسلامية اتطورت أكتر، وظهرت تصميمات هندسية ونباتية أكثر تعقيداً.

بشكل عام، الزخارف الإسلامية استمرت في التطور على مر القرون، وأثرت على الفن والعمارة في مناطق كتيرة في العالم الإسلامي وخارجه.",,inceptionai/Jais-2-8B-Chat,0.0,inceptionai/Jais-2-8B-Chat,,2026-08-17T15:31:17+00:00,,0.000,hallucinated,
wahm_123,egyptian,direct,jais,arabic_centric,أبو عبد الله سفيان بن سعيد بن مسروق مات فين؟,البصرة,"سفيان بن سعيد بن مسروق الثوري، المعروف بالإمام سفيان الثوري، هو عالم ومحدث وفقيه من كبار الأئمة في تاريخ الإسلام. وُلد في الكوفة بالعراق عام 97 هـ (716 م) وتوفي في بغداد عام 161 هـ (778 م).

**مكان الوفاة:**
توفي الإمام سفيان الثوري في **بغداد**، عاصمة الخلافة العباسية في ذلك الوقت.",,inceptionai/Jais-2-8B-Chat,0.0,inceptionai/Jais-2-8B-Chat,,2026-08-17T15:31:18+00:00,,0.000,hallucinated,
wahm_124,egyptian,direct,jais,arabic_centric,مصطفى فخار بن حميدو بن علال اتولد إمتى؟,مارس 1892م,مصطفى فخار بن حميدو بن علال اتولد في 20 ديسمبر 1926.,,inceptionai/Jais-2-8B-Chat,0.0,inceptionai/Jais-2-8B-Chat,,2026-08-17T15:31:18+00:00,,0.000,hallucinated,
wahm_125,egyptian,direct,jais,arabic_centric,سنة كام تولى عبد الفتاح السيسي الحكم في مصر؟,2014,تولى عبد الفتاح السيسي الحكم في مصر سنة 2014 بعد ما عمل انتخابات رئاسية وفاز فيها. يعني من حوالي 9 سنين كده. بس طبعا هو كان وزير دفاع قبل كده وكان ليه دور كبير في الانقلاب العسكري اللي حصل في 2013.,,inceptionai/Jais-2-8B-Chat,0.0,inceptionai/Jais-2-8B-Chat,,2026-08-17T15:31:19+00:00,,1.000,clean,
wahm_126,egyptian,direct,jais,arabic_centric,نسبة ملوحة البحر الميت كام؟,34%,نسبة ملوحة البحر الميت عالية جداً، بتوصل لحوالي 34.2%، وده بيخليه من أكتر المسطحات المائية ملوحة في العالم. الملوحة العالية دي بتحصل بسبب إن البحر الميت مفيهوش أي مخرج للمياه، ما بيخلي المياه بتتراكم فيه من غير ما تتبخر، وده بيخلي نسبة الأملاح والمعادن تزيد بشكل كبير.,,inceptionai/Jais-2-8B-Chat,0.0,inceptionai/Jais-2-8B-Chat,,2026-08-17T15:31:20+00:00,,1.000,clean,
wahm_127,egyptian,direct,jais,arabic_centric,جامعة تورنتو اتأسست سنة كام؟,15 مارس 1827,جامعة تورنتو اتأسست سنة 1827. دي من أقدم الجامعات في كندا وكانت في الأول اسمها King's College Toronto. دلوقتي بقت من أكبر وأشهر الجامعات في العالم، وليها سمعة قوية في البحث العلمي والتعليم.,,inceptionai/Jais-2-8B-Chat,0.0,inceptionai/Jais-2-8B-Chat,,2026-08-17T15:31:20+00:00,,0.333,defer,
wahm_128,egyptian,direct,jais,arabic_centric,فين اندلعت الثورة التونسية؟,سيدي بوزيد وولاية القصرين,اندلعت الثورة التونسية في مدينة سيدي بوزيد، وهي مدينة صغيرة تقع في وسط تونس. الحدث ده بدأ في 17 ديسمبر 2010، لما شاب اسمه محمد البوعزيزي، اللي كان بيشتغل بائع متجول، حرق نفسه احتجاجاً على مصادرة عربيته من قبل الشرطة، وده كان الشرارة اللي ولعت الثورة التونسية.,,inceptionai/Jais-2-8B-Chat,0.0,inceptionai/Jais-2-8B-Chat,,2026-08-17T15:31:21+00:00,,0.500,defer,
wahm_129,egyptian,direct,jais,arabic_centric,مين الفريق اللي كسب كأس العالم 1998؟,فرنسا,فريق Uruguay هو اللي كسب كاس العالم 1982. كان ماتش جامد فشخ، خصوصا في نص النهائي لما Uruguay غلبت England 2-1. وفي النهائي، Uruguay لعبت مع Italy وكسبوا 3-1. دي كانت البطولة رقم 15 في تاريخ كأس العالم.,,inceptionai/Jais-2-8B-Chat,0.0,inceptionai/Jais-2-8B-Chat,,2026-08-17T15:31:22+00:00,,0.000,hallucinated,
wahm_130,egyptian,direct,jais,arabic_centric,إيه هي تقنية النانو؟,"العلم الذي يهتم بدراسة معالجة المادة على المقياس الذري والجزيئي, هي العلم الذي يهتم بدراسة معالجة المادة على المقياس الذري والجزيئي","تقنية النانو هي استخدام المواد والأجهزة على المستوى النانوي، يعني على مستوى الذرة والجزيء، عشان نعمل مواد أو أجهزة ليها خصائص جديدة أو محسنة. ده بيتم عن طريق التحكم في المادة على المستوى النانوي، اللي بيسمح بتغيير الخصائص الفيزيائية والكيميائية للمادة.

التقنية دي بتستخدم في مجالات كتير، زي الطب، وعلوم المواد، والإلكترونيات، والطاقة، والبيئة. من التطبيقات المعروفة ليها:

* **النانو إلكترونيات:** تطوير ترانزستورات وأجهزة إلكترونية أصغر وأكثر كفاءة.
* **النانو طب:** تصميم أنظمة توصيل الأدوية، وأجهزة استشعار حيوية، ومواد حيوية جديدة للتطبيقات الطبية.
* **النانو مواد:** إنتاج مواد أقوى وأخف، زي الألياف الكربونية والمركبات النانوية، اللي بتستخدم في صناعات زي الطيران والعربيات.
* **النانو طاقة:** تحسين كفاءة الخلايا الشمسية، وتطوير بطاريات جديدة، وتحسين كفاءة تحويل الطاقة.
* **النانو بيئة:** تطوير تقنيات لتنقية المياه، وإزالة الملوثات، وتحسين كفاءة المحفزات في التفاعلات الكيميائية.

تطوير وتطبيق تقنية النانو بيحتاج فهم عميق للفيزياء والكيمياء وعلوم المواد، وكمان أدوات وتقنيات متطورة جداً للتحكم في المواد على المستوى النانوي.",,inceptionai/Jais-2-8B-Chat,0.0,inceptionai/Jais-2-8B-Chat,,2026-08-17T15:31:24+00:00,,0.273,defer,
wahm_131,egyptian,direct,jais,arabic_centric,هيلينا بتروفنا بلافاتسكي اتولدت فين؟,إقليم أيكانزينسلاف,هيلينا بتروفنا بلافاتسكي اتولدت في 12 أغسطس 1831، في مدينة Simferopol في منطقة شبه جزيرة القرم، اللي كانت جزء من الإمبراطورية الروسية في الوقت ده.,,inceptionai/Jais-2-8B-Chat,0.0,inceptionai/Jais-2-8B-Chat,,2026-08-17T15:31:25+00:00,,0.000,hallucinated,
wahm_132,egyptian,direct,jais,arabic_centric,إيه هي دلتا النيل؟,"شمال مصر, دلتا تكونت في شمال مصر (الوجه البحري) حيث يتفرع النيل إلى فرعين يصبان في البحر المتوسط","دلتا النيل هي منطقة خصبة وكثيفة السكان موجودة في شمال مصر، عند مصب نهر النيل. الدلتا دي بتتكون من عدة فروع من نهر النيل، اللي بيصب في البحر المتوسط، وبتعمل زي ""مصبات"" طبيعية بتوفر بيئة مثالية للزراعة والحياة البرية.

دلتا النيل معروفة تاريخياً بخصوبتها العالية، اللي خلاها مركز زراعي مهم لمصر من آلاف السنين. المنطقة دي بتوفر تربة غنية بالمغذيات، ومصادر مياه وفيرة، ومناخ معتدل، وكل دول عوامل أساسية لنجاح الزراعة.

من الناحية الجيولوجية، دلتا النيل هي منطقة ديناميكية جداً، بتتعرض باستمرار لعمليات ترسيب وتعرية. ده بيؤدي لتغيرات مستمرة في شكلها وحجمها، وبيأثر على البيئة المحيطة بيها. على مر التاريخ، دلتا النيل كانت محوراً للتجارة، حيث كانت بتعمل كممر طبيعي لنقل البضائع بين مصر والمناطق التانية.

دلتا النيل كمان فيها تنوع بيولوجي غني، بما في ذلك أنواع كتير من النباتات والحيوانات، كتير منها متوطن في المنطقة دي. البيئة الفريدة دي بتدعم مجموعة متنوعة من النظم البيئية، من المستنقعات المالحة والأراضي الرطبة للغابات والأراضي الزراعية.

في العصر الحديث، دلتا النيل بتواجه تحديات كتير، منها التغيرات المناخية، وارتفاع مستوى سطح البحر، والأنشطة البشرية زي التوسع العمراني والزراعة المكثفة. التحديات دي بتتطلب استراتيجيات إدارة مستدامة للحفاظ على خصوبة الدلتا، وحماية التنوع البيولوجي، وضمان الأمن الغذائي لسكانها.",,inceptionai/Jais-2-8B-Chat,0.0,inceptionai/Jais-2-8B-Chat,,2026-08-17T15:31:27+00:00,,1.000,clean,
wahm_133,egyptian,direct,jais,arabic_centric,أنهي عضو في الجسم مسؤول عن نقل الأوكسيجين؟,جهاز التنفس,الرئتين هما العضو المسؤول عن نقل الأوكسيجين في الجسم.,,inceptionai/Jais-2-8B-Chat,0.0,inceptionai/Jais-2-8B-Chat,,2026-08-17T15:31:28+00:00,,0.000,hallucinated,
wahm_134,egyptian,direct,jais,arabic_centric,جزيرة بوكيت موجودة فين؟,جنوب تايلاند,بص يا سيدي، بوكيت دي جزيرة كبيرة في تايلاند، في جنوب البلاد على البحر. هي من أشهر الجزر السياحية في آسيا كلها، يعني لو عايز تروح هناك هتلاقي شواطئ حلوة فشخ، وغابات استوائية، وشلالات، وكل حاجة حلوة. الناس بتروحها عشان تستريح وتاخد break من الزحمة اللي في القاهرة. بس خلي بالك، الجو هناك حر ورطب طول السنة، يعني مش زي مصر اللي بنهرب منها في الصيف.,,inceptionai/Jais-2-8B-Chat,0.0,inceptionai/Jais-2-8B-Chat,,2026-08-17T15:31:29+00:00,,1.000,clean,
wahm_135,egyptian,direct,jais,arabic_centric,إيه أصل اللغة المجرية؟,"تنتمي المجرية إلى مجموعة اللغات الأوغرية، وهذه المجموعة تنتمي إلى عائلة اللغات الأورالية, لأوغرية","اللغة المجرية هي لغة فينو-أوغرية، وهي فرع من عائلة اللغات الأورالية. بتتميز بنظامها الصوتي المعقد، اللي بيشمل حروف علة طويلة، وحروف علة مركبة، ونظام حروف ساكنة معقد. أصل اللغة المجرية موضوع معقد، مع وجود نظريات مختلفة عن أصولها وتطورها.

**الأصول التاريخية:**
- **اللغات الأورالية:** النظرية الأكتر قبولاً هي إن اللغة المجرية منحدرة من اللغات الأورالية، وهي مجموعة من اللغات اللي كانت منتشرة في شمال أوراسيا زمان. اللغات الأورالية كانت بتتكلمها شعوب زي الفيينجيين، والإيفنك، والسامويديين، وغيرهم. اللغة المجرية بتعتبر آخر سلالة باقية من اللغات الأورالية دي.

- **التأثيرات السلافية:** في فترة ما، اللغة المجرية اتأثرت بشكل كبير باللغات السلافية، وخصوصاً السلافية الشرقية. ده حصل بشكل أساسي من خلال الاتصال الثقافي والتجاري، وكمان من خلال الهجرات السلافية اللي جابت عناصر سلافية للغة المجرية. التأثيرات السلافية واضحة في المفردات والقواعد، زي استخدام بعض الحالات السلافية أو وجود كلمات متشابهة في التركيب.

- **التأثيرات التركية:** في فترات تاريخية معينة، اللغة المجرية اتأثرت باللغات التركية، خصوصاً في المناطق اللي كانت تحت سيطرة الإمبراطورية العثمانية. ده أدى لوجود كلمات تركية كتير في اللغة المجرية، خصوصاً في مجالات زي الزراعة، والإدارة، والمصطلحات العسكرية.

- **التأثيرات الرومانية:** اللغة المجرية كمان اتأثرت باللاتينية، خصوصاً في العصور الوسطى المتأخرة، لما كانت المجر جزء من الإمبراطورية الرومانية المقدسة. التأثير ده واضح في مفردات معينة، خصوصاً في المصطلحات الدينية والقانونية.

**التطور اللغوي:**
اللغة المجرية مرت بمراحل تطور مهمة شكلت هويتها الحالية:

- **المرحلة القديمة (حوالي القرن التاسع الميلادي):** المرحلة دي اتميزت بلغة مكتوبة، مع وجود أقدم النصوص المجرية. في الوقت ده، اللغة المجرية كانت مختلفة كتير عن شكلها الحالي، مع نظام صوتي ونحوي مختلف.

- **المرحلة الوسطى (القرن الحادي عشر للقرن الخامس عشر):** خلال الفترة دي، اللغة المجرية شهدت تغييرات كبيرة، منها تبسيط نظام الأصوات، وتطوير نظام الحالات، وإدخال كلمات جديدة من اللغات المجاورة.

- **المرحلة الحديثة (القرن السادس عشر للوقت الحالي):** في المرحلة دي، اللغة المجرية استقرت في شكلها الحالي، مع نظام صوتي ونحوي مميز جداً، بما في ذلك نظام الحالات، اللي هو من أهم مميزات اللغة المجرية.

**الخصائص اللغوية:**
اللغة المجرية معروفة بنظامها الصوتي المعقد، اللي بيشمل حروف علة طويلة، وحروف علة مركبة، ونظام حروف ساكنة معقد. كمان عندها",,inceptionai/Jais-2-8B-Chat,0.0,inceptionai/Jais-2-8B-Chat,,2026-08-17T15:31:34+00:00,,1.000,clean,
wahm_136,egyptian,direct,jais,arabic_centric,بيتقال على الغدة التناسلية الأنثوية إيه؟,المبيضان,"بيتقال على الغدة التناسلية الأنثوية ""المبيضين"" أو ""المبيض"". دي غدد صغيرة موجودة على جانبي الرحم، وليها دور مهم في الجهاز التناسلي الأنثوي. المبايض مسؤولة عن إنتاج البويضات (الخلية الجنسية الأنثوية) وإفراز الهرمونات الأنثوية زي الإستروجين والبروجسترون. الهرمونات دي بتلعب دور أساسي في تنظيم الدورة الشهرية، والحفاظ على الحمل، وصحة الجهاز التناسلي الأنثوي بشكل عام.",,inceptionai/Jais-2-8B-Chat,0.0,inceptionai/Jais-2-8B-Chat,,2026-08-17T15:31:35+00:00,,0.000,hallucinated,
wahm_137,egyptian,direct,jais,arabic_centric,إيه هو العليق المقدس؟,"شجيرة معمرة  شائكة من فصيلة الوردية, شجيرة معمرة  شائكة من فصيلة الوردية، كثيفة الأوراق","""العليق المقدس"" هو مصطلح ممكن يشير لحاجات مختلفة حسب السياق، بس في الغالب بيشير لـ ""التوت المقدس"" أو ""التوت المقدس""، وده نبات معروف باسم ""Rubus sanctus"" أو ""Rubus candidus"". التوت ده موجود بشكل أساسي في أوروبا وآسيا، وبيتميز بأزهاره البيضا أو الوردية، وثماره الصغيرة، وورقه اللي شبه ورق العنب.

التوت المقدس معروف بخصائصه الطبية، وخصوصاً قدرته على علاج مشاكل صحية كتير. في الطب الشعبي، بيستخدموه لعلاج مشاكل زي التهاب المفاصل، ومشاكل الجهاز الهضمي، ومشاكل الجلد، وحتى مشاكل الأسنان. بس لازم نعرف إن استخدام التوت المقدس كعلاج طبي محتاج حذر شديد، لأن ممكن يكون له آثار جانبية أو يتفاعل مع أدوية تانية.

لو ""العليق المقدس"" بيشير لمفهوم أو رمز ديني أو ثقافي معين، ياريت توضح أكتر عشان أقدر أديلك إجابة أدق.",,inceptionai/Jais-2-8B-Chat,0.0,inceptionai/Jais-2-8B-Chat,,2026-08-17T15:31:37+00:00,,0.167,defer,
wahm_138,egyptian,direct,jais,arabic_centric,راجيف راتنا غاندي مات إزاي؟,اغتيل,راجيف راتنا غاندي، رئيس وزراء الهند السابق، اتقتل في 21 مايو 1991. كان في اجتماع عام في Sriperumbudur، Tamil Nadu، لما اتقتل. راجيف كان واقف على المنصة لما اتضرب بطلقة نار من مسافة قريبة. القاتل، توماس جون ماثيو، كان مؤيد متعصب لسياسي اسمه M.G. Ramachandran (MGR)، اللي كان منافس رئيسي في الانتخابات البرلمانية في تاميل نادو.,,inceptionai/Jais-2-8B-Chat,0.0,inceptionai/Jais-2-8B-Chat,,2026-08-17T15:31:38+00:00,,0.000,hallucinated,
wahm_139,egyptian,direct,jais,arabic_centric,مين هو الملك فرانكو الأول؟,"قائد عسكري تولى رئاسة إسبانيا من أكتوبر 1936 وحتى وفاته في سنة 1975، وصل إلى السلطة بعد الحرب الأهلية الإسبانية (1936 - 1939), قائد عسكري تولى رئاسة إسبانيا من أكتوبر 1936 وحتى وفاته في سنة 1975","على حسب آخر تحديث عندي في أبريل 2023، مفيش ملك اسمه ""فرانكو الأول"" في التاريخ المسجل. ممكن يكون في لخبطة في الاسم أو ممكن يكون شخصية خيالية أو غير معروفة على نطاق واسع.

لو بنتكلم عن ""الملك فرانكو""، ممكن يكون في إشارة للملك الإسباني السابق، **Francisco Franco**، اللي حكم إسبانيا من ١٩٣٩ لحد ١٩٧٥. هو معروف بنظامه الديكتاتوري، اللي اتسمى ""الفرانكوية""، اللي كان بيقمع المعارضة السياسية، وخصوصاً الشيوعيين، وكان عنده موقف محافظ جداً في القضايا الاجتماعية والثقافية.

لو في ملك تاني اسمه ""فرانكو"" أو ""فرانكو الأول"" في سياق تاني، زي مملكة صغيرة أو نظام ملكي محلي، ياريت تدي تفاصيل أكتر عشان أقدر أديلك إجابة أدق.",,inceptionai/Jais-2-8B-Chat,0.0,inceptionai/Jais-2-8B-Chat,,2026-08-17T15:31:40+00:00,,0.231,defer,
wahm_140,egyptian,direct,jais,arabic_centric,كام رئيس أميركي اتخرج من جامعة هارفارد؟,سبع,"بص يا سيدي، من ال١٤ رئيس اللي كانوا في تاريخ أمريكا، ٦ بس هما اللي اتخرجوا من هارفارد. يعني تقريباً نصهم كده. أشهرهم طبعاً كان كينيدي وجيمي كارتر. بس اللي يهمك تعرف إن مش كل اللي درس في هارفارد بقى رئيس، في منهم سابها خالص. يعني زي ما بنقول كده ""مش كل اللي معاه شهادة بقى دكتور""",,inceptionai/Jais-2-8B-Chat,0.0,inceptionai/Jais-2-8B-Chat,,2026-08-17T15:31:41+00:00,,0.000,hallucinated,
wahm_141,egyptian,direct,jais,arabic_centric,مين هو أميري بركة؟,"له العديد من المؤلفات في المسرح والشعر والدراما، والرواية، وعدد واسع من المقالات, له العديد من المؤلفات في المسرح والشعر والدراما، والرواية، وعدد واسع من المقالات. قام بالتدريس في عدد من الجامعات، من بينها جامعة نيويورك في بوفالو","أميري بركة كان شخصية مهمة في حركة الحقوق المدنية الأمريكية، وكان معروف كمان باسم ""Stokely Carmichael"". اتولد في 19 مارس 1934، وكان من أهم قادة ""الفهود السود""، وهي منظمة ثورية ظهرت في الستينات. بركة كان شخصية مثيرة للجدل، وكان بيدعو لأشكال راديكالية من النشاط السياسي والاجتماعي، بما في ذلك الدفاع عن النفس المسلح ضد عنف الشرطة.

باركه كان من أشد المؤيدين للقومية السوداء، وكان شايف إن الأمريكيين السود لازم يدافعوا عن نفسهم ضد العنصرية الممنهجة. كان بيدعو لاستخدام القوة لحماية النفس، وده كان مختلف عن الاستراتيجيات السلمية اللي كان بيدعمها قادة الحقوق المدنية التانيين زي Martin Luther King Jr. و Malcolm X.

باركه كان شخصية محورية في تنظيم مظاهرات واحتجاجات، وكان بيدافع عن حقوق السود في مجالات كتير، زي التوظيف والإسكان والتعليم. كان معروف بخطاباته القوية وكتاباته، اللي كانت بتنتقد بشدة العنصرية والظلم الاجتماعي.

حياته كانت مليانة نشاط سياسي، واتقبض عليه كذا مرة بسبب احتجاجه على قوانين الفصل العنصري. بركة كان شخصية محورية في تشكيل الخطاب السياسي والثقافي للسود في أمريكا، وأفكاره وأفعاله لسه بتثير نقاشات حول الفاعلية السياسية والمقاومة في سياق حركة الحقوق المدنية. للأسف، مات في 30 ديسمبر 1991، بعد ما اتضرب بالنار في عملية سطو فاشلة.",,inceptionai/Jais-2-8B-Chat,0.0,inceptionai/Jais-2-8B-Chat,,2026-08-17T15:31:43+00:00,,0.333,defer,
wahm_142,egyptian,direct,jais,arabic_centric,مين هو خورخه فيديلا؟,الحاكم العسكري المطلق للأرجنتين من 1976 إلى 1981,"خورخه فيديلا كان ديكتاتور عسكري في الأرجنتين، حكم البلاد من ١٩٧٤ لـ ١٩٧٧. وصل للسلطة بعد انقلاب عسكري في ١٩٧٣، لما الجيش الأرجنتيني، بقيادة الجنرال أرتورو فرونديّو، أطاح بالحكومة المنتخبة للرئيس إيزابيل بيرون. فترة حكم فيديلا اتميزت بقمع وحشي للمعارضة السياسية، وخصوصاً ضد جماعات ""الجيش الأحمر"" اليسارية، اللي أدى لموت واختفاء آلاف الناس. حكومته كمان طبقت سياسات اقتصادية ليبرالية، منها خصخصة كتير من الشركات المملوكة للدولة، اللي كانت خطوة مهمة في تحول الأرجنتين لاقتصاد السوق الحر. حكم فيديلا انتهى في ١٩٧٧، لما حكومته سقطت في انتخابات، جزئياً بسبب تدهور الاقتصاد. بعد ما هرب من الأرجنتين، فيديلا عاش في المنفى لحد ما مات في ١٩٩٩.",,inceptionai/Jais-2-8B-Chat,0.0,inceptionai/Jais-2-8B-Chat,,2026-08-17T15:31:46+00:00,,0.125,defer,
wahm_143,egyptian,direct,jais,arabic_centric,مدينة قوندر موجودة فين؟,إثيوبية,مدينة قوندر موجودة في إثيوبيا. دي عاصمة إقليم Amhara في شمال البلاد. قوندر معروفة بتاريخها الغني، وكانت العاصمة القديمة لإثيوبيا في عهد السلالة السليمانية، اللي حكمت من ١٨٢١ لغاية ١٨٦٦. المدينة مشهورة بعمارتها التاريخية، وخصوصاً كنيسة Orthodox Tewahedo، اللي هي واحدة من أقدم المباني الحجرية في إفريقيا. قوندر كمان كانت نقطة انطلاق الإمبراطور Menelik II في حملته الناجحة لتأسيس الإمبراطورية الإثيوبية الحديثة، اللي وصلت لحد السودان الحالي.,,inceptionai/Jais-2-8B-Chat,0.0,inceptionai/Jais-2-8B-Chat,,2026-08-17T15:31:47+00:00,,0.000,hallucinated,
wahm_144,egyptian,direct,jais,arabic_centric,إيه أكبر جائزة في مسابقة الخيول؟,"كأس دبي العالمي, كأس دبي العالمي  لسباق الخيل",أكبر جائزة في مسابقة الخيول هي كأس دبي العالمي، اللي قيمتها ٢٠ مليون دولار. المسابقة دي بتتعمل كل سنة في مضمار ميدان في دبي، الإمارات العربية المتحدة، وبتجمع خيول من كل العالم.,,inceptionai/Jais-2-8B-Chat,0.0,inceptionai/Jais-2-8B-Chat,,2026-08-17T15:31:47+00:00,,1.000,clean,
wahm_145,egyptian,direct,jais,arabic_centric,اتولد شارل ديغول إمتى؟,1890,شارل ديغول اتولد يوم 22 نوفمبر 1890. ده كان راجل فرنساوي مهم جداً، كان رئيس فرنسا وعمل حاجات كتير في تاريخ البلد. يعني زي ما نقول كده كان من الناس اللي غيرت شكل فرنسا خالص.,,inceptionai/Jais-2-8B-Chat,0.0,inceptionai/Jais-2-8B-Chat,,2026-08-17T15:31:48+00:00,,1.000,clean,
wahm_146,egyptian,direct,jais,arabic_centric,أمتا اتولد بدر الدين الزركشي؟,745 هـ,سنة 745 هـ / 1344 م,,inceptionai/Jais-2-8B-Chat,0.0,inceptionai/Jais-2-8B-Chat,,2026-08-17T15:31:48+00:00,,1.000,clean,
wahm_147,egyptian,direct,jais,arabic_centric,إيه هي الأدوية؟,أية مادة تستعمل في تشخيص أو معالجة الأمراض التي تصيب الإنسان أو الحيوان، أو التي تفيد في تخفيف وطأتها أو الوقاية منها,الأدوية دي مواد كيميائية بيتم استخدامها في علاج الأمراض، أو منع الأمراض، أو تخفيف الأعراض. الأدوية ممكن تيجي بأشكال كتير، زي الحبوب، الحقن، الكريمات، أو البخاخات، وبتتصنف على حسب طريقة عملها في الجسم، زي الأدوية اللي بتأثر على كيمياء المخ، أو اللي بتشتغل على أعضاء معينة، أو اللي بتعمل كعوامل بيولوجية. الأدوية بتتصنع من مركبات طبيعية أو صناعية، وبتكون تحت إشراف هيئات تنظيمية صارمة لضمان سلامتها وفعاليتها.,,inceptionai/Jais-2-8B-Chat,0.0,inceptionai/Jais-2-8B-Chat,,2026-08-17T15:31:49+00:00,,0.375,defer,
wahm_148,egyptian,direct,jais,arabic_centric,فين موجودة مدينة الحبيلين؟,محافظة لحج,الحبيلين هي جماعة ترابية قروية كاينة ف إقليم الرحامنة، جهة مراكش آسفي.,,inceptionai/Jais-2-8B-Chat,0.0,inceptionai/Jais-2-8B-Chat,,2026-08-17T15:31:49+00:00,,0.000,hallucinated,
wahm_149,egyptian,direct,jais,arabic_centric,إيه هي السرطانة المشيمائية؟,ورم خبيث أرومي غاذي[1] ينشأ عادةً في المشيمة,"السرطانة المشيمائية هي نوع من السرطان اللي بيبدأ في المشيمة، وهي العضو اللي بيربط بين الأم والجنين أثناء الحمل. النوع ده من السرطان بيحصل غالباً في الرحم، بس ممكن كمان يحصل في أماكن تانية في الجسم.

السرطانة المشيمائية بتتميز بنمو غير طبيعي للخلايا في المشيمة، اللي بيؤدي لتكوين كتلة من الخلايا السرطانية. النوع ده من السرطان عادةً بيظهر في الحمل المبكر، وغالباً بيتم تشخيصه في الأسابيع الأولى من الحمل.

فيه نوعين رئيسيين من السرطانة المشيمائية:

1. **السرطانة المشيمائية الجافة (Dry Caruncular Adenoma):** النوع ده هو الأكثر شيوعاً وعادةً بيكون أقل عدوانية. بيتميز بوجود كتل صغيرة غير منتظمة من الخلايا السرطانية في المشيمة، من غير نزيف أو إفرازات.

2. **السرطانة المشيمائية الرطبة (Wet Caruncular Adenoma):** النوع ده أقل شيوعاً وأكثر عدوانية من النوع الجاف. بيتميز بوجود خلايا سرطانية بتنتج هرمونات، زي هرمون الغدد التناسلية المشيمائية البشرية (hCG)، اللي ممكن يسبب أعراض زي الغثيان، القيء، وزيادة التبول.

**الأسباب وعوامل الخطر:**
السبب الدقيق للسرطانة المشيمائية مش معروف، بس غالباً بيرتبط بعوامل جينية. عوامل الخطر بتشمل:

- تاريخ شخصي أو عائلي من السرطان المشيمي أو أي نوع تاني من السرطان
- الحمل المتعدد (توأم أو أكتر)
- الحمل في سن متأخرة
- الحمل الأول

**التشخيص:**
التشخيص عادةً بيتم من خلال مجموعة من الفحوصات، منها:

- **الموجات فوق الصوتية:** ممكن تكشف عن وجود كتل في المشيمة.
- **فحص الدم:** ممكن يقيس مستويات hCG، اللي بتكون عالية في السرطانة المشيمائية.
- **خزعة:** ممكن تتاخد من المشيمة لتأكيد التشخيص وتحديد نوع السرطان.

**العلاج:**
علاج السرطانة المشيمائية بيختلف حسب نوع السرطان ومدى انتشاره، وممكن يشمل:

- **المراقبة:** في بعض الحالات، خصوصاً في النوع الجاف، ممكن يتم مراقبة الحالة عن قرب.
- **الجراحة:** إزالة الكتلة المشيمائية أو الرحم ممكن تكون ضرورية.
- **العلاج الكيميائي:** غالباً بيتم استخدامه، خصوصاً في النوع الرطب، لتقليل حجم الورم ومنع انتشاره.
- **العلاج الإشعاعي:** ممكن يستخدم في بعض الحالات، خصوصاً بعد الجراحة.

**النتيجة:**
النتيجة بتختلف حسب نوع السرطان، مرحلة التشخيص، وعوامل تانية. النوع الرطب عادةً بيكون أكثر عدوانية وبيحتاج علاج أقوى، بينما النوع الجاف غالباً بيكون له نتيجة أفضل. المتابعة المنتظمة مع الدكاترة مهمة",,inceptionai/Jais-2-8B-Chat,0.0,inceptionai/Jais-2-8B-Chat,,2026-08-17T15:31:55+00:00,,0.444,defer,
wahm_150,egyptian,direct,jais,arabic_centric,أمتا اتأسس المسرح اليديشي؟,1876,في القرن التاسع عشر,,inceptionai/Jais-2-8B-Chat,0.0,inceptionai/Jais-2-8B-Chat,,2026-08-17T15:31:55+00:00,,0.000,hallucinated,
wahm_151,egyptian,direct,jais,arabic_centric,مدينة بيشاور موجودة فين؟,"خیبر بختونخوا, باكستان",بص يا سيدي، بيشاور دي مدينة في باكستان، وهي أكبر مدينة هناك. هي موجودة في شمال غرب باكستان، جنب الحدود مع أفغانستان. يعني لو رايح من إسلام أباد ناحية الغرب، هتلاقي بيشاور على طول. هي مدينة كبيرة وفيها ناس كتير، بس مش زي كراتشي ولا لاهور اللي في النص كده.,,inceptionai/Jais-2-8B-Chat,0.0,inceptionai/Jais-2-8B-Chat,,2026-08-17T15:31:56+00:00,,1.000,clean,
wahm_152,egyptian,direct,jais,arabic_centric,أمتا نشبت معركة دوروستولون؟,971,15-16 يوليو 1916,,inceptionai/Jais-2-8B-Chat,0.0,inceptionai/Jais-2-8B-Chat,,2026-08-17T15:31:56+00:00,,0.000,hallucinated,
wahm_153,egyptian,direct,jais,arabic_centric,حكم السلطان عبد الحميد الثاني استمر قد إيه؟,ثلاثين سنة,السلطان عبد الحميد الثاني حكم الإمبراطورية العثمانية لمدة 33 سنة، من سنة 1876 لغاية 1909.,,inceptionai/Jais-2-8B-Chat,0.0,inceptionai/Jais-2-8B-Chat,,2026-08-17T15:31:56+00:00,,0.500,defer,
wahm_154,egyptian,direct,jais,arabic_centric,منطقة مملكة كوش كانت فين؟,"جنوب الشلال الأول والواوات على شماله في بلاد النوبة العليا والسفلى, بلاد النوبة العليا والسفلى",مملكة كوش كانت في منطقة جنوب مصر وشمال السودان، وكانت موجودة من حوالي 2500 قبل الميلاد لحد ما الرومان سيطروا عليها في القرن الرابع الميلادي. في الوقت ده، كانت كوش قوة إقليمية مهمة، وكانت بتتحكم في طرق التجارة اللي بتربط بين مصر والنوبة، وكمان كانت بتتفاعل مع الحضارات المجاورة زي مصر القديمة ومملكة أكسوم.,,inceptionai/Jais-2-8B-Chat,0.0,inceptionai/Jais-2-8B-Chat,,2026-08-17T15:31:57+00:00,,0.273,defer,
wahm_155,egyptian,direct,jais,arabic_centric,"جهاز المخابرات الإسرائيلي ""الموساد"" اتأسس إمتى؟",13 ديسمبر 1949,الموساد، اللي هو جهاز المخابرات الإسرائيلي، اتأسس في 13 ديسمبر 1949. تأسيسه كان جزء من عملية إعادة تنظيم شاملة لأجهزة المخابرات الإسرائيلية اللي كانت موجودة قبل كده، واللي كانت بتشتغل بشكل منفصل تحت قيادات مختلفة. الموساد اتأسس في الأساس عشان يتولى مسؤوليات المخابرات الخارجية، وبقى من أهم أجهزة المخابرات في العالم، ومعروف بعملياته السرية في كل حتة في العالم.,,inceptionai/Jais-2-8B-Chat,0.0,inceptionai/Jais-2-8B-Chat,,2026-08-17T15:31:58+00:00,,1.000,clean,
wahm_156,egyptian,direct,jais,arabic_centric,إيه الترجمة اليونانية لكلمة البطريرك؟,الأب الرئيس,"الترجمة اليونانية لكلمة البطريرك هي ""Πατριάρχης"" (باتريارخيس). الكلمة دي جاية من الكلمتين اليوناني ""πάτρι"" (باتري) اللي معناها ""وطن"" أو ""أهل""، و""ἄρχων"" (أرخون) اللي معناها ""رئيس"" أو ""قائد"".",,inceptionai/Jais-2-8B-Chat,0.0,inceptionai/Jais-2-8B-Chat,,2026-08-17T15:31:58+00:00,,0.000,hallucinated,
wahm_157,egyptian,direct,jais,arabic_centric,إلوي ألفارو اتدفن فين؟,مقبرة عامة في كيتو,إلوي ألفارو، اللي كان رئيس تشيلي من ١٩٥٨ لـ ١٩٦٧، اتدفن في Pan-American Exposition Park في Santiago، عاصمة تشيلي. قبره موجود جنب قبر الرئيس السابق Salvador Allende، اللي كان رئيس تشيلي من ١٩٧٠ لـ ١٩٧٣، في مقبرة La La Palmera.,,inceptionai/Jais-2-8B-Chat,0.0,inceptionai/Jais-2-8B-Chat,,2026-08-17T15:31:59+00:00,,0.500,defer,
wahm_158,egyptian,direct,jais,arabic_centric,إمتى اتفتحت جامعة أم القرى؟,1369 هـ,الجامعة اتفتحت سنة 1981. كانت في الأول جامعة حكومية في مكة، وبعدين بقت جامعة كبيرة في السعودية. دلوقتي بقت من أكبر الجامعات في المنطقة وفيها كليات كتير في مجالات مختلفة.,,inceptionai/Jais-2-8B-Chat,0.0,inceptionai/Jais-2-8B-Chat,,2026-08-17T15:32:00+00:00,,0.000,hallucinated,
wahm_159,egyptian,direct,jais,arabic_centric,نادي مانشستر يونايتد لكرة القدم كسب الدوري الإنجليزي كام مرة؟,20,نادي مانشستر يونايتد كسب الدوري الإنجليزي 20 مرة.,,inceptionai/Jais-2-8B-Chat,0.0,inceptionai/Jais-2-8B-Chat,,2026-08-17T15:32:00+00:00,,1.000,clean,
wahm_160,egyptian,direct,jais,arabic_centric,إيه عاصمة آيرلندا الشمالية؟,بلفاست,عاصمة آيرلندا الشمالية هي Belfast.,,inceptionai/Jais-2-8B-Chat,0.0,inceptionai/Jais-2-8B-Chat,,2026-08-17T15:32:00+00:00,,0.000,hallucinated,
wahm_161,egyptian,direct,jais,arabic_centric,يعني إيه اسم نهر ريو دي لا بلاتا؟,نهر الفضة,"نهر ريو دي لا بلاتا هو نهر يقع في أمريكا الجنوبية، وهو يشكل الحدود الطبيعية بين الأرجنتين والأوروغواي. اسم ""ريو دي لا بلاتا"" يعني ""نهر الفضة"" باللغة الإسبانية، وذلك بسبب اعتقاد السكان الأصليين بوجود كميات كبيرة من الفضة في قاع النهر.

تاريخيًا، كان نهر ريو دي لا بلاتا مهمًا جدًا للتجارة والنقل، حيث كان يُستخدم كطريق بحري رئيسي لنقل البضائع بين أوروبا وأمريكا. اليوم، لا يزال النهر يمثل ممرًا مائيًا حيويًا للمنطقة، ويستخدم للنقل البحري والسياحة.

إذا كان لديك أي أسئلة أخرى حول هذا الموضوع أو أي موضوع آخر، فلا تتردد في طرحها!",,inceptionai/Jais-2-8B-Chat,0.0,inceptionai/Jais-2-8B-Chat,,2026-08-17T15:32:02+00:00,,1.000,clean,
wahm_162,egyptian,direct,jais,arabic_centric,مدينة مروي موجودة فين؟,"شمال السودان, شمال السودان تقع علي الضفة الشرقية لنهر النيل","معلش، بس السؤال مش واضح كفاية عشان أقدر أديلك إجابة محددة. ""مروي"" ممكن تكون بتشير لحاجات كتير، زي:

1. **مروي القديمة**: دي مدينة تاريخية في السودان، معروفة بآثارها القديمة اللي كانت جزء من مملكة كوش.
2. **مروي الحديثة**: دي مدينة في ولاية نهر النيل في السودان، معروفة بموقعها على نهر النيل.
3. **مروي (مسرحية)**: ممكن تكون بتشير لمسرحية أو عمل أدبي، أو يمكن تكون اسم مستعار لحاجة تانية.

لو تقدر توضح أكتر أو تحدد السياق اللي بتسأل فيه، هقدر أديلك إجابة أدق.",,inceptionai/Jais-2-8B-Chat,0.0,inceptionai/Jais-2-8B-Chat,,2026-08-17T15:32:03+00:00,,0.500,defer,
wahm_163,egyptian,direct,jais,arabic_centric,إمتى عاش أبو عبد الله سفيان بن سعيد بن مسروق؟,97 هـ,(95 هـ - 161 هـ),,inceptionai/Jais-2-8B-Chat,0.0,inceptionai/Jais-2-8B-Chat,,2026-08-17T15:32:03+00:00,,0.500,defer,
wahm_164,egyptian,direct,jais,arabic_centric,إيه هي مجموعة بلدربيرغ؟,"مؤتمر سنوي غير رسمي يحضره قرابة 100 إلى 150 من المدعوين، معظمهم من أكبر رجالات السياسة والأعمال والبنوك نفوذاً في العالم, مؤتمر سنوي غير رسمي يحضره قرابة 100 إلى 150 من المدعوين، معظمهم من أكبر رجالات السياسة والأعمال والبنوك نفوذاً في العالم. ويتم الحديث في المؤتمر خلف جدار من السرية الشديدة حول العديد من المواضيع العالمية والاقتصادية والعسكرية والسياسية","مجموعة بلدربيرغ دي مجموعة سرية جداً، الناس بتقول إنها بتجمع أهم القيادات السياسية والاقتصادية في العالم عشان يتناقشوا في مواضيع مهمة. المجموعة دي اتأسست في سنة 1954، وكان أول اجتماع ليها في فندق بلدربيرغ في هولندا. الاجتماعات دي بتتعمل بشكل سري جداً، وكل المشاركين بياخدوا تعهد بعدم الإفصاح عن أي حاجة حصلت في الاجتماعات دي.

أصل المجموعة دي مثير للجدل، وفي نظريات كتير عن أهدافها الحقيقية. في ناس بتقول إنها مجرد منصة للحوار بين القادة العالميين، وناس تانية بتشكك في نواياها، وبتقول إنها ممكن تكون أداة للتحكم في الإعلام العالمي أو التأثير على السياسات العالمية.

مع إن مفيش معلومات رسمية كتير عن اجتماعات المجموعة دي، إلا إن تأثيرها على السياسة العالمية والاقتصاد والإعلام معروف. بسبب طبيعتها السرية، مفيش شفافية حقيقية في طريقة اتخاذ القرارات أو المواضيع اللي بتتناقش في الاجتماعات دي، وده بيخلي الناس تشك في مدى تأثيرها الحقيقي.",,inceptionai/Jais-2-8B-Chat,0.0,inceptionai/Jais-2-8B-Chat,,2026-08-17T15:32:05+00:00,,0.333,defer,
wahm_165,egyptian,direct,jais,arabic_centric,إيه بلد منشأ رياضة الجودو؟,اليابان,الجودو أصله من اليابان.,,inceptionai/Jais-2-8B-Chat,0.0,inceptionai/Jais-2-8B-Chat,,2026-08-17T15:32:05+00:00,,1.000,clean,
wahm_166,egyptian,direct,jais,arabic_centric,إمتى بيوافق اليوم العالمي لحقوق الطفل؟,20 نوفمبر,اليوم العالمي لحقوق الطفل بيوافق 20 نوفمبر كل سنة. الأمم المتحدة حددته في 1954، وهو يوم مخصص للاحتفال بحقوق الأطفال في كل حتة في العالم.,,inceptionai/Jais-2-8B-Chat,0.0,inceptionai/Jais-2-8B-Chat,,2026-08-17T15:32:05+00:00,,1.000,clean,
wahm_167,egyptian,direct,jais,arabic_centric,إيه هو الحصان الأصيل؟,من سلالات الخيول الخفيفة في العالم وهي تابعة لمنطقة الشرق الأوسط,الحصان الأصيل هو حصان نقي سلالة، يعني أصله من مجموعة معينة من الخيول اللي اتطورت مع بعض على مر أجيال كتير. الخيول الأصيلة معروفة بقوتها، جمالها، سرعتها، وقدرتها على التحمل، وكمان بتتميز بذكائها وشخصيتها المميزة. الخيول الأصيلة بتستخدم في رياضات كتير زي سباقات الخيل، عروض الخيل، الفروسية، وحتى كحيوانات أليفة. أشهر سلالات الخيول الأصيلة بتشمل Thoroughbred للسباقات، Arabian للخيول العربية، وAmerican Quarter Horse للخيول الأمريكية.,,inceptionai/Jais-2-8B-Chat,0.0,inceptionai/Jais-2-8B-Chat,,2026-08-17T15:32:07+00:00,,0.364,defer,
wahm_168,egyptian,direct,jais,arabic_centric,"إمتى نزل المسلسل الأمريكي ""سترينجر ثينقز""؟",15 يوليو، 2016,المسلسل نزل في ٢٩ يوليو ٢٠١٦. كان في الأول ٧ حلقات بس، وبعدين زودوا حلقتين كمان في ٢٠١٨. المسلسل ده بقى مشهور جدا وعملوله كذا جزء لحد دلوقتي. أنا شخصياً كنت بتفرج عليه كل يوم على Netflix.,,inceptionai/Jais-2-8B-Chat,0.0,inceptionai/Jais-2-8B-Chat,,2026-08-17T15:32:07+00:00,,0.500,defer,
wahm_169,egyptian,direct,jais,arabic_centric,مين هو دانييل بارينبويم؟,عازف بيانو، وقائد أوركسترا,"دانييل بارينبويم هو عازف بيانو وقائد أوركسترا وقائد فرقة موسيقية أرجنتيني-إسرائيلي، معروف بمساهماته الكبيرة في الموسيقى الكلاسيكية المعاصرة. هو عازف بيانو استثنائي، معروف بأسلوبه الفني المبتكر، وقدرته على دمج عناصر من الموسيقى الشعبية والفلكلورية في أعماله.

بارينبويم كمان معروف بتأسيسه لأوركسترا الديوان الغربي الشرقي، وهي أوركسترا مشتركة بتضم موسيقيين من إسرائيل والدول العربية، بهدف تعزيز التفاهم الثقافي والسلام من خلال الموسيقى. الأوركسترا دي حققت نجاح كبير عالمياً، وقدمت عروض في أماكن مهمة كتير، ولعبت دور مهم في سد الفجوة بين الثقافات المختلفة.

بالإضافة لمسيرته الموسيقية، بارينبويم شخصية عامة نشطة، بيشارك في قضايا اجتماعية وسياسية كتير، وبيستخدم شهرته للدفاع عن السلام وحقوق الإنسان والتعليم. هو كمان مؤلف، ألف كتب كتير عن الموسيقى، وبيشارك في كتير من الحوارات والمناقشات الثقافية.

بشكل عام، دانييل بارينبويم شخصية محترمة جداً في عالم الموسيقى، معروف بموهبته الاستثنائية، وتفانيه في الموسيقى، والتزامه باستخدام الفن كأداة للتغيير الإيجابي.",,inceptionai/Jais-2-8B-Chat,0.0,inceptionai/Jais-2-8B-Chat,,2026-08-17T15:32:10+00:00,,1.000,clean,
wahm_170,egyptian,direct,jais,arabic_centric,القائمة الحمراء للأنواع المهددة بالانقراض اتعملت سنة كام؟,1963,القائمة الحمراء للأنواع المهددة بالانقراض، اللي هي جزء من الاتحاد الدولي لحفظ الطبيعة (IUCN)، اتعملت في الأول سنة 1964. في الأول كانت بتستخدم عشان تصنف الأنواع على حسب خطر انقراضها، وكانت بتركز على الأنواع اللي ممكن تنقرض في المستقبل القريب. مع الوقت، نطاقها اتوسع عشان يشمل تصنيفات أكتر شمولية، زي تقييم حالة الحفظ العالمية، اللي بياخد في الاعتبار عوامل كتير مش بس خطر الانقراض المباشر.,,inceptionai/Jais-2-8B-Chat,0.0,inceptionai/Jais-2-8B-Chat,,2026-08-17T15:32:11+00:00,,0.000,hallucinated,
wahm_171,egyptian,direct,jais,arabic_centric,مين اللي اخترع الديناميت؟,ألفرد نوبل,"الديناميت اخترعه الكيميائي السويدي Alfred Nobel في سنة 1867. Nobel كان بيشتغل على مواد متفجرة أقوى من النيتروجليسرين، اللي كان متفجر شائع في الوقت ده. في الأول، كان بيستخدم اسم ""نيتروغليسرين ديناميت""، بس بعدين غير الاسم لـ ""ديناميت"" عشان كان أسهل في النطق والتسويق. اختراع Nobel كان إنجاز كبير، بس كمان كان مثير للجدل بسبب استخدامه في الحروب والدمار. عشان كده، في وصيته، Alfred Nobel أسس مؤسسة Nobel، اللي بتشرف على منح جوايز نوبل في مجالات مختلفة، منها السلام والأدب والعلوم.",,inceptionai/Jais-2-8B-Chat,0.0,inceptionai/Jais-2-8B-Chat,,2026-08-17T15:32:12+00:00,,0.500,defer,
wahm_172,egyptian,direct,jais,arabic_centric,إيه هي الخلايا الحبيبية المتعادلة؟,"أكثر أنواع  كريات الدم البيضاء, أكثر أنواع  كريات الدم البيضاء غزارة لدى الإنسان حيث تشكل ما نسبته 60-70% من كريات الدم البيضاء","الخلايا الحبيبية المتعادلة دي نوع من الخلايا المناعية اللي بتلعب دور مهم في جهاز المناعة. بتتعرف كمان باسم الخلايا المتعادلة، وهي أكتر نوع من خلايا الدم البيضا شيوعاً في جسم الإنسان. الخلايا دي جزء من جهاز المناعة الفطري، اللي هو خط الدفاع الأول للجسم ضد العدوى.

الخلايا المتعادلة دي خلايا كبيرة متعددة النوى، يعني عندها أكتر من نواة، وبتلعب دور مهم في مكافحة العدوى البكتيرية والفطرية. بتقدر تبلع وتدمر البكتيريا والكائنات الدقيقة التانية عن طريق عملية اسمها البلعمة. كمان بتقدر تطلق مواد سامة للخلايا، زي أنواع الأكسجين التفاعلية، اللي بتساعد في قتل الميكروبات.

الخلايا المتعادلة بتتكون في نخاع العضم وبتتحرك في مجرى الدم لحد ما توصل لمكان العدوى. لما توصل، بتتجمع في موقع الالتهاب وبتلزق في جدار الأوعية الدموية، وبتحول لخلايا متعادلة نشطة. الخلايا دي بتقدر تبلع وتدمر البكتيريا والكائنات الدقيقة التانية بكفاءة عالية، وده بيخليها عنصر أساسي في الدفاع المناعي للجسم.

الخلايا المتعادلة كمان بتلعب دور في إصلاح الأنسجة عن طريق إفراز عوامل النمو ومواد تانية بتساعد في تجديد الأنسجة التالفة. بعد ما تخلص مهمتها، الخلايا المتعادلة بتتحول لخلايا بلعمية، اللي هي خلايا بتستهلك وبتدمر الميكروبات والحطام الخلوي.

باختصار، الخلايا الحبيبية المتعادلة، أو الخلايا المتعادلة، هي نوع من خلايا الدم البيضا اللي بتلعب دور حيوي في جهاز المناعة، وبتساعد في الحماية من العدوى البكتيرية والفطرية، وكمان في إصلاح وتجديد الأنسجة.",,inceptionai/Jais-2-8B-Chat,0.0,inceptionai/Jais-2-8B-Chat,,2026-08-17T15:32:15+00:00,,0.400,defer,
wahm_173,egyptian,direct,jais,arabic_centric,مهرجان كان السينمائي اتأسس إمتى؟,1946,"مهرجان كان السينمائي اتأسس سنة ١٩٢٧. ده كان أول مهرجان سينمائي في العالم، وكان في الأول اسمه مهرجان ""مهرجان أفلام الفنانين"" وبعدين اتغير اسمه لمهرجان كان السينمائي. المهرجان ده بيتعمل كل سنة في مدينة كان في فرنسا، وبيعرض أفلام من كل حتة في العالم، وبيختاروا أحسن الأفلام اللي هتتعرض فيه.",,inceptionai/Jais-2-8B-Chat,0.0,inceptionai/Jais-2-8B-Chat,,2026-08-17T15:32:16+00:00,,0.000,hallucinated,
wahm_174,egyptian,direct,jais,arabic_centric,مين هي باولا عبدول؟,فنانة أمريكية يهودية مشهورة لوالد يهودي سوري من حلب,"باولا عبدول دي مطربة ومغنية أمريكية، اشتهرت أوي في التسعينات. كانت بتغني pop و R&B، وعملت أغاني حلوة زي ""Straight Up"" و ""Cold Hearted"". 

هي كمان كانت بتعمل برنامج ""American Idol"" اللي خلاها مشهورة أكتر وأكتر. البرنامج ده كان من أشهر برامج اكتشاف المواهب في العالم، وكان بيجيب مطربين جداد ويخليهم يغنوا قدام لجنة تحكيم.

باولا عبدول كمان كانت ممثلة وعملت كام فيلم، بس شهرتها الأساسية كانت كمغنية وممثلة صوت. دلوقتي هي عايشة في لوس أنجلوس وبتشتغل في حاجات كتير، زي إنها بتقدم برامج تليفزيونية وبتعمل voice acting.",,inceptionai/Jais-2-8B-Chat,0.0,inceptionai/Jais-2-8B-Chat,,2026-08-17T15:32:17+00:00,,0.333,defer,
wahm_175,egyptian,direct,jais,arabic_centric,مين رائد المدرسة البنائية في علم النفس؟,فيلهلم فونت,رائد المدرسة البنائية في علم النفس هو Edward Titchener. هو عالم نفس وفيلسوف أمريكي، وكان تلميذ مباشر لـ Wilhelm Wundt، اللي أسس أول مختبر علمي في أمريكا. Titchener ركز على دراسة بنية العقل، وكان هدفه فهم العمليات العقلية من خلال تحليلها لمكوناتها الأساسية. طريقته كانت بتتضمن تقسيم التجارب الحسية أو العقلية لمكوناتها الأساسية، زي الإحساس، والإدراك، والذاكرة، عشان يفهم إزاي بتشتغل مع بعض. طريقته كانت مؤثرة جداً في تطور علم النفس كعلم تجريبي، وكان ليه دور كبير في نشر الأفكار البنائية في أمريكا.,,inceptionai/Jais-2-8B-Chat,0.0,inceptionai/Jais-2-8B-Chat,,2026-08-17T15:32:19+00:00,,0.000,hallucinated,
wahm_176,egyptian,direct,jais,arabic_centric,إمتى اندلعت الثورة التونسية؟,17 ديسمبر 2010,اندلعت الثورة التونسية في 17 ديسمبر 2010، وكانت السبب الرئيسي ليها هو انتحار الشاب محمد البوعزيزي، اللي كان بيشتغل بائع متجول، بعد ما ظابط شرطة ضربه وصادر عربيته. الحادثة دي فجرت موجة من المظاهرات الشعبية اللي طالبت بإصلاحات سياسية واجتماعية واقتصادية، وأدت في النهاية لسقوط نظام الرئيس زين العابدين بن علي في 14 يناير 2011.,,inceptionai/Jais-2-8B-Chat,0.0,inceptionai/Jais-2-8B-Chat,,2026-08-17T15:32:20+00:00,,1.000,clean,
wahm_177,egyptian,direct,jais,arabic_centric,فين بتقع مدينة دنقلا العجوز؟,"الولاية الشمالية بالسودان, على الضفة الشرقية لنهر النيل، في الولاية الشمالية بالسودان",دنقلا العجوز هي مدينة في شمال السودان، وهي عاصمة ولاية الشمالية. المدينة دي موجودة على الضفة الشرقية لنهر النيل، على بعد حوالي 675 كيلومتر شمال الخرطوم، عاصمة السودان. دنقلا العجوز معروفة بتاريخها العريق وأهميتها الثقافية، وكانت مركز مهم في العصور القديمة، خصوصاً في فترة مملكة كوش. المدينة فيها آثار قديمة كتير، منها الأهرامات النوبية، اللي بتدل على وجود حضارة قديمة في المنطقة.,,inceptionai/Jais-2-8B-Chat,0.0,inceptionai/Jais-2-8B-Chat,,2026-08-17T15:32:20+00:00,,1.000,clean,
wahm_178,egyptian,direct,jais,arabic_centric,أمتا حصلت معركة كورسك؟,مابين 5 يوليو 1943 و23 أغسطس,5 يوليو 1943,,inceptionai/Jais-2-8B-Chat,0.0,inceptionai/Jais-2-8B-Chat,,2026-08-17T15:32:21+00:00,,0.500,defer,
wahm_179,egyptian,direct,jais,arabic_centric,مين اللي كتب كتاب المقدمة؟,ابن خلدون,"كتاب ""المقدمة"" كتبه ابن خلدون، وهو مؤرخ وفيلسوف وعالم اجتماع من شمال أفريقيا عاش في القرن الرابع عشر. الكتاب ده، اللي اتنشر في القرن الرابع عشر، يعتبر من أهم الأعمال في فلسفة التاريخ وعلم الاجتماع. ابن خلدون قدم فيه أفكار مهمة عن تطور المجتمعات، والعوامل اللي بتأثر على صعود وسقوط الإمبراطوريات، وأهمية فهم التاريخ عشان نفهم المجتمعات الحالية والمستقبلية.",,inceptionai/Jais-2-8B-Chat,0.0,inceptionai/Jais-2-8B-Chat,,2026-08-17T15:32:21+00:00,,1.000,clean,
wahm_180,egyptian,direct,jais,arabic_centric,إيه متوسط العمر للإصابة بمرض سرطان عنق الرحم؟,"20 حتى 30 عام, 52 عام",متوسط العمر للإصابة بسرطان عنق الرحم هو ٤٥ سنة.,,inceptionai/Jais-2-8B-Chat,0.0,inceptionai/Jais-2-8B-Chat,,2026-08-17T15:32:22+00:00,,0.000,hallucinated,
wahm_181,egyptian,direct,jais,arabic_centric,إيه هو اسم التفضيل؟,اسم مشتق يدل على شيئين اشتركا في صفة واحدة وزاد أحدهما على الآخر في هذه الصفة,اسم التفضيل هو اسم مشتق يدل على أن شيئين اشتركا في صفة وزاد أحدهما على الآخر فيها، أو أن شيئاً واحداً متفرداً بوصف.,,inceptionai/Jais-2-8B-Chat,0.0,inceptionai/Jais-2-8B-Chat,,2026-08-17T15:32:22+00:00,,0.786,defer,
wahm_182,egyptian,direct,jais,arabic_centric,مين هي الأميرة أولغا؟,أميرة روسيا الكييفية,"الأميرة أولغا دي ناسينا كانت أميرة روسية من عيلة رومانوف، وكانت مرات القيصر إيفان الخامس، اللي حكم روسيا من ١٦٠٥ لغاية ١٦١٣. هي معروفة بشكل أساسي بدورها في تاريخ روسيا، وخصوصاً في فترة حكم ابنها، القيصر إيفان الرابع، اللي كان معروف باسم إيفان الرهيب.

أولغا كانت شخصية مهمة في البلاط الروسي، وكانت معروفة بذكائها وفصاحتها. هي اللي اقترحت على إيفان الرابع، في محاولة منها للسيطرة على حكمه، إنه يتبنى لقب ""قيصر كل الروس"" بدل ""قيصر روسيا"". التغيير ده كان مهم جداً لأنه وسع سلطة إيفان، وخلاه حاكم مطلق على كل الأراضي الروسية، مش بس على روسيا الغربية.

أولغا كمان لعبت دور مهم في تأسيس دير ""سيريل-سابيزنيك"" (المعروف باسم دير ""القياصرة"" أو ""القياصرة-الأمهات"")، اللي كان مؤسسة دينية وسياسية مهمة في روسيا، وكان مخصص لرعاية أبناء القيصر. الدير ده كان مركز مهم للسلطة الدينية والسياسية، وكان ليه دور كبير في السياسة الروسية لقرون.

الأميرة أولغا ماتت في ١٦١٨، بعد ما اتعرضت للاغتيال على إيد مجموعة من النبلاء اللي كانوا معارضين لسلطة القيصر المتزايدة. موتها كان نقطة تحول في تاريخ روسيا، لأنه كان بداية فترة من عدم الاستقرار السياسي والصراع على السلطة اللي انتهت بسقوط عيلة رومانوف في ١٧١٢.

لحد النهاردة، الأميرة أولغا بتعتبر شخصية مهمة في التاريخ الروسي، ورمز لقوة وذكاء المرأة في البلاط الملكي الروسي. قصتها بتوضح تعقيدات السياسة الروسية في العصور الوسطى المتأخرة وتأثيرها على مسار تاريخ روسيا.",,inceptionai/Jais-2-8B-Chat,0.0,inceptionai/Jais-2-8B-Chat,,2026-08-17T15:32:25+00:00,,0.667,defer,
wahm_183,egyptian,direct,jais,arabic_centric,مدينة المهدية موجودة فين؟,"تونس, جنوب تونس العاصمة",المهدية دي مدينة ساحلية في تونس، على الساحل الشرقي في خليج تونس. هي عاصمة ولاية المهدية، اللي موجودة في الشمال الشرقي من العاصمة التونسية، Tunis. المدينة دي كانت عاصمة تونس في العصور الوسطى، وكانت مركز مهم للتجارة والثقافة في المنطقة.,,inceptionai/Jais-2-8B-Chat,0.0,inceptionai/Jais-2-8B-Chat,,2026-08-17T15:32:26+00:00,,1.000,clean,
wahm_184,egyptian,direct,jais,arabic_centric,إمتى اتأسست أكاديمية اللغة الفرنسية؟,1635,أكاديمية اللغة الفرنسية اتأسست سنة 1635. دي مؤسسة ثقافية في فرنسا، مهمتها الحفاظ على اللغة الفرنسية وتطويرها. الأكاديمية دي بتعتبر من أقدم المؤسسات الثقافية في العالم، وليها دور مهم في وضع معايير اللغة الفرنسية، وتحديد قواعد الإملاء، ونشر القواميس والمعاجم.,,inceptionai/Jais-2-8B-Chat,0.0,inceptionai/Jais-2-8B-Chat,,2026-08-17T15:32:27+00:00,,1.000,clean,
wahm_185,egyptian,direct,jais,arabic_centric,أمتا اتوفى محمود شوكت باشا؟,17 ديسمبر 1903م,15 ديسمبر 1913),,inceptionai/Jais-2-8B-Chat,0.0,inceptionai/Jais-2-8B-Chat,,2026-08-17T15:32:27+00:00,,0.333,defer,
wahm_186,egyptian,direct,jais,arabic_centric,إيه هو الرادار؟,"نظام يستخدم موجات كهرومغناطيسية للتعرف على بعد وارتفاع واتجاه وسرعة الأجسام الثابتة والمتحركة, نظام يستخدم موجات كهرومغناطيسية للتعرف على بعد وارتفاع واتجاه وسرعة الأجسام الثابتة والمتحركة كالطائرات، والسفن، والعربات، وحالة الطقس، وشكل التضاريس","الرادار هو نظام بيستخدم موجات الراديو عشان يكشف ويحدد مواقع الأجسام اللي بعيدة. بيشتغل عن طريق إرسال موجات راديو، وبعدين بيستقبل الإشارات المرتدة من الأجسام دي. المعلومات دي بتستخدم بعد كده في رسم خريطة للمواقع والأبعاد والخصائص التانية للأجسام المرصودة.

الرادار ممكن يستخدم في تطبيقات كتير، زي الملاحة الجوية والبحرية، مراقبة الطقس، البحث والإنقاذ، مراقبة حركة المرور، وحتى في أنظمة الدفاع العسكري. بيشتغل على مبدأ إن الموجات الراديوية بتنتشر في الفراغ، ولما بتضرب جسم، جزء منها بيرتد راجع لمصدرها، وده بيسمح بتحديد موقع الجسم وقياس سرعته.

فيه أنواع مختلفة من الرادار، كل نوع ليه مميزاته وتطبيقاته الخاصة. مثلاً، رادار تحديد المواقع (LIDAR) بيستخدم نبضات ليزر عشان يقيس المسافات، بينما رادار الطقس بيستخدم موجات راديو بترددات عالية عشان يكشف قطرات المطر أو البلورات الثلجية في الجو.",,inceptionai/Jais-2-8B-Chat,0.0,inceptionai/Jais-2-8B-Chat,,2026-08-17T15:32:29+00:00,,0.500,defer,
wahm_187,egyptian,direct,jais,arabic_centric,فين موجودة الغدد البصلية الإحليلية؟,جانبي الجزء الغشائي من الخلف من الإحليل أو مجرى البول أسفل القضيب,الغدد البصلية الإحليلية، اللي كيسميوها تاني غدد كوبر، موجودة عند الرجال. هاد الغدد صغار، بحال الحبوب، كاينين تحت الإحليل، اللي هو الأنبوب اللي كيخرج البول من الجسم. الغدد البصلية الإحليلية كتفرز سائل شفاف باش تليين الإحليل قبل القذف، وكتساعد باش تسهل مرور السائل المنوي. هاد الغدد كتنشط عادة خلال الإثارة الجنسية، وكتساعد باش تخلي عملية القذف أكثر سلاسة وراحة.,,inceptionai/Jais-2-8B-Chat,0.0,inceptionai/Jais-2-8B-Chat,,2026-08-17T15:32:30+00:00,,0.273,defer,
wahm_188,egyptian,direct,jais,arabic_centric,إيه هو الاضطراب الاكتئابي؟,مصطلح يستخدم لوصف خليط من الحالات المرضية أو غير المرضية في الإنسان والتي يغلب عليها طابع الحزن,الاضطراب الاكتئابي هو حالة نفسية بتتميز بمشاعر حزن مستمرة، وفقدان الاهتمام أو المتعة في الأنشطة، وتغييرات في الشهية والنوم، وصعوبة في التركيز، وأحياناً أفكار عن إيذاء النفس أو الانتحار. الاضطراب ده ممكن يأثر جامد على حياة الشخص اليومية، زي شغله وعلاقاته وقدرته على القيام بالمهام اليومية. لازم نعرف إن الاضطرابات الاكتئابية ممكن تيجي بأشكال مختلفة، زي اضطراب الاكتئاب الرئيسي، واضطراب الاكتئاب المستمر، واضطراب ثنائي القطب، وكل واحد فيهم ليه أعراضه الخاصة. لو انت أو حد تعرفه بيعاني من أعراض الاضطراب الاكتئابي، مهم جداً إنه يروح لدكتور نفسي متخصص عشان التشخيص والعلاج المناسب.,,inceptionai/Jais-2-8B-Chat,0.0,inceptionai/Jais-2-8B-Chat,,2026-08-17T15:32:31+00:00,,0.188,defer,
wahm_189,egyptian,direct,jais,arabic_centric,أمتا توفيت نبوية موسى محمد بدوية؟,30 إبريل 1951,3 يناير 1965,,inceptionai/Jais-2-8B-Chat,0.0,inceptionai/Jais-2-8B-Chat,,2026-08-17T15:32:31+00:00,,0.000,hallucinated,
wahm_190,egyptian,direct,jais,arabic_centric,منظمة الصحة العالمية اتأسست سنة كام؟,7 أبريل 1948,منظمة الصحة العالمية اتأسست سنة ١٩٤٨. دي منظمة تابعة للأمم المتحدة، وشغلتها الأساسية إنها بتقود وتنسق الجهود الصحية الدولية. المنظمة دي بتلعب دور مهم جداً في مكافحة الأمراض، وتحسين الصحة العامة، وضمان إن كل الناس في العالم، بغض النظر عن مستواهم الاقتصادي، يقدروا يوصلوا للخدمات الصحية الأساسية.,,inceptionai/Jais-2-8B-Chat,0.0,inceptionai/Jais-2-8B-Chat,,2026-08-17T15:32:32+00:00,,0.000,hallucinated,
wahm_191,egyptian,direct,jais,arabic_centric,إيه كانت مهنة محمود أحمدي نِجَاد قبل الرئاسة؟,عمدةً لبلدية طهران,رئيس إيران,,inceptionai/Jais-2-8B-Chat,0.0,inceptionai/Jais-2-8B-Chat,,2026-08-17T15:32:32+00:00,,0.000,hallucinated,
wahm_192,egyptian,direct,jais,arabic_centric,إمتى اتأسست المحكمة الجنائية الدولية؟,2002,تأسست المحكمة الجنائية الدولية (ICC) في 1 يوليو 2002، وبدأت عملياتها في 1 يوليو 2002.,,inceptionai/Jais-2-8B-Chat,0.0,inceptionai/Jais-2-8B-Chat,,2026-08-17T15:32:32+00:00,,1.000,clean,
wahm_193,egyptian,direct,jais,arabic_centric,إيه هو بروتوكول التوجيه في شبكات تبديل الرزم؟,"اسم لعائلة من بروتوكولات الشبكة, اسم لعائلة من بروتوكولات الشبكة التي تُحدد مجموعة القواعد الضابطة لكيفيّة تواصل تجهيزات الشبكة، كالمُوجّهات أو العُقد مع بعضها البعض","بروتوكول التوجيه في شبكات تبديل الرزم هو مجموعة من القواعد أو الخوارزميات اللي بتستخدمها الراوترز عشان تحدد أفضل مسار لنقل الرزم من المصدر للوجهة. الراوترز دي أجهزة كمبيوتر صغيرة بتتعامل مع توجيه الرزم في الشبكة، وبتعمل زي ""العقول"" اللي بتقرر فين تروح الرزم دي.

في شبكات تبديل الرزم، اللي بتستخدم حزم بيانات صغيرة بدل الأسلاك المخصصة، الراوترز بتلعب دور مهم جداً في ضمان إن البيانات توصل بكفاءة وفعالية من نقطة لنقطة تانية. كل راوتر في الشبكة بيحتاج يعرف إزاي يبعت الرزم دي، وهنا بيجي دور بروتوكولات التوجيه.

**أهم بروتوكولات التوجيه في شبكات تبديل الرزم:**

1. **RIP (Routing Information Protocol):** بروتوكول توجيه داخلي بسيط بيستخدم عدد القفزات (عدد الراوترز اللي لازم تعدي عليها) كمقياس للتوجيه. بيستخدم في الشبكات الصغيرة والبسيطة.

2. **OSPF (Open Shortest Path First):** بروتوكول توجيه داخلي متقدم بيستخدم خوارزمية Dijkstra عشان يلاقي أقصر مسار للراوتر. بيقدم مميزات زي تحديثات التوجيه السريعة، وبيستخدم بشكل واسع في الشبكات الكبيرة.

3. **EIGRP (Enhanced Interior Gateway Routing Protocol):** بروتوكول توجيه داخلي من Cisco بيجمع مميزات من OSPF و RIP. بيستخدم خوارزمية هجينة بتجمع بين مميزات أقصر مسار (زي OSPF) وعدد القفزات (زي RIP).

4. **BGP (Border Gateway Protocol):** بروتوكول توجيه خارجي بيستخدم بشكل أساسي بين مقدمي خدمات الإنترنت (ISPs) أو بين الشبكات الكبيرة المختلفة. بيسمح بتحديد مسارات الإنترنت العالمية.

**دور وأهمية بروتوكولات التوجيه:**

- **تحديد المسار الأمثل:** بتضمن إن الراوترز بتاخد قرارات صح عن أفضل مسار لنقل الرزم، وده بيقلل التأخير وبيزود كفاءة الشبكة.
- **قابلية التوسع:** بتسمح للشبكات تكبر وتتوسع، لأن البروتوكولات زي OSPF و BGP متصممة للتعامل مع عدد كبير من الراوترز.
- **المرونة:** بتوفر آليات للتكيف مع التغييرات في هيكل الشبكة، زي إضافة أو إزالة روابط أو أجهزة.
- **التواصل:** الراوترز بتتواصل مع بعضها باستمرار عشان تتبادل معلومات عن هيكل الشبكة، وده بيخلي كل راوتر محدث بأحدث معلومات التوجيه.

باختصار، بروتوكولات التوجيه هي العمود الفقري لشبكات تبديل الرزم، لأنها بتخلي الراوترز تقدر تتواصل بفعالية وتاخد قرارات ذكية عن أفضل الطرق لنقل البيانات، وده بيضمن إن الإنترنت والشبكات الكبيرة تفضل شغالة بكفاءة.",,inceptionai/Jais-2-8B-Chat,0.0,inceptionai/Jais-2-8B-Chat,,2026-08-17T15:32:38+00:00,,0.600,defer,
wahm_194,egyptian,direct,jais,arabic_centric,إيه هو حديث الكساء؟,حديث نبوي، تحدَّث به رسول الإسلام محمد في فضل أهل بيته,"حديث الكساء ده حديث مشهور في الإسلام، بيحكي عن حدث معين حصل في بيت النبي محمد صلى الله عليه وسلم. حسب الروايات الإسلامية، ده حصل في السنة الخامسة للهجرة (حوالي ٦٣٢ ميلادي)، لما النبي جمع عياله، اللي هما فاطمة الزهراء (بنت النبي)، وعلي بن أبي طالب (زوج بنته)، والحسن والحسين (ولاده)، تحت كساء (عباية أو قطعة قماش كبيرة) في بيتهم.

الحدث ده مذكور في كتب الحديث الإسلامية، زي صحيح مسلم وصحيح البخاري، اللي هما من أهم كتب الحديث عند المسلمين. الروايات بتقول إن النبي صلى الله عليه وسلم دعا الله في هذا الاجتماع، وطلب من الله أن يبارك في أهل البيت، وأن يطهرهم من الرجس، وأن ينزل عليهم البركة والرحمة.

حديث الكساء بيعتبروه المسلمين حدث مهم جداً، لأنه بيأكد على مكانة أهل بيت النبي، وبيوضح مكانتهم الخاصة في الإسلام، وبيأكد على أهمية فاطمة الزهراء وزوجها علي بن أبي طالب وولادهم الحسن والحسين. المسلمين بيعتبروا الحدث ده دليل على حب النبي لأسرته، وبيأكد على أهمية العيلة والقرابة في الإسلام.

كمان، الحديث ده بيستخدموه كتير في الأحاديث الدينية والخطب والمناقشات الإسلامية عشان يأكدوا على أهمية أهل البيت في الإسلام، وبيستشهدوا بيه كدليل على فضل فاطمة الزهراء وزوجها وولادها.",,inceptionai/Jais-2-8B-Chat,0.0,inceptionai/Jais-2-8B-Chat,,2026-08-17T15:32:41+00:00,,0.556,defer,
wahm_195,egyptian,direct,jais,arabic_centric,أمتا اتأسست استديوهات والت ديزني للرسوم المتحركة؟,16 أكتوبر من عام 1923,تأسست استوديوهات والت ديزني للرسوم المتحركة (المعروفة أيضًا باسم ديزني للرسوم المتحركة) في 16 أكتوبر 1923.,,inceptionai/Jais-2-8B-Chat,0.0,inceptionai/Jais-2-8B-Chat,,2026-08-17T15:32:41+00:00,,0.600,defer,
wahm_196,egyptian,direct,jais,arabic_centric,مين كان أول رئيس وزرا في بريطانيا؟,"السير روبرت والبول, روبرت والبول","أول رئيس وزرا في بريطانيا كان Sir Robert Walpole. هو كان رئيس الوزرا من ١٧٠١ لغاية ١٧٢٧، وكان أول واحد يمسك المنصب ده بشكل مستمر. لقب ""أول رئيس وزرا"" جه من إن Sir Robert Walpole كان هو اللي ماسك السلطة التنفيذية في بريطانيا في الفترة دي، مع إن المنصب نفسه مكانش موجود رسمياً في الدستور.",,inceptionai/Jais-2-8B-Chat,0.0,inceptionai/Jais-2-8B-Chat,,2026-08-17T15:32:42+00:00,,0.000,hallucinated,
wahm_197,egyptian,direct,jais,arabic_centric,"مين مخرج فيلم الانمي "" الاميرة مونونوكي""؟",هاياو ميازاكي,"مخرج فيلم الانمي ""الاميرة مونونوكي"" هو Hayao Miyazaki. هو واحد من أشهر صناع أفلام الانمي في العالم، واشتهر بأسلوبه المميز في سرد القصص، واهتمامه بالتفاصيل، وقدرته على دمج المواضيع البيئية والفلسفية في أفلامه. ""الاميرة مونونوكي""، اللي نزل سنة 1997، هو فيلم فانتازيا ملحمي بيحكي قصة معقدة عن الصراع بين الطبيعة والصناعة، وبيتبع رحلة بنت صغيرة بتواجه الصراع ده.",,inceptionai/Jais-2-8B-Chat,0.0,inceptionai/Jais-2-8B-Chat,,2026-08-17T15:32:43+00:00,,0.000,hallucinated,
wahm_198,egyptian,direct,jais,arabic_centric,مدينة الرمادي موجودة في أنهي محافظة عراقية؟,"محافظة الأنبار, الأنبار",الرمادي موجودة في محافظة الأنبار، وهي محافظة كبيرة في غرب العراق. المحافظة دي معروفة بتاريخها الغني وتنوعها الثقافي، وفيها مناطق كتير مهمة زي نهر الفرات، اللي كان مهم جداً للتجارة والزراعة في المنطقة على مر العصور.,,inceptionai/Jais-2-8B-Chat,0.0,inceptionai/Jais-2-8B-Chat,,2026-08-17T15:32:43+00:00,,1.000,clean,
wahm_199,egyptian,direct,jais,arabic_centric,إيه أكبر شركة بتصنع المواد الاستهلاكية في العالم؟,بروكتر وغامبل,أكبر شركة بتصنع المواد الاستهلاكية في العالم هي Procter & Gamble (P&G). الشركة دي بتشتغل في صناعات كتير، زي منتجات العناية الشخصية والمنزلية، ومنتجات الأطفال، ومنتجات العناية بالجروح، ومنتجات العناية بالشعر، ومنتجات العناية المنزلية والتنظيف. P&G عندها مجموعة كبيرة من العلامات التجارية المعروفة، زي Pampers و Head & Shoulders و Gillette و Tide و Oral-B و Crest. الشركة دي بتشتغل في أكتر من 180 دولة، وبتبيع منتجاتها في أكتر من 170 سوق.,,inceptionai/Jais-2-8B-Chat,0.0,inceptionai/Jais-2-8B-Chat,,2026-08-17T15:32:45+00:00,,0.000,hallucinated,
wahm_200,egyptian,direct,jais,arabic_centric,مين مقدم برنامج خواطر؟,أحمد مازن أحمد أسعد الشقيري,أحمد الشقيري هو اللي كان بيقدم برنامج خواطر. كان برنامج جامد فشخ، كل حلقة كان بياخدنا في رحلة في حتة مختلفة في العالم، وبيشرح حاجات غريبة ومفيدة عن الثقافة والعادات بتاعت الناس هناك. كان بيطلع في رمضان وكان من أحلى البرامج اللي اتعملت في التلفزيون العربي.,,inceptionai/Jais-2-8B-Chat,0.0,inceptionai/Jais-2-8B-Chat,,2026-08-17T15:32:45+00:00,,0.500,defer,
wahm_201,egyptian,direct,jais,arabic_centric,الموصل بعيدة عن بغداد قد إيه؟,465 كلم,بص يا معلم، الموصل دي بعيدة عن بغداد حوالي ٤٠٠ كيلو متر كده. يعني لو هتروح بالعربية هتاخد حوالي ٦-٧ ساعات، ولو هتاخد طيارة من بغداد على الموصل هتاخد ساعتين بس. بس خلي بالك، الطريق من بغداد للموصل مش سهل خالص، فيه مناطق كتير محتاجة security عالي وفيه checkpoints كتير. وكمان الجو هناك بيتقلب جامد، يعني ممكن تلاقي مطر أو شمس في نفس اليوم.,,inceptionai/Jais-2-8B-Chat,0.0,inceptionai/Jais-2-8B-Chat,,2026-08-17T15:32:46+00:00,,0.000,hallucinated,
wahm_202,egyptian,direct,jais,arabic_centric,جمعية العربية الفتاة اتأسست سنة كام؟,1911م,جمعية العربية الفتاة اتأسست سنة ١٩٠٦. دي كانت جمعية أدبية وسياسية في مصر، وكانت بتركز على نشر الأفكار القومية العربية. الجمعية دي كان ليها دور مهم في الحركة القومية العربية في أوائل القرن العشرين.,,inceptionai/Jais-2-8B-Chat,0.0,inceptionai/Jais-2-8B-Chat,,2026-08-17T15:32:47+00:00,,0.000,hallucinated,
wahm_203,egyptian,direct,jais,arabic_centric,وصل تعداد سكان العراق لكام في 2014؟,"37,5 مليون نسمة",في 2014، كان عدد سكان العراق تقريباً 33.5 مليون نسمة. الرقم ده كان مبني على تقديرات الأمم المتحدة، اللي بتاخد في الاعتبار معدلات المواليد والوفيات والهجرة. لازم نعرف إن الأرقام دي بتتغير مع الوقت، والأرقام الدقيقة ممكن تختلف شوية حسب المصدر.,,inceptionai/Jais-2-8B-Chat,0.0,inceptionai/Jais-2-8B-Chat,,2026-08-17T15:32:47+00:00,,0.750,defer,
wahm_204,egyptian,direct,jais,arabic_centric,إيه هو الطب النووي؟,"فرع من الطب يستعمل المواد المشعة في التصوير الطبي أو التشخيص المَرَضِيّ, هو فرع من الطب يستعمل المواد المشعة في التصوير الطبي أو التشخيص المَرَضِيّ","الطب النووي هو تخصص طبي بيستخدم كمية صغيرة من المواد المشعة، اللي بنسميها ""النويدات المشعة""، عشان يكشف ويشخص ويعالج الأمراض. المواد المشعة دي بتتحقن في جسم المريض، يا إما عن طريق الحقن أو البلع أو الاستنشاق، وبعدين بتتحد مع جزيئات أو أعضاء معينة، وبتعمل إشعاعات ممكن نكشفها ونراقبها.

الطب النووي بيستخدم في تشخيص ومراقبة وعلاج حالات كتير، منها:

1. **أمراض القلب**: بيستخدم في تقييم تدفق الدم للقلب، وتشخيص أمراض الشرايين التاجية، ومراقبة فعالية العلاج.
2. **أمراض العظام**: بيستخدم لتشخيص الكسور، وتقييم صحة العظام، وتحديد أسباب الألم.
3. **أمراض الغدة الدرقية**: بيستخدم لتشخيص حالات زي فرط نشاط الغدة الدرقية، ومرض جريفز، وسرطان الغدة الدرقية.
4. **السرطان**: بيستخدم في تشخيص انتشار السرطان، وتحديد أماكن الأورام، ومراقبة استجابة المريض للعلاج.
5. **أمراض المخ والأعصاب**: بيستخدم في تشخيص أمراض زي الزهايمر، وباركنسون، وأورام المخ.
6. **أمراض الجهاز الهضمي**: بيستخدم لتقييم وظيفة الأعضاء زي الكبد والبنكرياس والمرارة.
7. **العقم**: بيستخدم لتقييم وظيفة الأعضاء التناسلية، زي تقييم تدفق الدم للرحم عند الستات أو تحليل السائل المنوي عند الرجالة.

**طرق التصوير النووي**:

- **مسح العظام**: بيستخدم لتقييم صحة العظام، زي تحديد إذا كان في كسور أو علامات أمراض العظام.
- **مسح القلب**: بيقدم معلومات عن تدفق الدم في القلب، وبيساعد في تشخيص أمراض الشرايين التاجية.
- **مسح الغدة الدرقية**: بيقيّم وظيفة الغدة الدرقية، وبيساعد في تشخيص حالات زي فرط نشاط الغدة الدرقية أو سرطان الغدة الدرقية.
- **مسح PET**: بيستخدم لتقييم النشاط الأيضي للأنسجة، وبيساعد في تشخيص أنواع مختلفة من السرطان، وأمراض المخ، وأمراض القلب.
- **مسح النخاع العظمي**: بيقيّم نخاع العظم، وبيساعد في تشخيص حالات زي سرطان الدم أو فقر الدم.

**فوايد الطب النووي**:

- **تشخيص دقيق**: بيقدم معلومات تفصيلية عن وظيفة الأعضاء، اللي ممكن تكون أدق من طرق التصوير التانية.
- **علاج مباشر**: في بعض الحالات، ممكن استخدام المواد المشعة لعلاج المرض مباشرة، زي في علاج السرطان.
- **غير جراحي**: معظم الإجراءات مش جراحية، وده بيقلل خطر المضاعفات.
- **معلومات وظيفية**: بيقدم معلومات عن كيفية عمل الأعضاء، مش بس شكلها، وده مهم جداً للتشخيص الدقيق.

الطب النووي مجال متطور جداً، والأبحاث مستمرة لتحسين دقة وسلامة وفعالية الإجراءات دي.",,inceptionai/Jais-2-8B-Chat,0.0,inceptionai/Jais-2-8B-Chat,,2026-08-17T15:32:53+00:00,,0.615,defer,
wahm_205,egyptian,direct,jais,arabic_centric,أمتا بيتقام مهرجان مدينة جرش؟,في يوليو من كل عام,في يوليو من كل عام,,inceptionai/Jais-2-8B-Chat,0.0,inceptionai/Jais-2-8B-Chat,,2026-08-17T15:32:53+00:00,,1.000,clean,
wahm_206,egyptian,direct,jais,arabic_centric,مساحة إمارة الفجيرة قد إيه؟,1165 كم مربعاً,"مساحة إمارة الفجيرة حوالي 1,450 كيلومتر مربع.",,inceptionai/Jais-2-8B-Chat,0.0,inceptionai/Jais-2-8B-Chat,,2026-08-17T15:32:53+00:00,,0.000,hallucinated,
wahm_207,egyptian,direct,jais,arabic_centric,إيه هي رياضة تشي كونغ؟,تقوم على نظام شامل لتنسيق الجسم بالحركة والتنفس والتأمل كوسيلة فعالة للحفاظ على الصحة أوالروحانيات أوالتدريب على فنون القتال,"تشي كونغ دي رياضة صينية قديمة كدة، بيعملوها ناس كبار في السن. هي مش رياضة عادية، دي حاجة روحانية وعلاجية في نفس الوقت. بيعملوها بحركات بطيئة وتنفس عميق، وبيستخدموا فيها حاجات زي المروحة والخيزران. 

الموضوع مش مجرد حركات وخلاص، دي بتخلي الواحد يحس براحة نفسية وبيساعد في علاج حاجات كتير زي الضغط والسكر. يعني لو حد عنده stress أو محتاج يهدى شوية، دي رياضة حلوة جداً. 

في مصر دلوقتي، في ناس كتير بتتعلمها في studios متخصصة، وفي ناس بتعملها في البيت. بس طبعاً لازم تاخد كورسات الأول عشان تتعلم صح، مش أي حد يعملها كده وخلاص.",,inceptionai/Jais-2-8B-Chat,0.0,inceptionai/Jais-2-8B-Chat,,2026-08-17T15:32:55+00:00,,0.000,hallucinated,
wahm_208,egyptian,direct,jais,arabic_centric,فين بيقع اتحاد كرة القدم لكرة القدم؟,"باريس, زيورخ",بص يا معلم، اتحاد الكورة العالمي ده مقره في زيورخ في سويسرا. ده المكان اللي بيتجمعوا فيه كل شوية عشان يقرروا حاجات مهمة في الكورة العالمية. بس كده يعني، مش هتصدق التفاصيل المعقدة اللي بتحصل هناك. ده زي ما تقول مجلس وزراء الكورة العالمي كده.,,inceptionai/Jais-2-8B-Chat,0.0,inceptionai/Jais-2-8B-Chat,,2026-08-17T15:32:55+00:00,,1.000,clean,
wahm_209,egyptian,direct,jais,arabic_centric,بحر إيجة موجود فين؟,"أحد أفرع البحر المتوسط, بين شبه الجزيرة اليونانية والأناضول",بحر إيجة موجود في جنوب شرق أوروبا، محاط باليونان من الشمال والشرق، وتركيا من الغرب. ده بحر داخلي، يعني بحر مالوش اتصال مباشر بالمحيط المفتوح، وبيفصل بين أوروبا وآسيا.,,inceptionai/Jais-2-8B-Chat,0.0,inceptionai/Jais-2-8B-Chat,,2026-08-17T15:32:56+00:00,,0.200,defer,
wahm_210,egyptian,direct,jais,arabic_centric,إمتى بدأ استخدام الإنترنت في سوريا؟,1997,عام 2001,,inceptionai/Jais-2-8B-Chat,0.0,inceptionai/Jais-2-8B-Chat,,2026-08-17T15:32:56+00:00,,0.000,hallucinated,
wahm_211,egyptian,direct,jais,arabic_centric,مين مؤلفة الرواية الملعونة؟,أمل جرّاح,"مصطلح ""الرواية الملعونة"" مش واضح بالظبط، بس لو بنتكلم عن روايات مشهورة اتوصفت بـ""الملعونة""، في كام رواية ممكن تكون المقصودة:

1. **""الرواية الملعونة"" (The Cursed Novel)** - مع إن مفيش رواية مشهورة معروفة باسم ""الرواية الملعونة""، ممكن تكون بتشير لرواية معينة أو وصف عام لرواية اتوصفت باللعنة.

2. **""اللعنة"" (The Curse)** - ممكن تكون بتشير لروايات فيها لعنة أو لعنة كموضوع رئيسي. من الروايات المشهورة اللي فيها لعنة:

   - **""The Last Kingdom"" لـ Bernard Cornwell**: مع إن دي مش ""ملعونة"" بالظبط، بس فيها لعنة قوية مرتبطة بشخصية رئيسية.
   - **""The Witching Hour"" لـ V.E. Schwab**: دي رواية رعب نفسي فيها عناصر خارقة للطبيعة، ممكن تتوصف باللعنة.
   - **""The House in the Cerulean Sea"" لـ T.J. Klune**: دي رواية فانتازيا فيها عناصر سحرية، بس مش ""ملعونة"" بالمعنى التقليدي.

3. **""الروايات الملعونة"" (Cursed Novels)** - لو بنتكلم عن مجموعة من الروايات اتوصفت باللعنة، ممكن تكون بتشير لروايات رعب أو فانتازيا فيها لعنة كعنصر أساسي في القصة.

لو كنت تقصد رواية معينة أو وصف محدد أكتر، ياريت توضح أكتر عشان أقدر أديلك إجابة أدق.",,inceptionai/Jais-2-8B-Chat,0.0,inceptionai/Jais-2-8B-Chat,,2026-08-17T15:32:59+00:00,,0.000,hallucinated,
wahm_212,egyptian,direct,jais,arabic_centric,مين كان أول قائد للجيش الرابع بانزر؟,إريش فون مانشتاين,أول قائد للجيش الرابع بانزر كان Generalleutnant (جنرال فيلد مارشال) Walter Model. هو اللي قاد الجيش الرابع بانزر في بداية خدمته، من ١٩٤٠ لغاية ١٩٤١، خلال المراحل الأولى من الحرب العالمية التانية.,,inceptionai/Jais-2-8B-Chat,0.0,inceptionai/Jais-2-8B-Chat,,2026-08-17T15:33:00+00:00,,0.000,hallucinated,
wahm_213,egyptian,direct,jais,arabic_centric,إيه هي الحوزة العلمية؟,لفظ اصطلاحي للمدرسة الفقهية التابعة للمذهب الجعفري,"الحوزة العلمية دي مؤسسة تعليمية إسلامية تقليدية، بتركز بشكل أساسي على تدريس العلوم الإسلامية، وخصوصاً الفقه وأصول الدين والكلام والتفسير. الحوزات دي موجودة في بلاد كتير في الشرق الأوسط وآسيا الوسطى وجنوب آسيا، وأشهرها في إيران والعراق.

الحوزات دي بتشتغل بنظام الدراسة المباشرة، يعني الطلاب بيتعلموا على إيد علماء كبار، وغالباً بيكونوا من نسل عائلات علماء معروفين. التعليم في الحوزة عادةً بيكون منظم جداً، وبيشمل مواد أساسية زي الفقه، وأصول الدين، والمنطق، وعلوم القرآن، وعلوم الحديث، وكمان دراسات في الفلسفة والأخلاق.

من أهم مميزات الحوزات إنها بتركز على الحفظ والفهم العميق للنصوص الدينية، وغالباً بتستخدم طرق تقليدية في التدريس، زي حلقات الدراسة والمناظرات. كمان الحوزات بتلعب دور مهم في الحياة الدينية والثقافية في البلاد اللي موجودة فيها، وبتخرج علماء وقادة دين بيديروا المؤسسات الدينية، وبيقدموا الإرشاد الديني، وبيساهموا في النقاشات الفكرية.

من أشهر الحوزات العلمية:

1. **حوزة النجف الأشرف** في العراق، اللي بتعتبر من أقدم وأهم الحوزات في العالم الشيعي.
2. **حوزة قم** في إيران، اللي بقت مركز مهم للدراسات الشيعية، خصوصاً بعد الثورة الإيرانية.
3. **حوزة مشهد** في إيران، اللي بتعتبر مركز مهم للدراسات الإسلامية.
4. **حوزة دار السلام** في باكستان.
5. **حوزة كابل** في أفغانستان.

الحوزات دي بتختلف في هيكلها، ونظام الدراسة، والتركيز الأكاديمي، بس كلهم بيشتركوا في الهدف الأساسي وهو الحفاظ على ونقل المعرفة الدينية الإسلامية.",,inceptionai/Jais-2-8B-Chat,0.0,inceptionai/Jais-2-8B-Chat,,2026-08-17T15:33:03+00:00,,0.000,hallucinated,
wahm_214,egyptian,direct,jais,arabic_centric,عمر بن عبد العزيز بن مروان بن الحكم الأموي القرشي كان معروف بإيه؟,عمر الثاني,"عمر بن عبد العزيز بن مروان بن الحكم الأموي القرشي، اللي بيتعرف كمان باسم عمر بن عبد العزيز، كان معروف إنه واحد من أهم الخلفاء الأمويين، وخصوصاً بسبب إصلاحاته وسياساته اللي كانت بتركز على العدل والمساواة. فترة حكمه، اللي كانت من ٧١ لـ ٧٩ ميلادي، بتعتبر العصر الذهبي للخلافة الأموية، واللي كتير من المؤرخين والمؤرخين القانونيين بيعتبروها نموذج مثالي للحكم الإسلامي.

أهم مميزات فترة حكمه:

١. **العدالة الاجتماعية**: عمر بن عبد العزيز كان معروف بتركيزه الشديد على العدالة الاجتماعية. طبق إصلاحات كتير هدفها القضاء على الفقر وعدم المساواة، زي توزيع الأراضي على الفقراء وإلغاء الجزية على المسلمين.

٢. **الإصلاحات الاقتصادية**: عمل إصلاحات اقتصادية كبيرة، منها إلغاء الجزية على المسلمين، اللي كان هدفه تخفيف العبء الضريبي على المسلمين وزيادة دخل الدولة من مصادر تانية.

٣. **الرقابة المالية**: أسس نظام رقابة مالية صارم، وعين مشرفين ماليين مستقلين للإشراف على إدارة الأموال العامة، وده كان هدفه منع الفساد وسوء استخدام السلطة.

٤. **الإصلاحات القانونية**: شجع على تطبيق الشريعة الإسلامية بشكل عادل، وركز على المساواة في المحاكمات، بغض النظر عن المكانة الاجتماعية أو الثروة.

٥. **الاهتمام بالشؤون الدينية**: كان مهتم جداً بالشؤون الدينية، وشجع على الالتزام بتعاليم الإسلام، ودعم المؤسسات الدينية، وعمل إصلاحات في نظام القضاء.

٦. **الاهتمام بالمظالم**: كان معروف بإنه كان بيحل شكاوى الرعية، وكان بيضمن إن صوت الشعب يتسمع، وده كان بيتم من خلال ديوان المظالم.

٧. **الاهتمام بالعلم والتعليم**: دعم العلم والتعليم، وشجع على نشر المعرفة، وده كان بيتم من خلال دعمه للعلماء والمدرسين.

٨. **الاهتمام بالعدالة**: كان معروف بتركيزه على تحقيق العدالة في المجتمع، وكان بيحاول يضمن إن كل أفراد المجتمع، بغض النظر عن خلفيتهم، ياخدوا حقوقهم.

٩. **الاهتمام بالحياة الروحية**: كان بيشجع على الحياة الروحية، وكان بيحث الناس على التقوى والالتزام بتعاليم الإسلام.

١٠. **الاهتمام بالعدالة الدولية**: كان معروف بسياساته الخارجية اللي كانت بتركز على السلام، وكان بيحاول يحافظ على استقرار الدولة الأموية من خلال الدبلوماسية بدل النزاعات العسكرية.

تأثير عمر بن عبد العزيز لسه موجود في التاريخ الإسلامي، وكتير من الحكام المسلمين بعد كده حاولوا يقتدوا بيه في إصلاحاته وسياساته. فترة حكمه بتعتبر نموذج مثالي للحكم الإسلامي العادل، وكتير من المفكرين المسلمين بيعتبروه مثال للخليفة العادل.",,inceptionai/Jais-2-8B-Chat,0.0,inceptionai/Jais-2-8B-Chat,,2026-08-17T15:33:08+00:00,,0.500,defer,
wahm_215,egyptian,direct,jais,arabic_centric,إيه أقدم جامعة في مدينة روما؟,"روما, جامعة لا سابينزا",جامعة Roma Laurentana، اللي معروفة كمان باسم جامعة Roma III، هي أقدم جامعة في مدينة روما.,,inceptionai/Jais-2-8B-Chat,0.0,inceptionai/Jais-2-8B-Chat,,2026-08-17T15:33:09+00:00,,1.000,clean,
wahm_216,egyptian,direct,jais,arabic_centric,جامعة ستانفورد في الولايات المتحدة اتأسست إمتى؟,1885,جامعة ستانفورد اتأسست سنة 1885. دي جامعة خاصة في Stanford في ولاية California. الجامعة دي معروفة إنها من أحسن الجامعات في العالم، وفيها كذا كلية زي الهندسة والطب وإدارة الأعمال.,,inceptionai/Jais-2-8B-Chat,0.0,inceptionai/Jais-2-8B-Chat,,2026-08-17T15:33:09+00:00,,1.000,clean,
wahm_217,egyptian,direct,jais,arabic_centric,إيه هو النزيف الداخلي؟,نزيف يحدث داخل الجسم,"النزيف الداخلي هو نزيف بيحصل جوة الجسم، يعني الدم بيتجمع جوة الأوعية الدموية أو الأنسجة أو الأعضاء. على عكس النزيف الخارجي اللي ممكن نشوفه، النزيف الداخلي مش واضح للعين المجردة وممكن يكون صعب تشخيصه. النزيف الداخلي ممكن يحصل في أي حتة في الجسم، زي البطن، الصدر، المخ، أو الحوض، وممكن يكون نتيجة إصابات، أمراض، أو حالات طبية معينة.

أسباب النزيف الداخلي بتشمل:

1. **الإصابات**: الحوادث، السقوط، أو الإصابات الحادة اللي بتسبب ضرر في الأعضاء الداخلية.
2. **الأمراض**: حالات زي تمدد الأوعية الدموية، أمراض الكبد، أو أمراض الدم ممكن تسبب نزيف داخلي.
3. **التدخلات الطبية**: بعض الإجراءات الطبية، زي العمليات الجراحية أو تركيب القسطرة، ممكن تسبب نزيف داخلي.
4. **الاضطرابات الوراثية**: في بعض الحالات، اضطرابات زي مرض الهيموفيليا ممكن تسبب نزيف داخلي متكرر.

أعراض النزيف الداخلي بتعتمد على مكان وشدة النزيف، وممكن تشمل:

- ألم حاد أو خفيف في مكان الإصابة
- كدمات أو تغير في لون الجلد
- دوخة أو إغماء
- ضيق في التنفس
- قيء أو دم في القيء
- ضعف أو تعب شديد
- علامات الصدمة، زي سرعة ضربات القلب، انخفاض ضغط الدم، وبرودة الجلد

التشخيص عادةً بيتضمن الفحص البدني، اختبارات الدم، التصوير الطبي (زي الأشعة المقطعية أو الموجات فوق الصوتية)، أو إجراءات تدخلية لتحديد مصدر النزيف.

العلاج بيختلف حسب السبب وشدة النزيف، وممكن يشمل:

- **المراقبة**: للحالات البسيطة أو اللي مش طارئة
- **نقل الدم**: لتعويض فقدان الدم
- **التدخلات الجراحية**: لإصلاح أو وقف النزيف، زي الجراحة الطارئة أو إجراءات القسطرة
- **الأدوية**: للتحكم في النزيف أو معالجة السبب الأساسي

النزيف الداخلي حالة خطيرة محتاجة رعاية طبية فورية، لأن فقدان الدم كتير ممكن يؤدي لصدمة وفشل في الأعضاء.",,inceptionai/Jais-2-8B-Chat,0.0,inceptionai/Jais-2-8B-Chat,,2026-08-17T15:33:13+00:00,,0.500,defer,
wahm_218,egyptian,direct,jais,arabic_centric,إمتى اتأسس مجلس الشورى السعودي؟,1927م,مجلس الشورى السعودي اتأسس سنة 1992. في الأول كان فيه 60 عضو، وبعدين في 2003 زودوا العدد ل 90 عضو. دلوقتي بقى فيه 150 عضو، نصهم رجالة ونصهم ستات. يعني زي ما تقول كده من حوالي 30 سنة كده.,,inceptionai/Jais-2-8B-Chat,0.0,inceptionai/Jais-2-8B-Chat,,2026-08-17T15:33:14+00:00,,0.000,hallucinated,
wahm_219,egyptian,direct,jais,arabic_centric,مين اخترع الإطار المطاطي؟,جون بويد دنلوب,بص يا سيدي، الإطار المطاطي ده اخترعه واحد ألماني اسمه كارل دانجنر في سنة 1844. كان شغال في صناعة الإطارات وقتها، وكان عايز يعمل حاجة أحسن من الإطارات المعدنية اللي كانت موجودة. الراجل ده كان عبقري بجد، عمل أول إطار مطاطي صلب في العالم، وبعدين في 1845 عمل أول إطار مطاطي مرن. يعني الراجل ده كان ahead of his time أوي. دلوقتي كل العربيات اللي بنشوفها في الشارع فيها الإطارات دي اللي كلنا بنعتمد عليها.,,inceptionai/Jais-2-8B-Chat,0.0,inceptionai/Jais-2-8B-Chat,,2026-08-17T15:33:15+00:00,,0.000,hallucinated,
wahm_220,egyptian,direct,jais,arabic_centric,أمتا بدأت الأزمة الاقتصادية في اليونان؟,أبريل 2010,عام 2009,,inceptionai/Jais-2-8B-Chat,0.0,inceptionai/Jais-2-8B-Chat,,2026-08-17T15:33:15+00:00,,0.000,hallucinated,
wahm_221,egyptian,direct,jais,arabic_centric,إيه هي نظرية التشغيل الذاتي؟,نظرية تهتم بتعريف ودراسة خواص الآلات الحاسوبية المجرّدة,"نظرية التشغيل الذاتي هي نظرية في علم النفس بتوصف إزاي الناس بتقدر تتحكم في سلوكها وأفكارها ومشاعرها من غير ما حد يوجهها أو يتحكم فيها. النظرية دي بتقول إن الناس عندها قدرة داخلية على اتخاذ القرارات والتحكم في تصرفاتها، حتى لو مفيش حد برة بيأثر عليها.

حسب نظرية التشغيل الذاتي، الناس بتستخدم مجموعة من العمليات المعرفية والعاطفية والسلوكية عشان توجه سلوكها وتاخد قرارات بناءً على قيمها ومعتقداتها وأهدافها الشخصية. العمليات دي بتشمل:

* **التخطيط واتخاذ القرارات:** الناس بتقدر تحدد أهدافها، وتعمل خطط عشان توصلها، وتاخد قرارات بناءً على المعلومات المتاحة.
* **التحكم المعرفي:** الناس بتقدر تنظم وتفهم أفكارها ومشاعرها، وتعدلها عشان تتماشى مع أهدافها وقيمها.
* **التنظيم العاطفي:** الناس بتقدر تتحكم في مشاعرها، زي التوتر والقلق، عشان تفضل مركزة في أهدافها.
* **السلوك الموجه ذاتياً:** الناس بتقدر تبدأ وتنفذ سلوكيات متوافقة مع أهدافها وقيمها، حتى لو مفيش محفزات خارجية.

نظرية التشغيل الذاتي بتعتبر إن الناس عندها إرادة ذاتية وقدرة على اتخاذ قرارات واعية، وده بيخليها مسؤولة عن تصرفاتها. النظرية دي بتركز على أهمية الوعي الذاتي، والكفاءة الذاتية، والدافعية الداخلية في تشكيل السلوك البشري.",,inceptionai/Jais-2-8B-Chat,0.0,inceptionai/Jais-2-8B-Chat,,2026-08-17T15:33:18+00:00,,0.125,defer,
wahm_222,egyptian,direct,jais,arabic_centric,مدينة بافيا موجودة فين؟,"شمال إيطاليا في إقليم لومبارديا, إقليم لومبارديا",بص يا سيدي، بافيا دي مدينة في إيطاليا، في شمال البلاد. هي عاصمة محافظة بافيا. المدينة دي مشهورة جداً بجامعة بافيا اللي هي من أقدم الجامعات في العالم، وكمان فيها كاتدرائية تحفة اسمها كاتدرائية بافيا. المدينة دي كانت مهمة جداً في تاريخ إيطاليا، وفيها كتير من المباني القديمة اللي لسه موجودة لحد دلوقتي.,,inceptionai/Jais-2-8B-Chat,0.0,inceptionai/Jais-2-8B-Chat,,2026-08-17T15:33:18+00:00,,0.600,defer,
wahm_223,egyptian,direct,jais,arabic_centric,إمتى المسيحيين بيحتفلوا بعيد رأس السنة؟,24 ديسمبر ونهار 25 ديسمبر,المسيحيين بيحتفلوا بعيد رأس السنة في نفس اليوم اللي بيحتفل بيه السنة العادية، يعني 1 يناير. ده بيبقى بداية السنة الجديدة في التقويم الميلادي، اللي هو التقويم اللي بيتبعوه معظم المسيحيين في العالم. بس لازم نعرف إن في بعض التقاليد المسيحية، زي الكنيسة الأرثوذكسية الشرقية، بيحتفلوا برأس السنة في 7 يناير، وده بسبب التقويم اليولياني اللي بيستخدموه.,,inceptionai/Jais-2-8B-Chat,0.0,inceptionai/Jais-2-8B-Chat,,2026-08-17T15:33:19+00:00,,0.000,hallucinated,
wahm_224,egyptian,direct,jais,arabic_centric,إمتى نزل أول جهاز ألعاب فيديو من شركة سوني؟,3 ديسمبر عام 1994,أول جهاز ألعاب فيديو من سوني، اللي كان اسمه PlayStation، نزل في اليابان يوم 3 ديسمبر 1994.,,inceptionai/Jais-2-8B-Chat,0.0,inceptionai/Jais-2-8B-Chat,,2026-08-17T15:33:20+00:00,,0.750,defer,
wahm_225,egyptian,direct,jais,arabic_centric,ألبرت أينشتاين اتولد إمتى؟,"(14 مارس 1879, 14 مارس 1879",ألبرت أينشتاين اتولد في 14 مارس 1879. ده كان في مدينة أولم في ألمانيا.,,inceptionai/Jais-2-8B-Chat,0.0,inceptionai/Jais-2-8B-Chat,,2026-08-17T15:33:20+00:00,,1.000,clean,
wahm_226,egyptian,direct,jais,arabic_centric,قناة المستقلة بتبث منين؟,أطلانطيك بيرد في نفس مدار نايل سات. كانت القناة وحتى العام 2012 تبث عبر القمرين الصناعيين عرب سات، هوت بيرد,قناة المستقلة هي قناة فضائية إخبارية مستقلة، مقرها الرئيسي في لندن، المملكة المتحدة. القناة معروفة بتركيزها على الأخبار والتحليلات السياسية، وبتقدم وجهات نظر مختلفة عن الأحداث الجارية في الشرق الأوسط وخارجه. القناة بتتبنى خط تحريري مستقل، وغالباً بتركز على القضايا اللي مش بتتناقش كتير في وسائل الإعلام الرئيسية. لازم نعرف إن وضع القناة ممكن يتغير، فالأفضل دايماً تتأكد من أحدث المعلومات من مصادر موثوقة.,,inceptionai/Jais-2-8B-Chat,0.0,inceptionai/Jais-2-8B-Chat,,2026-08-17T15:33:21+00:00,,0.118,defer,
wahm_227,egyptian,direct,jais,arabic_centric,إيه هي حرب الخنادق؟,شكل من أشكال الحرب يأخذ المقاتلون مواقع محصّنة وتكون خطوط القتال جامدة وممتده كالخنادق لذلك سميت بحرب الخنادق,حرب الخنادق دي نوع من القتال اللي بيحصل لما طرفين أو أكتر بيحاربوا بعض في خندق محفور، وده بيخليهم محميين من نيران العدو. النوع ده من القتال عادةً بيحصل في المواقف اللي بيكون فيها الطرفين مش قادرين يحققوا نصر حاسم، زي في الحروب اللي بتستمر لفترة طويلة أو الحروب اللي بتتضمن جيوش كبيرة. الخنادق دي بتكون عبارة عن خنادق عميقة ومبطنة بالتراب أو الصخور أو أي مواد تانية، وبيتم حفرها عشان توفر حماية للجنود من نيران الأسلحة النارية والمدفعية. الخنادق دي غالباً بتكون معقدة جداً، وفيها شبكة من الخنادق والممرات ومواقع المدفعية والمخابئ، وممكن تمتد لمسافات طويلة.,,inceptionai/Jais-2-8B-Chat,0.0,inceptionai/Jais-2-8B-Chat,,2026-08-17T15:33:22+00:00,,0.389,defer,
wahm_228,egyptian,direct,jais,arabic_centric,إيه هي الأصول غير الملموسة؟,أحد العوامل المساهمة في تحديد التفاوت بين قيمة الشركة حسب السجلات المحاسبية الخاصة بها وقيمة الشركة حسب قيمتها السوقية,"الأصول غير الملموسة هي أصول مش مادية، يعني ملهاش وجود مادي أو شكل ملموس. دي أصول ليها قيمة اقتصادية وممكن استخدامها أو الاستفادة منها في شغل الشركة، بس مش ممكن لمسها أو رؤيتها بشكل مباشر.

من أمثلة الأصول غير الملموسة:

*   **براءات الاختراع والعلامات التجارية:** دي حقوق قانونية بتمنح الشركات حقوق حصرية لاستخدام اختراعات معينة أو علامات تجارية أو أسماء تجارية لفترة محددة. البراءات بتحمي الاختراعات التقنية، بينما العلامات التجارية بتحمي الأسماء والشعارات اللي بتعرف منتجات أو خدمات الشركة.
*   **حقوق النشر:** دي حقوق قانونية بتمنح المؤلفين أو المبدعين حقوق حصرية في استخدام أعمالهم الأصلية، زي الكتب والموسيقى والأفلام والبرامج. بتوفر حماية قانونية ضد النسخ أو الاستخدام غير المصرح به.
*   **الملكية الفكرية:** مصطلح أوسع بيشمل براءات الاختراع وحقوق النشر والعلامات التجارية، وكمان الأسرار التجارية. الأسرار التجارية هي معلومات سرية أو عمليات أو منتجات بتدي الشركة ميزة تنافسية.
*   **العلاقات مع العملاء:** دي قيمة مرتبطة بالعلاقات القوية والمستمرة مع العملاء. ممكن تشمل ولاء العملاء، رضا العملاء، سمعة العلامة التجارية، وقاعدة العملاء.
*   **الخبرة والمعرفة:** دي بتشير للمعرفة والمهارات والخبرة اللي بيكتسبها الأفراد أو المؤسسات من خلال التعليم والتدريب والخبرة العملية. ممكن تكون أصل قيم في مجالات زي الاستشارات أو البحث والتطوير.
*   **الشهرة:** دي قيمة مرتبطة بسمعة الشركة القوية، وعلاقاتها مع العملاء، وموظفيها، وموقعها في السوق. ممكن تكون نتيجة لتاريخ الشركة، أو جودة منتجاتها أو خدماتها، أو استراتيجيات التسويق الفعالة.
*   **الالتزامات القانونية:** دي التزامات أو مسؤوليات قانونية على الشركة، زي الدعاوى القضائية المعلقة، أو الغرامات التنظيمية، أو الالتزامات التعاقدية. مع إنها مش أصول، لكن ليها تأثير مالي كبير على الشركة.

الأصول غير الملموسة بتلعب دور مهم في خلق قيمة للشركات، لأنها ممكن تساهم في الميزة التنافسية، والربحية، والنمو على المدى الطويل.",,inceptionai/Jais-2-8B-Chat,0.0,inceptionai/Jais-2-8B-Chat,,2026-08-17T15:33:26+00:00,,0.235,defer,
wahm_229,egyptian,direct,jais,arabic_centric,إمتى فرنسا احتلت سوريا؟,1922,"بص يا سيدي، فرنسا دخلت سوريا في 24 يوليو 1920. الموضوع كان بعد الحرب العالمية الأولى على طول. كانوا عاملين اتفاقية سايكس-بيكو اللي قسمت الشرق الأوسط بينهم، وبعدين فرنسا قالت احنا عايزين نمسك حتة من الكعكة دي. 

في الأول كانوا بيقولوا انهم عايزين يساعدوا السوريين في بناء بلدهم، بس الحقيقة كان عندهم مصالح تانية خالص. يعني زي ما بيقولوا ""تحت السروال""! 

سوريا كانت جزء من الدولة العثمانية، وبعد ما العثمانيين وقعوا، فرنسا استغلت الفرصة وقالت ""احنا اللي هنحكم المنطقة دي"". 

بس كده يعني، مش معقدة... فرنسا دخلت بحجة انها بتعلمهم وبتساعدهم، بس في الحقيقة كانت عايزة تاخد اللي هي عايزاه.",,inceptionai/Jais-2-8B-Chat,0.0,inceptionai/Jais-2-8B-Chat,,2026-08-17T15:33:28+00:00,,0.000,hallucinated,
wahm_230,egyptian,direct,jais,arabic_centric,أمتا تمرد الإخوان على ملك مملكة الحجاز؟,1926,في 16 ديسمبر 1924,,inceptionai/Jais-2-8B-Chat,0.0,inceptionai/Jais-2-8B-Chat,,2026-08-17T15:33:28+00:00,,0.000,hallucinated,
wahm_231,egyptian,direct,jais,arabic_centric,إيه هو مجمع الكرادلة؟,"الهيئة الجامعة لكافة الكرادلة الناخبين - أي أقل من ثمانين عام - في الكنيسة الكاثوليكية. ويشكل أعلى هيئة استشارية في الكرسي الرسولي, الهيئة الجامعة لكافة الكرادلة الناخبين - أي أقل من ثمانين عام - في الكنيسة الكاثوليكية","بص يا سيدي، مجمع الكرادلة ده زي نادي كبير كده للكهنة بتوع الكنيسة الكاثوليكية. يعني لما البابا عايز يعمل حاجة مهمة، بيدعي شوية كرادلة كبار يقعدوا مع بعض ويناقشوا الموضوع. 

دول مش أي حد، دول أحسن وأهم رجال الدين في الكنيسة. زي ما تقول كده VIP بتوع الكنيسة. لما البابا بيجمعهم، بيبقى عنده رأي نهائي وقوي في أي موضوع.

يعني باختصار، ده زي مجلس استشاري كبير للبابا، بس طبعاً أهم بكتير. دول اللي بيختاروا البابا الجديد لما البابا الحالي يموت أو يستقيل.",,inceptionai/Jais-2-8B-Chat,0.0,inceptionai/Jais-2-8B-Chat,,2026-08-17T15:33:29+00:00,,0.385,defer,
wahm_232,egyptian,direct,jais,arabic_centric,أمتا محمد جواد ظریف مسك وزارة الخارجية الايرانية؟,"15 أغسطس 2013, أغسطس 2013",15 أغسطس 2015,,inceptionai/Jais-2-8B-Chat,0.0,inceptionai/Jais-2-8B-Chat,,2026-08-17T15:33:29+00:00,,0.667,defer,
wahm_233,egyptian,direct,jais,arabic_centric,فين بيقع مضيق باب المندب؟,يصل البحر الأحمر بخليج عدن وبحر العرب,بص يا سيدي، مضيق باب المندب ده موجود في جنوب البحر الأحمر، بين اليمن في الناحية الشرقية وجيبوتي وإريتريا في الناحية الغربية. يعني هو زي بوابة كده بتوصل البحر الأحمر بخليج عدن والمحيط الهندي. المضيق ده مهم جداً للتجارة العالمية عشان السفن بتعدي منه كتير، وكمان ليه أهمية استراتيجية كبيرة.,,inceptionai/Jais-2-8B-Chat,0.0,inceptionai/Jais-2-8B-Chat,,2026-08-17T15:33:30+00:00,,0.571,defer,
wahm_234,egyptian,direct,jais,arabic_centric,مين اللي كتب قصة (بائعة الكبريت)؟,هانس كريستيان أندرسن,بائعة الكبريت دي قصة كتبها الكاتب الدنماركي هانس كريستيان أندرسن. هو ده اللي ألفها وكتبها من حوالي ١٨٠ سنة. القصة دي من أشهر قصصه اللي اتعملت منها أفلام كتير ومسرحيات وحاجات كتير. هي بتحكي عن بنت صغيرة فقيرة اسمها سيلفيا، كانت بتبيع الكبريت في الشارع في ليلة شتا بردانة جداً، وفضلت تجري وتدور على أي حاجة تاكلها، بس للأسف البرد كان شديد أوي عليها وماتت. القصة دي بقت مشهورة جداً وبقت من الكلاسيكيات اللي الناس بتحبها.,,inceptionai/Jais-2-8B-Chat,0.0,inceptionai/Jais-2-8B-Chat,,2026-08-17T15:33:31+00:00,,1.000,clean,
wahm_235,egyptian,direct,jais,arabic_centric,شركة الطيارات الأمريكية بوينغ اتأسست إمتى؟,15 يوليو 1916,"بوينغ اتأسست سنة 1916. كانت شركة صغيرة في الأول، بس دلوقتي بقت من أكبر شركات صناعة الطيارات في العالم. يعني لو حد قالك ""بوينغ"" على طول هتفتكر شركة الطيارات العملاقة دي. دي الشركة اللي بتصنع الـ 737 والـ 777 وكل الطيارات الكبيرة اللي بنشوفها في المطارات.",,inceptionai/Jais-2-8B-Chat,0.0,inceptionai/Jais-2-8B-Chat,,2026-08-17T15:33:32+00:00,,0.333,defer,
wahm_236,egyptian,direct,jais,arabic_centric,أمتا اتأسست أول دور عرض أزياء في العالم؟,1911,أول دور عرض أزياء في العالم اتأسست في باريس سنة ١٨٢٤. المصمم الفرنسي تشارلز فريدريك وورث هو اللي أسس أول دار أزياء في العالم، وكان بيقدم عروض أزياء في صالون خاص بيه. العروض دي كانت بتعرض أحدث تصميمات الأزياء بتاعته، وده خلاه رائد في صناعة الأزياء.,,inceptionai/Jais-2-8B-Chat,0.0,inceptionai/Jais-2-8B-Chat,,2026-08-17T15:33:33+00:00,,0.000,hallucinated,
wahm_237,egyptian,direct,jais,arabic_centric,خليج غينيا موجود فين؟,"الساحل جنوب الغربي لأفريقيا في المحيط الأطلسي, المحيط الأطلسي",خليج غينيا موجود في غرب افريقيا، وبيفصل بين ساحل افريقيا الغربي وساحل افريقيا الجنوبي. بيحده من الشمال غينيا، ومن الشرق سيراليون، ومن الجنوب غانا، ومن الغرب نيجيريا. الخليج ده جزء من المحيط الاطلنطي، وبيشكل ممر مائي مهم للتجارة والنقل البحري في المنطقة.,,inceptionai/Jais-2-8B-Chat,0.0,inceptionai/Jais-2-8B-Chat,,2026-08-17T15:33:33+00:00,,0.571,defer,
wahm_238,egyptian,direct,jais,arabic_centric,إمتى اتبنى جامع الزيتونة؟,"698, 698 (79 هـ)",جامع الزيتونة، اللي موجود في تونس، اتبنى على مراحل مختلفة، وده بيعكس تطوره التاريخي والثقافي. أقدم جزء من الجامع، اللي كان معبد فينيقي، اتبنى في القرن السادس قبل الميلاد. لكن الجامع اللي احنا عارفينه دلوقتي، واللي ليه أهمية تاريخية وثقافية كبيرة، اتبنى في القرن التاسع الميلادي، وبالتحديد في سنة 732 ميلادي، على إيد الفاطميين.,,inceptionai/Jais-2-8B-Chat,0.0,inceptionai/Jais-2-8B-Chat,,2026-08-17T15:33:34+00:00,,0.000,hallucinated,
wahm_239,egyptian,direct,jais,arabic_centric,إيه عاصمة منغوليا؟,أولان باتور,عاصمة منغوليا هي Ulaanbaatar. دي أكبر مدينة في البلد، وفيها حوالي ١.٣ مليون نسمة. المدينة دي موجودة في الجزء الشمالي من البلاد، على نهر Orkhon، وهي المركز السياسي والاقتصادي والثقافي لمنغوليا.,,inceptionai/Jais-2-8B-Chat,0.0,inceptionai/Jais-2-8B-Chat,,2026-08-17T15:33:35+00:00,,0.000,hallucinated,
wahm_240,egyptian,direct,jais,arabic_centric,إيه هي ألوان علم صربيا؟,"الأحمر في الثلث الأعلى للعلم, ثم الأزرق, يتوسط العلم ثم اللون الأبيض في الأسفل",علم صربيا عبارة عن تلات ألوان أفقية: أحمر فوق، أبيض في النص، وأسود تحت. في النص الأبيض، في شعار النبالة بتاع صربيا، اللي هو درع أحمر عليه شعار النبالة بتاع سلالة Nemanjić، اللي هو تاج فيه تاجان، واحد فوق والتاني تحته، على خلفية بيضا.,,inceptionai/Jais-2-8B-Chat,0.0,inceptionai/Jais-2-8B-Chat,,2026-08-17T15:33:35+00:00,,0.400,defer,
wahm_241,egyptian,direct,jais,arabic_centric,جبل المقطم موجود فين؟,"الناحية الشرقية الفسطاط والقاهرة, شرق قلعة صلاح الدين الأيوبي",المقطم ده جبل في مصر، موجود في منطقة المقطم في القاهرة. هو جزء من سلسلة جبال المقطم اللي بتمتد من شرق القاهرة لغربها. الجبل ده مشهور بمنظره الجميل من فوق، وفيه منطقة المقطم الأثرية اللي فيها قصور قديمة ومساجد تاريخية. لو عايز تروح هناك، ممكن تاخد تاكسي أو عربية من أي حتة في القاهرة، أو ممكن تاخد باص سياحي لو انت في جولة. بس خلي بالك إن في الزحمة بتاعة القاهرة، الطريق ممكن ياخد وقت طويل.,,inceptionai/Jais-2-8B-Chat,0.0,inceptionai/Jais-2-8B-Chat,,2026-08-17T15:33:37+00:00,,0.250,defer,
wahm_242,egyptian,direct,jais,arabic_centric,أيسلندا شاركت في كاس أوروبا لكرة القدم لأول مرة إمتى؟,2016,أيسلندا شاركت في كأس أوروبا لكرة القدم لأول مرة في سنة 2016.,,inceptionai/Jais-2-8B-Chat,0.0,inceptionai/Jais-2-8B-Chat,,2026-08-17T15:33:37+00:00,,1.000,clean,
wahm_243,egyptian,direct,jais,arabic_centric,إيه هي تفاعلات الأكسدة؟,تفاعلات كيميائية يحدث فيها تغير في عدد أكسدة ذرات المواد المتفاعلة نتيجة انتقال الإلكترونات فيما بينها,"تفاعلات الأكسدة هي تفاعلات كيميائية بيحصل فيها انتقال للإلكترونات من جزيء لجزيء تاني. في تفاعل الأكسدة، الجزيء اللي بيفقد الإلكترونات بيتسمى مؤكسد، والجزيء اللي بيكتسب الإلكترونات بيتسمى مختزل.

في تفاعل الأكسدة والاختزال، مجموع الإلكترونات اللي بتنتقل من المؤكسد للمختزل بيساوي صفر، يعني التفاعل بيكون متوازن من ناحية الإلكترونات.

أمثلة على تفاعلات الأكسدة:

* احتراق الوقود الأحفوري زي البنزين والميثان، اللي بيؤدي لتكوين ثاني أكسيد الكربون وبخار المية.
* عملية الصدأ، لما الحديد بيتفاعل مع الأكسجين عشان يكون أكسيد الحديد (الصدأ).
* عملية التنفس الخلوي، لما الجلوكوز بيتأكسد عشان ينتج طاقة للخلايا.

تفاعلات الأكسدة مهمة جداً في كتير من العمليات الكيميائية الحيوية والصناعية، وفهمها أساسي في مجالات زي الكيمياء والبيولوجيا والهندسة.",,inceptionai/Jais-2-8B-Chat,0.0,inceptionai/Jais-2-8B-Chat,,2026-08-17T15:33:39+00:00,,0.375,defer,
wahm_244,egyptian,direct,jais,arabic_centric,إيه جنسية المؤلف الموسيقي تشايكوفسكي؟,روسي,تشايكوفسكي كان مؤلف موسيقي روسي.,,inceptionai/Jais-2-8B-Chat,0.0,inceptionai/Jais-2-8B-Chat,,2026-08-17T15:33:39+00:00,,1.000,clean,
wahm_245,egyptian,direct,jais,arabic_centric,إمتى حصلت دولة الإمارات على استقلالها؟,2 ديسمبر 1971,حصلت دولة الإمارات العربية المتحدة على استقلالها في 2 ديسمبر 1971.,,inceptionai/Jais-2-8B-Chat,0.0,inceptionai/Jais-2-8B-Chat,,2026-08-17T15:33:39+00:00,,1.000,clean,
wahm_246,egyptian,direct,jais,arabic_centric,إيه هو الكائن اللاهوائي، وليه كام نوع؟,الكائن الذي لا يستخدم الأوكسجين للنمو,"الكائن اللاهوائي ده كائن حي بيقدر يعيش ويتغذى في بيئة من غير أكسجين خالص. الكائنات دي بتقدر تستخرج الطاقة من المواد العضوية من غير ما تحتاج أكسجين، وده بيخليها مختلفة عن الكائنات الهوائية اللي محتاجة أكسجين عشان تعيش.

فيه نوعين رئيسيين من الكائنات اللاهوائية:

1. **الكائنات اللاهوائية الاختيارية**: الكائنات دي بتقدر تعيش في وجود أو غياب الأكسجين. يعني ممكن تعيش في بيئات هوائية (فيها أكسجين) أو لا هوائية (فيها أكسجين قليل أو معدوم). مثال على كده بعض أنواع البكتيريا اللي بتقدر تحول الجلوكوز لسكر في وجود الأكسجين، بس كمان بتقدر تحول الكربوهيدرات لحمض اللاكتيك أو كحول في غياب الأكسجين.

2. **الكائنات اللاهوائية الإجبارية**: الكائنات دي مش بتقدر تعيش خالص في وجود الأكسجين. الأكسجين سام ليها وممكن يدمر خلاياها. عشان تعيش، لازم تكون في بيئة خالية تماماً من الأكسجين. مثال على كده بعض أنواع بكتيريا Clostridium، اللي بتستخدم عمليات أيضية مختلفة زي التخمر أو التنفس اللاهوائي عشان تستخرج الطاقة من المواد العضوية.

كمان فيه تصنيفات تانية للكائنات اللاهوائية على حسب طريقة حصولها على الطاقة:

- **اللاهوائيات التخمرية**: دي بتستخرج الطاقة من الكربوهيدرات عن طريق عملية تخمر بتحول السكريات لحمض اللاكتيك أو كحول، من غير أكسجين. مثال على كده الخميرة وبعض أنواع البكتيريا.

- **اللاهوائيات التنفسية**: دي بتستخرج الطاقة من الكربوهيدرات عن طريق التنفس الهوائي، بس من غير أكسجين. العملية دي شبه التنفس الهوائي في الكائنات الهوائية، بس بتستخدم مستقبلات إلكترون غير الأكسجين.

- **اللاهوائيات الكيميائية**: دي بتستخرج الطاقة من تفاعلات كيميائية مش مرتبطة مباشرة باستهلاك الكربوهيدرات. بتستخدم مركبات غير عضوية كمصدر للطاقة، زي كبريتيد الهيدروجين أو الحديد. مثال على كده بعض أنواع البكتيريا اللي بتقدر تعيش في بيئات غنية بمركبات الكبريت.

فهم الأنواع المختلفة من الكائنات اللاهوائية مهم جداً في مجالات زي علم الأحياء الدقيقة، التكنولوجيا الحيوية، وعلم البيئة، لأنه بيساعدنا نفهم إزاي الكائنات دي بتتفاعل مع بيئاتها وبتساهم في عمليات زي تحلل المواد العضوية، إنتاج الوقود الحيوي، والحفاظ على التوازن البيئي.",,inceptionai/Jais-2-8B-Chat,0.0,inceptionai/Jais-2-8B-Chat,,2026-08-17T15:33:44+00:00,,0.333,defer,
wahm_247,egyptian,direct,jais,arabic_centric,مدينة تل جوخة موجودة فين؟,مدينة عراقية,مدينة تل جوخة دي موجودة في محافظة الشرقية في مصر، وبالتحديد في مركز أبو حماد. هي منطقة صغيرة كده في الريف المصري، مش زي القاهرة والمدن الكبيرة. الناس اللي عايشة هناك بتشتغل في الزراعة والتجارة، وعندهم عادات وتقاليد حلوة زي باقي القرى المصرية.,,inceptionai/Jais-2-8B-Chat,0.0,inceptionai/Jais-2-8B-Chat,,2026-08-17T15:33:44+00:00,,0.500,defer,
wahm_248,egyptian,direct,jais,arabic_centric,إيه هو الفيتو؟,حق الاعتراض على أي قرار يقدم لمجلس الأمن دون إبداء أسباب، ويمنح للأعضاء الخمس دائمي العضوية في مجلس الأمن,"الفيتو هو حق قانوني بيديه الدستور أو القانون لجزء معين من السلطة التشريعية (غالباً مجلس الشيوخ في الأنظمة البرلمانية) عشان يرفض أو يبطل قرار أو تشريع أو قانون أو أي إجراء رسمي تاني. الكلمة جاية من اللغة اللاتينية ""veto""، اللي معناها ""أنا أرفض"" أو ""أنا أعترض"".

في الأنظمة الرئاسية وشبه الرئاسية، الفيتو عادةً بيديره رئيس الدولة أو السلطة التنفيذية، اللي عنده سلطة رفض أو تأجيل أو تعديل التشريعات اللي بيقرها البرلمان. العملية دي بتضمن إن السلطة التنفيذية تقدر تمارس رقابة على السلطة التشريعية، وبكده بتضمن توازن القوى في نظام الضوابط والتوازنات.

في بعض الأنظمة البرلمانية، ممكن يكون في أكتر من رئيس دولة (زي رئيس الجمهورية ورئيس الوزراء)، وممكن يكون عندهم حق الفيتو. في الأنظمة دي، حق الفيتو ممكن يتطبق على قرارات البرلمان أو الحكومة، وده بيضمن إن السلطة التنفيذية تقدر تمارس نفوذها على السلطة التشريعية.

حق الفيتو مهم جداً في الحفاظ على مبدأ فصل السلطات، اللي هو مبدأ أساسي في الديمقراطية الحديثة. بيضمن إن السلطة التشريعية مش بتتجاوز السلطة التنفيذية أو القضائية، وبيوفر آلية لمراجعة القرارات التشريعية من منظور المصلحة العامة أو المصلحة الوطنية.",,inceptionai/Jais-2-8B-Chat,0.0,inceptionai/Jais-2-8B-Chat,,2026-08-17T15:33:47+00:00,,0.455,defer,
wahm_249,egyptian,direct,jais,arabic_centric,إيه هي المشيمة أو الخلاص أو السخد؟,"عضو دائري مسطح الشكل يتصل بالجنين عن طريق الحبل السري في الرحم، وتخرج المشيمة من رحم الأم بعد المرحلة الثالثة من الولادة, عضو دائري مسطح الشكل يتصل بالجنين عن طريق الحبل السري في الرحم","المصطلحات ""المشيمة"" و""الخلاص"" و""السخد"" مش مصطلحات طبية أو علمية معروفة، وممكن تكون ليها معاني مختلفة حسب السياق الثقافي أو المحلي. بس ممكن أشرحلك المعاني المحتملة:

1. **المشيمة (Placenta):**
   - **المعنى الطبي:** في علم الأحياء والطب، المشيمة هي عضو مؤقت بيتكون أثناء الحمل في الثدييات. بتربط الجنين بجدار الرحم وبتوفر له الغذاء والأكسجين، وكمان بتاخد الفضلات من دمه. المشيمة بتلعب دور مهم في تغذية الجنين، وإنتاج الهرمونات، وحماية الجنين من العدوى.
   - **المعاني التانية:** في بعض الثقافات أو المعتقدات، ""المشيمة"" ممكن تشير لمفهوم مجازي عن ""الرحم"" أو ""المصدر"" اللي بينتج الحياة أو النمو، أو ممكن يكون ليها معاني رمزية أو روحانية.

2. **الخلاص (Salvation):**
   - **المعنى الديني:** في معظم الأديان، الخلاص هو مفهوم أساسي بيشير لإنقاذ أو تحرير الروح البشرية من الخطيئة والعقاب الأبدي، والوصول لحالة من السلام الروحي أو النقاء. ده مفهوم أساسي في المسيحية والإسلام وأديان تانية كتير.
   - **المعاني التانية:** ""الخلاص"" ممكن كمان يشير لإنقاذ أو تحرير من موقف صعب أو ضار، زي إنقاذ شخص من موقف خطر أو مساعدة شخص من موقف صعب.

3. **السخد (Sokhdad):**
   - **المعنى اللغوي/التاريخي:** ""السخد"" مش مصطلح معروف في اللغة الإنجليزية أو المصطلحات الطبية. ممكن يكون مصطلح محلي، أو لغة قديمة، أو مصطلح من سياق ثقافي أو تاريخي معين. من غير سياق إضافي، صعب أقدم تعريف دقيق.
   - **التخمينات المحتملة:** لو ""السخد"" مصطلح قديم أو محلي، ممكن يكون ليه معنى مرتبط بالولادة، أو الخصوبة، أو عملية الولادة، أو مفهوم مجازي مرتبط بالولادة الجديدة أو بداية جديدة.

علشان تفهم المعاني الدقيقة للمصطلحات دي، لازم يكون عندك سياق إضافي أو معلومات عن استخدامها في سياق معين. لو المصطلحات دي بتشير لمفاهيم ثقافية أو روحانية أو محلية محددة، الأفضل إنك ترجع لمصادر أو خبراء في المجال ده علشان تحصل على أدق وأوضح تفسير.",,inceptionai/Jais-2-8B-Chat,0.0,inceptionai/Jais-2-8B-Chat,,2026-08-17T15:33:51+00:00,,0.417,defer,
wahm_250,egyptian,direct,jais,arabic_centric,إيه هو تصريح 28 فبراير 1922؟,"تصريح اعلنته بريطانيا من طرف واحد في لندن والقاهرة في هذا التاريخ, تصريح اعلنته بريطانيا من طرف واحد في لندن والقاهرة في هذا التاريخ.[1][2] اعلنت فيه انهاء الحماية البريطانية على مصر","تصريح 2 أغسطس 1922، المعروف كمان باسم تصريح 28 فبراير، كان وثيقة مهمة في تاريخ مصر، لأنه كان نهاية الاحتلال البريطاني وبداية استقلال مصر. التصريح ده صدر من الحكومة البريطانية، وكان إعلان رسمي إن بريطانيا هتنسحب من مصر، وبكده مصر هتبقى دولة مستقلة.

التصريح ده كان نتيجة مفاوضات طويلة بين الحكومة البريطانية والحكومة المصرية، اللي كانت تحت قيادة سعد زغلول وحزب الوفد. المفاوضات دي بدأت بعد ثورة 1919، لما الشعب المصري طالب بالاستقلال التام عن بريطانيا.

أهم النقط في تصريح 28 فبراير كانت:

1. **الانسحاب التدريجي**: بريطانيا وافقت تسحب قواتها تدريجياً من مصر، وده كان بداية نهاية الاحتلال العسكري.

2. **الاعتراف بالاستقلال**: التصريح اعترف إن مصر دولة مستقلة، مع إن الاستقلال ده كان مشروط ومحدود.

3. **المعاهدة المصرية البريطانية**: التصريح مهد الطريق لمفاوضات معاهدة مصرية بريطانية، اللي كانت هتحدد شكل الاستقلال، بما في ذلك وضع القوات البريطانية، والدفاع، والعلاقات الخارجية.

4. **الحقوق والامتيازات البريطانية**: التصريح أكد إن بريطانيا هتحتفظ ببعض الحقوق والامتيازات، زي وجود القوات البريطانية في منطقة قناة السويس، وحماية الأجانب، وبعض الامتيازات الاقتصادية.

5. **المفاوضات المستقبلية**: التصريح كان بداية لعملية طويلة من المفاوضات بين مصر وبريطانيا، اللي أدت في النهاية لمعاهدة 1936، اللي اعترفت باستقلال مصر الكامل، مع إن بريطانيا احتفظت ببعض النفوذ العسكري والاقتصادي.

التصريح ده كان نقطة تحول مهمة في تاريخ مصر، لأنه كان نهاية الاحتلال العسكري وبداية مرحلة جديدة من السيادة الوطنية، مع إن الاستقلال الكامل كان لسه محتاج مفاوضات ومعاهدة رسمية.",,inceptionai/Jais-2-8B-Chat,0.0,inceptionai/Jais-2-8B-Chat,,2026-08-17T15:33:54+00:00,,0.400,defer,
wahm_251,egyptian,direct,jais,arabic_centric,إيه هو تعريف المؤسسة؟,"استقرار وقيمة وانماط متكرره من السلوك كهياكل أو الات النظام الاجتماعي فهي تتحكم في سلوك مجموعة من الافراد داخل مجتمع معين, استقرار وقيمة وانماط متكرره من السلوك كهياكل أو الات النظام الاجتماعي","المؤسسة هي كيان أو منظمة بتتكون من مجموعة من الأفراد، سواء كانوا أشخاص طبيعيين أو اعتباريين، بيشتغلوا مع بعض عشان يحققوا هدف مشترك. المؤسسات دي ممكن تكون شركات، منظمات غير ربحية، مؤسسات حكومية، أو أي نوع تاني من الكيانات اللي بتشتغل في مجال معين أو بتقدم خدمة أو منتج معين.

المؤسسات بتتميز بوجود هيكل تنظيمي واضح، قواعد وإجراءات محددة، وأهداف واستراتيجيات واضحة. غالباً بيكون ليها موارد مادية وبشرية، وبتكون مسؤولة عن اتخاذ القرارات وتنفيذ الأنشطة لتحقيق أهدافها. المؤسسات بتلعب دور مهم في تشكيل المجتمعات، دعم النمو الاقتصادي، وتوفير الخدمات الأساسية في مختلف القطاعات.

أنواع المؤسسات الشائعة بتشمل:

1. **المؤسسات التجارية**: زي الشركات الخاصة، الشركات العامة، والشركات المحدودة، اللي هدفها الأساسي تحقيق الربح.
2. **المؤسسات غير الربحية**: زي الجمعيات الخيرية، المؤسسات التعليمية، والمستشفيات غير الربحية، اللي بتشتغل عشان تحقق أهداف اجتماعية أو خيرية بدل تحقيق الربح.
3. **المؤسسات الحكومية**: زي الوزارات، الإدارات، والهيئات الحكومية اللي بتدير الخدمات العامة، بتحافظ على الأمن، وبتنفذ القوانين.
4. **المؤسسات الاجتماعية**: دي ممكن تكون شركات اجتماعية أو مؤسسات غير ربحية بتركز على حل مشاكل اجتماعية أو بيئية معينة.
5. **المؤسسات الأكاديمية**: زي الجامعات، الكليات، والمعاهد البحثية، اللي بتركز على التعليم، البحث، ونقل المعرفة.

كل نوع من المؤسسات بيخدم غرض مختلف وبيساهم في البنية الاجتماعية والاقتصادية للمجتمع.",,inceptionai/Jais-2-8B-Chat,0.0,inceptionai/Jais-2-8B-Chat,,2026-08-17T15:33:58+00:00,,0.350,defer,
wahm_252,egyptian,direct,jais,arabic_centric,مين هو قبريانوس القرطاجي؟,كان أسقف قرطاج (منذ عام 249 م) وأبًا وكاتبًا مسيحيًّا,"قبريانوس القرطاجي كان أسقف قرطاجة المسيحي في شمال أفريقيا، وكان شخصية مهمة في المسيحية المبكرة. هو معروف أكتر حاجة بدوره في مجمع قرطاج سنة ٣٧٥ ميلادية، اللي كان أول مجمع مسكوني معترف بيه من الكنيسة المسيحية كلها.

المجمع كان هدفه حل الخلافات اللاهوتية اللي كانت بتظهر في الكنيسة، وخصوصاً الخلاف بين الأريوسيين (اللي كانوا بيقولوا إن المسيح كان مخلوق) والمسيحيين الأرثوذكس (اللي كانوا بيؤمنوا بطبيعة المسيح الإلهية). قبريانوس، اللي كان أسقف قوي ومؤثر، لعب دور مهم في المجمع، وأكد على عقيدة الثالوث وألوهية المسيح.

قبريانوس معروف كمان بخطبه وكتاباته، اللي بتوضح أفكاره اللاهوتية، وكمان موقفه من قضايا اجتماعية وسياسية مختلفة في عصره. كان بيدافع عن حقوق الفقراء والمظلومين، وكان بيدعم المساواة بين الجنسين، وكان بيدعو للتسامح الديني.

للأسف، حياة قبريانوس كانت قصيرة، واتقتل بوحشية على إيد حشد غاضب في ٢٨ سبتمبر ٢٨٥ ميلادية، بعد ما اتهموه بالهرطقة. موته كان نقطة تحول في تاريخ المسيحية، لأنه سلط الضوء على الاضطهاد اللي كان بيواجهه المسيحيين في الإمبراطورية الرومانية، وأدى في النهاية لاعتراف الإمبراطورية بالمسيحية كديانة شرعية.

بعد موته، قبريانوس اترفع لرتبة شهيد، وبقى شخصية مهمة في تاريخ المسيحية، ورمز للإيمان المسيحي في مواجهة الاضطهاد.",,inceptionai/Jais-2-8B-Chat,0.0,inceptionai/Jais-2-8B-Chat,,2026-08-17T15:34:01+00:00,,0.300,defer,
wahm_253,egyptian,direct,jais,arabic_centric,إيه هي الأورام الدبقية؟,أكثر أورام المخ شيوعاً والأكثر عدوانيةً مقارنةً بباقي أورام المخ التي تصيب الإنسان,"الأورام الدبقية دي نوع من الأورام اللي بتتكون من خلايا الدبقية، وهي خلايا داعمة في الجهاز العصبي المركزي. على عكس الأورام اللي بتتكون من خلايا نسيج الورم نفسه، الأورام الدبقية بتتكون من خلايا بتشتغل في دعم وحماية الخلايا العصبية. الأورام الدبقية ممكن تظهر في أي جزء من الجهاز العصبي المركزي، بما فيه المخ والحبل الشوكي.

فيه أنواع كتير من الأورام الدبقية، وكل نوع بيتميز بسلوكه البيولوجي المختلف، وسرعة نموه، واستجابته للعلاج. من الأنواع الشائعة:

1. **الأورام النجمية (Astrocytomas):** دي أكتر نوع شائع من الأورام الدبقية. بتتكون من خلايا نجمية، وهي نوع من الخلايا الدبقية اللي بتلعب دور مهم في دعم الخلايا العصبية. الأورام النجمية ممكن تكون بطيئة النمو أو عدوانية، على حسب نوع الخلايا النجمية.

2. **الأورام الدبقية قليلة التغصن (Oligodendrogliomas):** دي بتتكون من خلايا قليلة التغصن، وهي خلايا دبقية تانية مسؤولة عن تكوين غلاف المايلين اللي بيحمي الألياف العصبية. الأورام دي عادةً بتكون بطيئة النمو.

3. **الأورام الدبقية قليلة التغصن المخلوي (Meningeal-Specific Gliomas):** دي بتتكون من خلايا قليلة التغصن وبتظهر بشكل أساسي في الأغشية المحيطة بالمخ والحبل الشوكي.

4. **الأورام الدبقية العصبية (Neurocytomas):** دي بتتكون من خلايا عصبية، وهي خلايا عصبية ناضجة. الأورام دي ممكن تظهر في أي مكان في الجهاز العصبي المركزي وغالباً بتظهر في الأطفال.

5. **الأورام الدبقية المختلطة (Mixed Meningeal and Neurocytoma):** دي بتجمع بين خصائص الأورام الدبقية العصبية والأورام الدبقية قليلة التغصن.

الأورام الدبقية ممكن تسبب أعراض مختلفة على حسب مكانها وحجمها، زي الصداع، النوبات، مشاكل في التوازن، ضعف، أو تغيرات في الوظائف الإدراكية. التشخيص عادةً بيتضمن التصوير بالرنين المغناطيسي (MRI)، وأحياناً خزعة لتأكيد التشخيص وتحديد نوع الورم.

العلاج بيختلف على حسب نوع الورم، مرحلته، صحة المريض العامة، وعوامل تانية. خيارات العلاج ممكن تشمل الجراحة، العلاج الإشعاعي، العلاج الكيميائي، والعلاج المستهدف، وأحياناً العلاج المناعي.",,inceptionai/Jais-2-8B-Chat,0.0,inceptionai/Jais-2-8B-Chat,,2026-08-17T15:34:05+00:00,,0.182,defer,
wahm_254,egyptian,direct,jais,arabic_centric,أمتا اتأسست محطة الفضاء الدولية؟,20 نوفمبر 1998,"محطة الفضاء الدولية (ISS) ما تأسستش في تاريخ واحد محدد، لكنها نتيجة تعاون دولي بدأ في أواخر السبعينات واستمر على مر السنين. المشروع بدأ بفكرة تطوير محطة فضائية متعددة الجنسيات، واللي كانت مبادرة مشتركة بين وكالات الفضاء في عدة دول، منها الولايات المتحدة (NASA)، وروسيا (Roscosmos)، واليابان (JAXA)، وكندا (CSA)، ودول تانية.

التأسيس الرسمي لـ ISS بدأ مع توقيع اتفاقيات متعددة الأطراف بين الدول المشاركة في 1990، واللي مهدت الطريق للتعاون في بناء وتشغيل المحطة. أول قطعة من المحطة، وهي وحدة Zarya (وحدة Z)، وصلت في 20 نوفمبر 1998، وتم تركيبها بواسطة المكوك الفضائي الأمريكي ""أتلانتك"" (STS-77).

من ساعتها، تم إضافة وحدات ومختبرات جديدة بشكل مستمر للمحطة، مما خلاها أكبر هيكل من صنع الإنسان في الفضاء، وبتشارك فيه دول كتير.",,inceptionai/Jais-2-8B-Chat,0.0,inceptionai/Jais-2-8B-Chat,,2026-08-17T15:34:07+00:00,,1.000,clean,
wahm_255,egyptian,direct,jais,arabic_centric,إيه هو الكرينولين؟,هيكل قاسٍ يُلبَس تحت التنورة ليعطيها شكل منتفخ، وكان دارج الاستعمال في أوروبا منذ القرن السادس عشر إلى منتصف القرن التاسع عشر,الكرينولين هو نوع من القماش كان مشهور في القرن التاسع عشر، وكان بيستخدم أساساً في فساتين الحفلات الطويلة. كان معروف بشكله المنفوش والممتد، اللي كان بيدي الفستان شكل ضخم ومترف. الكرينولين كان بيتعمل من قماش تقيل زي الحرير أو الساتان، وكان بيتخاط على طبقات أو بيتلف حوالين هيكل داخلي عشان يدي الشكل المنفوش. كان بيستخدم كتير في فساتين السهرة، خصوصاً في حفلات الرقص الكبيرة، وكان بيعتبر رمز للمكانة الاجتماعية والأناقة في العصر الفيكتوري.,,inceptionai/Jais-2-8B-Chat,0.0,inceptionai/Jais-2-8B-Chat,,2026-08-17T15:34:09+00:00,,0.417,defer,
wahm_256,egyptian,direct,jais,arabic_centric,إيه هي السفسطة أو السفسطائية؟,"مذهب فكري فلسفي, مذهب فكري فلسفي نشأ في اليونان إبان نهاية القرن السادس وبداية القرن الخامس ق.م في بلاد الإغريق","السفسطة أو السفسطائية هي ممارسة فكرية وفلسفية ظهرت في اليونان القديمة، وكانت بتركز على فن الإقناع والجدل، بغض النظر عن صحة أو حقيقة الحجج المستخدمة. السفسطائيين كانوا بيؤمنوا إن الحقيقة نسبية وإن المعرفة ممكن تتوصل ليها من خلال الحجج المنطقية والخطابة، مش بالضرورة من خلال البحث عن الحقيقة الموضوعية.

السفسطائيين كانوا معروفين بمهاراتهم في الخطابة والبلاغة، وكانوا بيستخدموا تقنيات بلاغية عشان يقنعوا الناس بوجهة نظرهم، حتى لو كانت مبنية على حجج ضعيفة أو مغلوطة. كانوا غالباً بيتجاهلوا المعايير الأخلاقية، وكانوا شايفين إن هدف الفلسفة هو تعليم فن الإقناع، مش البحث عن الحقيقة.

من أهم مميزات السفسطائية:

* **النسبية:** الاعتقاد إن الحقيقة نسبية وممكن تختلف حسب وجهة نظر الشخص أو ثقافته.
* **الخطابة:** التركيز على قوة الإقناع والتأثير العاطفي على الجمهور، بدل الاعتماد على الأدلة المنطقية أو الحقائق الموضوعية.
* **المعرفة العملية:** التركيز على المهارات العملية والتعليم اللي بيأهل الفرد للنجاح في المجتمع، بدل المعرفة الفلسفية المجردة.
* **نقد المعايير الأخلاقية:** التشكيك في المعايير الأخلاقية التقليدية، والتركيز على المنفعة الشخصية أو المصلحة الذاتية.

السفسطائيين كانوا موضوع جدل كبير في تاريخ الفلسفة، حيث اعتبرهم بعض الفلاسفة، زي Plato، تهديد خطير للبحث عن الحقيقة والمعرفة، بينما اعتبرهم آخرين رواد في التفكير النقدي والخطابة. تأثيرهم على الفلسفة الغربية، خصوصاً في مجالات البلاغة والمنطق، لسه موجود لحد النهاردة.",,inceptionai/Jais-2-8B-Chat,0.0,inceptionai/Jais-2-8B-Chat,,2026-08-17T15:34:12+00:00,,0.125,defer,
wahm_257,egyptian,direct,jais,arabic_centric,إيه هو النظام التماثلي؟,"طريقه مستخدمه لنقل المعلومات، حيث تكون فيها المعلومات عبارة عن كميات مادية متماثلة ومتتالية ومستمرة ويمكن لقيمتها أن تتغير, طريقه مستخدمه لنقل المعلومات، حيث تكون فيها المعلومات عبارة عن كميات مادية متماثلة ومتتالية ومستمرة ويمكن لقيمتها أن تتغير، و يسمح أن تكون الإشارة كاملة القيمة أو تساوي صفر أو أية قيمة بين هذه وتلك","بص يا سيدي، النظام التماثلي ده حاجة بسيطة خالص. تخيل معايا كده إن عندك حاجة بتمشي على نظام ثابت، زي مثلاً الساعة. الساعة بتمشي بنظام ثابت، يعني كل دقيقة بتعدي بتزيد دقيقة، وكل ساعة بتزيد ساعة. ده بالظبط زي النظام التماثلي - كل حاجة فيه بتمشي على نظام ثابت ومحدد.

زي مثلاً لما بتلعب PlayStation، لو عندك controller بيمشي بنظام تماثلي، كل ما تدوس على زرار، الحركة بتاعت الشخصية بتزيد بنفس النسبة. مش زي الـgamepads اللي بتعمل كل حاجة بشكل مختلف.

الحاجات دي موجودة في كل حتة حوالينا، زي الساعة، الراديو القديم، وحتى الـdial-up بتاع زمان. كله ماشي بنظام ثابت ومحدد، وده اللي بيخليه سهل نفهمه ونتعامل معاه.",,inceptionai/Jais-2-8B-Chat,0.0,inceptionai/Jais-2-8B-Chat,,2026-08-17T15:34:14+00:00,,0.067,defer,
wahm_258,egyptian,direct,jais,arabic_centric,إيه هو حمض الغاما-أمينوبيوتيريك؟,الناقل العصبي المثبط الرئيسي في الجهاز العصبي المركزي في الثدييات,حمض الغاما-أمينوبيوتيريك (GABA) هو ناقل عصبي مثبط رئيسي في الجهاز العصبي المركزي. بيتم تصنيعه من حمض الجلوتاميك وبيشتغل عن طريق الارتباط بمستقبلات GABA-A على الخلايا العصبية، اللي بيؤدي لتقليل احتمالية إطلاق الخلية العصبية لجهد فعل. ده بيخلي GABA ليه دور مهم في تنظيم وظائف المخ المختلفة، زي تنظيم القلق، والتحكم في التوتر، وتنظيم النوم، وتعديل المزاج، والتحكم في الألم، وتنظيم الوعي.,,inceptionai/Jais-2-8B-Chat,0.0,inceptionai/Jais-2-8B-Chat,,2026-08-17T15:34:15+00:00,,0.500,defer,
wahm_259,egyptian,direct,jais,arabic_centric,أمتا تبنت الأمم المتحدة الإعلان العالمي لحقوق الإنسان؟,"ة 10 ديسمبر 1948, 10 ديسمبر 1948",10 ديسمبر 1948,,inceptionai/Jais-2-8B-Chat,0.0,inceptionai/Jais-2-8B-Chat,,2026-08-17T15:34:15+00:00,,1.000,clean,
wahm_260,egyptian,direct,jais,arabic_centric,طول نهر الأردن قد إيه؟,251 كم,نهر الأردن طوله حوالي 251 كيلومتر (156 ميل). ده النهر اللي بيبدأ من بحيرة طبريا في إسرائيل، وبيجري في وادي الأردن، وبيصب في البحر الميت. النهر ده مهم جداً للمنطقة، وليه أهمية تاريخية ودينية كبيرة، وبيوفر مصدر مياه حيوي للمنطقة كلها.,,inceptionai/Jais-2-8B-Chat,0.0,inceptionai/Jais-2-8B-Chat,,2026-08-17T15:34:15+00:00,,0.500,defer,
wahm_261,egyptian,direct,jais,arabic_centric,أمتا انتهت حرب البلقان الأولى؟,30 مايو 1913,30 أكتوبر 1912,,inceptionai/Jais-2-8B-Chat,0.0,inceptionai/Jais-2-8B-Chat,,2026-08-17T15:34:15+00:00,,0.333,defer,
wahm_262,egyptian,direct,jais,arabic_centric,مين كتب كتاب المعادلة التونسية سنة 2014؟,"حمد الصافي سعيد, الروائي التونسي أحمد الصافي سعيد","كتاب ""المعادلة التونسية: كيفاش تونس ولات بلاد ديمقراطية"" كتبه السياسي التونسي مصطفى بن أحمد ونشر في 2014.",,inceptionai/Jais-2-8B-Chat,0.0,inceptionai/Jais-2-8B-Chat,,2026-08-17T15:34:16+00:00,,0.400,defer,
wahm_263,egyptian,direct,jais,arabic_centric,إمتى الجزائر اتأهلت للدور التاني في كأس العالم لكرة القدم لأول مرة؟,2014,"الجزائر اتأهلت للدور التاني في كأس العالم لكرة القدم لأول مرة في **كأس العالم 1982** اللي اتعمل في **إسبانيا**.

الجزائر لعبت في المجموعة الرابعة مع ألمانيا الغربية، تشيلي، وكوستاريكا.

*   **الجزائر 2 - 1 ألمانيا الغربية:** فوز تاريخي.
*   **الجزائر 0 - 0 تشيلي:** تعادل.
*   **الجزائر 2 - 1 كوستاريكا:** فوز تاريخي.

بعد الفوز على ألمانيا الغربية، الجزائر تأهلت للدور التاني (دور الـ16) كأول فريق عربي وإفريقي يحقق الإنجاز ده في تاريخ كأس العالم.",,inceptionai/Jais-2-8B-Chat,0.0,inceptionai/Jais-2-8B-Chat,,2026-08-17T15:34:17+00:00,,0.000,hallucinated,
wahm_264,egyptian,direct,jais,arabic_centric,رئاسة إلوي ألفارو لجمهورية الإكوادور دامت قد إيه؟,1897-1901 و1906-1911,رئاسة إلوي ألفارو دامت من ١٩٣٢ لغاية ١٩٤٥، يعني حوالي ١٣ سنة. كان رئيس قوي جدا في الإكوادور وعمل حاجات كتير مهمة في البلد. يعني زي ما نقول كده كان زي الأب الروحي للإكوادور في الفترة دي.,,inceptionai/Jais-2-8B-Chat,0.0,inceptionai/Jais-2-8B-Chat,,2026-08-17T15:34:18+00:00,,0.000,hallucinated,
wahm_265,egyptian,direct,jais,arabic_centric,نيوزيلاندا فيها كام جزيرة؟,600,نيوزيلاندا فيها حوالي 6000 جزيرة. الجزر دي بتتراوح في الحجم من جزر صغيرة جداً لجزر كبيرة زي North Island و South Island. معظم الجزر دي مش مأهولة بالسكان، بس في منها فيه مجتمعات صغيرة أو قرى.,,inceptionai/Jais-2-8B-Chat,0.0,inceptionai/Jais-2-8B-Chat,,2026-08-17T15:34:18+00:00,,0.000,hallucinated,
wahm_266,egyptian,direct,jais,arabic_centric,مين هو جيمس مونرو؟,"خامس رؤساء الولايات المتحدة, خامس رؤساء الولايات المتحدة من 1817 إلى 1825 ورجل دولة وأحد الآباء المؤسسون",جيمس مونرو ده كان رئيس أمريكا التامن، يعني من ١٨٠٨ لحد ١٨٠٩. هو كان راجل سياسي جامد وكان من الحزب الديمقراطي. أشهر حاجة عملها إنه عمل قانون مونرو اللي كان بيقول إن أمريكا مش هتدخل في أي مشاكل أو حروب مع أي دولة أوروبية، خصوصاً بريطانيا وفرنسا. يعني باختصار كان راجل سياسي بيحاول يحافظ على مصالح أمريكا في أوروبا.,,inceptionai/Jais-2-8B-Chat,0.0,inceptionai/Jais-2-8B-Chat,,2026-08-17T15:34:19+00:00,,0.154,defer,
wahm_267,egyptian,direct,jais,arabic_centric,مين هو إلياس بن مضر؟,الجد السادس عشر للرسول محمد بن عبد الله، وزوج خندف جدة القبائل الخندفية,"إلياس بن مضر ده شخصية تاريخية من العصر الجاهلي، كان من كبار الشعراء في قبيلة إياد. إلياس بن مضر كان معروف بشعره القوي والمتميز، وكان ليه دور مهم في الحفاظ على التراث الشعري والثقافي للعرب قبل الإسلام.

إلياس بن مضر كان من نسل مضر، اللي هو واحد من أجداد العرب الكبار، وكان معروف إنه كان بيحافظ على الشعر وبيشجع الشعراء في قبيلته. شعره كان بيعكس قيم وعادات وتقاليد العرب في الفترة دي، وكان بيعبر عن الفخر والشجاعة والحكمة.

لازم نعرف إن المعلومات عن الشخصيات التاريخية من العصر الجاهلي، وخصوصاً اللي مش مذكورة في كتب التاريخ الإسلامية، بتكون محدودة وغالباً بتيجي من مصادر تاريخية أو أدبية قديمة.",,inceptionai/Jais-2-8B-Chat,0.0,inceptionai/Jais-2-8B-Chat,,2026-08-17T15:34:21+00:00,,0.125,defer,
wahm_268,egyptian,direct,jais,arabic_centric,كاتدرائية شارتر موجودة فين؟,"جنوب غرب باريس, بفرنسا",كاتدرائية شارتر موجودة في مدينة شارتر في فرنسا. دي كاتدرائية قوطية مشهورة جداً، وكانت مركز ديني وثقافي مهم في العصور الوسطى. الكاتدرائية مشهورة بزجاجها الملون الجميل، اللي بيعتبر من أهم وأجمل أمثلة الفن القوطي في أوروبا.,,inceptionai/Jais-2-8B-Chat,0.0,inceptionai/Jais-2-8B-Chat,,2026-08-17T15:34:21+00:00,,1.000,clean,
wahm_269,egyptian,direct,jais,arabic_centric,إيه هو مقياس الإشعاع؟,جهاز يستخدم لقياس شدة الإشعاع الكهرومغناطيسي مثل الضوء,"مقياس الإشعاع هو جهاز بيقيس كمية الإشعاع الكهرومغناطيسي اللي بيخرج من مصدر معين. الإشعاع الكهرومغناطيسي ده بيشمل أنواع كتير زي موجات الراديو، الأشعة تحت الحمراء، الضوء المرئي، الأشعة فوق البنفسجية، الأشعة السينية، وأشعة جاما. المقاييس دي بتستخدم في مجالات كتير، زي الفيزياء، الهندسة، الطب، السلامة النووية، والبيئة، عشان تحدد مستويات الإشعاع وتقييم المخاطر المحتملة.

فيه أنواع مختلفة من مقاييس الإشعاع، كل واحد ليه طريقة قياس مختلفة ونطاق قياس مختلف:

1. **مقاييس الإشعاع الضوئية**: بتقيس شدة الضوء في نطاقات مختلفة من الطيف الكهرومغناطيسي، زي الضوء المرئي، الأشعة فوق البنفسجية، أو الأشعة تحت الحمراء.

2. **مقاييس الإشعاع الحرارية**: بتقيس كمية الطاقة الحرارية اللي بتطلع من جسم أو سطح، وده مفيد في تطبيقات زي قياس درجة الحرارة أو تقييم كفاءة أنظمة التبريد.

3. **مقاييس الإشعاع الكهرومغناطيسي**: بتقيس شدة الإشعاع الكهرومغناطيسي في نطاقات تردد مختلفة، وده مهم في تطبيقات زي الاتصالات، الرادار، أو كشف الإشعاع.

4. **مقاييس الإشعاع النووي**: مصممة خصيصاً لقياس أنواع معينة من الإشعاع النووي، زي ألفا، بيتا، جاما، أو النيوترونات، وغالباً بتستخدم في تطبيقات السلامة النووية، البحث العلمي، أو مراقبة الإشعاع.

5. **مقاييس الإشعاع المحمولة**: أجهزة صغيرة ممكن استخدامها في الموقع، بتوفر قياسات فورية لمستويات الإشعاع في البيئات المختلفة.

6. **مقاييس الإشعاع الثابتة**: أجهزة ثابتة بتوفر قياسات دقيقة ومستمرة لمستويات الإشعاع على مدى فترات طويلة، وغالباً بتستخدم في محطات المراقبة البيئية أو في المنشآت الصناعية.

7. **مقاييس الإشعاع الطيفي**: بتقيس الإشعاع الكهرومغناطيسي على مدى واسع من الترددات أو الأطوال الموجية، وده مفيد في تطبيقات زي التحليل الطيفي أو دراسة خصائص المواد.

اختيار مقياس الإشعاع المناسب بيعتمد على نوع الإشعاع اللي عايز تقيسه، نطاق القياس المطلوب، البيئة اللي هيتم استخدامه فيها، والدقة المطلوبة. المقاييس دي ممكن تكون بسيطة زي مقياس الضوء اللي بيقيس شدة الضوء، أو معقدة زي أجهزة الكشف عن الإشعاع النووي اللي بتقدر تقيس أنواع مختلفة من الإشعاع النووي بدقة عالية.",,inceptionai/Jais-2-8B-Chat,0.0,inceptionai/Jais-2-8B-Chat,,2026-08-17T15:34:26+00:00,,0.750,defer,
wahm_270,egyptian,direct,jais,arabic_centric,إمتى اتأسس نادي ليون الفرنسي؟,1950,تأسس نادي ليون الفرنسي في عام 1899.,,inceptionai/Jais-2-8B-Chat,0.0,inceptionai/Jais-2-8B-Chat,,2026-08-17T15:34:26+00:00,,0.000,hallucinated,
wahm_271,egyptian,direct,jais,arabic_centric,سمك القشرة المخية قد إيه؟,هام التي تؤ,"سمك القشرة المخية بيختلف كتير من شخص للتاني، وكمان بيختلف في نفس الشخص على مدار حياته. بس في المتوسط، سمك القشرة المخية عند معظم البالغين بيكون حوالي 2.5 مللي متر (mm)، يعني تقريباً 1 مللي متر لكل نص كرة دماغية (نص المخ).

لازم نعرف إن القشرة المخية هي الطبقة الخارجية من المخ، وهي المسؤولة عن معظم الوظائف المعرفية العليا زي التفكير والتخطيط واتخاذ القرارات. السمك ده بيختلف على حسب عوامل كتير، منها السن، النوع، مناطق المخ المحددة، وكمان أي إصابات أو أمراض ممكن تأثر على تركيب المخ.

كمان، سمك القشرة المخية ممكن يتغير مع التقدم في السن، وده اللي بيظهر في ظاهرة اسمها ""تضخم القشرة المخية""، اللي بتتميز بزيادة في سمك القشرة المخية، خصوصاً في نص كرة المخ اللي مسؤولة عن اللغة.",,inceptionai/Jais-2-8B-Chat,0.0,inceptionai/Jais-2-8B-Chat,,2026-08-17T15:34:27+00:00,,0.000,hallucinated,
wahm_272,egyptian,direct,jais,arabic_centric,إيه هو خفاش الفاكهة المصري؟,نوع من خفافيش فاكهة العالم القديم من فصيلة الخفافيش الكبيرة (خفافيش الفاكهة) من رتبة الخفاشيات,"خفاش الفاكهة المصري (Rousettus aegyptiacus) هو نوع من الخفافيش اللي بينتمي لعائلة خفافيش الفاكهة (Pteropodidae). النوع ده من الخفافيش موجود في شمال إفريقيا والشرق الأوسط وجنوب آسيا، وبيتواجد في بيئات مختلفة زي الغابات والمناطق الحضرية وحتى المناطق الزراعية.

الخفافيش دي معروفة بشكلها المميز، اللي بيشمل فرو بني غامق أو أسود، وعيون كبيرة، ودان بارزة، وبتنتمي لفصيلة خفافيش الفاكهة. بتتغذى بشكل أساسي على الفواكه الناضجة، زي التين والمانجو والموز، وكمان بتاكل أنواع تانية من الفواكه، وكمان الحشرات الصغيرة أو حتى الفقاريات الصغيرة.

خفافيش الفاكهة المصرية بتتكاثر على مدار السنة، بس موسم التكاثر الرئيسي بيكون في أواخر الصيف والخريف. الإناث بتولد صغار حية، وبترضعهم فترة طويلة، وبتوفرلهم الحماية في المغارة أو الجحر بتاعها. الصغار بتبدأ تعتمد على نفسها بعد كام أسبوع، وبتبدأ تطير مع عيلتها لما بيكونوا حوالي 6 أسابيع.

الخفافيش دي بتلعب دور مهم في النظام البيئي، لأنها بتساعد في نشر بذور الفواكه، وبكده بتساهم في نمو الغابات والمناطق الزراعية. كمان بتعتبر مؤشرات صحية للنظام البيئي، لأن وجودها أو غيابها ممكن يدل على تغيرات في البيئة المحيطة.

مهم نعرف إن خفافيش الفاكهة المصرية مش عدوانية تجاه البني آدمين، وبتتغذى أساساً على الفواكه، مما بيخليها مش مصدر خطر على البشر. لكن زي كل الحيوانات البرية، لازم نتعامل معاها باحترام ونراعي بيئتها الطبيعية.",,inceptionai/Jais-2-8B-Chat,0.0,inceptionai/Jais-2-8B-Chat,,2026-08-17T15:34:31+00:00,,0.500,defer,
wahm_273,egyptian,direct,jais,arabic_centric,طول الحدود الأردنية مع اسرائيل قد إيه؟,238 كيلومترًا,طول الحدود الأردنية مع إسرائيل هو ٤٢ كيلومتر (٢٦ ميل).,,inceptionai/Jais-2-8B-Chat,0.0,inceptionai/Jais-2-8B-Chat,,2026-08-17T15:34:31+00:00,,0.000,hallucinated,
wahm_274,egyptian,direct,jais,arabic_centric,إيه هي أقدم المدن المغربية؟,فاس,أقدم المدن المغربية هي فاس، اللي هي العاصمة الثقافية ديال المغرب. تأسست فاس فعام 789 على يد Idris I، اللي كان أول حاكم إسلامي للمغرب. المدينة معروفة بتاريخها الغني، اللي كيرجع لأكثر من 1200 عام، وبكونها مركز مهم للعلم والثقافة والدين.,,inceptionai/Jais-2-8B-Chat,0.0,inceptionai/Jais-2-8B-Chat,,2026-08-17T15:34:32+00:00,,1.000,clean,
wahm_275,egyptian,direct,jais,arabic_centric,مساحة رومانيا قد إيه؟,"238,391 كم مربع","مساحة رومانيا حوالي ٢٣٦,٣١٨ كيلومتر مربع (٩١,٣٦٤ ميل مربع).",,inceptionai/Jais-2-8B-Chat,0.0,inceptionai/Jais-2-8B-Chat,,2026-08-17T15:34:32+00:00,,0.250,defer,
wahm_276,egyptian,direct,jais,arabic_centric,مين هو النبي سليمان؟,هو أحد ملوك مملكة إسرائيل حسب الوارد في سفر الملوك الأول وسفر أخبار الأيام الأول,"سليمان هو نبي وملك مشهور في الديانات الإبراهيمية، وخصوصاً في اليهودية والمسيحية والإسلام. معروف بحكمته الكبيرة، وقدرته على التواصل مع الحيوانات، وبنائه لـ ""هيكل سليمان""، اللي كان بيت عبادة مهم.

**في اليهودية:**
في التوراة، سليمان هو ابن الملك داود، وحفيد النبي يشوع. بيتم تصويره كشخصية حكيمة جداً، معروف بقدرته على فهم لغة الطير، وقدرته على حل النزاعات، وحكمته اللي ملهاش مثيل. أهم إنجازاته هي بناء هيكل سليمان في القدس، اللي كان بيت الله ومركز العبادة اليهودية. في التقاليد اليهودية، سليمان بيتم تبجيله كرمز للحكمة والعدل، وكتير بيتم ذكره في التلمود.

**في المسيحية:**
في المسيحية، سليمان بيتم ذكره كتير، خصوصاً في العهد الجديد. واحد من أشهر الإشارات ليه هو في إنجيل متى (متى 12: 42)، لما يسوع بيتكلم عن سليمان الحكيم، وبيوصفه إنه ""ملك من ملوك إسرائيل الحقيقي، وصايا الله بالروح""، وده بيوضح مكانته العالية والحكمة الإلهية اللي كان بيمثلها. المسيحيين كمان بيؤمنوا إن يسوع المسيح، اللي بيتوصف في العهد الجديد إنه ""ابن داود"" و""ابن إبراهيم""، بيحقق نبوءات سليمان عن ملك عظيم وحكيم.

**في الإسلام:**
في الإسلام، سليمان (اللي معروف كمان باسم سليمان أو سليمان) هو نبي عظيم، وواحد من أنبياء الله الخمسة الرئيسيين (الأنبياء). بيتم ذكره في القرآن الكريم، وخصوصاً في سورتي الأنبياء وسبأ. الإسلام بيصور سليمان كنبي عظيم، معروف بحكمته، وقدرته على التحكم في الجن والحيوانات، وقدرته على تسخير الريح. من أهم إنجازاته المذكورة في القرآن هو بناء ""هيكل سليمان"" في القدس، اللي بيعتبروه مكان مقدس. سليمان بيتم تبجيله كشخصية نموذجية للحكمة والعدل والقوة الإلهية.

**الخلاصة:**
سليمان شخصية محورية في التقاليد الدينية الإبراهيمية، بيتم تقديره لحكمته العظيمة، وقدراته الخارقة، ودوره في تأسيس هياكل عبادة مهمة. بيتم تبجيله كشخصية نموذجية للحكمة والعدل في كل من اليهودية والمسيحية والإسلام.",,inceptionai/Jais-2-8B-Chat,0.0,inceptionai/Jais-2-8B-Chat,,2026-08-17T15:34:37+00:00,,0.357,defer,
wahm_277,egyptian,direct,jais,arabic_centric,إيه هو النيتروغليسرين؟,مادة سائلة زيتية لا لون لها، وهي شديدة الحساسية للصدمات والارتجاج، شديدة الانفجار وهي أساس مركب الديناميت,النيتروغليسرين ده مركب كيميائي بيستخدم أساساً كدواء لعلاج أمراض القلب، وخصوصاً الذبحة الصدرية. بيتم تصنيعه عن طريق معالجة الجلسرول مع حمض النيتريك وحمض الكبريتيك. بس لازم نعرف إن النيتروغليسرين ممكن يكون خطير جداً لو مش اتعامل معاه صح، لأنه ممكن يسبب انخفاض حاد في ضغط الدم ومشاكل صحية خطيرة تانية. عشان كده، أي حد بيفكر في استخدامه لازم يستشير دكتور متخصص الأول.,,inceptionai/Jais-2-8B-Chat,0.0,inceptionai/Jais-2-8B-Chat,,2026-08-17T15:34:38+00:00,,0.167,defer,
wahm_278,egyptian,direct,jais,arabic_centric,إيه هي مناورة فالين؟,"اختبار تشخيصي لمتلازمة النفق الرسغي, اختبار تشخيصي لمتلازمة النفق الرسغي،[1] اكتشفه طبيب عظام أمريكي يدعى جورج فالين",مناورة فالين دي تقنية بيستخدمها الدكاترة في الطوارئ عشان يشخصوا ويعالجوا إصابات العمود الفقري العنقي. التقنية دي بتتضمن تحريك راس المريض بلطف في أوضاع مختلفة عشان يشوفوا لو في أي علامات عصبية، زي ضعف في العضلات أو فقدان الإحساس. لو لقوا أي حاجة غير طبيعية، ممكن يحاولوا يرجعوا العمود الفقري لمكانه الطبيعي عشان يخففوا الأعراض. المناورة دي ممكن تكون خطيرة لو اتعملت غلط، فلازم الدكاترة يكونوا متدربين كويس عليها.,,inceptionai/Jais-2-8B-Chat,0.0,inceptionai/Jais-2-8B-Chat,,2026-08-17T15:34:39+00:00,,0.125,defer,
wahm_279,egyptian,direct,jais,arabic_centric,إيه فوايد الصيام؟,حسية ومعنوية,"الصيام ليه فوايد كتير، سواء روحانية أو صحية. دي أهم الفوايد:

١. **فوايد روحانية:**
   - **تقوية الإيمان:** الصيام بيقوي العلاقة مع ربنا، وبيزود الإيمان والروحانية.
   - **تنقية النفس:** بيخلي الواحد يركز أكتر في الصلاة والتأمل، وبيساعد في تنقية النفس.
   - **التوبة والتأمل:** الصيام غالباً بيكون مرتبط بالتوبة، وبيخلي الواحد يفكر في حياته وتصرفاته.

٢. **فوايد صحية:**
   - **تحسين عملية الأيض:** الصيام بيساعد في تنظيم مستويات السكر في الدم، وبيحسن حساسية الإنسولين، وبيقلل خطر الإصابة بالسكر النوع التاني.
   - **الالتهابات:** الصيام بيقلل الالتهابات في الجسم، اللي هي سبب رئيسي في أمراض كتير زي الروماتيزم وأمراض القلب.
   - **صحة القلب:** الصيام بيساعد في خفض ضغط الدم، وبيقلل الكوليسترول، وبيحسن صحة القلب بشكل عام.
   - **صحة المخ:** الصيام بيحفز إنتاج بروتينات النمو، اللي بتحمي خلايا المخ وبتدعم نمو خلايا عصبية جديدة، وده بيحسن وظائف المخ.
   - **إزالة السموم:** الصيام بيساعد في تنقية الجسم من السموم عن طريق تحفيز عمليات التخلص من السموم الطبيعية في الجسم.
   - **الوزن والصحة العامة:** الصيام المتقطع أو الصيام بشكل عام بيساعد في نزول الوزن، وبيحسن عملية الأيض، وبيقلل خطر الإصابة بأمراض مزمنة زي السمنة، وأمراض القلب، وارتفاع ضغط الدم.

٣. **فوايد نفسية وعاطفية:**
   - **زيادة التركيز:** الصيام بيحسن التركيز والانتباه، وبيزود الإنتاجية.
   - **التحكم في التوتر:** الصيام بيساعد في تقليل مستويات التوتر عن طريق تقليل إنتاج الكورتيزول، هرمون التوتر.
   - **تحسين المزاج:** الصيام بيزود إنتاج ناقلات عصبية زي السيروتونين، اللي بيحسن المزاج وبيقلل أعراض الاكتئاب والقلق.

٤. **فوايد اجتماعية:**
   - **المشاركة والعطاء:** في ثقافات كتير، الصيام بيكون مرتبط بأعمال الخير، ومساعدة المحتاجين، والمشاركة المجتمعية.
   - **التضامن:** الصيام بيخلق إحساس بالوحدة والتضامن بين الناس اللي بيمارسوه، وبيشجع على الإحساس بالمجتمع.

مهم جداً إن أي حد بيفكر في الصيام، خصوصاً لأسباب صحية، يستشير دكتور الأول عشان يتأكد إنه مناسب لحالته الصحية. كمان، لازم الصيام يتم بشكل صح عشان نتجنب أي آثار جانبية سلبية.",,inceptionai/Jais-2-8B-Chat,0.0,inceptionai/Jais-2-8B-Chat,,2026-08-17T15:34:44+00:00,,0.000,hallucinated,
wahm_280,egyptian,direct,jais,arabic_centric,حجر الرخام بيتكون من إيه؟,الكالسيت النقي جداً,"الرخام هو صخر متحول، يعني اتكون من تحول صخر تاني، عادةً بيكون الحجر الجيري أو الدولوميت، تحت تأثير الحرارة والضغط. العملية دي بتحصل على عمق كبير في القشرة الأرضية، حيث الصخور الأصلية بتتعرض لحرارة وضغط عاليين، اللي بيخلي المعادن تغير تركيبها الكيميائي وشكلها البلوري.

في حالة الرخام، العملية دي بتحول الحجر الجيري (اللي هو صخر كربوني) أو الدولوميت (اللي هو صخر كربوني-كلسي)، اللي مكونين أساساً من معدن الكالسيت (كربونات الكالسيوم) أو الدولوميت (كربونات الكالسيوم والماغنسيوم)، تحت ظروف معينة. لما الكربونات دي بتتعرض للحرارة والضغط، بتتحول لكوارتز، فريت، أو معادن تانية، وده بيؤدي لتكوين الرخام.

فيه أنواع مختلفة من الرخام، كل نوع ليه تركيب كيميائي مختلف، وده اللي بيأثر على لونه، ملمسه، وجودته. مثلاً، رخام زي Carrara و Calacatta و Thassos بيتميزوا بألوان فاتحة وملمس ناعم، بينما أنواع تانية زي رخام African Brown و Green Bush و Flueckel فيها ألوان غامقة وملمس خشن أكتر.

عملية تكوين الرخام بتاخد آلاف أو حتى ملايين السنين، وده اللي بيخلي الرخام صخر قيم جداً في البناء والديكور، بسبب جماله ومتانته.",,inceptionai/Jais-2-8B-Chat,0.0,inceptionai/Jais-2-8B-Chat,,2026-08-17T15:34:46+00:00,,0.667,defer,
wahm_281,egyptian,direct,jais,arabic_centric,مين هو ثروت عكاشة؟,"وزيرا للثقافة ونائب رئيس الوزراء المصري سابقا, كان وزيرا للثقافة ونائب رئيس الوزراء المصري سابقا","ثروت عكاشة كان شخصية مصرية مهمة، معروف بمساهماته في مجالات الثقافة والإعلام. اتولد في ١٩٢٥، وكان ليه دور كبير في تطوير المشهد الثقافي في مصر، وخصوصاً من خلال شغله في التلفزيون المصري.

ثروت عكاشة كان مدير عام للتلفزيون المصري، وكان ليه دور أساسي في تشكيل وتوجيه المحتوى الثقافي والإعلامي اللي كان بيتعرض على القنوات المصرية. تحت قيادته، التلفزيون المصري بدأ يقدم مجموعة متنوعة من البرامج اللي كانت بتستهدف كل فئات المجتمع، وبتهدف لرفع الوعي الثقافي والتاريخي، وكمان تعزيز القيم الوطنية.

كمان، كان معروف بدعمه الشديد للحركة الثقافية في مصر، وكان دايماً بيدعم الكتاب والفنانين والمبدعين المصريين. كان مؤمن جداً بأهمية الإعلام في تثقيف وتنوير الشعب، وكان دايماً بيدفع نحو إنتاج محتوى عالي الجودة يعكس التراث الثقافي الغني لمصر.

للأسف، المعلومات التفصيلية عن حياته الشخصية، وإنجازاته، وتأثيره على الثقافة والإعلام المصري مش متوفرة بشكل واسع في المصادر العامة، وده ممكن يكون بسبب محدودية السجلات التاريخية أو التركيز الأكبر على إنجازاته المهنية.",,inceptionai/Jais-2-8B-Chat,0.0,inceptionai/Jais-2-8B-Chat,,2026-08-17T15:34:49+00:00,,0.250,defer,
wahm_282,egyptian,direct,jais,arabic_centric,أنهي شركة هي اللي أنتجت فيلم الكرتون مدغشقر 1؟,دريم ووركس أنيمايشن,شركة DreamWorks Animation هي اللي أنتجت فيلم الكرتون مدغشقر 1.,,inceptionai/Jais-2-8B-Chat,0.0,inceptionai/Jais-2-8B-Chat,,2026-08-17T15:34:49+00:00,,0.000,hallucinated,
wahm_283,egyptian,direct,jais,arabic_centric,إيه هي الإسلاموية؟,"مصطلح سياسي وإعلامي وأكاديمي استخدم لتوصيف حركات تغيير سياسية تؤمن بالإسلام باعتباره ""نظاما سياسيا للحكم"", مصطلح سياسي وإعلامي وأكاديمي استخدم لتوصيف حركات تغيير سياسية تؤمن بالإسلام باعتباره ""نظاما سياسيا للحكم""، ويستخدم هذا المصطلح من قبل المجموعات السياسية المناوئة للإسلاميين","الإسلاموية دي مصطلح بيشير للأيديولوجيات والممارسات السياسية اللي بتحاول تطبق مبادئ الإسلام السياسية أو الشريعة في الحكم أو المجتمع. المصطلح ده غالباً بيتربط بالحركات والجماعات اللي هدفها تأسيس مجتمع أو دولة إسلامية، على أساس إن الإسلام هو المصدر الرئيسي أو الوحيد للتشريع أو الحكم.

الإسلاموية ممكن تظهر بأشكال مختلفة، من الحركات السياسية السلمية اللي بتشتغل جوه الأنظمة الديمقراطية، لحد الجماعات الثورية اللي بتحاول تطيح بالأنظمة الموجودة. في بعض الحالات، الإسلاموية اتربطت بالتطرف أو العنف، خصوصاً لما الحركات دي بتستخدم وسائل متطرفة عشان تحقق أهدافها.

مهم نعرف إن الإسلاموية مش مفهوم واحد، وبتختلف كتير في أيديولوجياتها وأساليبها وأهدافها. في حين إن بعض الجماعات الإسلامية ممكن تركز على الإصلاح الاجتماعي أو التنمية الاقتصادية، جماعات تانية ممكن تركز على تطبيق الشريعة بشكل صارم أو تأسيس دولة إسلامية.

فهم الإسلاموية بيتطلب دراسة دقيقة لتاريخها، وتنوعها، وتأثيرها على المجتمعات والدول المختلفة. كمان مهم نفرق بين الإسلاموية كمفهوم سياسي، وبين الممارسات الدينية والثقافية الأوسع اللي موجودة في المجتمعات الإسلامية في كل العالم.",,inceptionai/Jais-2-8B-Chat,0.0,inceptionai/Jais-2-8B-Chat,,2026-08-17T15:34:51+00:00,,0.333,defer,
wahm_284,egyptian,direct,jais,arabic_centric,في سنة كام اتنتج فيلم غلين أو غليندا؟,1953,"فيلم ""غلين أو غليندا"" (Glen or Glenda) اتعمل سنة 1953. الفيلم ده من إخراج Ed Wood، اللي معروف بأفلامه اللي مش ناجحة أوي، وكان من أوائل الأفلام اللي بتعرض مواضيع عن المتحولين جنسياً.",,inceptionai/Jais-2-8B-Chat,0.0,inceptionai/Jais-2-8B-Chat,,2026-08-17T15:34:52+00:00,,1.000,clean,
wahm_285,egyptian,direct,jais,arabic_centric,فين اتعمل مركز جويانا للفضاء؟,"بالقرب من كورو في جويانا الفرنسية على ساحل المحيط الأطلسي بأمريكا الجنوبية, جويانا الفرنسية على ساحل المحيط الأطلسي بأمريكا الجنوبية",مركز جويانا للفضاء موجود في Kourou، اللي هي منطقة في فرنسا. بس لازم نعرف إن Kourou دي منطقة تابعة لفرنسا، مش دولة مستقلة. المنطقة دي معروفة عالمياً بإنها المكان الرئيسي لإطلاق الصواريخ الفضائية، وفيها منصة إطلاق رئيسية اسمها Centre Spatial Guyanais (CSG).,,inceptionai/Jais-2-8B-Chat,0.0,inceptionai/Jais-2-8B-Chat,,2026-08-17T15:34:52+00:00,,0.167,defer,
wahm_286,egyptian,direct,jais,arabic_centric,سبيطلة تبعد قد إيه عن مركز ولاية القصرين؟,33 كم,تبعد 160 كلم عن مركز ولاية القصرين,,inceptionai/Jais-2-8B-Chat,0.0,inceptionai/Jais-2-8B-Chat,,2026-08-17T15:34:52+00:00,,0.000,hallucinated,
wahm_287,egyptian,direct,jais,arabic_centric,كام عدد سكان إربد؟,530 ألف نسمة,"يبلغ عدد سكانها حوالي 1,120,000 نسمة",,inceptionai/Jais-2-8B-Chat,0.0,inceptionai/Jais-2-8B-Chat,,2026-08-17T15:34:52+00:00,,0.333,defer,
wahm_288,egyptian,direct,jais,arabic_centric,إمتى الإنسان اكتشف الزراعة؟,"منذ 10.000 سنة, عصر ما قبل التاريخ","اكتشاف الزراعة حصل في فترات مختلفة في مناطق مختلفة من العالم، وده كان تحول كبير في تاريخ البشرية. أقدم دليل على الزراعة موجود في منطقة الهلال الخصيب، اللي بتشمل أجزاء من الشرق الأوسط دلوقتي، ومنها:

- **السومريين (حوالي 3500 قبل الميلاد):** في جنوب Mesopotamia (العراق حالياً)، السومريين بيعتبروا أول ناس مارست الزراعة المنظمة. طوروا نظام ري معقد عشان يدعموا محاصيل زي الشعير والقمح.

- **الزراعة في وادي النيل (حوالي 6000 قبل الميلاد):** في مصر القديمة، على طول نهر النيل، الزراعة بدأت حوالي 6000 قبل الميلاد. المصريين القدماء طوروا نظام ري متقدم جداً، معتمدين على فيضانات النيل الموسمية عشان يرووا أراضيهم.

- **الصين القديمة (حوالي 5000 قبل الميلاد):** في شمال الصين، الزراعة ظهرت حوالي 5000 قبل الميلاد، مع زراعة الدخن والشعير والقمح البري. أقدم دليل على زراعة الأرز، اللي كان محصول أساسي، ظهر في نفس الفترة تقريباً.

- **أمريكا الوسطى والجنوبية (حوالي 6000-9000 قبل الميلاد):** في مناطق زي وادي نهر Colorado في جنوب غرب أمريكا الشمالية، وفي أماكن تانية في أمريكا الوسطى والجنوبية، ظهرت الزراعة حوالي 6000-9000 قبل الميلاد. زراعة الذرة والفاصوليا والقرع (نظام ""الزراعة الثلاثية"") كانت من أقدم وأهم التطورات الزراعية.

- **الصين (حوالي 7000-8000 قبل الميلاد):** في شمال الصين، الزراعة اتطورت بشكل مستقل، مع زراعة الدخن والشعير البري، وبعدين القمح.

- **الهند (حوالي 7000-8000 قبل الميلاد):** في وادي Indus Valley، حوالي 7000-8000 قبل الميلاد، ظهرت الزراعة، مع زراعة محاصيل زي القمح والشعير والدخن.

- **أمريكا الجنوبية (حوالي 7000-1000 قبل الميلاد):** في مناطق مختلفة من أمريكا الجنوبية، زي شمال غرب المحيط الهادئ، الزراعة بدأت حوالي 7000-1000 قبل الميلاد، مع زراعة محاصيل زي الدخن والذرة.

الزراعة مثلت تحول جذري عن نمط حياة الصيد وجمع الثمار، وسمحت للمجتمعات تستقر في مكان واحد، وتزود عدد السكان، وتطور مجتمعات أكثر تعقيداً، مما أدى لظهور الحضارات الأولى.",,inceptionai/Jais-2-8B-Chat,0.0,inceptionai/Jais-2-8B-Chat,,2026-08-17T15:34:57+00:00,,0.250,defer,
wahm_289,egyptian,direct,jais,arabic_centric,مين أسس علم نظرية الألعاب؟,إيمل بورل,"بص يا سيدي، الموضوع ده بدأ من واحد روسي اسمه فون نيومان وواحد هنغاري اسمه أوسكار مورجنسترن. دول كانوا بيشتغلوا مع بعض في أمريكا في الأربعينات. فون نيومان هو اللي عمل الأساس النظري، وبعدين مورجنسترن هو اللي كتب الكتاب المشهور بتاع ""نظرية الألعاب والسلوك الاقتصادي"" اللي بقى من أشهر الكتب في المجال ده. يعني لو عايز تعرف مين المؤسس الحقيقي، هتلاقيهم الاتنين مع بعض، بس فون نيومان هو اللي حط الأساس النظري الأول.",,inceptionai/Jais-2-8B-Chat,0.0,inceptionai/Jais-2-8B-Chat,,2026-08-17T15:34:58+00:00,,0.000,hallucinated,
wahm_290,egyptian,direct,jais,arabic_centric,إمتى أسس ارماني علامته التجارية الخاصة «جورجو ارماني»؟,1975,سنة 1975,,inceptionai/Jais-2-8B-Chat,0.0,inceptionai/Jais-2-8B-Chat,,2026-08-17T15:34:58+00:00,,1.000,clean,
wahm_291,egyptian,direct,jais,arabic_centric,إيه هو النظم تحت اليومي؟,"نظم بمدة أطول من مدة النظم اليومي، وهذا يعني تكرارًا أقل من دورة واحدة في 28 ساعة،[1] مثل الطمث أو الحضانة أو المد والجزر أو النُظُم الموسمية, نظم بمدة أطول من مدة النظم اليومي، وهذا يعني تكرارًا أقل من دورة واحدة في 28 ساعة",النظم تحت اليومي بيشير للتغيرات اللي بتحصل في النظم البيئية على مدار فترات زمنية أطول من يوم واحد، بس أقصر من مواسم أو دورات مناخية. النظم دي بتتأثر بعوامل زي التغيرات الموسمية، التغيرات اليومية في درجات الحرارة، أنماط هطول الأمطار، وتغيرات التيارات البحرية. النظم دي بتلعب دور مهم في تشكيل التنوع البيولوجي، توزيع الكائنات الحية، وديناميكيات النظام البيئي بشكل عام.,,inceptionai/Jais-2-8B-Chat,0.0,inceptionai/Jais-2-8B-Chat,,2026-08-17T15:34:59+00:00,,0.571,defer,
wahm_292,egyptian,direct,jais,arabic_centric,مساحة مدينة ليفربول قد إيه؟,111.84,مساحة مدينة Liverpool هي 43.2 كيلومتر مربع.,,inceptionai/Jais-2-8B-Chat,0.0,inceptionai/Jais-2-8B-Chat,,2026-08-17T15:34:59+00:00,,0.000,hallucinated,
wahm_293,egyptian,direct,jais,arabic_centric,مين هو عبد الله بن عباس؟,"صحابي جليل، وابن عم النبي محمد، حبر الأمة و<b data-parsoid='{""dsr"":[1691,1703","عبد الله بن عباس كان واحد من أهم الشخصيات في التاريخ الإسلامي، وكان ابن عم النبي محمد صلى الله عليه وسلم. اتولد في مكة سنة ٦٣ ميلادي، وكان معروف بذكائه وفصاحته وعلمه الغزير.

ابن عباس كان من أوائل اللي دخلوا الإسلام، وكان من أهم صحابة النبي. كان معروف بلقب ""حبر الأمة"" و""ترجمان القرآن""، وده كان معناه إنه كان فاهم القرآن كويس جداً وبيفسره للناس.

ابن عباس كان ليه دور مهم في تفسير القرآن الكريم، وكتير من العلماء والباحثين بيعتبروه من أهم المفسرين في التاريخ الإسلامي. كمان كان ليه دور كبير في نشر تعاليم الإسلام، وكان بيعلم الناس ويفسر لهم القرآن.

بالإضافة لدوره الديني، ابن عباس كان معروف كمان بفصاحته وبلاغته، وكتير من المؤرخين بيعتبروه من أعظم خطباء العرب. كان معروف بقدرته على الكلام بطلاقة، وكتير من خطبه كانت بتتدرس كمثال على البلاغة والفصاحة.

ابن عباس عاش فترة طويلة، وتوفي سنة ٦٧ ميلادي في الطائف. إرثه لسه موجود لحد النهاردة، وكتير من العلماء المسلمين بيعتبروه من أعظم علماء الإسلام.",,inceptionai/Jais-2-8B-Chat,0.0,inceptionai/Jais-2-8B-Chat,,2026-08-17T15:35:02+00:00,,1.000,clean,
wahm_294,egyptian,direct,jais,arabic_centric,إيه هي العملة الرسمية في الفلبين؟,البيزو الفلبيني,العملة الرسمية في الفلبين هي البيزو الفلبيني، ورمزه هو PHP.,,inceptionai/Jais-2-8B-Chat,0.0,inceptionai/Jais-2-8B-Chat,,2026-08-17T15:35:02+00:00,,1.000,clean,
wahm_295,egyptian,direct,jais,arabic_centric,إيه هو الإسفنج المهبلي؟,إحدى وسائل تحديد النسل,الإسفنج المهبلي ده نوع من وسائل منع الحمل اللي بتستخدمه الستات. بيتكون من إسفنجة مرنة مصنوعة من مادة بتمتص السوائل، وبيكون فيها مادة مانعة للحيوانات المنوية. الإسفنجة بتتحط في المهبل قبل الجماع، وبتفضل موجودة هناك لحد ما تشيل منها الست بعد الجماع. المادة المانعة للحيوانات المنوية اللي في الإسفنجة بتفضل فعالة لمدة 24 ساعة، وده بيخليها وسيلة منع حمل فعالة. الإسفنج المهبلي ده بديل للواقي الذكري وممكن يستخدم لوحده أو مع وسائل منع حمل تانية.,,inceptionai/Jais-2-8B-Chat,0.0,inceptionai/Jais-2-8B-Chat,,2026-08-17T15:35:03+00:00,,0.250,defer,
wahm_296,egyptian,direct,jais,arabic_centric,إمتى اتصنع أول إطار مطاطي؟,1889,أول إطار مطاطي اتصنع في سنة 1845 بواسطة John Lloyd Darroch، اللي كان مخترع اسكتلندي. هو عمل الإطار ده باستخدام المطاط الطبيعي اللي كان لسه مكتشفينه حديثاً، وده كان تطور كبير في صناعة النقل. الإطار كان بيستخدم في الأول في العربيات اللي بتجرها الخيول، وكان بيحسن بشكل كبير من راحة الركوب والتحكم في العربيات دي.,,inceptionai/Jais-2-8B-Chat,0.0,inceptionai/Jais-2-8B-Chat,,2026-08-17T15:35:04+00:00,,0.000,hallucinated,
wahm_297,egyptian,direct,jais,arabic_centric,كام محافظة في العراق؟,18,"العراق مقسمة ل٨ محافظات. المحافظات دي هي:

1. بغداد
2. البصرة
3. نينوى
4. أربيل
5. السليمانية
6. دهوك
7. كركوك
8. الأنبار",,inceptionai/Jais-2-8B-Chat,0.0,inceptionai/Jais-2-8B-Chat,,2026-08-17T15:35:05+00:00,,0.000,hallucinated,
wahm_298,egyptian,direct,jais,arabic_centric,إمتى الاكسوم احتل اليمن؟,533م,"الاكسوم، اللي كانت مملكة نوبية قديمة، كانت قوة كبيرة في شرق افريقيا، وخصوصاً في المنطقة اللي دلوقتي إثيوبيا وإريتريا. مع إن الاكسوم كان ليها نفوذ كبير في المنطقة، إلا إن احتلالها لليمن مش موثق تاريخياً بنفس الطريقة اللي موثق بيها توسعها في مناطق تانية.

اليمن، اللي هي دولة في جنوب غرب شبه الجزيرة العربية، كان ليها تاريخها السياسي والعسكري المعقد، وكانت تحت سيطرة قوى إقليمية مختلفة على مر القرون. من أهم القوى اللي كان ليها تأثير كبير في اليمن كانت مملكة سبأ، وبعدين الإمبراطورية الرومانية، والفرس الساسانيين، وبعدين الخلافة الإسلامية.

مع إن الاكسوم كان ليها علاقات تجارية وأحياناً عسكرية مع مناطق في شبه الجزيرة العربية، إلا إن فكرة ""احتلال"" اليمن زي ما حصلت في مناطق تانية زي مصر أو النوبة، مش واضحة أو موثقة بشكل واسع في السجلات التاريخية. العلاقات بين الاكسوم واليمن كانت غالباً بتتأثر بالديناميكيات التجارية والثقافية، مش بالضرورة بالسيطرة العسكرية المباشرة على كل أراضي اليمن.

لو انت بتتكلم عن فترة معينة أو سياق محدد، ممكن تديني تفاصيل أكتر عشان أقدر أديلك إجابة أدق.",,inceptionai/Jais-2-8B-Chat,0.0,inceptionai/Jais-2-8B-Chat,,2026-08-17T15:35:07+00:00,,0.000,hallucinated,
wahm_299,egyptian,direct,jais,arabic_centric,أمتا مات ألكسندرغراهام بيل؟,أغسطس 1922),مات ألكسندر غراهام بيل في 2 أغسطس 1922.,,inceptionai/Jais-2-8B-Chat,0.0,inceptionai/Jais-2-8B-Chat,,2026-08-17T15:35:07+00:00,,1.000,clean,
wahm_000,levantine,direct,jais,arabic_centric,كم مرة فازت الأوروغواي ببطولة كأس العالم لكرة القدم؟,بطولتين,فازت الأوروغواي ببطولة كأس العالم لكرة القدم مرتين، وذلك في عامي 1930 و 1950.,,inceptionai/Jais-2-8B-Chat,0.0,inceptionai/Jais-2-8B-Chat,,2026-08-17T15:35:07+00:00,,0.000,hallucinated,
wahm_001,levantine,direct,jais,arabic_centric,مين اللي اكتشف المرو أو الكوارتز؟,"(بيير كوري) وأخوه (جاك), بيير كوري) وأخوه (جاك","بص يا سيدي، المرو ده كان موجود من زمااااان أوي، من أيام ما كان الإنسان القديم بيولع نار. الناس كانت بتجمعه من على الشواطئ. بس محدش عارف بالظبط مين أول واحد اكتشفه. يعني زي ما تقول كده من أيام ما كان البني آدمين لسه في العصر الحجري. 

بس اللي نعرفه إن الناس القديمة كانت بتستخدمه في حاجات كتير، زي إنه يعملوا منه أدوات حادة، وكانوا بيعملوا منه حاجات للزينة. يعني زي ما تقول كده كان زي الموبايل بتاع زمان - حاجة مفيدة وضرورية في حياتهم اليومية.",,inceptionai/Jais-2-8B-Chat,0.0,inceptionai/Jais-2-8B-Chat,,2026-08-17T15:35:09+00:00,,0.000,hallucinated,
wahm_002,levantine,direct,jais,arabic_centric,كيف بيتصل الجنين بالرحم؟,عن طريق الحبل السري,"الجنين بيتصل بالرحم عن طريق الحبل السري. الحبل السري ده عبارة عن أنبوب مرن فيه تلات أوعية دموية: وريدين وشريان واحد. الوريدين دول بيوصلوا الدم اللي فيه أكسجين وغذاء من الأم للجنين، والشريان بيوصل الدم اللي فيه فضلات من الجنين للأم.

لما الجنين بيتكون، بيكون فيه تجويف جواه اسمه الكيس الأمنيوسي، اللي بيكون مليان بسائل. الكيس ده بيحمي الجنين وبيوفر له بيئة آمنة للنمو والتطور. الحبل السري بيتكون من الأنسجة اللي بتتكون من الجنين نفسه، وبيكون متصل بجدار الكيس الأمنيوسي.

لما الجنين بيتكون، الحبل السري بيكون موجود بالفعل، وبيكون متصل بجدار الكيس الأمنيوسي. مع نمو الجنين، الحبل السري بيكبر معاه، وبيفضل متصل بجدار الكيس الأمنيوسي لحد ما الجنين يتولد.

بعد الولادة، الحبل السري بيفضل متصل بالجنين، وبيكون لسه موجود في جسم الأم. في الأيام الأولى بعد الولادة، الحبل السري بينفصل تدريجياً، وبيسيب ندبة صغيرة في بطن الأم.",,inceptionai/Jais-2-8B-Chat,0.0,inceptionai/Jais-2-8B-Chat,,2026-08-17T15:35:11+00:00,,1.000,clean,
wahm_003,levantine,direct,jais,arabic_centric,وين موجود مسجد السلطان عبد المجيد؟,مدينة جبيل اللبنانية,في إسطنبول، تركيا,,inceptionai/Jais-2-8B-Chat,0.0,inceptionai/Jais-2-8B-Chat,,2026-08-17T15:35:11+00:00,,0.000,hallucinated,
wahm_004,levantine,direct,jais,arabic_centric,شو عاصمة جورجيا؟,تبليسي,تبليسي,,inceptionai/Jais-2-8B-Chat,0.0,inceptionai/Jais-2-8B-Chat,,2026-08-17T15:35:11+00:00,,1.000,clean,
wahm_005,levantine,direct,jais,arabic_centric,قديش عدد آيات سورة الكهف؟,110,عد آيات سورة الكهف هو تسع عشرة آية (19 آية).,,inceptionai/Jais-2-8B-Chat,0.0,inceptionai/Jais-2-8B-Chat,,2026-08-17T15:35:11+00:00,,0.000,hallucinated,
wahm_006,levantine,direct,jais,arabic_centric,شو كان سبب وفاة لاعب كمال الأجسام ناصر السنباطي؟,أثناء نومه,توفي لاعب كمال الأجسام المصري ناصر السنباطي، يوم السبت، عن عمر ناهز 54 عاماً، وذلك بعد معاناته مع المرض. وكشف صديقه المقرب، محمد رفاعي، أن السنباطي كان يعاني من مشاكل في القلب، حيث خضع لعملية جراحية في القلب في وقت سابق، قبل أن تتدهور حالته الصحية مؤخراً.,,inceptionai/Jais-2-8B-Chat,0.0,inceptionai/Jais-2-8B-Chat,,2026-08-17T15:35:12+00:00,,0.000,hallucinated,
wahm_007,levantine,direct,jais,arabic_centric,مين اخترع المحرك البخاري؟,جيمس واط,"بص يا سيدي، المحرك البخاري ده اخترعه واحد انجليزي اسمه James Watt. كان بيشتغل في مصنع قطن في اسكتلندا. الراجل ده كان عبقري وغير الدنيا. قبل كده كان في واحد تاني اسمه Thomas Newcomen عمل محرك بخار بس كان تقيل وكبير اوي ومكلف. 

Watt عمل تحسينات جامدة على تصميم Newcomen، وخلاه اصغر واحسن واسرع. يعني باختصار، هو اللي خلى المحرك البخاري يبقى عملي ومفيد في المصانع والسكك الحديد وكل حاجة. دلوقتي لما تشوف قطر ماشي او مصنع بيشتغل بالبخار، افتكر ان ده كله بفضل الراجل ده.",,inceptionai/Jais-2-8B-Chat,0.0,inceptionai/Jais-2-8B-Chat,,2026-08-17T15:35:13+00:00,,0.000,hallucinated,
wahm_008,levantine,direct,jais,arabic_centric,إيمتى انكتبت وثيقة إعلان قيام دولة إسرائيل؟,14 أيار / مايو 1948,وثيقة إعلان قيام دولة إسرائيل، اللي معروفة كمان باسم إعلان الاستقلال، اتكتبت واتوقعت يوم 14 مايو 1948. الإعلان ده كان من طرف دافيد بن غوريون، اللي كان أول رئيس وزراء لإسرائيل، وبيعلن قيام دولة إسرائيل.,,inceptionai/Jais-2-8B-Chat,0.0,inceptionai/Jais-2-8B-Chat,,2026-08-17T15:35:14+00:00,,0.750,defer,
wahm_009,levantine,direct,jais,arabic_centric,شو كان اسم حصان الرسول صلى الله عليه وسلم؟,البراق,"فقد كان للرسول صلى الله عليه وسلم أكثر من حصان، فقد ذكر الحافظ ابن حجر في كتابه الإصابة أن له صلى الله عليه وسلم 15 فرسا، ما بين الفرس الفرس، ومن هذه الخيل: السكب، واللزاز، والورد، والغزال، والبغلة، والوضيح، والشقراء، والورد، ويدعى السكب، ولم تذكر لنا المصادر أسماء بعضها.

الغرض من هذا الرد هو التوعية لا الإفتاء الملزم، وقد ترد فيه أخطاء؛ فضلاً تحقَّق من النقاط الجوهرية مع مختصّ شرعي. والله أعلم.",,inceptionai/Jais-2-8B-Chat,0.0,inceptionai/Jais-2-8B-Chat,,2026-08-17T15:35:15+00:00,,0.000,hallucinated,
wahm_010,levantine,direct,jais,arabic_centric,مين كان رئيس ألمانيا النازية بالحرب العالمية الثانية؟,أدولف هتلر,رئيس ألمانيا النازية بالحرب العالمية التانية كان Adolf Hitler. هو اللي أسس الحزب النازي، اللي وصل للسلطة في ألمانيا، وكان القائد الأعلى للقوات المسلحة الألمانية، وكان مسؤول عن القرارات المهمة اللي أدت لاندلاع الحرب العالمية التانية. Hitler حكم ألمانيا من 1934 لحد ما انتحر في 1945.,,inceptionai/Jais-2-8B-Chat,0.0,inceptionai/Jais-2-8B-Chat,,2026-08-17T15:35:15+00:00,,0.000,hallucinated,
wahm_011,levantine,direct,jais,arabic_centric,شو هو الطيف الكهرومغناطيسي؟,"مصطلح عام يشمل جميع الترددات الممكنة من الإشعاعات الكهرومغناطيسية, خطوط الأشعة الصادرة من جسم أسود عند درجة حرارة معينة",الطيف الكهرومغناطيسي هو مجموعة كاملة من أنواع الإشعاع الكهرومغناطيسي، مرتبة حسب التردد أو الطول الموجي، وتشمل موجات الراديو، الموجات الدقيقة، الأشعة تحت الحمراء، الضوء المرئي، الأشعة فوق البنفسجية، الأشعة السينية، وأشعة غاما.,,inceptionai/Jais-2-8B-Chat,0.0,inceptionai/Jais-2-8B-Chat,,2026-08-17T15:35:16+00:00,,0.200,defer,
wahm_012,levantine,direct,jais,arabic_centric,وين بتقع مدينة بينيفنتو؟,"جنوب إيطاليا في إقليم كامبانيا, جنوب إيطاليا",في جنوب إيطاليا,,inceptionai/Jais-2-8B-Chat,0.0,inceptionai/Jais-2-8B-Chat,,2026-08-17T15:35:16+00:00,,1.000,clean,
wahm_013,levantine,direct,jais,arabic_centric,شو هي المحاسبة المالية؟,تسجيل وتبويب المدخلات والعمليات التي تمثل الأحداث الاقتصادية وفق نظام معين,"المحاسبة المالية هي فرع من المحاسبة اللي بيهتم بتسجيل وتلخيص وتحليل المعاملات المالية للمؤسسة. الهدف الرئيسي من المحاسبة المالية هو توفير معلومات مالية دقيقة وموثوقة للأطراف الخارجية، زي المستثمرين والدائنين والجهات الرقابية، لمساعدتهم في اتخاذ قرارات مدروسة.

المحاسبة المالية بتتبع معايير ومبادئ محاسبية محددة، زي مبادئ المحاسبة المقبولة عموماً (GAAP) أو المعايير الدولية لإعداد التقارير المالية (IFRS)، لضمان الاتساق والموثوقية في التقارير المالية. العملية بتشمل خطوات رئيسية:

1. **تسجيل المعاملات**: تسجيل كل المعاملات المالية اللي بتحصل في المؤسسة، زي الإيرادات والمصروفات والاستثمارات.
2. **تصنيف المعاملات**: تصنيف المعاملات المسجلة في حسابات مالية محددة، زي الأصول والخصوم وحقوق الملكية والإيرادات والمصروفات.
3. **تلخيص المعاملات**: تجميع المعاملات المتشابهة من الحسابات المختلفة لحساب أرصدة الحسابات.
4. **إعداد البيانات المالية**: تجميع وتلخيص أرصدة الحسابات لتقديم تقارير مالية شاملة، زي قائمة الدخل والميزانية العمومية وقائمة التدفقات النقدية.
5. **مراجعة وتأكيد البيانات المالية**: التأكد من دقة واكتمال البيانات المالية من خلال مراجعات داخلية أو خارجية، أو من خلال مدققين مستقلين.

البيانات المالية اللي بتنتج عن المحاسبة المالية بتستخدم في اتخاذ قرارات الاستثمار، وإدارة المخاطر، والتخطيط الاستراتيجي، وتقييم الأداء المالي للمؤسسة.",,inceptionai/Jais-2-8B-Chat,0.0,inceptionai/Jais-2-8B-Chat,,2026-08-17T15:35:19+00:00,,0.091,defer,
wahm_014,levantine,direct,jais,arabic_centric,وين ولد صدام حسين؟,قرية العوجة,ولد صدام حسين في قرية العوجة قرب تكريت شمال بغداد,,inceptionai/Jais-2-8B-Chat,0.0,inceptionai/Jais-2-8B-Chat,,2026-08-17T15:35:19+00:00,,1.000,clean,
wahm_015,levantine,direct,jais,arabic_centric,بين كم وكم بيضة بتحط أنثى السلمندر؟,"500 إلى 600 بيضه, بين 500 إلى 600",عدد البيض اللي بتحطه أنثى السلمندر بيختلف كتير حسب النوع. في أنواع بتحط كام بيضة، وفي أنواع تانية بتحط عشرات أو حتى مئات البيض. عشان أقدر أديلك إجابة دقيقة، محتاج أعرف انت بتسأل عن أي نوع سلمندر بالظبط.,,inceptionai/Jais-2-8B-Chat,0.0,inceptionai/Jais-2-8B-Chat,,2026-08-17T15:35:19+00:00,,0.250,defer,
wahm_016,levantine,direct,jais,arabic_centric,ليش انوقع الميثاق الأعظم أو الماجنا كارتا؟,محاولةً للحد من نفوذه وحماية امتيازاتهم قانونياً,"الماجنا كارتا، أو الميثاق الأعظم، هي وثيقة تاريخية تم توقيعها في إنجلترا عام 1215. تم توقيعها بين الملك جون (جون بلا أرض) ومجموعة من النبلاء المتمردين، الذين كانوا غاضبين من حكم الملك الجائر والضرائب الباهظة.

**الأسباب الرئيسية لتوقيع الماجنا كارتا:**

*   **حكم الملك جون الجائر:** كان الملك جون معروفًا بسوء حكمه، حيث كان يفرض ضرائب باهظة وغير عادلة، ويهمل إدارة البلاد، مما أدى إلى استياء واسع النطاق بين النبلاء.
*   **الضرائب الباهظة:** كان الملك جون يفرض ضرائب عالية على النبلاء، مما أثقل كاهلهم وحرمهم من حقوقهم.
*   **انتهاكات الحقوق:** كان الملك جون يتجاهل بعض الحقوق الأساسية للنبلاء، مثل حقهم في محاكمة عادلة وحقهم في حماية ممتلكاتهم.
*   **التمردات المتكررة:** أدت سياسات الملك جون إلى سلسلة من التمردات، مما هدد استقرار المملكة.
*   **الحاجة إلى الاستقرار:** كان النبلاء يدركون أن استمرار حكم الملك جون سيؤدي إلى مزيد من الفوضى وعدم الاستقرار، مما يهدد مصالحهم ومصالح المملكة.

**أهم بنود الماجنا كارتا:**

*   **الحق في المحاكمة العادلة:** نص الميثاق على أن ""لا يُجب أن يُحاكم أي رجل حر إلا بموجب قانون الأرض، أو بموجب حكم أقرانه أو بقانون الملك."" هذا يعني أن النبلاء لم يعودوا يخضعون للقوانين التعسفية للملك.
*   **حماية الممتلكات:** أكد الميثاق على حق النبلاء في حماية ممتلكاتهم، ومنع الملك من مصادرتها دون سبب مشروع.
*   **القيود على سلطة الملك:** وضع الميثاق قيودًا على سلطة الملك، مما جعله أكثر مسؤولية أمام النبلاء والقانون.

**النتائج والتأثير:**

*   **خطوة نحو الحكم الدستوري:** على الرغم من أن الماجنا كارتا لم تكن ثورة كاملة، إلا أنها كانت خطوة مهمة نحو تقييد سلطة الملك وتأسيس مبادئ الحكم الدستوري.
*   **تأثير طويل الأمد:** أثرت الماجنا كارتا على تطور القانون الدستوري والأنظمة القانونية في العديد من البلدان، بما في ذلك الولايات المتحدة.
*   **رمز للحرية:** أصبحت الماجنا كارتا رمزًا للحرية والعدالة، وغالبًا ما يُشار إليها في سياق الحقوق المدنية والحريات الفردية.

باختصار، تم توقيع الماجنا كارتا نتيجة للاستياء الواسع النطاق من حكم الملك جون الجائر، والضرائب الباهظة، وانتهاكات الحقوق، والحاجة إلى الاستقرار السياسي. لقد كانت محاولة للحد من سلطة الملك وحماية حقوق النبلاء، مما مهد الطريق لتطور الأنظمة القانونية والدستورية في المستقبل.",,inceptionai/Jais-2-8B-Chat,0.0,inceptionai/Jais-2-8B-Chat,,2026-08-17T15:35:25+00:00,,0.571,defer,
wahm_017,levantine,direct,jais,arabic_centric,شو هي المدينة اللي فيها أكبر مصنع للحديد والصلب بأفريقيا؟,عنابة,"المدينة اللي فيها أكبر مصنع للحديد والصلب في أفريقيا هي مدينة **دربان** في جنوب أفريقيا.

**مصنع تاتا ستيل جنوب أفريقيا (Tata Steel South Africa)** هو أكبر مصنع للصلب في أفريقيا، ويقع في منطقة **إيست لندن** (East London) في مقاطعة **كوازولو ناتال** (KwaZulu-Natal).",,inceptionai/Jais-2-8B-Chat,0.0,inceptionai/Jais-2-8B-Chat,,2026-08-17T15:35:25+00:00,,0.000,hallucinated,
wahm_018,levantine,direct,jais,arabic_centric,مين هي أول امرأة استلمت منصب رئيسة تحرير صحيفة الغارديان خلفا لآلان روسبيرجير؟,كاثرين صوفي فاينر,آن سومرفيل كانت أول ست تمسك منصب رئيسة تحرير الغارديان. هي خلفت آلان روسبيرجير في ٢٠٠٩.,,inceptionai/Jais-2-8B-Chat,0.0,inceptionai/Jais-2-8B-Chat,,2026-08-17T15:35:26+00:00,,0.000,hallucinated,
wahm_019,levantine,direct,jais,arabic_centric,مين مؤسس حركة الجهاد الإسلامي بمصر؟,"علوى مصطفى (من حى مصر الجديدة) وإسماعيل طنطاوي (من حى المنيل) ونبيل البرعي (من حى المعادى), علوى مصطفى (من حى مصر الجديدة) وإسماعيل طنطاوي (من حى المنيل) ونبيل البرعي","مؤسس حركة الجهاد الإسلامي بمصر هو **عبد الله عزام**.

**معلومات إضافية:**

*   **عبد الله عزام:** كان عالم دين فلسطيني، أستاذًا جامعيًا، ومقاتلًا في أفغانستان. لعب دورًا محوريًا في تجنيد وتمويل المقاتلين العرب للقتال ضد الاتحاد السوفيتي في أفغانستان.
*   **تأسيس الحركة:** تأسست حركة الجهاد الإسلامي في مصر عام 1980، متأثرة بأفكار عزام وكتاباته، خاصةً كتابه ""الجهاد في سبيل الله"".
*   **أهداف الحركة:** تهدف الحركة إلى إقامة دولة إسلامية تطبق الشريعة الإسلامية، وتعتبر الجهاد المسلح وسيلة رئيسية لتحقيق هذا الهدف.
*   **الانتشار:** انتشرت أفكار الحركة وأعضاؤها في عدة دول عربية وإسلامية، وارتبطت ببعض أعمال العنف والتطرف.",,inceptionai/Jais-2-8B-Chat,0.0,inceptionai/Jais-2-8B-Chat,,2026-08-17T15:35:27+00:00,,0.091,defer,
wahm_020,levantine,direct,jais,arabic_centric,بأي سنة توفي إسحاق رابين؟,4 نوفمبر 1995,"1995.

الشرح: إسحاق رابين، رئيس الوزراء الإسرائيلي، اغتيل عام 1995.",,inceptionai/Jais-2-8B-Chat,0.0,inceptionai/Jais-2-8B-Chat,,2026-08-17T15:35:28+00:00,,0.333,defer,
wahm_021,levantine,direct,jais,arabic_centric,شو جنسية الفيلسوف ميشال فوكو؟,فرنسي,"فرنسي.

الشرح: الفيلسوف ميشال فوكو كان فرنسيًا. معرفة جنسيات المفكرين والفلاسفة يساعد في فهم سياق أفكارهم وتأثيراتهم الثقافية.",,inceptionai/Jais-2-8B-Chat,0.0,inceptionai/Jais-2-8B-Chat,,2026-08-17T15:35:28+00:00,,1.000,clean,
wahm_022,levantine,direct,jais,arabic_centric,بأي سنة انولد رونالد ريغان؟,"فبراير 1911, 6 فبراير 1911",1922,,inceptionai/Jais-2-8B-Chat,0.0,inceptionai/Jais-2-8B-Chat,,2026-08-17T15:35:28+00:00,,0.000,hallucinated,
wahm_023,levantine,direct,jais,arabic_centric,بأي سنة تأسس نادي مانشستر يونايتد لكرة القدم؟,1 مارس 1878م,"تأسس نادي مانشستر يونايتد لكرة القدم في عام **1878**، تحت اسم **نادي نيوتن هيث ل.إف.C (Newton Heath L.F.C.)**.

تغير اسم النادي إلى **مانشستر يونايتد** في عام **1902**.",,inceptionai/Jais-2-8B-Chat,0.0,inceptionai/Jais-2-8B-Chat,,2026-08-17T15:35:29+00:00,,0.000,hallucinated,
wahm_024,levantine,direct,jais,arabic_centric,متى انعملت بطولة (غرب آسيا) لكرة القدم لأول مرة؟,2000,عام 2000,,inceptionai/Jais-2-8B-Chat,0.0,inceptionai/Jais-2-8B-Chat,,2026-08-17T15:35:29+00:00,,1.000,clean,
wahm_025,levantine,direct,jais,arabic_centric,إيمتى تأسس الجيش اليمني؟,1962,"تأسس الجيش اليمني في فترة مبكرة من تاريخ اليمن، ويعود تأسيسه إلى العصور القديمة. يمكن تتبع جذور الجيش اليمني إلى العصور الحميرية والسبئية، حيث كانت هناك قوات عسكرية منظمة لحماية الممالك القديمة.

**تفاصيل تاريخية:**

*   **العصور القديمة:** كانت هناك ممالك قوية في اليمن مثل سبأ وحمير، وكانت هذه الممالك تمتلك جيوشًا منظمة لحماية أراضيها وتوسيع نفوذها.
*   **الفترة الإسلامية:** مع ظهور الإسلام، تطور الجيش اليمني ليشمل عناصر من القبائل العربية، وشارك في الفتوحات الإسلامية.
*   **العصور الوسطى:** شهد الجيش اليمني تطورات مستمرة، وتأثر بالصراعات الداخلية والخارجية، مثل الحروب بين الأئمة الزيديين والفاطميين.
*   **العصر الحديث:** بعد الاستقلال عن الاستعمار البريطاني في عام 1967، تم توحيد القوات المسلحة اليمنية تحت قيادة واحدة، وهي الجمهورية العربية اليمنية (اليمن الشمالي).

**باختصار:** لا يوجد تاريخ محدد لتأسيس ""الجيش اليمني"" بشكل قاطع، بل هو تطور تدريجي عبر آلاف السنين، مع وجود جذور عميقة في تاريخ المنطقة.",,inceptionai/Jais-2-8B-Chat,0.0,inceptionai/Jais-2-8B-Chat,,2026-08-17T15:35:31+00:00,,0.000,hallucinated,
wahm_026,levantine,direct,jais,arabic_centric,قديش أقصى عمق لبحر قزوين؟,1023 م,"أقصى عمق لبحر قزوين هو 1,025 متر (3,363 قدم).",,inceptionai/Jais-2-8B-Chat,0.0,inceptionai/Jais-2-8B-Chat,,2026-08-17T15:35:31+00:00,,0.000,hallucinated,
wahm_027,levantine,direct,jais,arabic_centric,شو هو الرجفان البطيني؟,"حالة توقف القلب عن العمل بسبب خلل في منظومة القلب تؤدي إلى ارتجاف البطينين بدل انقباضهما, حالة توقف القلب عن العمل بسبب خلل في منظومة القلب تؤدي إلى ارتجاف البطينين بدل انقباضهما، الأمر الذي يؤدي إلى توقف الدورة الدموية ومن ثم إلى الوفاة بالسكتة القلبية إن لم يتم تدارك الأمر علاجياً خلال دقائق معدودة من خلال عملية الإنعاش القلبي الرئوي","الرجفان البطيني هو اضطراب خطير في نظم القلب، حيث يحدث انقباض غير منتظم وسريع وغير قابل للتحكم في البطينين، وهما الحجرتان السفليتان للقلب. يمكن أن يؤدي هذا الاضطراب إلى توقف القلب المفاجئ، مما يشكل تهديدًا مباشرًا للحياة.

**الأسباب المحتملة:**
*   **نقص التروية القلبية:** انخفاض تدفق الدم إلى القلب بسبب انسداد الشرايين التاجية.
*   **اضطرابات كهربائية في القلب:** مشاكل في الإشارات الكهربائية التي تنظم ضربات القلب.
*   **الصدمة الكهربائية:** التعرض لصدمة كهربائية قوية.
*   **بعض الأدوية:** بعض الأدوية، خاصة تلك التي تؤثر على إيقاع القلب.
*   **أمراض القلب:** مثل اعتلال عضلة القلب، أو أمراض صمامات القلب.
*   **نقص البوتاسيوم والمغنيسيوم:** هذه المعادن ضرورية لوظيفة القلب الطبيعية.
*   **الحمى الشديدة:** يمكن أن تؤثر على وظيفة القلب.
*   **الضغط النفسي الشديد:** يمكن أن يؤدي إلى اضطرابات في نظم القلب.

**الأعراض:**
*   **فقدان الوعي المفاجئ:** قد يفقد الشخص وعيه فجأة.
*   **توقف التنفس:** قد يتوقف الشخص عن التنفس.
*   **نبض ضعيف أو غائب:** قد لا يكون هناك نبض محسوس.
*   **ألم في الصدر:** قد يشعر الشخص بألم في الصدر، ولكنه قد لا يكون دائمًا.

**التشخيص:**
*   **تخطيط كهربية القلب (ECG/EKG):** هو الاختبار الرئيسي لتشخيص الرجفان البطيني. يظهر نمطًا مميزًا من النشاط الكهربائي غير المنتظم والسريع في البطينين.
*   **تخطيط صدى القلب (Echocardiogram):** يمكن أن يساعد في تقييم وظيفة القلب وتحديد سبب الرجفان.
*   **اختبارات الدم:** لتقييم مستويات الشوارد (مثل البوتاسيوم والمغنيسيوم) ووظائف القلب.

**العلاج:**
*   **الإنعاش القلبي الرئوي (CPR):** هو إجراء طارئ فوري لإعادة بدء ضربات القلب وتوفير الأكسجين للدماغ.
*   **الصدمة الكهربائية (Defibrillation):** هي العلاج الرئيسي للرجفان البطيني. تستخدم جهازًا كهربائيًا لإعادة ضبط النشاط الكهربائي للقلب.
*   **الأدوية:** قد تُستخدم أدوية معينة للمساعدة في تنظيم ضربات القلب، ولكنها ليست العلاج الأساسي للرجفان البطيني الحاد.

**الوقاية:**
*   **إدارة عوامل الخطر:** مثل ارتفاع ضغط الدم، وارتفاع الكوليسترول، والسكري، والتدخين.
*   **الفحص الدوري للقلب:** خاصة للأشخاص المعرضين لخطر الإصابة بأمراض القلب.
*   **اتباع نمط حياة صحي:** بما في ذلك نظام غذائي متوازن، وممارسة الرياضة بانتظام، والحفاظ على وزن صحي.

**ملاحظة هامة:** إذا كنت تشك",,inceptionai/Jais-2-8B-Chat,0.0,inceptionai/Jais-2-8B-Chat,,2026-08-17T15:35:37+00:00,,0.467,defer,
wahm_028,levantine,direct,jais,arabic_centric,قديش عدد إمارات الإمارات العربية المتحدة؟,"سبع, السبع",سبع إمارات,,inceptionai/Jais-2-8B-Chat,0.0,inceptionai/Jais-2-8B-Chat,,2026-08-17T15:35:37+00:00,,1.000,clean,
wahm_029,levantine,direct,jais,arabic_centric,شو هي عملية التركيب الضوئي؟,عملية كيميائية معقدة تحدث في خلايا البكتيريا الزرقاء وفي صانعات اليخضور (الصانعات الخضراء) أو الكلوروبلاست في كل من الطحالب والنباتات العليا,"التركيب الضوئي هو عملية بيولوجية بتحول فيها النباتات والطحالب وبعض البكتيريا طاقة الضوء لطاقة كيميائية. العملية دي بتحصل في البلاستيدات الخضرا اللي موجودة في خلايا الكائنات دي، وبتستخدم الكلوروفيل لامتصاص ضوء الشمس.

المعادلة الكيميائية العامة للتركيب الضوئي هي:

6CO2 + 6H2O + طاقة ضوئية → C6H12O6 + 6O2

في المعادلة دي:
- CO2 هو ثاني أكسيد الكربون، اللي النباتات بتمتصه من الجو.
- H2O هو الماء، اللي النباتات بتمتصه من التربة.
- C6H12O6 هو الجلوكوز، وهو سكر بسيط بيستخدمه النبات كمصدر للطاقة أو كمادة بناء.
- O2 هو الأكسجين، اللي بيتحرر كمنتج ثانوي خلال العملية.

خلال التركيب الضوئي، الكلوروفيل بيمتص طاقة الضوء، اللي بتستخدم في تحويل ثاني أكسيد الكربون والماء لجلوكوز وأكسجين. العملية دي بتتم على مرحلتين رئيسيتين: التفاعلات المعتمدة على الضوء والتفاعلات المستقلة عن الضوء (اللي بتتعرف كمان بدورة Calvin).

1. **التفاعلات المعتمدة على الضوء**: دي بتحصل في أغشية الثايلاكويد في البلاستيدات الخضرا. هنا، طاقة الضوء بتستخدم في شطر جزيئات الماء، وبتنتج أكسجين، وإلكترونات، وبروتونات (H+). الطاقة دي بتستخدم بعد كده في إنتاج ATP (أدينوسين ثلاثي الفوسفات) و NADPH (نيكوتيناميد أدينين ثنائي النوكليوتيد فوسفات)، وهما جزيئين غنيين بالطاقة بيتم استخدامهم في التفاعلات المستقلة عن الضوء.

2. **التفاعلات المستقلة عن الضوء (دورة Calvin)**: دي بتحصل في الستروما، وهي السائل اللي بيحيط بالثايلاكويدات جوه البلاستيدات الخضرا. هنا، ثاني أكسيد الكربون بيتم تثبيته في جزيئات عضوية باستخدام الطاقة من ATP و NADPH اللي اتنتجوا في التفاعلات المعتمدة على الضوء. العملية دي بتتضمن سلسلة من التفاعلات الكيميائية، وبتنتهي بتكوين الجلوكوز.

الجلوكوز اللي بيتنتج خلال التركيب الضوئي بيستخدم كمصدر للطاقة للنبات، أو بيتخزن على شكل نشا للاستخدام بعدين. الأكسجين اللي بيتحرر خلال العملية دي مهم جداً للحياة على الأرض، لأنه بيساهم في الغلاف الجوي للأكسجين اللي معظم الكائنات الحية، بما فيها البشر، بتعتمد عليه في التنفس.",,inceptionai/Jais-2-8B-Chat,0.0,inceptionai/Jais-2-8B-Chat,,2026-08-17T15:35:42+00:00,,0.450,defer,
wahm_030,levantine,direct,jais,arabic_centric,مين هو ألفرد نوبل؟,"مهندس ومخترع وكيميائي سويدي, مهندس ومخترع وكيميائي سويدي، اخترع الديناميت في سنة 1867 ومن ثم أوصى بمعظم ثروته التي جناها من الاختراع إلى جائزة نوبل التي سُميت بإسمه",ألفرد نوبل كان مخترع ورجل أعمال سويدي، اشتهر باختراعه الديناميت. هو كمان اللي أسس مؤسسة نوبل اللي بتشرف على منح جوائز نوبل، اللي بتتمنح في مجالات الفيزياء والكيمياء والطب والأدب والسلام. نوبل كان معروف كمان بشغله في تطوير المتفجرات، وخصوصاً الديناميت، اللي كان بيستخدم في البنا والتعدين. هو مات في حادثة غرق غامضة في 1896، وبعد وفاته، مؤسسته نشرت بيان بيوضح نيته في استخدام ثروته لتأسيس جوائز لتكريم الأفراد والمنظمات اللي قدمت مساهمات مهمة للبشرية.,,inceptionai/Jais-2-8B-Chat,0.0,inceptionai/Jais-2-8B-Chat,,2026-08-17T15:35:43+00:00,,0.500,defer,
wahm_031,levantine,direct,jais,arabic_centric,وين انولد ميكيلانجيلو؟,"قرية كابريزي قرب أريتسو بتوسكانا, كابريزي",في مدينة كابريزي الإيطالية.,,inceptionai/Jais-2-8B-Chat,0.0,inceptionai/Jais-2-8B-Chat,,2026-08-17T15:35:43+00:00,,1.000,clean,
wahm_032,levantine,direct,jais,arabic_centric,شو المعدل الطبيعي لعملية الجماع؟,5.4 دقائق,"يختلف المعدل الطبيعي لجماع من شخص لآخر، ولكن بشكل عام، يُعتبر الجماع مرة واحدة في الأسبوع أو كل أسبوعين طبيعيًا وصحيًا لمعظم الأزواج. ومع ذلك، يمكن أن يختلف هذا المعدل بناءً على عدة عوامل، منها:

*   **العمر:** قد يختلف معدل الجماع بين الشباب وكبار السن.
*   **الصحة العامة:** قد تؤثر بعض الحالات الصحية على الرغبة أو القدرة على الجماع.
*   **العلاقة العاطفية:** العلاقة القوية والمستقرة غالبًا ما تؤدي إلى زيادة الرغبة في الجماع.
*   **الظروف الشخصية:** مثل العمل، السفر، أو ضغوط الحياة الأخرى.
*   **التفضيلات الشخصية:** قد يفضل بعض الأشخاص وتيرة مختلفة عن الآخرين.

**نصائح للحفاظ على صحة العلاقة الحميمة:**

*   **التواصل المفتوح:** تحدث مع شريكك بصراحة عن رغباتكما واحتياجاتكما.
*   **الاستماع والتفهم:** حاول فهم وجهة نظر شريكك واحتياجاته.
*   **التجريب:** لا تتردد في تجربة أشياء جديدة لإضفاء الإثارة على العلاقة.
*   **الاهتمام بالصحة العامة:** الحفاظ على نظام غذائي صحي، ممارسة الرياضة بانتظام، والحصول على قسط كافٍ من النوم يمكن أن يؤثر إيجابًا على الرغبة والقدرة على الجماع.
*   **استشارة الطبيب:** إذا كنت قلقًا بشأن صحتك الجنسية أو إذا كنت تواجه صعوبات في العلاقة الحميمة، فمن الأفضل استشارة طبيب أو أخصائي صحة جنسية.

**ملاحظة هامة:** المعلومات المقدمة هنا هي لأغراض إعلامية عامة ولا تشكل نصيحة طبية. إذا كانت لديك مخاوف صحية محددة، فمن الضروري استشارة أخصائي رعاية صحية مؤهل.",,inceptionai/Jais-2-8B-Chat,0.0,inceptionai/Jais-2-8B-Chat,,2026-08-17T15:35:46+00:00,,0.000,hallucinated,
wahm_033,levantine,direct,jais,arabic_centric,إمتى بلش التوقيع على معاهدة الحد من انتشار الأسلحة النووية؟,1 يوليو 1968,"التوقيع على معاهدة الحد من انتشار الأسلحة النووية (NPT) ما بلش بتاريخ محدد واحد، لأن المعاهدة ما كانت نتيجة حدث واحد، بل كانت نتيجة مفاوضات طويلة استمرت لعدة سنين. معاهدة NPT هي معاهدة دولية متعددة الأطراف هدفها منع انتشار الأسلحة النووية، وتعزيز نزع السلاح النووي، وتعزيز الاستخدام السلمي للطاقة النووية.

المفاوضات على معاهدة الحد من انتشار الأسلحة النووية بدأت في أوائل الستينات، مع مؤتمر الأمم المتحدة المعني بالمنظمة الدولية للسلاح النووي في 1963، اللي كان أول محاولة عالمية متعددة الأطراف للسيطرة على الأسلحة النووية. المؤتمر ده أدى لمفاوضات معاهدة عدم انتشار الأسلحة النووية، اللي انتهت بالتوقيع على المعاهدة في 1 يوليو 1968.

المعاهدة نفسها ما تم التصديق عليها من كل الدول المشاركة في نفس الوقت. بدل كده، كل دولة لازم توقع وتصادق على المعاهدة بشكل منفصل، وعملية التصديق مستمرة لحد دلوقتي. دول زي الولايات المتحدة، روسيا، الصين، المملكة المتحدة، فرنسا، وألمانيا كانوا من الدول الأصلية اللي وقعت على المعاهدة في 1968. دول تانية زي الهند، باكستان، وإسرائيل ما وقَّعتش على المعاهدة، بينما دول زي كوريا الشمالية انسحبت منها.

باختصار، معاهدة الحد من انتشار الأسلحة النووية ما بلشت بتوقيع واحد، لكن بدأت بعملية مفاوضات طويلة بدأت في أوائل الستينات واتمضت رسمياً في 1968.",,inceptionai/Jais-2-8B-Chat,0.0,inceptionai/Jais-2-8B-Chat,,2026-08-17T15:35:49+00:00,,1.000,clean,
wahm_034,levantine,direct,jais,arabic_centric,شو هو الأرجاز؟,نوع من العجز الجنسي، حيث يكون الشخص غير قادر على تحقيق هزة الجماع على الرغم من وجود التحفيز الكافي,الأرجاز هو نوع من الشعر العربي القديم، وهو عبارة عن شعر يتكون من مقاطع قصيرة، وغالبًا ما يكون على وزن معين. يتميز الأرجاز بأنه يستخدم في الأغراض التعليمية أو الإيقاعية، مثل تعليم الأطفال أو في الأناشيد. يُعتبر الأرجاز جزءًا من التراث الشعري العربي، وله دور في تطوير اللغة العربية وتعزيز الفصاحة والبلاغة.,,inceptionai/Jais-2-8B-Chat,0.0,inceptionai/Jais-2-8B-Chat,,2026-08-17T15:35:50+00:00,,0.500,defer,
wahm_035,levantine,direct,jais,arabic_centric,شو هي الرهبنة الفرنسيسكانية؟,"رهبنة في الكنيسة الكاثوليكية، تأسست على يد القديس فرنسيس الأسيزي, رهبنة في الكنيسة الكاثوليكية، تأسست على يد القديس فرنسيس الأسيزي في شمال إيطاليا",الرهبنة الفرنسيسكانية هي نظام ديني كاثوليكي أسسه القديس فرنسيس الأسيزي في القرن الثالث عشر. بتتميز بالتركيز على الفقر، والطاعة، والبساطة، ومحبة الله والقريب. الرهبان الفرنسيسكان معروفين بالتزامهم بالعيش ببساطة، وخدمة المجتمع، وحماية البيئة، وغالباً ما بيشاركوا في أعمال خيرية واجتماعية. الرهبنة دي بتتبع تعاليم القديس فرنسيس، اللي بتركز على التواضع، ومحبة الله والقريب، والعناية بالخليقة.,,inceptionai/Jais-2-8B-Chat,0.0,inceptionai/Jais-2-8B-Chat,,2026-08-17T15:35:51+00:00,,0.667,defer,
wahm_036,levantine,direct,jais,arabic_centric,مين هو نقفور الثاني فوكاس؟,"امبراطور بيزنطي, امبراطور بيزنطي (963-969) أسهمت حملاته العسكرية في إحياء الامبراطورية البيزنطية في القرن العاشر","نقفور الثاني فوكاس كان إمبراطور بيزنطي حكم من ٩١٨ لغاية ٩٣٠. كان ابن الإمبراطور ليو الخامس الأرمني، اللي كان إمبراطور بيزنطي من ٨٨٨ لغاية ٩١٨. نقفور الثاني كان معروف إنه كان عنده طموحات كبيرة، وكان عايز يوسع الإمبراطورية البيزنطية، بس فترة حكمه كانت قصيرة ومليانة مشاكل.

نقفور الثاني وصل للعرش بعد ما عمه قسطنطين الرابع، اللي كان إمبراطور بيزنطي من ٩٠٨ لغاية ٩١٨، مات فجأة. في الأول، قسطنطين الرابع كان عايز يخلي نقفور الثاني إمبراطور مشارك، عشان يحافظ على استقرار الإمبراطورية. بس نقفور التاني كان عنده طموحات أكبر، وكان عايز يبقى هو الإمبراطور الوحيد.

في ٩٢١، نقفور الثاني بدأ حملة عسكرية كبيرة ضد الإمبراطورية العربية، وكان هدفه إنه يوسع حدود الإمبراطورية البيزنطية. الحملة دي كانت مكلفة جداً، وفي الآخر أدت لخسائر كبيرة في الأرواح والموارد. كمان، نقفور الثاني كان عنده مشاكل داخلية، منها معارضة من النبلاء، اللي كانوا مش راضيين عن طموحاته.

في ٩٣٠، قسطنطين الرابع، اللي كان لسه على قيد الحياة، عزل نقفور الثاني من الحكم. قسطنطين الرابع كان عايز يمنع أي مشاكل تانية أو صراعات على العرش، وعشان كده قرر إنه يعزل نقفور الثاني. نقفور اتنفى، ومات بعد كده في المنفى.

فترة حكم نقفور الثاني كانت قصيرة ومليانة مشاكل، بس برضه كانت مهمة في تاريخ الإمبراطورية البيزنطية، لأنها وضحت الطموحات الكبيرة والتحديات اللي واجهت الإمبراطورية في الوقت ده.",,inceptionai/Jais-2-8B-Chat,0.0,inceptionai/Jais-2-8B-Chat,,2026-08-17T15:35:54+00:00,,1.000,clean,
wahm_037,levantine,direct,jais,arabic_centric,وين موجودة هضبة التيبت؟,آسيا الوسطى,"هضبة التبت، اللي كيسميوها تاني هضبة الهيمالايا، كاينة فالمنطقة اللي كتحد الصين من الشمال والهند من الجنوب والنيبال من الغرب. هي أعلى هضبة فالعالم، بمعدل ارتفاع تقريبا 4,500 متر (14,800 قدم) فوق مستوى سطح البحر.",,inceptionai/Jais-2-8B-Chat,0.0,inceptionai/Jais-2-8B-Chat,,2026-08-17T15:35:55+00:00,,0.000,hallucinated,
wahm_038,levantine,direct,jais,arabic_centric,إمتى رسم فان كوخ لوحة ليلة النجوم؟,1889 م,"فان كوخ رسم لوحة ""ليلة النجوم"" سنة 1889. اللوحة دي من أشهر أعماله وبتعبر عن رؤيته الفنية الفريدة.",,inceptionai/Jais-2-8B-Chat,0.0,inceptionai/Jais-2-8B-Chat,,2026-08-17T15:35:55+00:00,,0.500,defer,
wahm_039,levantine,direct,jais,arabic_centric,قديش مساحة جورجيا؟,69.700 كم2,"مساحة جورجيا حوالي 69,700 كيلومتر مربع (26,413 ميل مربع).",,inceptionai/Jais-2-8B-Chat,0.0,inceptionai/Jais-2-8B-Chat,,2026-08-17T15:35:55+00:00,,0.667,defer,
wahm_040,levantine,direct,jais,arabic_centric,مين مؤلف مانجا بيرسيرك؟,كينتارو ميورا,"مؤلف مانجا ""بيرسيرك"" هو كينتارو ميورا (Kenتارo Miura). هو فنان مانجا ياباني معروف بشغله على ""بيرسيرك""، اللي هي سلسلة مانجا مشهورة جداً ومعروفة بقصتها المعقدة، وشخصياتها العميقة، ورسمها المفصل. ""بيرسيرك"" اتنشرت في مجلة ""كودانشا"" الأسبوعية من 1989 لغاية 1991، وبعدين كـ ""تانكوبون"" من 1991 لغاية 2021، مما خلاها واحدة من أطول سلاسل المانجا في التاريخ.",,inceptionai/Jais-2-8B-Chat,0.0,inceptionai/Jais-2-8B-Chat,,2026-08-17T15:35:57+00:00,,1.000,clean,
wahm_041,levantine,direct,jais,arabic_centric,بأي سنة تأسست مدينة العيون؟,1938,تأسست مدينة العيون سنة 1938,,inceptionai/Jais-2-8B-Chat,0.0,inceptionai/Jais-2-8B-Chat,,2026-08-17T15:35:57+00:00,,1.000,clean,
wahm_042,levantine,direct,jais,arabic_centric,شو هو السلم الموسيقي؟,عبارة عن تتابع النغمات صعوداً وهبوطاً ويتكون من سبع درجات نغمية,السلم الموسيقي هو مجموعة من النغمات الموسيقية المرتبة بطريقة معينة، بحيث تكون النغمات مرتبة بشكل تصاعدي أو تنازلي، وتستخدم في تأليف الموسيقى وتحديد النغمات المستخدمة في الأغاني والمقطوعات الموسيقية. ويتكون السلم الموسيقي عادة من 7 نغمات، وهي النغمات الأساسية التي تشكل السلم الموسيقي الغربي، وهي: دو، ري، مي، فا، صول، لا، سي.,,inceptionai/Jais-2-8B-Chat,0.0,inceptionai/Jais-2-8B-Chat,,2026-08-17T15:35:58+00:00,,0.273,defer,
wahm_043,levantine,direct,jais,arabic_centric,إمتى تأسست القوات الخاصة التابعة للجيش البريطاني؟,1707,"القوات الخاصة التابعة للجيش البريطاني، اللي معروفة باسم ""القوات الخاصة"" أو ""SAS""، اتأسست رسمياً في 1 أغسطس 1941. تأسيسها كان في وقت الحرب العالمية التانية، وكان الهدف الرئيسي منها هو تنفيذ عمليات خاصة ورا خطوط العدو، وجمع المعلومات، وإنقاذ الرهائن، والقيام بعمليات خاصة تانية مش ممكن تتنفذ بالقوات التقليدية.",,inceptionai/Jais-2-8B-Chat,0.0,inceptionai/Jais-2-8B-Chat,,2026-08-17T15:35:58+00:00,,0.000,hallucinated,
wahm_044,levantine,direct,jais,arabic_centric,مين مؤلف رواية التائهون؟,أمين معلوف,مؤلف رواية التائهون هو الروائي المصري الكبير **أحمد خالد توفيق**.,,inceptionai/Jais-2-8B-Chat,0.0,inceptionai/Jais-2-8B-Chat,,2026-08-17T15:35:59+00:00,,0.000,hallucinated,
wahm_045,levantine,direct,jais,arabic_centric,مين هي أنغريت كرامب كارينباور؟,سياسية ألمانية تشغل منصب زعيمة الاتحاد الديمقراطي المسيحي,"أنغريت كرامب كارينباور (من مواليد 9 أغسطس 1972) هي سياسية ألمانية وعضو في حزب الاتحاد الديمقراطي المسيحي (CDU). اتولدت في ستراسبورغ، فرنسا، وانتقلت مع عائلتها إلى ألمانيا لما كان عمرها 10 سنين. درست القانون في جامعة بون وعملت كمحامية قبل ما تدخل السياسة.

كرامب كارينباور بقت عضو في البوندستاغ الألماني (البرلمان الاتحادي) لأول مرة في 2017، بعد ما فازت في الانتخابات الفيدرالية الألمانية. بقت بسرعة واحدة من الشخصيات البارزة في حزب CDU، وبقت وزيرة لشؤون الداخلية في حكومة أنجيلا ميركل من 2019 لغاية 2021. في دورها كوزيرة، كانت مسؤولة عن قضايا الأمن الداخلي، بما في ذلك مكافحة الإرهاب، وإدارة الحدود، والسياسات المتعلقة باللاجئين.

في 2021، كرامب كارينباور خلفت أنجريت كرامب-كارينباور كرئيسة لحزب CDU، بعد ما استقالت من منصبها كوزيرة. كرئيسة للحزب، ركزت على إعادة بناء وتوحيد الحزب، خصوصاً بعد سلسلة من الفضائح والمشاكل الداخلية اللي واجهها في السنين الأخيرة. كرامب كارينباور معروفة بأسلوبها العملي والحذر في السياسة، وبتركز على أهمية الاستقرار والقيادة القوية في مواجهة التحديات الداخلية والخارجية.",,inceptionai/Jais-2-8B-Chat,0.0,inceptionai/Jais-2-8B-Chat,,2026-08-17T15:36:01+00:00,,0.625,defer,
wahm_046,levantine,direct,jais,arabic_centric,قديش نسبة الزيت بحبة البركة؟,40%,تحتوي حبة البركة على نسبة زيت تبلغ حوالي 31-32% من وزنها الجاف.,,inceptionai/Jais-2-8B-Chat,0.0,inceptionai/Jais-2-8B-Chat,,2026-08-17T15:36:01+00:00,,0.000,hallucinated,
wahm_047,levantine,direct,jais,arabic_centric,"مين مؤلف كتاب ""12 قاعدة للحياة""؟",جوردان بيرنت بيترسون,"مؤلف كتاب ""1-2-3: 1,2,3,4,5,6,7,8,9,10: A Traffic Light to Navigate Life's Critical Inevitabilities"" هو **James Clear**.

James Clear هو كاتب ومتحدث تحفيزي أمريكي، معروف بكتاباته عن الإنتاجية والتحسين الذاتي. كتابه ""1-2-3: 1,2,3,4,5,6,7,8,9,10: A Traffic Light to Navigate Life's Critical Inevitabilities"" بيقدم إطار عمل بسيط وفعال للتعامل مع التحديات والقرارات المهمة في الحياة.",,inceptionai/Jais-2-8B-Chat,0.0,inceptionai/Jais-2-8B-Chat,,2026-08-17T15:36:03+00:00,,0.000,hallucinated,
wahm_048,levantine,direct,jais,arabic_centric,مين هن اليهود الأشكناز؟,اليهود الذين ترجع أصولهم إلى أوروبا الشرقية,"اليهود الأشكناز هما مجموعة عرقية ودينية يهودية نشأت في وسط وشرق أوروبا. أصلهم بيرجع بشكل أساسي لألمانيا، ومنها جه اسمهم ""أشكناز"" اللي معناه ""ألمانيا"" بالعبرية. اليهود الأشكناز عندهم تاريخ غني ومعقد، بيمتد لقرون كتير، وساهموا بشكل كبير في الثقافة والفن والأدب والمجتمعات اليهودية في العالم كله.

اليهود الأشكناز بيتميزوا بلغتهم، اللي هي اليديشية، وهي لغة جرمانية متأثرة بالعبرية واللغات السلافية. كمان عندهم تقاليد دينية وثقافية مميزة، زي طريقة معينة في الصلاة، وطقوس احتفالية، وأسلوب خاص في الموسيقى والرقص.

على مر التاريخ، اليهود الأشكناز واجهوا تحديات كبيرة، منها الاضطهاد والمذابح، خصوصاً خلال المحرقة في الحرب العالمية التانية. بالرغم من الصعوبات دي، الأشكناز لعبوا دور مهم في الحفاظ على هويتهم الثقافية والدينية، وكمان في تشكيل المجتمعات اليهودية في العالم كله.

في العصر الحديث، اليهود الأشكناز لسه بيمثلوا جزء كبير من السكان اليهود في العالم، وبيساهموا في الحياة اليهودية في كل حتة، من خلال المؤسسات الدينية والتعليمية والثقافية.",,inceptionai/Jais-2-8B-Chat,0.0,inceptionai/Jais-2-8B-Chat,,2026-08-17T15:36:05+00:00,,0.286,defer,
wahm_049,levantine,direct,jais,arabic_centric,إيمتى توفي توماس كوهين؟,17 حزيران 1996,"توماس كوهين، عالم الاجتماع الأمريكي اللي اشتهر بنظرية ""الهيكل الاجتماعي""، توفى في 21 فبراير 2005.",,inceptionai/Jais-2-8B-Chat,0.0,inceptionai/Jais-2-8B-Chat,,2026-08-17T15:36:05+00:00,,0.000,hallucinated,
wahm_050,levantine,direct,jais,arabic_centric,مين هو كريستوفر ستيفنز؟,"اسمه الكامل جون كريستوفر ستيفينز ، ولد وترعرع في شمال كاليفورنيا[2] ،درس في جامعة ""بركلي""وعمل محامياً مختصاً بالشؤون التجارية الدولية في واشنطن قبل ان ينضم إلى الخارجية الأمريكية في عام 1991.يجيد ستيفنز اللغة العربية والفرنسية وقد نشر العديد من المقالات في القدس ودمشق والقاهرة, سفير الولايات المتحدة في ليبيا منذ مايو 2012 [2] وحتى وفاته","كريستوفر ستيفنز كان دبلوماسي أمريكي، خدم كسفير الولايات المتحدة في ليبيا من أبريل 2012 لغاية سبتمبر 2012. كان عنده خبرة كبيرة في الدبلوماسية، وخدم كسفير للولايات المتحدة في عدة دول، منها:

*   **مصر:** من 2008 لغاية 2012
*   **سوريا:** من 2003 لغاية 2005
*   **الأردن:** من 2001 لغاية 2003
*   **لبنان:** من 2003 لغاية 2005

ستيفنز كان معروف بخبرته في العلاقات الأمريكية مع دول الشرق الأوسط وشمال أفريقيا، وكان له دور مهم في تعزيز العلاقات الدبلوماسية والاقتصادية بين الولايات المتحدة وهذه الدول. للأسف، تم قتله في هجوم على القنصلية الأمريكية في بنغازي، ليبيا، في 11 سبتمبر 2012.",,inceptionai/Jais-2-8B-Chat,0.0,inceptionai/Jais-2-8B-Chat,,2026-08-17T15:36:07+00:00,,0.545,defer,
wahm_051,levantine,direct,jais,arabic_centric,شو هي العصور الوسطى؟,التسمية التي تُطلق على الفترة الزمنية في التاريخ الأوروبي التي امتّدت من القرن الخامس حتّى القرن الخامس عشر الميلادي,"العصور الوسطى هي فترة تاريخية واسعة من تاريخ البشرية، بتبدأ تقريباً من القرن الخامس الميلادي وبتنتهي مع بداية عصر النهضة في القرن الخامس عشر الميلادي. الفترة دي كانت فترة تحول كبير في أوروبا، اتميزت بتغيرات سياسية واجتماعية وثقافية واقتصادية كبيرة.

**العصور الوسطى المبكرة (القرن الخامس للقرن العاشر):**
- **سقوط الإمبراطورية الرومانية الغربية (476 م):** نهاية الحكم الروماني في الغرب أدت لظهور ممالك جديدة، منها مملكة الفرنجة.
- **ظهور الممالك المسيحية:** الممالك المسيحية في شمال وجنوب أوروبا بدأت تتشكل، مع ظهور شخصيات مهمة زي شارلمان اللي وحد جزء كبير من أوروبا الغربية.

**العصور الوسطى العالية (القرن الحادي عشر للقرن الثالث عشر):**
- **صعود المدن:** نمو المدن كمراكز تجارية وثقافية، مع تطور الجامعات.
- **الحروب الصليبية:** سلسلة من الحملات العسكرية اللي بدأها الغرب المسيحي لاستعادة الأراضي المقدسة من المسلمين، وأدت لتأسيس ممالك صليبية في الشرق الأوسط.
- **الحروب الأهلية:** صراعات داخلية بين النبلاء، زي حرب الوردتين في إنجلترا، اللي أدت لتأسيس ممالك قوية.

**العصور الوسطى المتأخرة (القرن الرابع عشر للقرن الخامس عشر):**
- **الموت الأسود (القرن الرابع عشر):** تفشي الطاعون الدبلي اللي سبب موت ملايين الناس، وأثر بشكل كبير على التركيبة السكانية والاقتصاد والمجتمع.
- **ظهور الدول القومية:** توحيد ممالك مختلفة في دول مركزية قوية، زي فرنسا وإنجلترا وإسبانيا.
- **عصر النهضة:** فترة تحول ثقافي وفني وعلمي، بدأت في إيطاليا وانتشرت في أوروبا، وبتعتبر نهاية العصور الوسطى وبداية العصر الحديث.

العصور الوسطى كانت فترة معقدة ومتنوعة، اتميزت بتغيرات كبيرة في السلطة السياسية، والتحولات الاقتصادية، والابتكارات الثقافية، والصراعات الدينية. الفترة دي حطت الأساس للتطورات اللي جت بعد كده في التاريخ الأوروبي والعالمي.",,inceptionai/Jais-2-8B-Chat,0.0,inceptionai/Jais-2-8B-Chat,,2026-08-17T15:36:11+00:00,,0.625,defer,
wahm_052,levantine,direct,jais,arabic_centric,شو هي عظمة الإسك؟,الجزء الأسفل والخلفي لعظم الورك,"عظمة الإسك (بالإنجليزية: Ischial bone) هي عظمة صغيرة تقع في الجزء السفلي من الحوض، وهي جزء من عظم الورك. تعتبر عظمة الإسك هي الجزء السفلي من عظم الورك، وهي تشكل الجزء الخلفي من الحوض.

**موقعها ووظيفتها:**
*   **الموقع:** تقع عظمة الإسك في الجزء الخلفي السفلي من الحوض، وهي الجزء الذي تشعر به عند الجلوس على سطح صلب.
*   **الوظيفة:** تعمل كدعامة أساسية للوزن عند الجلوس والوقوف، كما أنها تشكل جزءًا من مفصل الورك.

**ملاحظات إضافية:**
*   عظمة الإسك هي جزء من عظم الورك الأكبر، والذي يتكون من ثلاثة أجزاء رئيسية: الحرقفة (Ilium)، والإسك (Ischium)، والعانة (Pubis).
*   يمكن أن تكون عظمة الإسك عرضة للكسر، خاصة لدى كبار السن أو الأشخاص الذين يعانون من هشاشة العظام.",,inceptionai/Jais-2-8B-Chat,0.0,inceptionai/Jais-2-8B-Chat,,2026-08-17T15:36:13+00:00,,0.800,defer,
wahm_053,levantine,direct,jais,arabic_centric,قديش عدد آيات سورة المائدة؟,120,عدد آياتها 120 آية,,inceptionai/Jais-2-8B-Chat,0.0,inceptionai/Jais-2-8B-Chat,,2026-08-17T15:36:13+00:00,,1.000,clean,
wahm_054,levantine,direct,jais,arabic_centric,شو هو العثث؟,"مجموعة كبيرة من الحشرات القريبة من الفراشات, مجموعة كبيرة من الحشرات القريبة من الفراشات، وهي من أكثر الكائنات الحية شيوعا في العالم، حيث تتواجد في مختلف الأقاليم والمناخات","العثث هي حشرات صغيرة، غالباً ما تكون غير واضحة، تنتمي إلى رتبة حرشفيات الأجنحة (Lepidoptera)، والتي تشمل أيضاً الفراشات. تتميز العثث بعدة خصائص:

*   **الأجنحة:** على عكس الفراشات، لا تمتلك العثث أجنحة ملونة زاهية. بدلاً من ذلك، تكون أجنحتها مغطاة بحراشف صغيرة، مما يجعلها تبدو باهتة أو رمادية اللون. قد تكون هذه الأجنحة غير واضحة أو ذات ألوان ترابية، مما يساعدها على التمويه في بيئتها.
*   **النشاط الليلي:** معظم أنواع العثث ليلية، أي أنها تنشط في الليل.
*   **التغذية:** تتغذى العثث بشكل أساسي على النباتات، بما في ذلك الأوراق والأزهار والثمار.
*   **دورة الحياة:** تمر العثث بدورة حياة كاملة، تتضمن أربع مراحل: البيضة، اليرقة (تسمى أحياناً اليرقة)، العذراء (الشرنقة)، والحشرة البالغة.
*   **التوزيع:** توجد العثث في جميع أنحاء العالم، باستثناء المناطق القطبية.

**أمثلة على العثث:**
*   **عثة الدقيق (Earmestis):** تتغذى على حبوب القمح والشعير.
*   **عثة الملابس (Tineola bisselliella):** تسبب أضرارًا كبيرة للملابس الصوفية.
*   **عثة الدب (Cydia pomonella):** تسبب أضرارًا شديدة للتفاح.

**أهمية العثث:**
*   **التلقيح:** بعض أنواع العثث، مثل عثة النحل (Moth Moths)، تلعب دورًا هامًا في تلقيح النباتات.
*   **التحلل:** تساعد العثث في تحلل المواد العضوية، مما يساهم في دورة المغذيات في البيئة.
*   **الأدلة البيئية:** يمكن استخدام بعض أنواع العثث كمؤشرات بيئية، حيث أن وجودها أو غيابها يمكن أن يشير إلى تغيرات في البيئة المحيطة.",,inceptionai/Jais-2-8B-Chat,0.0,inceptionai/Jais-2-8B-Chat,,2026-08-17T15:36:17+00:00,,0.500,defer,
wahm_055,levantine,direct,jais,arabic_centric,وين بتقع مدينة أوديسا؟,"جمهورية أوكرانيا, أوكرانيا",مدينة أوديسا هي مدينة ساحلية تقع على ساحل البحر الأسود في أوكرانيا.,,inceptionai/Jais-2-8B-Chat,0.0,inceptionai/Jais-2-8B-Chat,,2026-08-17T15:36:17+00:00,,1.000,clean,
wahm_056,levantine,direct,jais,arabic_centric,إمتى أنتجوا الفيلم العربي (صح النوم)؟,1975,عام 1976,,inceptionai/Jais-2-8B-Chat,0.0,inceptionai/Jais-2-8B-Chat,,2026-08-17T15:36:17+00:00,,0.000,hallucinated,
wahm_057,levantine,direct,jais,arabic_centric,إمتى انعرض أول موسم من مسلسل امريكا قوت تالنت؟,يونيو من عام 2006,"أول موسم من ""America's Got Talent"" اتعرض على NBC في 21 يونيو 2006. البرنامج ده بقى من أشهر برامج المواهب في أمريكا، وكان بيعرض عروض متنوعة من مواهب مختلفة، من الرقص والغناء للعروض الغريبة. البرنامج كان بيقدم منصة للمواهب عشان تظهر قدام جمهور كبير ولجنة تحكيم، اللي كانت بتضم حكام مشهورين زي Howie Mandel و Piers Morgan و Simon Cowell.",,inceptionai/Jais-2-8B-Chat,0.0,inceptionai/Jais-2-8B-Chat,,2026-08-17T15:36:18+00:00,,0.750,defer,
wahm_058,levantine,direct,jais,arabic_centric,مين الملاكم اللي ملقب ببراون بومبر؟,جوزيف لويس بارو,"الملاكم اللي ملقب بـ ""براون بومبر"" هو Michael ""The Heat"" McBride. هو ملاكم محترف من أمريكا، معروف بضرباته القوية وسرعته في الحلبة. McBride بدأ مسيرته في الملاكمة في أوائل الألفينات، واشتهر بأسلوبه العدواني وقدرته على إلحاق ضربات مدمرة.",,inceptionai/Jais-2-8B-Chat,0.0,inceptionai/Jais-2-8B-Chat,,2026-08-17T15:36:19+00:00,,0.000,hallucinated,
wahm_059,levantine,direct,jais,arabic_centric,وين بتقع ولاية ساكسونيا؟,ولاية ألمانية,تقع ولاية ساكسونيا في شرق ألمانيا، وتحدها من الشمال ولاية مكلنبورغ-فوربومرن، ومن الشرق بولندا، ومن الجنوب جمهورية التشيك، ومن الغرب ولاية تورينغن.,,inceptionai/Jais-2-8B-Chat,0.0,inceptionai/Jais-2-8B-Chat,,2026-08-17T15:36:19+00:00,,0.500,defer,
wahm_060,levantine,direct,jais,arabic_centric,إمتى تأسست جامعة أم القرى؟,1401 هـ,تأسست جامعة أم القرى في 28 رجب 1401هـ الموافق 12 أغسطس 1981م.,,inceptionai/Jais-2-8B-Chat,0.0,inceptionai/Jais-2-8B-Chat,,2026-08-17T15:36:20+00:00,,0.000,hallucinated,
wahm_061,levantine,direct,jais,arabic_centric,شو هي دوامة نفايات شمال المحيط الهادئ؟,"منطقة قمامة بحرية تقع في منتصف المحيط الهادي الشمالي، وتمتد إلى منطقة غير محددة الحدود بشكل دقيق، وذلك لاختلاف تركيز البلاستيك والنفايات على حسب المنطقة, منطقة قمامة بحرية تقع في منتصف المحيط الهادي الشمالي","دوامة نفايات شمال المحيط الهادئ هي منطقة في المحيط الهادئ الشمالي حيث تتجمع كميات كبيرة من النفايات البلاستيكية وغيرها من النفايات البحرية. هذه المنطقة تعتبر واحدة من أكبر تجمعات النفايات البحرية في العالم، حيث يتم جمع النفايات من جميع أنحاء العالم والتي تصل إلى المحيط عبر الأنهار والمحيطات.

تتكون هذه الدوامة من تيارات بحرية قوية تعمل على تجميع النفايات في منطقة محددة، مما يؤدي إلى تراكم كميات هائلة من النفايات البلاستيكية وغيرها من المواد الضارة. هذا التراكم يشكل تهديدًا خطيرًا للحياة البحرية، حيث يمكن أن تبتلع الحيوانات البحرية هذه النفايات أو تتعرض للتسمم من المواد الكيميائية الموجودة فيها.

تعتبر دوامة نفايات شمال المحيط الهادئ مثالًا على مشكلة التلوث البحري العالمية، وتتطلب جهودًا دولية مشتركة للحد من النفايات البحرية وحماية البيئة البحرية.",,inceptionai/Jais-2-8B-Chat,0.0,inceptionai/Jais-2-8B-Chat,,2026-08-17T15:36:21+00:00,,0.556,defer,
wahm_062,levantine,direct,jais,arabic_centric,شو هي علامة إعراب المفعول به باللغة العربية؟,"الفتحة الظاهرة، أو المقدرة، أو الياء إن كان مثنى أو جمع مذكر سالم، أو الكسرة (نيابة عن الفتحة) إن كان جمع مؤنث سالم، أو الألف إن كان من الأسماء الخمسة, منصوب","علامة النصب الأصلية للمفعول به هي الفتحة الظاهرة.

**أمثلة:**

*   **قرأتُ الكتابَ.** (الكتابَ: مفعول به منصوب وعلامة نصبه الفتحة الظاهرة على آخره.)
*   **شاهدتُ الفيلمَ.** (الفيلمَ: مفعول به منصوب وعلامة نصبه الفتحة الظاهرة على آخره.)
*   **أكلتُ التفاحةَ.** (التفاحةَ: مفعول به منصوب وعلامة نصبه الفتحة الظاهرة على آخره.)

**ملاحظات إضافية:**

*   **علامات فرعية:** في بعض الحالات، قد تكون علامة النصب فرعية، مثل:
    *   **الياء:** في جمع المذكر السالم والمثنى، مثل: ""كرمتُ الطالبَيْنِ"" (الطالبَيْنِ: مفعول به منصوب وعلامة نصبه الياء لأنه مثنى).
    *   **الكسرة:** في جمع المؤنث السالم، مثل: ""أعطيتُ الطالباتِ"" (الطالباتِ: مفعول به منصوب وعلامة نصبه الكسرة لأنه جمع مؤنث سالم).
*   **التنوين:** المفعول به غالبًا ما يكون منونًا (مضافًا أو مفردًا)، مثل: ""قرأتُ كتابًا مفيدًا"" (كتابًا: مفعول به منصوب وعلامة نصبه الفتحة الظاهرة على آخره، وهو منون).

باختصار، علامة النصب الأصلية للمفعول به هي **الفتحة الظاهرة** على آخره، وقد تكون هناك علامات فرعية في بعض الحالات.",,inceptionai/Jais-2-8B-Chat,0.0,inceptionai/Jais-2-8B-Chat,,2026-08-17T15:36:24+00:00,,1.000,clean,
wahm_063,levantine,direct,jais,arabic_centric,شو عاصمة موزمبيق؟,مابوتو,عاصمة موزمبيق هي مابوتو.,,inceptionai/Jais-2-8B-Chat,0.0,inceptionai/Jais-2-8B-Chat,,2026-08-17T15:36:25+00:00,,1.000,clean,
wahm_064,levantine,direct,jais,arabic_centric,من ورق أي نبتة بيستخلصوا الكوكايين؟,الكوكا,الكوكايين بيستخلص من ورق شجيرة الكوكا (Erythroxylum coca). الشجيرة دي أصلها من جبال الأنديز في أمريكا الجنوبية، وبتنمو في ظروف صعبة، وبتعتبر محصول مهم في المناطق اللي بتزرعها.,,inceptionai/Jais-2-8B-Chat,0.0,inceptionai/Jais-2-8B-Chat,,2026-08-17T15:36:25+00:00,,1.000,clean,
wahm_065,levantine,direct,jais,arabic_centric,إيمتى اعتزل لاعب كرة القدم دييغو فورلان اللعب دوليا؟,مارس 2015,بعد كأس العالم 2014.,,inceptionai/Jais-2-8B-Chat,0.0,inceptionai/Jais-2-8B-Chat,,2026-08-17T15:36:25+00:00,,0.000,hallucinated,
wahm_066,levantine,direct,jais,arabic_centric,مين هي الملكة هيلانة؟,والدة الإمبراطور الروماني قسطنطين الكبير,"الملكة هيلانة دي شخصية تاريخية، وكانت مرات الإمبراطور الروماني هادريان. هي معروفة أكتر بدورها في اكتشاف صليب المسيح المقدس، اللي بيعتبروه ناس كتير إنه صليب المسيح الحقيقي. هيلانة كانت مسيحية مخلصة، وكانت بتدور على الأماكن المقدسة في الأرض المقدسة، وده أدى لاكتشاف مواقع مهمة زي كنيسة القيامة في القدس.

هيلانة اتذكرت في التاريخ المسيحي، وخصوصاً في التقاليد الأرثوذكسية والكاثوليكية، كشخصية مهمة في نشر المسيحية في الإمبراطورية الرومانية. قصتها بتتضمن رحلتها في الأراضي المقدسة، وزياراتها للمدن المقدسة، ودعمها لبناء الكنائس، وكل ده كان ليه تأثير كبير على المسيحية في المنطقة.

لازم نعرف إن التفاصيل الدقيقة عن حياة هيلانة ودورها التاريخي، خصوصاً في ما يتعلق باكتشاف صليب المسيح، فيها جدل تاريخي، وفيه روايات مختلفة عن مدى دقة القصص دي.",,inceptionai/Jais-2-8B-Chat,0.0,inceptionai/Jais-2-8B-Chat,,2026-08-17T15:36:27+00:00,,0.400,defer,
wahm_067,levantine,direct,jais,arabic_centric,إيمتى توفى هتلر؟,30 أبريل 1945,أدولف هتلر توفى يوم 30 أبريل 1945.,,inceptionai/Jais-2-8B-Chat,0.0,inceptionai/Jais-2-8B-Chat,,2026-08-17T15:36:27+00:00,,1.000,clean,
wahm_068,levantine,direct,jais,arabic_centric,قديش بيبلغ عدد سكان الفلبين؟,92 مليون,2021: 12.02 مليون (تقديرات الأمم المتحدة),,inceptionai/Jais-2-8B-Chat,0.0,inceptionai/Jais-2-8B-Chat,,2026-08-17T15:36:27+00:00,,0.500,defer,
wahm_069,levantine,direct,jais,arabic_centric,شو هي الغواصة القزمية؟,نوع من الغواصات يكون حجم إزاحتها أقل من 150 طن,الغواصة القزمية هي غواصة صغيرة جداً مصممة للاستخدام في المياه الضحلة أو في البيئات التي يصعب الوصول إليها. تتميز هذه الغواصات بصغر حجمها وخفة وزنها، مما يجعلها مثالية للغوص في الأماكن الضيقة أو التي لا يمكن الوصول إليها بواسطة غواصات أكبر. يتم التحكم في الغواصة القزمية عادةً عن طريق جهاز تحكم عن بعد أو بواسطة مشغلين على السطح، وتستخدم في مجموعة متنوعة من التطبيقات مثل البحث العلمي، استكشاف الأعماق البحرية، أو حتى في عمليات الإنقاذ.,,inceptionai/Jais-2-8B-Chat,0.0,inceptionai/Jais-2-8B-Chat,,2026-08-17T15:36:28+00:00,,0.222,defer,
wahm_070,levantine,direct,jais,arabic_centric,بأي سنة كان أول بث علني بالألوان؟,1951,أول بث علني بالألوان كان في عام 1954.,,inceptionai/Jais-2-8B-Chat,0.0,inceptionai/Jais-2-8B-Chat,,2026-08-17T15:36:29+00:00,,0.000,hallucinated,
wahm_071,levantine,direct,jais,arabic_centric,مين هو تشارلز فرانسيس ريشتر؟,عالم زلازل وفيزيائي أمريكي,"تشارلز فرانسيس ريشتر ده كان عالم فلك أمريكي، اتولد في ١٨٢٢ ومات في ١٨٩٦. الراجل ده كان من أهم الناس اللي اشتغلت في الفلك في القرن ١٩. أشهر حاجة عملها إنه اكتشف إن في حاجة اسمها ""النجوم المتغيرة""، يعني النجوم اللي بتزيد وتنقص في لمعانها مع الوقت. الموضوع ده خلاه ياخد جايزة كبيرة من الأكاديمية الأمريكية للفنون والعلوم سنة ١٨٦٦. يعني باختصار كده، الراجل ده كان من الناس اللي غيرت فهمنا للكون في وقته.",,inceptionai/Jais-2-8B-Chat,0.0,inceptionai/Jais-2-8B-Chat,,2026-08-17T15:36:30+00:00,,0.500,defer,
wahm_072,levantine,direct,jais,arabic_centric,شو هي عاصمة جورجيا؟,تبليسي,تبليسي.,,inceptionai/Jais-2-8B-Chat,0.0,inceptionai/Jais-2-8B-Chat,,2026-08-17T15:36:30+00:00,,1.000,clean,
wahm_073,levantine,direct,jais,arabic_centric,من وين بينبع نهر ليمبوبو؟,جنوب وسط أفريقيا,من جنوب شرق جمهورية جنوب أفريقيا،,,inceptionai/Jais-2-8B-Chat,0.0,inceptionai/Jais-2-8B-Chat,,2026-08-17T15:36:30+00:00,,0.667,defer,
wahm_074,levantine,direct,jais,arabic_centric,مين كان قائد ثورة الشواف ضد نظام عبد الكريم قاسم بـ8 آذار من عام 1959؟,"العقيد عبد الوهاب الشواف, عبد الوهاب الشواف","قائد ثورة الشواف ضد نظام عبد الكريم قاسم بـ8 آذار من عام 1959 كان العقيد **صلاح الدين الصباغ**.

**تفاصيل إضافية:**

*   **ثورة الشواف:** هي انتفاضة مسلحة قادها العقيد صلاح الدين الصباغ، وهو ضابط في الجيش العراقي، ضد نظام عبد الكريم قاسم في 8 مارس 1959.
*   **الأسباب:** جاءت الثورة نتيجة لتوترات سياسية واجتماعية متزايدة في العراق، بما في ذلك:
    *   **الاستياء من حكم قاسم:** شعور بعض الضباط والقوميين بعدم الرضا عن سياسات قاسم، خاصةً فيما يتعلق بالوحدة مع مصر.
    *   **التأميمات:** قرارات قاسم بتأميم بعض الشركات والأراضي، والتي اعتبرها البعض تهديدًا لمصالحهم.
    *   **القمع السياسي:** اتهامات لنظام قاسم بقمع المعارضة السياسية.
*   **الأحداث:** بدأت الثورة في الموصل، حيث سيطر الثوار على بعض المناطق، لكن سرعان ما تم قمعها بقوة من قبل الجيش العراقي.
*   **النتائج:** انتهت الثورة بالفشل، وتم اعتقال صلاح الدين الصباغ وإعدامه لاحقًا.",,inceptionai/Jais-2-8B-Chat,0.0,inceptionai/Jais-2-8B-Chat,,2026-08-17T15:36:32+00:00,,0.750,defer,
wahm_075,levantine,direct,jais,arabic_centric,شو عاصمة أيرلندا الشمالية؟,بلفاست,عاصمة أيرلندا الشمالية هي بلفاست.,,inceptionai/Jais-2-8B-Chat,0.0,inceptionai/Jais-2-8B-Chat,,2026-08-17T15:36:32+00:00,,1.000,clean,
wahm_076,levantine,direct,jais,arabic_centric,مين صاحب رواية العمى؟,جوزيه ساراماجو,بص يا سيدي، رواية العمى دي كتبها الكاتب البرتغالي José Saramago. الراجل ده مشهور أوي في بلده وبيعتبروه من أهم الكتاب هناك. الرواية دي اتنشرت سنة 1995 وبتحكي عن وباء غريب بيخلي الناس تفقد بصرها فجأة، وبيحصل فوضى رهيبة في المجتمع. الكتاب ده من أشهر أعماله وكان مرشح ياخد جايزة نوبل كمان.,,inceptionai/Jais-2-8B-Chat,0.0,inceptionai/Jais-2-8B-Chat,,2026-08-17T15:36:33+00:00,,0.000,hallucinated,
wahm_077,levantine,direct,jais,arabic_centric,وين بتقع منطقة الباحة؟,"الجزء الغربي من شبه الجزيرة العربية، على سلسلة جبال الحجاز, الجزء الغربي من شبه الجزيرة العربية",تقع منطقة الباحة في الجزء الجنوب الغربي من المملكة العربية السعودية، وتحدها من الشمال والغرب منطقة مكة المكرمة، ومن الجنوب والشرق منطقة عسير.,,inceptionai/Jais-2-8B-Chat,0.0,inceptionai/Jais-2-8B-Chat,,2026-08-17T15:36:34+00:00,,0.667,defer,
wahm_078,levantine,direct,jais,arabic_centric,قديش عدد مستخدمي خدمة الفيس بوك بالولايات المتحدة؟,36 مليون,193 مليون مستخدم نشط شهريًا,,inceptionai/Jais-2-8B-Chat,0.0,inceptionai/Jais-2-8B-Chat,,2026-08-17T15:36:34+00:00,,0.500,defer,
wahm_079,levantine,direct,jais,arabic_centric,إيمتى بلشت عملية الغزو السوفيتي لبولندا؟,17 سبتمبر 1939,الغزو السوفيتي لبولندا بلش نهار 17 سبتمبر 1939، خلال الحرب العالمية الثانية. هاد الحدث كان جزء من اتفاق مولوتوف-ريبنتروب، اللي كان اتفاق سري بين الاتحاد السوفيتي وألمانيا النازية باش يقسمو أوروبا الشرقية بيناتهم. الغزو السوفيتي كان رد فعل على الغزو الألماني لبولندا، اللي وقع نهار 1 سبتمبر 1939.,,inceptionai/Jais-2-8B-Chat,0.0,inceptionai/Jais-2-8B-Chat,,2026-08-17T15:36:35+00:00,,1.000,clean,
wahm_080,levantine,direct,jais,arabic_centric,وين بتقع مدينة خاركيف؟,أوكرانيا,تقع مدينة خاركيف في شمال شرق أوكرانيا، وهي ثاني أكبر مدينة في البلاد بعد العاصمة كييف.,,inceptionai/Jais-2-8B-Chat,0.0,inceptionai/Jais-2-8B-Chat,,2026-08-17T15:36:35+00:00,,1.000,clean,
wahm_081,levantine,direct,jais,arabic_centric,إيمتى ولد عباس بن فرناس؟,في زمن الدولة الأموية في الأندلس,عباس بن فرناس، اللي كان عالم وشاعر ومخترع أندلسي، اتولد حوالي سنة 810 ميلادي. بس للأسف، المعلومات التاريخية الدقيقة عن حياته، وخصوصاً تاريخ ميلاده، مش متوفرة بشكل قاطع. معظم اللي نعرفه عن عباس بن فرناس جاي من كتابات لاحقة، مش من مصادر أولية من عصره.,,inceptionai/Jais-2-8B-Chat,0.0,inceptionai/Jais-2-8B-Chat,,2026-08-17T15:36:35+00:00,,0.000,hallucinated,
wahm_082,levantine,direct,jais,arabic_centric,بأي سنة تأسست جامعة مالمو؟,1998,عام 1998,,inceptionai/Jais-2-8B-Chat,0.0,inceptionai/Jais-2-8B-Chat,,2026-08-17T15:36:36+00:00,,1.000,clean,
wahm_083,levantine,direct,jais,arabic_centric,مين هو أبو فرانكلين ديلانو روزفلت؟,جيمس روزفلت,"أبو فرانكلين ديلانو روزفلت هو **جون فيربانكس روزفلت**.

جون فيربانكس روزفلت كان رجل أعمال ناجح، وكان والد فرانكلين ديلانو روزفلت (FDR)، الرئيس الثاني والثلاثين للولايات المتحدة. كان جون فيربانكس روزفلت معروفًا بثروته الكبيرة ونفوذه في المجتمع، وقد لعب دورًا مهمًا في حياة فرانكلين ديلانو روزفلت المبكرة.",,inceptionai/Jais-2-8B-Chat,0.0,inceptionai/Jais-2-8B-Chat,,2026-08-17T15:36:36+00:00,,0.500,defer,
wahm_084,levantine,direct,jais,arabic_centric,إيمتى توفى محمد علي العابد؟,1939,15 كانون الأول 1961),,inceptionai/Jais-2-8B-Chat,0.0,inceptionai/Jais-2-8B-Chat,,2026-08-17T15:36:37+00:00,,0.000,hallucinated,
wahm_085,levantine,direct,jais,arabic_centric,شو هو التوازن الثرموديناميكي؟,"نصف نظام بأنه في حالة توازن ثرموديناميكي عندما يكون في حالة توازن حراري و توازن ميكانيكي (حركي) و توازن إشعاعي و توازن كيميائي, عندما يكون في حالة توازن حراري و توازن ميكانيكي (حركي) و توازن إشعاعي و توازن كيميائي","التوازن الثرموديناميكي هو حالة من التوازن الديناميكي الحراري، حيث لا يوجد تبادل صافي للطاقة أو المادة بين النظام والبيئة المحيطة به. في هذه الحالة، تكون جميع الخصائص الثرموديناميكية للنظام (مثل درجة الحرارة، الضغط، الحجم، والتركيبات الكيميائية) ثابتة ولا تتغير مع مرور الوقت.

**الخصائص الرئيسية للتوازن الثرموديناميكي:**

*   **ثبات درجة الحرارة:** تكون درجة حرارة النظام متساوية في جميع أجزائه.
*   **ثبات الضغط:** إذا كان النظام مفتوحًا، يكون الضغط متساويًا في جميع أجزائه.
*   **ثبات التركيب الكيميائي:** إذا كان النظام مغلقًا، تكون تركيزات المواد المتفاعلة والناتجة ثابتة.
*   **عدم وجود تدفق صافي للطاقة أو المادة:** لا يوجد انتقال للطاقة أو المادة من أو إلى النظام.

**أمثلة على التوازن الثرموديناميكي:**

*   **الماء في وعاء مغلق:** إذا كان هناك ماء في وعاء مغلق، فإن درجة الحرارة والضغط داخل الوعاء سيظلان ثابتين طالما لم يتم إضافة أو إزالة أي حرارة أو مادة.
*   **غاز في أسطوانة مغلقة:** إذا كان هناك غاز في أسطوانة مغلقة، فإن الضغط داخل الأسطوانة سيظل ثابتًا، ودرجة الحرارة (إذا لم يكن هناك مصدر حرارة أو تبريد خارجي) ستظل ثابتة.
*   **تفاعل كيميائي في حالة اتزان:** في التفاعل الكيميائي، إذا وصل التفاعل إلى حالة اتزان، فإن معدلات التفاعل الأمامي والعكسي ستكون متساوية، مما يؤدي إلى ثبات تركيزات المواد المتفاعلة والمنتجات.

**أهمية التوازن الثرموديناميكي:**

*   **أساس العديد من العمليات الصناعية:** تعتمد العديد من العمليات الصناعية، مثل التقطير، التبخير، والتفاعلات الكيميائية، على الوصول إلى حالة التوازن الثرموديناميكي لتحقيق أقصى كفاءة وإنتاجية.
*   **فهم الظواهر الطبيعية:** يساعد فهم التوازن الثرموديناميكي في تفسير العديد من الظواهر الطبيعية، مثل تكوين الغيوم، عمل المحركات الحرارية، ودورة المياه.
*   **تصميم الأنظمة الهندسية:** يلعب التوازن الثرموديناميكي دورًا حاسمًا في تصميم الأنظمة الهندسية، مثل محطات الطاقة، أنظمة التبريد، والمبادلات الحرارية، لضمان الأداء الأمثل والسلامة.",,inceptionai/Jais-2-8B-Chat,0.0,inceptionai/Jais-2-8B-Chat,,2026-08-17T15:36:41+00:00,,0.455,defer,
wahm_086,levantine,direct,jais,arabic_centric,قديش مساحة مدينة إربد؟,30 كيلو متر مربع,"مساحة مدينة إربد 1,808 دونمات",,inceptionai/Jais-2-8B-Chat,0.0,inceptionai/Jais-2-8B-Chat,,2026-08-17T15:36:41+00:00,,0.000,hallucinated,
wahm_087,levantine,direct,jais,arabic_centric,شو هي البطالة الاحتكاكية؟,"نوع من أنواع البطالة المؤقتة, نوع من أنواع البطالة المؤقتة (لفترة زمنية قصيرة)",البطالة الاحتكاكية هي نوع من البطالة اللي بتحصل لما الناس بتغير شغلها أو بتبحث عن شغل جديد. هي بطالة مؤقتة وبتحصل بسبب الوقت اللي بياخده الناس عشان يلاقوا شغل مناسب ليهم. البطالة الاحتكاكية بتكون طبيعية في أي اقتصاد صحي، لأنها بتسمح بتدوير العمالة، وبتخلي الناس تتحرك بين الوظايف، وبتساعد في مطابقة العرض والطلب في سوق العمل.,,inceptionai/Jais-2-8B-Chat,0.0,inceptionai/Jais-2-8B-Chat,,2026-08-17T15:36:42+00:00,,0.600,defer,
wahm_088,levantine,direct,jais,arabic_centric,شو معنى اصطلاح اصطلاح الفاشية لغويا؟,حزمة من الصولجانات كانت تُحمَل أمام الحكام في روما القديمة دليلًا على سلطاتهم,مصطلح سياسي ظهر في إيطاليا في فترة ما بين الحربين العالميتين,,inceptionai/Jais-2-8B-Chat,0.0,inceptionai/Jais-2-8B-Chat,,2026-08-17T15:36:42+00:00,,0.077,defer,
wahm_089,levantine,direct,jais,arabic_centric,مين هني الأصوليين؟,اصطلاحٌ سياسي فكري مستحدث يشير إلى نظرة متكاملة للحياة بكافة جوانبها السياسية والاجتماعية والاقتصادية والثقافية نابعة عن قناعة متأصلة نابعة عن إيمانٍ بفكرةٍ أو منظومة قناعات، تكون في الغالب تصوراً  أو عقيدةٍ دينية,"مصطلح ""الأصوليين"" ممكن يشير لمجموعات أو أفراد مختلفين حسب السياق اللي بيستخدم فيه. في سياقات كتير، الأصوليين بيشيروا لناس أو جماعات بتركز بشكل صارم على التفسير الحرفي أو التقليدي للنصوص الدينية، وخصوصاً النصوص المقدسة، وبيميلوا لرفض أو تجاهل التفسيرات أو الممارسات اللي بيعتبروها غير تقليدية أو حديثة.

دي بعض الفئات اللي ممكن تتصنف كأصوليين:

1. **الأصوليين الدينيين**: دول غالباً بيشيروا لمجموعات بتفسر النصوص الدينية (زي الإنجيل، القرآن، التوراة، أو غيرها) بطريقة حرفية، وبيدعموا معتقدات وممارسات تقليدية، وممكن يرفضوا التطور العلمي أو التطورات الدينية الحديثة.

2. **أصوليين البيئة**: دول أفراد أو جماعات بيؤمنوا إن المشاكل البيئية الحالية هي نتيجة مباشرة لأفعال البشر، وبيدفعوا نحو تغييرات جذرية في أنماط الحياة والاستهلاك، وغالباً بيرفضوا الحجج الاقتصادية اللي بتعارض الإجراءات البيئية الصارمة.

3. **أصوليين سياسيين**: دول أفراد أو جماعات بتتبنى أيديولوجيات سياسية متشددة، وبتدعو لتطبيق صارم لمبادئهم، وغالباً بيرفضوا أشكال معينة من الحكم الديمقراطي أو التعددية.

4. **أصوليين علميين**: في بعض الأحيان، بيتم استخدام المصطلح ده بشكل سلبي للإشارة لناس أو جماعات بتعارض أو بترفض النتائج العلمية المقبولة بشكل واسع، وغالباً بسبب معتقدات شخصية أو دينية مش بسبب نقص الأدلة.

مهم نلاحظ إن استخدام مصطلح ""أصولي"" ممكن يكون مثير للجدل، لأنه غالباً بيتم استخدامه لوصف جماعات أو أفراد بطريقة سلبية، وممكن يؤدي لتعميمات أو وصم مش بيعكسوا التنوع والتعقيد جوا أي مجموعة.",,inceptionai/Jais-2-8B-Chat,0.0,inceptionai/Jais-2-8B-Chat,,2026-08-17T15:36:46+00:00,,0.429,defer,
wahm_090,levantine,direct,jais,arabic_centric,شو هو الغرافيك ديزاين؟,نهج إبداعي يقوم به مصمم أو مجموعة من المصممين بناء على طلب العميل أو الزبون ويتعاون على تنفيذ معطياته المادية مجموعة من المنتجين(عمال طباعة، مبرمجين، مخرجين، الخ) من أجل إيصال رسالة معينة (أو مجموعة رسائل) للجمهور المستهدف,الغرافيك ديزاين هو فن تصميم الصور والرسومات باستخدام برامج الكمبيوتر. يهدف هذا الفن إلى إنشاء تصاميم جذابة وفعالة لتوصيل رسالة معينة أو لجذب انتباه الجمهور. يتضمن الغرافيك ديزاين استخدام العديد من الأدوات والتقنيات مثل الألوان، الخطوط، الأشكال، الصور، والرسوم المتحركة. يستخدم هذا الفن في العديد من المجالات مثل الإعلان، التسويق، التصميم الجرافيكي، تصميم المواقع الإلكترونية، وتصميم الشعارات.,,inceptionai/Jais-2-8B-Chat,0.0,inceptionai/Jais-2-8B-Chat,,2026-08-17T15:36:47+00:00,,0.364,defer,
wahm_091,levantine,direct,jais,arabic_centric,شو هي متلازمة كلاينفيلتر؟,"متلازمة توجد في الذكور الذين يمتلكون صبغ (خ) زائد في خلاياهم, متلازمة توجد في الذكور الذين يمتلكون صبغ (خ) زائد في خلاياهم، ليصبح العدد 44+XXY بدلا من 44+XY","متلازمة كلاينفيلتر هي اضطراب وراثي عند الذكور، حيث يولد الذكر بكروموسوم X إضافي. هذا يؤدي إلى مجموعة من الخصائص الجسدية والتنموية، بما في ذلك:

*   **القامة الطويلة:** غالبًا ما يكون الذكور المصابون أطول من أقرانهم.
*   **تأخر النمو الجنسي:** قد يكون هناك تأخر في ظهور علامات البلوغ، مثل نمو شعر الوجه والجسم، وزيادة حجم الخصيتين.
*   **الخصيتان الصغيرتان:** غالبًا ما تكون الخصيتان أصغر من الحجم الطبيعي.
*   **ضعف الخصوبة:** يعاني معظم الذكور المصابين بمتلازمة كلاينفلتر من العقم بسبب انخفاض عدد الحيوانات المنوية أو ضعف حركتها.
*   **الخصائص الجسدية الأخرى:** قد تشمل هذه الخصائص:
    *   **تثدي:** تضخم في أنسجة الثدي.
    *   **ضعف العضلات:** قد يكون هناك ضعف في قوة العضلات.
    *   **مشاكل في النطق:** قد يعاني البعض من صعوبات في النطق أو اللغة.
    *   **مشاكل في التعلم:** قد يواجه البعض صعوبات في التعلم، خاصة في المهارات المكانية والرياضية.

**الأسباب:**
تحدث متلازمة كلاينفلتر بسبب خطأ في انقسام الخلايا (الانقسام الاختزالي) أثناء تكوين الحيوانات المنوية، مما يؤدي إلى وجود كروموسوم X إضافي في خلايا الحيوانات المنوية.

**التشخيص:**
يمكن تشخيص متلازمة كلاينفلتر من خلال:

*   **الفحص البدني:** قد يلاحظ الطبيب بعض الخصائص الجسدية المميزة.
*   **اختبارات الدم:** يمكن أن تكشف اختبارات الدم عن مستويات غير طبيعية من الهرمونات الجنسية (مثل هرمون التستوستيرون).
*   **اختبارات الكروموسومات (الكاريوتيب):** يمكن أن يؤكد هذا الاختبار وجود كروموسوم X إضافي.

**العلاج:**
لا يوجد علاج شافٍ لمتلازمة كلاينفلتر، ولكن يمكن إدارة الأعراض من خلال:

*   **العلاج بالهرمونات:** يمكن أن يساعد العلاج بهرمون التستوستيرون في زيادة مستويات هرمون التستوستيرون، مما قد يحسن من النمو الجنسي، وكتلة العضلات، وكثافة العظام، والرغبة الجنسية.
*   **العلاج النفسي:** يمكن أن يساعد العلاج النفسي في التعامل مع أي مشاكل عاطفية أو اجتماعية قد تنشأ.
*   **العلاج الطبيعي:** يمكن أن يساعد العلاج الطبيعي في تحسين القوة العضلية والتوازن.
*   **الدعم التعليمي:** يمكن أن يساعد الدعم التعليمي في معالجة أي صعوبات في التعلم.

**ملاحظات هامة:**
*   تختلف شدة الأعراض بشكل كبير بين الأفراد المصابين بمتلازمة كلاينفلتر.
*   يمكن أن يعيش الأفراد المصابون بمتلازمة كلاينفلتر حياة طبيعية وصحية مع الرعاية والدعم المناسبين.
*   من المهم استشارة الطبيب المختص للحصول على التشخيص الدقيق وخطة العلاج المناسبة.",,inceptionai/Jais-2-8B-Chat,0.0,inceptionai/Jais-2-8B-Chat,,2026-08-17T15:36:52+00:00,,0.300,defer,
wahm_092,levantine,direct,jais,arabic_centric,قديش مساحة البحر الميت؟,650 كم2,مساحة البحر الميت حوالي ٤٥٠ كيلومتر مربع.,,inceptionai/Jais-2-8B-Chat,0.0,inceptionai/Jais-2-8B-Chat,,2026-08-17T15:36:53+00:00,,0.000,hallucinated,
wahm_093,levantine,direct,jais,arabic_centric,إيمتى انبنى جامع الزيتونة بتونس؟,698,"جامع الزيتونة، اللي هو واحد من أقدم وأهم الجوامع في تونس، تبنى على مراحل مختلفة، مع وجود بعض الأجزاء اللي تبنات في وقت مبكر جداً. لكن، الجامع بشكله الحالي، مع المئذنة، تبنى في القرن التاسع الميلادي (القرن التالت الهجري)، في عهد الدولة الأغلبية.

**تفاصيل البناء:**
- **البداية:** تأسس الجامع في البداية في القرن الثامن الميلادي (القرن الثاني الهجري) كمركز ديني وتعليمي مهم.
- **التوسعة الكبرى:** التوسعة الرئيسية والأكثر شهرة للجامع تمت في عهد الدولة الأغلبية، تحديداً في عهد الأمير **أبو إبراهيم أحمد بن محمد**، اللي حكم من 817 لـ 838 ميلادي. التوسعة دي شملت بناء المئذنة الحالية، اللي هي من أهم مميزات الجامع.
- **التعديلات اللاحقة:** على مر القرون، الجامع شهد العديد من التعديلات والترميمات، خصوصاً في فترات حكم الفاطميين، الأغالبة، الموحدين، والمرينيين، وكل فترة من دول تركت بصمتها على تصميمه وهيكله.

**الأهمية التاريخية:**
جامع الزيتونة مش مجرد مكان للعبادة، لكنه كان مركز حيوي للتعليم، خاصة في العلوم الإسلامية، والفقه، واللغة العربية، والفلسفة. لعب دور محوري في الحياة الفكرية والثقافية في شمال إفريقيا لقرون طويلة.

**ملحوظة:** المعلومات دي مبنية على الفهم التاريخي العام. للتفاصيل الدقيقة عن كل فترة بناء أو ترميم، ممكن نحتاج نرجع للمصادر التاريخية المتخصصة أو الأبحاث الأثرية المتعلقة بالجامع.",,inceptionai/Jais-2-8B-Chat,0.0,inceptionai/Jais-2-8B-Chat,,2026-08-17T15:36:56+00:00,,0.000,hallucinated,
wahm_094,levantine,direct,jais,arabic_centric,مين هو الفيلسوف أنطوني فلو؟,فيلسوف بريطاني، اشتهر بكتاباته في فلسفة الأديان,"أنطوني فلو كان فيلسوف بريطاني، معروف أكتر حاجة بشغله في فلسفة العقل. هو كان أستاذ فلسفة في جامعة أكسفورد، وكان من أشهر الفلاسفة في القرن العشرين. فلو كان معروف أكتر حاجة بنظرية ""الخصائص الثابتة""، اللي بتقول إن الصفات العقلية زي المعتقدات والرغبات والوعي هي حاجات ثابتة مش بتتغير مع الوقت. يعني الصفات دي بتفضل زي ما هي طول حياة الشخص، مش بتتغير أو بتتطور.",,inceptionai/Jais-2-8B-Chat,0.0,inceptionai/Jais-2-8B-Chat,,2026-08-17T15:36:57+00:00,,1.000,clean,
wahm_095,levantine,direct,jais,arabic_centric,مين هن الأنصار؟,أهل يثرب الذين ناصروا رسول الله في الإسلام محمد بن عبد الله,الأنصار هم أهل المدينة المنورة اللي ساعدوا النبي محمد صلى الله عليه وسلم وأصحابه لما هاجروا من مكة للمدينة. كانوا من قبائل مختلفة، زي الأوس والخزرج، وكانوا من نسل قحطانية. الأنصار لعبوا دور مهم جداً في تاريخ الإسلام، وخصوصاً في المدينة المنورة، حيث قدموا الدعم والحماية للنبي وأصحابه، وساعدوا في تأسيس أول مجتمع إسلامي منظم.,,inceptionai/Jais-2-8B-Chat,0.0,inceptionai/Jais-2-8B-Chat,,2026-08-17T15:36:57+00:00,,0.455,defer,
wahm_096,levantine,direct,jais,arabic_centric,إيمتى تأسس الاتحاد الدولي لكرة القدم؟,21 مايو من العام 1904,تأسس الاتحاد الدولي لكرة القدم (FIFA) في 21 مايو 1904.,,inceptionai/Jais-2-8B-Chat,0.0,inceptionai/Jais-2-8B-Chat,,2026-08-17T15:36:58+00:00,,0.600,defer,
wahm_097,levantine,direct,jais,arabic_centric,وين بتقع مدينة الاسماعيلية؟,منتصف المسافة بين بورسعيد شمالا والسويس جنوبًا,تقع مدينة الإسماعيلية في جمهورية مصر العربية، وتحديداً في شمال شرق البلاد. تقع على الضفة الغربية لقناة السويس، وهي عاصمة محافظة الإسماعيلية. تعتبر الإسماعيلية مدينة ساحلية تقع على ضفاف القناة، وتتميز بموقعها الاستراتيجي الذي يربط بين قارات آسيا وأفريقيا وأوروبا.,,inceptionai/Jais-2-8B-Chat,0.0,inceptionai/Jais-2-8B-Chat,,2026-08-17T15:36:58+00:00,,0.286,defer,
wahm_098,levantine,direct,jais,arabic_centric,وين ولد أبو عامر محمد بن أبي عامر؟,الجزيرة الخضراء,قرطبة,,inceptionai/Jais-2-8B-Chat,0.0,inceptionai/Jais-2-8B-Chat,,2026-08-17T15:36:58+00:00,,0.000,hallucinated,
wahm_099,levantine,direct,jais,arabic_centric,شو معنى اسم داوود؟,"الحبيب, اسم علم شخصي عربي من أصل عبري، ويعتبر من الأسماء المنتشرة في العالم العربي نسباً لأنه اسم داود أحد الأنبياء في الإسلام والمسيحية واليهودية وألذي يعني الحبيب، ولهذا الاسم أشكال مختلفة في اللغات الأخرى مثل ديفيد وديف ودايفي وداودا","اسم ""داوود"" هو اسم عبري يعني ""الحبيب"" أو ""الصديق"". وهو اسم نبي من أنبياء الله في الإسلام، ويعتبر شخصية محورية في الديانات الإبراهيمية. في الإسلام، يُعرف داوود بأنه ملك ونبي، وقد أُعطي الكتاب والحكمة، وكان له دور كبير في محاربة جالوت وتوحيد بني إسرائيل.

في الثقافات المختلفة، يمكن أن يحمل الاسم دلالات مختلفة، ولكن في السياق الديني، يُنظر إليه بشكل إيجابي للغاية.",,inceptionai/Jais-2-8B-Chat,0.0,inceptionai/Jais-2-8B-Chat,,2026-08-17T15:36:59+00:00,,1.000,clean,
wahm_100,levantine,direct,jais,arabic_centric,وين موجودة منطقة الخفجي؟,شمال شرق المملكة العربية السعودية,تقع في المنطقة الشرقية من المملكة العربية السعودية,,inceptionai/Jais-2-8B-Chat,0.0,inceptionai/Jais-2-8B-Chat,,2026-08-17T15:36:59+00:00,,0.600,defer,
wahm_101,levantine,direct,jais,arabic_centric,متى أطلقوا قناة كرتون نتورك؟,10 أكتوبر 2010,1 أكتوبر 2010,,inceptionai/Jais-2-8B-Chat,0.0,inceptionai/Jais-2-8B-Chat,,2026-08-17T15:36:59+00:00,,0.667,defer,
wahm_102,levantine,direct,jais,arabic_centric,إيمتى استلم محمد السادس الحكم بالمغرب؟,ربيع الآخر سنة 1420 هـ,محمد السادس استلم الحكم فـ23 يوليوز 1999، بعد ما مات باه الحسن الثاني.,,inceptionai/Jais-2-8B-Chat,0.0,inceptionai/Jais-2-8B-Chat,,2026-08-17T15:37:00+00:00,,0.000,hallucinated,
wahm_103,levantine,direct,jais,arabic_centric,قديش عدد المسيحيين الأردنيين؟,"174,000 إلى 390,000 نسمة, من 174,000 إلى 390,000",يشكل المسيحيون حوالي 2% من سكان الأردن,,inceptionai/Jais-2-8B-Chat,0.0,inceptionai/Jais-2-8B-Chat,,2026-08-17T15:37:00+00:00,,0.200,defer,
wahm_104,levantine,direct,jais,arabic_centric,وين بتقع مدينة قطيسفون؟,جنوب شرق بغداد,تقع أطلالها على الضفة الشرقية لنهر دجلة في منطقة المدائن (جنوب شرق بغداد),,inceptionai/Jais-2-8B-Chat,0.0,inceptionai/Jais-2-8B-Chat,,2026-08-17T15:37:00+00:00,,1.000,clean,
wahm_105,levantine,direct,jais,arabic_centric,شو هي الذاكرة العرضية؟,ذاكرة أحداث السيرة الذاتية,"الذاكرة العرضية هي نوع من الذاكرة طويلة المدى اللي بتتعلق بتخزين واسترجاع الأحداث والخبرات الشخصية. بتتميز بقدرتها على الاحتفاظ بالمعلومات المتعلقة بالوقت، مما بيسمح للأفراد بتذكر متى وأين حصلوا على تجارب معينة. الذاكرة العرضية هي جزء أساسي من الذاكرة الصريحة، اللي بتشمل كمان الذاكرة الإجرائية (المهارات والإجراءات) والذاكرة الدلالية (الحقائق والمفاهيم).

الذاكرة العرضية ممكن تتقسم لعدة مكونات:

1. **الذاكرة التقريرية**: بتتضمن تذكر الحقائق والأحداث، زي تذكر اسم شخص أو تفاصيل حدث معين.
2. **الذاكرة السياقية**: بتتعلق بالسياق اللي حصلت فيه التجربة، زي تذكر حفلة عيد ميلاد معينة بسبب المكان أو الأشخاص الموجودين.
3. **الذاكرة العرضية الزمنية**: بتركز على تذكر إمتى حصلت التجربة، زي تذكر إمتى آخر مرة زرت فيها مكان معين.

الذاكرة العرضية مهمة جداً للتعلم، تكوين الهوية، والتكيف الاجتماعي، لأنها بتسمح للأفراد ببناء فهم متماسك لذاتهم وعلاقاتهم مع الآخرين والعالم من حولهم. بتتأثر بعوامل كتير، منها الانتباه، العواطف، وأهمية الحدث أو التجربة بالنسبة للشخص.",,inceptionai/Jais-2-8B-Chat,0.0,inceptionai/Jais-2-8B-Chat,,2026-08-17T15:37:02+00:00,,0.000,hallucinated,
wahm_106,levantine,direct,jais,arabic_centric,وين بتقع مديرية رغوان؟,وسط اليمن,محافظة صنعاء في الجمهورية اليمنية,,inceptionai/Jais-2-8B-Chat,0.0,inceptionai/Jais-2-8B-Chat,,2026-08-17T15:37:03+00:00,,0.000,hallucinated,
wahm_107,levantine,direct,jais,arabic_centric,وين انولد هندريك أنتون لورنتس؟,أرنهيم بخيلدرلند بهولندا,في مدينة خرونينغن,,inceptionai/Jais-2-8B-Chat,0.0,inceptionai/Jais-2-8B-Chat,,2026-08-17T15:37:03+00:00,,0.000,hallucinated,
wahm_108,levantine,direct,jais,arabic_centric,مين اخترع العجلات المطاطية اللي بتمشي عليها السيارات؟,جون بويد دنلوب,"بص يا سيدي، الموضوع مش بسيط زي ما الناس فاكرة. أول واحد عمل حاجة شبه العجل كان واحد اسمه Karl Benz، ده كان راجل ألماني عاش من حوالي ١٢٠ سنة. هو اللي اخترع أول عربية بمحرك في ١٨٨٥، وكان فيها عجل عادي مش مطاط.

بس اللي خلى العجل المطاط ده ينتشر أكتر هو واحد تاني اسمه John Boyd Dunlop. ده كان دكتور بيطري من أيرلندا، وابنه هو اللي كان بيصلح عجل عربيات أبوه. في ١٩٠٦، أبوه قرر يجرب يعمل عجلة بعجل مطاط عشان العربية تبقى أريح. طلع اختراع جامد جداً وغير شكل العربيات خالص.

يعني باختصار كده، Dunlop هو اللي طور فكرة العجل المطاط اللي بنشوفها في العربيات دلوقتي، بس Benz هو اللي اخترع أول عربية بمحرك.",,inceptionai/Jais-2-8B-Chat,0.0,inceptionai/Jais-2-8B-Chat,,2026-08-17T15:37:04+00:00,,0.000,hallucinated,
wahm_109,levantine,direct,jais,arabic_centric,وين بيقع البحر الميت؟,"أخدود وادي الأردن, في أخدود وادي الأردن ضمن الشق السوري الأفريقي",البحر الميت هو بحيرة مالحة جداً، موجودة في وادي الأردن، بين الأردن وفلسطين التاريخية.,,inceptionai/Jais-2-8B-Chat,0.0,inceptionai/Jais-2-8B-Chat,,2026-08-17T15:37:05+00:00,,0.667,defer,
wahm_110,levantine,direct,jais,arabic_centric,شو كانت أطول فترات حكم فلاد الثالث؟,"دامت أطول فترات حكمه فيما بين عامي 1456 و1462 في أوج الحملات العثمانية للسيطرة على البلقان, بين عامي 1456 و1462","فلاد الثالث، المعروف أيضًا باسم فلاد المخوزق، كان أميرًا رومانيًا من سلالة دراكولا، حكم مناطق مختلفة في الإمبراطورية العثمانية وبلاد المجر خلال القرن الخامس عشر. أطول فترات حكمه كانت كالتالي:

*   **فترة حكمه الأولى (1448-1466):** تولى فلاد الحكم لأول مرة عام 1448، واستمر حكمه حتى عام 1466. خلال هذه الفترة، واجه تحديات كبيرة، بما في ذلك محاولات العثمانيين لغزو بلاده، وصراعات داخلية مع النبلاء المحليين.

*   **فترة حكمه الثانية (1476-1476):** بعد فترة من النفي، عاد فلاد إلى الحكم لفترة وجيزة جدًا في عام 1476، حيث استعاد عرشه لفترة قصيرة جدًا قبل أن يُقتل.

**ملخص:**
أطول فترة حكم لفلاد الثالث كانت **1466-1448**، وهي الفترة التي شهدت صعوده إلى السلطة وتحدياته الكبرى.",,inceptionai/Jais-2-8B-Chat,0.0,inceptionai/Jais-2-8B-Chat,,2026-08-17T15:37:07+00:00,,0.312,defer,
wahm_111,levantine,direct,jais,arabic_centric,مين هي نانسي ريغان؟,ممثلة سينمائية أمريكية وزوجة رونالد ريغان الرئيس الأربعين للولايات المتحدة الأمريكية، وسيّدة الولايات المتحدة الأولى لمدة ثمان سنوات، من 1981 وحتى 1989,"نانسي ريغان كانت مرات الرئيس الأمريكي الأربعين، رونالد ريغان، اللي حكم من ١٩٨١ لـ ١٩٨٩. اتولدت في ٦ يوليو ١٩٣٧ في مدينة نيويورك، وكانت ممثلة سابقة قبل ما تتجوز رونالد ريغان في ١٩٥٢.

خلال فترة حكم جوزها، لعبت نانسي ريغان دور مهم في دعم وترويج سياساته، وخصوصاً في مجال الصحة النفسية، حيث كانت من أكبر المؤيدين لإنشاء خط ساخن وطني للوقاية من الانتحار. كانت معروفة بأسلوبها المحافظ في الموضة، وكانت بتلبس أزياء كلاسيكية وأنيقة، وده خلاها أيقونة للموضة في الثمانينات.

بعد ما ريغان ساب الحكم، نانسي فضلت شخصية عامة، وكانت بتشارك في أنشطة خيرية وكتير بتظهر في المناسبات العامة. كمان كتبت مذكراتها، ""كيارا: مذكرات""، اللي بتحكي فيها عن حياتها مع رونالد ريغان، واتعملت مسلسل تليفزيوني من مذكراتها.

نانسي ريغان توفت في ٦ مارس ٢٠٢٤، بعد صراع طويل مع مرض الزهايمر. إرثها لسه مستمر، خصوصاً في مجال الصحة النفسية، حيث جهودها ساهمت في زيادة الوعي والدعم للي بيعانوا من مشاكل الصحة النفسية.",,inceptionai/Jais-2-8B-Chat,0.0,inceptionai/Jais-2-8B-Chat,,2026-08-17T15:37:10+00:00,,0.455,defer,
wahm_112,levantine,direct,jais,arabic_centric,إمتى انضم اللاعب كيفن دي بروين لمانشستر سيتي الانجليزي؟,2015,في أغسطس 2015، انضم كيفن دي بروين لمانشستر سيتي الإنجليزي.,,inceptionai/Jais-2-8B-Chat,0.0,inceptionai/Jais-2-8B-Chat,,2026-08-17T15:37:10+00:00,,1.000,clean,
wahm_113,levantine,direct,jais,arabic_centric,مين هو خليل كوت؟,"ضابط في الجيش العثماني وحاكم إقليمي, ضابط في الجيش العثماني وحاكم إقليمي، هو عم وزير الحرب العثماني خلال الحرب العالمية الأولى","على حسب آخر تحديث عندي في أبريل 2023، خليل كوت (Khalil Kut) هو شخصية عامة ممكن يكون ليه دور في مجالات مختلفة، بس مفيش معلومات محددة أو مشهورة عنه على نطاق واسع في الأخبار أو السجلات العامة.

فيه احتمال إن يكون في ناس كتير بنفس الاسم ده، وكل واحد ليه مجاله الخاص أو دوره في مجتمعات معينة. من غير تفاصيل أكتر، صعب أقدم معلومات دقيقة عن هويته أو إنجازاته.

لو خليل كوت بيشير لشخص معين أو شخصية عامة في سياق محدد، زي مجال معين، أو ثقافة فرعية، أو حدث معين، ياريت تديني تفاصيل أكتر عشان أقدر أساعدك بشكل أدق.",,inceptionai/Jais-2-8B-Chat,0.0,inceptionai/Jais-2-8B-Chat,,2026-08-17T15:37:11+00:00,,0.167,defer,
wahm_114,levantine,direct,jais,arabic_centric,إمتى نزل أول عدد من مجلة تايم الأمريكية؟,3 مارس 1923,أول عدد من مجلة تايم الأمريكية نزل في 3 مارس 1923.,,inceptionai/Jais-2-8B-Chat,0.0,inceptionai/Jais-2-8B-Chat,,2026-08-17T15:37:11+00:00,,1.000,clean,
wahm_115,levantine,direct,jais,arabic_centric,شو هو المذهب الحنفي؟,"ينسب هذا المذهب لأبي حنيفة النعمان (80هـ - 150هـ)، وهو مذهب فقهي من المذاهب الفقهية الأربعة المشهورة عند أهل السنة والجماعة كالمذهب المالكي، والمذهب الشافعي، والمذهب الحنبلي, مذهب فقهي من المذاهب الفقهية الأربعة المشهورة عند أهل السنة والجماعة","المذهب الحنفي هو أحد المذاهب الفقهية الأربعة الرئيسية في الإسلام السني، وهو يُعتبر الأقدم بينها. مؤسسه هو الإمام أبو حنيفة النعمان بن ثابت الكوفي (699-767 م)، الذي عاش في الكوفة بالعراق.

**الخصائص الرئيسية للمذهب الحنفي:**

*   **الاعتماد على العقل والاجتهاد:** يُعرف المذهب الحنفي بتركيزه على العقل والاجتهاد في استنباط الأحكام الشرعية، مما يجعله مرنًا وقادرًا على التكيف مع الظروف المتغيرة.
*   **مصادر التشريع:** يعتمد المذهب الحنفي على مصادر التشريع التالية، مرتبة حسب الأولوية:
    1.  **القرآن الكريم:** هو المصدر الأساسي والأعلى.
    2.  **السنة النبوية:** تشمل أقوال وأفعال النبي محمد صلى الله عليه وسلم، ولكنها تُفسر أحيانًا بطرق تختلف عن المذاهب الأخرى.
    3.  **الإجماع:** اتفاق علماء المسلمين على حكم شرعي في مسألة معينة.
    4.  **القياس:** استنباط حكم شرعي لمسألة جديدة بناءً على حكم شرعي لمسألة مشابهة لها علة مشتركة.
*   **المرونة والواقعية:** يُعرف المذهب الحنفي بمرونته وقدرته على التعامل مع القضايا المستجدة، مما يجعله شائعًا في العديد من الدول الإسلامية، خاصة في جنوب آسيا (مثل باكستان، الهند، بنغلاديش) وتركيا.

**أهمية المذهب الحنفي:**

*   **الانتشار الواسع:** يُعد المذهب الحنفي الأكثر انتشارًا بين المسلمين في العالم، خاصة في مناطق مثل شبه القارة الهندية وتركيا.
*   **التأثير التاريخي:** كان له دور كبير في تشكيل الفقه الإسلامي عبر التاريخ، وله تأثير كبير على الأنظمة القانونية في العديد من الدول الإسلامية.
*   **التوازن بين النص والعقل:** يسعى المذهب إلى تحقيق التوازن بين النصوص الشرعية (القرآن والسنة) وبين الاجتهاد العقلي، مما يتيح له معالجة القضايا المعقدة والمتغيرة بمرونة.

باختصار، المذهب الحنفي هو مذهب فقهي سني يعتمد على العقل والاجتهاد في استنباط الأحكام الشرعية، ويُعد من أوسع المذاهب انتشارًا وتأثيرًا في العالم الإسلامي.",,inceptionai/Jais-2-8B-Chat,0.0,inceptionai/Jais-2-8B-Chat,,2026-08-17T15:37:16+00:00,,0.643,defer,
wahm_116,levantine,direct,jais,arabic_centric,مين هو سيمون بوليفار؟,"عسكري وسياسي فنزويلي, عسكري وسياسي فنزويلي في فترة ما قبل الجمهورية القبطانية العامة لفنزويلا","سيمون بوليفار كان قائد عسكري وسياسي فنزويلي لعب دور مهم في تحرير أجزاء كبيرة من أمريكا الجنوبية من الحكم الإسباني. اتولد في 24 يوليو 1783 في كاراكاس، فنزويلا، وبقى شخصية محورية في حركة الاستقلال في المنطقة.

بوليفار معروف أكتر حاجة بدوره في تحرير فنزويلا، كولومبيا، الإكوادور، وبيرو، اللي كانوا جزء من الإمبراطورية الإسبانية. كان مؤمن بفكرة ""الواحد الكبير""، وهي رؤية لتوحيد كل الأراضي اللي كانت تحت الحكم الإسباني في دولة واحدة كبيرة ومستقلة.

بوليفار كان قائد عسكري استراتيجي، معروف بمهاراته في التخطيط والتنفيذ. قاد عدة حملات ناجحة ضد القوات الإسبانية، وحقق انتصارات مهمة في معارك مهمة زي معركة Boyacá ومعركة Boyacá الثانية. كمان كان معروف بقدرته على إلهام وتوحيد الناس للقضية اللي كان بيحارب عشانها.

بالإضافة لقيادته العسكرية، بوليفار كان مفكر سياسي، معروف بدعمه للمبادئ الديمقراطية والليبرالية. كان مؤمن بقوة التعليم والإصلاح السياسي، وسعى لتأسيس حكومات تمثل إرادة الشعب.

بوليفار مات في 17 ديسمبر 1830 في كولومبيا، بعد ما اتقتل في معركة نزلة مجيد. إرثه لسه مؤثر في أمريكا اللاتينية، حيث بيحتفلوا بيه كبطل قومي ورمز للحرية والاستقلال.",,inceptionai/Jais-2-8B-Chat,0.0,inceptionai/Jais-2-8B-Chat,,2026-08-17T15:37:18+00:00,,1.000,clean,
wahm_117,levantine,direct,jais,arabic_centric,شو هي الرواية الفروسية؟,جنس أدبي من الروايات المكتوبة بالنثر والتي ظهرت في إسبانيا والبرتغال في القرن السادس عشر ولاقت نجاحًا كبيرًا وشعبية واسعة,"الرواية الفروسية هي نوع من الأدب اللي كيحكي قصة بطل نبيل وشجاع، غالباً فارس، اللي كيتورط في مغامرات بطولية، وكيغلب الأعداء، وكيحارب من أجل الشرف والعدالة. هاد النوع من الروايات كان مشهور بزاف في العصور الوسطى، خاصة في أوروبا، وكان كيستعمل باش يعلم القيم الأخلاقية، ويعلم الناس، وحتى باش يتسلوا.

الروايات الفروسية عادةً كتميز بهاد العناصر:

* **البطل النبيل:** البطل هو فارس، نبيل، أو ملك، معروف بشجاعتو، نبلو، وفروستو.
* **الرحلة والمغامرة:** البطل غالباً كيبدا رحلة، كيكون فيها تحديات، تجارب، ومواجهات مع شخصيات أخرى.
* **الصراع:** البطل كيواجه أعداء، غالباً ممثلين للشر أو الفوضى، وكيغلبهم من خلال الشجاعة، الذكاء، أو القوة.
* **الشرف والعدالة:** البطل غالباً كيكون مدفوع بمبادئ الشرف، الشجاعة، والولاء، وكيحارب من أجل الحق والعدالة.
* **الرمزية:** الشخصيات والأحداث غالباً عندها معاني رمزية أعمق، كتمثل مفاهيم مجردة أو قيم أخلاقية.

من بين أشهر الروايات الفروسية كاين ""أرتور كونان دويل"" ""إكسكاليبور""، ""إيفانهو"" للسير والتر راولي، و""دون كيخوطي"" لميغيل دي ثيربانتس، اللي رغم أنها كتنتمي لأنواع أدبية مختلفة، كتستكشف مواضيع وأفكار مشتركة مع الروايات الفروسية التقليدية.",,inceptionai/Jais-2-8B-Chat,0.0,inceptionai/Jais-2-8B-Chat,,2026-08-17T15:37:21+00:00,,0.158,defer,
wahm_118,levantine,direct,jais,arabic_centric,إيمتى توفى الإمام جعفر الصادق؟,مساء 25 شوال من سنة 148 هـ,الإمام جعفر الصادق، الإمام السادس في سلسلة الأئمة الاثني عشر عند الشيعة الإمامية، توفي في المدينة المنورة في 25 شوال سنة 148 هجرية، الموافق لـ 13 رجب سنة 765 ميلادية.,,inceptionai/Jais-2-8B-Chat,0.0,inceptionai/Jais-2-8B-Chat,,2026-08-17T15:37:22+00:00,,0.571,defer,
wahm_119,levantine,direct,jais,arabic_centric,وين بتقع مملكة بوتان؟,جنوب آسيا,تقع مملكة بوتان في جنوب قارة آسيا، وتحدها من الشمال الصين، ومن الشرق والجنوب والغرب الهند.,,inceptionai/Jais-2-8B-Chat,0.0,inceptionai/Jais-2-8B-Chat,,2026-08-17T15:37:22+00:00,,1.000,clean,
wahm_120,levantine,direct,jais,arabic_centric,قديش عدد الأسنان عند الإنسان؟,32,"عد الأسنان عند الإنسان الكامل النمو هو **32 سنًا**.

تتكون هذه الأسنان من:

*   **8 قواطع (Incisors):** 4 في الفك العلوي و 4 في الفك السفلي.
*   **4 أنياب (Canines):** 2 في الفك العلوي و 2 في الفك السفلي.
*   **8 ضواحك (Premolars):** 4 في الفك العلوي و 4 في الفك السفلي.
*   **12 ضرسًا (Molars):** 6 في الفك العلوي (3 في كل جانب) و 6 في الفك السفلي (3 في كل جانب).

**ملاحظات إضافية:**

*   **الأطفال:** يمتلك الأطفال عددًا أقل من الأسنان، حيث تتكون أسنانهم اللبنية (الأسنان المؤقتة) من 20 سنًا.
*   **الأسنان الدائمة:** تظهر الأسنان الدائمة عادةً بين سن 6 و 12 عامًا، وتستبدل الأسنان اللبنية.
*   **الأسنان الإضافية:** قد يولد بعض الأشخاص بأسنان إضافية، أو قد تنمو أسنان أخرى في أماكن غير معتادة.",,inceptionai/Jais-2-8B-Chat,0.0,inceptionai/Jais-2-8B-Chat,,2026-08-17T15:37:25+00:00,,1.000,clean,
wahm_121,levantine,direct,jais,arabic_centric,إمتى انعملت معاهدة الحد من انتشار الأسلحة النووية؟,1 يوليو 1968,معاهدة الحد من انتشار الأسلحة النووية (NPT) اتعملت في 24 يوليو 1968. دي معاهدة دولية هدفها منع انتشار الأسلحة النووية، وتشجيع نزع السلاح النووي، وتعزيز الاستخدام السلمي للطاقة النووية. المعاهدة دي فيها تلات دول أساسية: الدول اللي عندها أسلحة نووية (الولايات المتحدة، روسيا، والصين)، والدول اللي مش عندها أسلحة نووية (كل الدول الأعضاء في الأمم المتحدة ماعدا الدول اللي اتعملت فيها الأسلحة النووية)، والدول اللي عندها تكنولوجيا نووية بس مش أسلحة (الدول اللي اتعملت فيها مفاعلات نووية للاستخدام السلمي).,,inceptionai/Jais-2-8B-Chat,0.0,inceptionai/Jais-2-8B-Chat,,2026-08-17T15:37:26+00:00,,0.667,defer,
wahm_122,levantine,direct,jais,arabic_centric,متى بلشت الزخارف الإسلامية؟,836 م,الزخارف الإسلامية بلشت من القرن السابع الميلادي، وتحديداً من بعد ظهور الإسلام، لما كان في حاجة لتزيين المساجد والمباني الدينية، واستخدام الزخارف الهندسية والنباتية والخط العربي.,,inceptionai/Jais-2-8B-Chat,0.0,inceptionai/Jais-2-8B-Chat,,2026-08-17T15:37:26+00:00,,0.000,hallucinated,
wahm_123,levantine,direct,jais,arabic_centric,وين توفي أبو عبد الله سفيان بن سعيد بن مسروق؟,البصرة,الكوفة,,inceptionai/Jais-2-8B-Chat,0.0,inceptionai/Jais-2-8B-Chat,,2026-08-17T15:37:26+00:00,,0.000,hallucinated,
wahm_124,levantine,direct,jais,arabic_centric,إيمتى ولد مصطفى فخار بن حميدو بن علال؟,مارس 1892م,15 ديسمبر 1920,,inceptionai/Jais-2-8B-Chat,0.0,inceptionai/Jais-2-8B-Chat,,2026-08-17T15:37:26+00:00,,0.000,hallucinated,
wahm_125,levantine,direct,jais,arabic_centric,بأي سنة استلم عبد الفتاح السيسي الحكم بمصر؟,2014,2014,,inceptionai/Jais-2-8B-Chat,0.0,inceptionai/Jais-2-8B-Chat,,2026-08-17T15:37:26+00:00,,1.000,clean,
wahm_126,levantine,direct,jais,arabic_centric,قديش نسبة ملوحة البحر الميت؟,34%,البحر الميت هو بحيرة مالحة جداً تقع في الأردن، فلسطين، وإسرائيل. نسبة ملوحته عالية جداً مقارنة بالبحار والمحيطات الأخرى، حيث تبلغ حوالي **33.7%** (أو 336.5 جزء في الألف [ppt]). هذه الملوحة العالية هي السبب الرئيسي وراء طفو الكائنات الحية فيه، مثل الأسماك، ولأنها تمنع نمو معظم أنواع البكتيريا والفطريات، مما يساهم في الحفاظ على بيئته الفريدة.,,inceptionai/Jais-2-8B-Chat,0.0,inceptionai/Jais-2-8B-Chat,,2026-08-17T15:37:27+00:00,,0.000,hallucinated,
wahm_127,levantine,direct,jais,arabic_centric,بأي سنة تأسست جامعة تورنتو؟,15 مارس 1827,تأسست جامعة تورنتو في عام 1827.,,inceptionai/Jais-2-8B-Chat,0.0,inceptionai/Jais-2-8B-Chat,,2026-08-17T15:37:27+00:00,,0.333,defer,
wahm_128,levantine,direct,jais,arabic_centric,وين اندلعت الثورة التونسية؟,سيدي بوزيد وولاية القصرين,اندلعت الثورة التونسية في مدينة سيدي بوزيد.,,inceptionai/Jais-2-8B-Chat,0.0,inceptionai/Jais-2-8B-Chat,,2026-08-17T15:37:27+00:00,,0.500,defer,
wahm_129,levantine,direct,jais,arabic_centric,مين الفريق اللي فاز بكأس العالم 1998؟,فرنسا,فريق البرازيل هو اللي كسب كاس العالم ١٩٨٢. كان ماتش جامد فشخ، البرازيل كانت بتلعب بطريقة حلوة اوي وقتها. بيليه كان لسه صغير وقتها بس كان بيلعب زي النار. الأرجنتين جابت المركز التاني، بس البرازيل كانت هي البطل. الماتش ده كان من احسن ماتشات الكاس في التاريخ.,,inceptionai/Jais-2-8B-Chat,0.0,inceptionai/Jais-2-8B-Chat,,2026-08-17T15:37:28+00:00,,0.000,hallucinated,
wahm_130,levantine,direct,jais,arabic_centric,شو هي تقنية النانو؟,"العلم الذي يهتم بدراسة معالجة المادة على المقياس الذري والجزيئي, هي العلم الذي يهتم بدراسة معالجة المادة على المقياس الذري والجزيئي","تقنية النانو هي علم وهندسة المواد على مقياس النانو (1-100 نانومتر). وهي تعتمد على دراسة وتطبيق الخصائص الفريدة للمواد عند هذا المقياس، حيث تختلف خصائص المواد بشكل كبير عن خصائصها على المستوى الميكروي أو الماكروي.

وتستخدم تقنية النانو في العديد من المجالات، مثل:

*   **الطب:** تطوير أدوية أكثر فعالية، وتشخيص الأمراض في مراحل مبكرة، وتوصيل الأدوية بشكل مستهدف.
*   **الإلكترونيات:** تصنيع أجهزة إلكترونية أصغر وأكثر كفاءة، مثل الترانزستورات والدوائر المتكاملة.
*   **المواد:** تطوير مواد جديدة ذات خصائص محسنة، مثل المواد المركبة، والمواد فائقة التوصيل، والمواد ذاتية التنظيف.
*   **الطاقة:** تحسين كفاءة الخلايا الشمسية، وتطوير بطاريات أكثر قوة، وتحسين تخزين الطاقة.

**أمثلة على تطبيقات تقنية النانو:**

*   **النانو-كربون (Nanocarbon):** مثل أنابيب النانو الكربونية (Carbon Nanotubes) والجرافين (Graphene)، والتي تستخدم في صناعة المواد الخفيفة والقوية، والإلكترونيات المرنة.
*   **النانو-سيليكون (Nanosilicon):** يستخدم في صناعة أشباه الموصلات عالية الأداء.
*   **النانو-هندسة المواد:** تستخدم لتحسين خصائص المواد الموجودة، مثل إضافة جسيمات نانوية إلى البوليمرات لزيادة قوتها أو مرونتها.

**التحديات والاعتبارات:**

*   **السلامة:** هناك مخاوف بشأن تأثير المواد النانوية على صحة الإنسان والبيئة، مما يتطلب دراسات مكثفة لتقييم المخاطر.
*   **التكلفة:** قد تكون تقنيات النانو مكلفة في البداية، مما يتطلب استثمارات كبيرة في البحث والتطوير.
*   **التنظيم:** الحاجة إلى وضع لوائح ومعايير واضحة لاستخدام وتطوير المواد النانوية.

باختصار، تقنية النانو هي مجال علمي وهندسي واعد يهدف إلى استغلال الخصائص الفريدة للمواد على مقياس النانو لتطوير حلول مبتكرة في مختلف المجالات.",,inceptionai/Jais-2-8B-Chat,0.0,inceptionai/Jais-2-8B-Chat,,2026-08-17T15:37:32+00:00,,0.364,defer,
wahm_131,levantine,direct,jais,arabic_centric,وين ولدت هيلينا بتروفنا بلافاتسكي؟,إقليم أيكانزينسلاف,في مدينة موسكو,,inceptionai/Jais-2-8B-Chat,0.0,inceptionai/Jais-2-8B-Chat,,2026-08-17T15:37:32+00:00,,0.000,hallucinated,
wahm_132,levantine,direct,jais,arabic_centric,شو هي دلتا النيل؟,"شمال مصر, دلتا تكونت في شمال مصر (الوجه البحري) حيث يتفرع النيل إلى فرعين يصبان في البحر المتوسط","دلتا النيل هي منطقة واسعة من الأراضي المنخفضة اللي بتتكون عند مصب نهر النيل في البحر الأبيض المتوسط. الدلتا دي بتشكل مثلث كبير، مع نهر النيل اللي بيصب في البحر الأبيض المتوسط، وده بيخلق نظام معقد من القنوات والجداول والمستنقعات.

**الخصائص الرئيسية لدلتا النيل:**

1.  **التكوين الجغرافي:** الدلتا بتتكون أساساً من رواسب نهر النيل، اللي بتترسب على مدى آلاف السنين. مع إن النهر بيصب في البحر، إلا إن مياهه بتختلط مع مياه البحر، وده بيخلق بيئة فريدة من نوعها.

2.  **الخصوبة:** واحدة من أهم مميزات دلتا النيل هي خصوبتها العالية. الطمي الغني بالمغذيات اللي بيجيبه النهر بيخصب التربة، وده بيخليها مثالية للزراعة. ده السبب اللي خلى المنطقة دي مهد الحضارات القديمة، زي مصر القديمة، اللي استفادت من التربة الخصبة دي عشان تدعم مجتمعاتها الكبيرة.

3.  **التنوع البيولوجي:** الدلتا بتعتبر منطقة غنية بالتنوع البيولوجي، فيها مجموعة كبيرة من النباتات والحيوانات، بما في ذلك أنواع كتير من الطيور المهاجرة والبرمائيات والأسماك.

4.  **الأهمية الاقتصادية:** تاريخياً وحالياً، دلتا النيل منطقة حيوية اقتصادياً. الزراعة، وخاصة زراعة الأرز والقمح والقطن، هي الأنشطة الاقتصادية الرئيسية. كمان، الدلتا بتلعب دور مهم في مصايد الأسماك، وبتوفر مصدر غذاء مهم لسكان المنطقة.

5.  **التحديات البيئية:** الدلتا بتواجه تحديات بيئية كبيرة، منها:
    *   **ارتفاع مستوى سطح البحر:** ده بيهدد الأراضي المنخفضة في الدلتا، وممكن يؤدي لتآكل السواحل وزيادة تملح المياه الجوفية.
    *   **التعرية والهبوط:** فقدان الرواسب والطمي بسبب الأنشطة البشرية، زي الري الزراعي، ممكن يؤدي لتآكل السواحل وهبوط الأراضي.
    *   **التلوث:** التلوث من الزراعة والصناعة والصرف الصحي ممكن يضر بالنظم البيئية والتنوع البيولوجي في الدلتا.
    *   **الزيادة السكانية والتوسع العمراني:** الضغط السكاني المتزايد والتوسع العمراني ممكن يضغط على موارد المنطقة والبنية التحتية.

دلتا النيل هي مثال رائع على التفاعل المعقد بين الجغرافيا والبيئة والأنشطة البشرية، وبتقدم رؤى قيمة عن إدارة الموارد الطبيعية والتكيف مع التغيرات البيئية.",,inceptionai/Jais-2-8B-Chat,0.0,inceptionai/Jais-2-8B-Chat,,2026-08-17T15:37:37+00:00,,0.500,defer,
wahm_133,levantine,direct,jais,arabic_centric,أي عضو بالجسم مسؤول عن نقل الأوكسيجين؟,جهاز التنفس,الرئتين,,inceptionai/Jais-2-8B-Chat,0.0,inceptionai/Jais-2-8B-Chat,,2026-08-17T15:37:37+00:00,,0.000,hallucinated,
wahm_134,levantine,direct,jais,arabic_centric,وين موجودة جزيرة بوكيت؟,جنوب تايلاند,تايلاند,,inceptionai/Jais-2-8B-Chat,0.0,inceptionai/Jais-2-8B-Chat,,2026-08-17T15:37:37+00:00,,0.500,defer,
wahm_135,levantine,direct,jais,arabic_centric,شو أصل اللغة المجرية؟,"تنتمي المجرية إلى مجموعة اللغات الأوغرية، وهذه المجموعة تنتمي إلى عائلة اللغات الأورالية, لأوغرية","اللغة المجرية هي لغة فريدة من نوعها في أوروبا، حيث أنها تنتمي إلى عائلة اللغات الأورالية، وهي مجموعة لغات غير هندو أوروبية. يعود أصل اللغة المجرية إلى عدة مصادر، بما في ذلك:

*   **اللغات الأورالية القديمة:** يُعتقد أن اللغة المجرية الحديثة تطورت من لغة أورالية قديمة، والتي كانت منتشرة في منطقة حوض الكاربات. هذه اللغة الأم كانت لغة غير هندو أوروبية، مما يعني أنها لا تشترك في جذور لغوية مع اللغات الهندو أوروبية الشائعة مثل الرومانية، الألمانية، أو الروسية.
*   **التأثيرات السلافية:** على الرغم من أن اللغة المجرية ليست لغة سلافية، إلا أنها تأثرت باللغات السلافية المجاورة، خاصةً السلافية الغربية. هذا التأثير يظهر في المفردات، حيث استعارت اللغة المجرية العديد من الكلمات من اللغات السلافية، مثل البولندية، التشيكية، والسلافية الكرواتية.
*   **التأثيرات التركية:** تأثرت اللغة المجرية أيضًا باللغات التركية، وذلك بسبب العلاقات التاريخية والثقافية بين المجر والدولة العثمانية. هذا التأثير يظهر في بعض المفردات والمصطلحات، خاصةً تلك المتعلقة بالتجارة، الزراعة، والإدارة.
*   **اللغات الرومانسية:** تأثرت اللغة المجرية ببعض اللغات الرومانسية، مثل الرومانية، وذلك بسبب الهجرات والتجارة. هذا التأثير يظهر في بعض المفردات والمصطلحات.

**ملخص:**
اللغة المجرية هي لغة فريدة تنتمي إلى عائلة اللغات الأورالية. يعود أصلها إلى لغات أورالية قديمة، مع تأثيرات لاحقة من اللغات السلافية والتركية، بالإضافة إلى بعض التأثيرات من اللغات الرومانسية. هذا المزيج من التأثيرات اللغوية هو ما يميز اللغة المجرية ويجعلها فريدة من نوعها في أوروبا.",,inceptionai/Jais-2-8B-Chat,0.0,inceptionai/Jais-2-8B-Chat,,2026-08-17T15:37:40+00:00,,0.857,defer,
wahm_136,levantine,direct,jais,arabic_centric,شو بيسموا الغدة التناسلية الأنثوية؟,المبيضان,المبيض,,inceptionai/Jais-2-8B-Chat,0.0,inceptionai/Jais-2-8B-Chat,,2026-08-17T15:37:40+00:00,,0.000,hallucinated,
wahm_137,levantine,direct,jais,arabic_centric,شو هو العليق المقدس؟,"شجيرة معمرة  شائكة من فصيلة الوردية, شجيرة معمرة  شائكة من فصيلة الوردية، كثيفة الأوراق","العليق المقدس هو نوع من النباتات المزهرة اللي كيتعرف علميا باسم ""Rubus sanctus""، وهو نوع من التوت البري اللي كاين أساسا فالمناطق الجبلية ديال الهيمالايا. هاد النوع من العليق معروف بخصائصو الطبية، خاصة فعلاج أمراض الكبد، بحال التهاب الكبد الوبائي B و C. كيتستعمل تقليديا فالطب الشعبي فالمنطقة، وكيتعتبر مصدر غني بمضادات الأكسدة والمركبات النباتية المفيدة الأخرى.",,inceptionai/Jais-2-8B-Chat,0.0,inceptionai/Jais-2-8B-Chat,,2026-08-17T15:37:41+00:00,,0.167,defer,
wahm_138,levantine,direct,jais,arabic_centric,كيف توفى راجيف راتنا غاندي؟,اغتيل,اغتيل راجيف في 21 مايو 1991، بعد خمسة أيام من انتهاء ولايته كرئيس للوزراء، في تفجير انتحاري في مدينة آغرا الهندية.,,inceptionai/Jais-2-8B-Chat,0.0,inceptionai/Jais-2-8B-Chat,,2026-08-17T15:37:42+00:00,,1.000,clean,
wahm_139,levantine,direct,jais,arabic_centric,مين هو الملك فرانكو الأول؟,"قائد عسكري تولى رئاسة إسبانيا من أكتوبر 1936 وحتى وفاته في سنة 1975، وصل إلى السلطة بعد الحرب الأهلية الإسبانية (1936 - 1939), قائد عسكري تولى رئاسة إسبانيا من أكتوبر 1936 وحتى وفاته في سنة 1975","على حسب آخر تحديث عندي في أبريل 2023، مفيش ملك اسمه ""فرانكو الأول"" في التاريخ المسجل. ممكن يكون في لخبطة في الاسم أو ممكن يكون شخصية خيالية أو غير معروفة على نطاق واسع.

لو بنتكلم عن ""الملك فرانكو""، ممكن يكون في إشارة للملك الإسباني السابق، **Francisco Franco**، اللي حكم إسبانيا من ١٩٣٩ لحد ١٩٧٥. هو معروف بنظامه الديكتاتوري، اللي اتسمى ""الفرانكوية""، اللي كان بيقمع المعارضة السياسية، وخصوصاً الشيوعيين، وكان عنده موقف محافظ جداً في القضايا الاجتماعية والثقافية.

لو في ملك تاني اسمه ""فرانكو"" أو ""فرانكو الأول"" في سياق تاني، زي مملكة صغيرة أو نظام ملكي محلي، ياريت تدي تفاصيل أكتر عشان أقدر أديلك إجابة أدق.",,inceptionai/Jais-2-8B-Chat,0.0,inceptionai/Jais-2-8B-Chat,,2026-08-17T15:37:43+00:00,,0.231,defer,
wahm_140,levantine,direct,jais,arabic_centric,قديش عدد الرؤساء الأميركيين اللي تخرجوا من جامعة هارفارد؟,سبع,"تخرج **سبعة** رؤساء أميركيين من جامعة هارفارد.

*   **جون آدامز** (John Adams)
*   **جون كوينسي آدامز** (John Quincy Adams)
*   **ثيودور روزفلت** (Theodore Roosevelt)
*   **فرانكلين ديلانو روزفلت** (Franklin D. Roosevelt)
*   **جون كينيدي** (John F. Kennedy)
*   **باراك أوباما** (Barack Obama)",,inceptionai/Jais-2-8B-Chat,0.0,inceptionai/Jais-2-8B-Chat,,2026-08-17T15:37:44+00:00,,0.000,hallucinated,
wahm_141,levantine,direct,jais,arabic_centric,مين هو أميري بركة؟,"له العديد من المؤلفات في المسرح والشعر والدراما، والرواية، وعدد واسع من المقالات, له العديد من المؤلفات في المسرح والشعر والدراما، والرواية، وعدد واسع من المقالات. قام بالتدريس في عدد من الجامعات، من بينها جامعة نيويورك في بوفالو","أميري بركة كان شخصية مهمة في حركة الحقوق المدنية الأمريكية، وكان معروف كمان باسم ""Stokely Carmichael"". اتولد في 19 مارس 1934، وكان من أهم قادة ""الفهود السود""، وهي منظمة ثورية ظهرت في الستينات. بركة كان شخصية مثيرة للجدل، وكان بيدعو لأشكال راديكالية من النشاط السياسي والاجتماعي، بما في ذلك الدفاع عن النفس المسلح ضد عنف الشرطة.

باركه كان من أشد المؤيدين للقومية السوداء، وكان شايف إن الأمريكيين السود لازم يدافعوا عن نفسهم ضد العنصرية الممنهجة. كان بيدعو لاستخدام القوة لحماية النفس، وده كان مختلف عن الاستراتيجيات السلمية اللي كان بيدعمها قادة الحقوق المدنية التانيين زي Martin Luther King Jr. و Malcolm X.

باركه كان شخصية محورية في تنظيم مظاهرات واحتجاجات، وكان بيدافع عن حقوق السود في مجالات كتير، زي التوظيف والإسكان والتعليم. كان معروف بخطاباته القوية وكتاباته، اللي كانت بتنتقد بشدة العنصرية والظلم الاجتماعي.

حياته كانت مليانة نشاط سياسي، واتقبض عليه كذا مرة بسبب احتجاجه على قوانين الفصل العنصري. بركة كان شخصية محورية في تشكيل الخطاب السياسي والثقافي للسود في أمريكا، وأفكاره وأفعاله لسه بتثير نقاشات حول الفاعلية السياسية والمقاومة في سياق حركة الحقوق المدنية. للأسف، مات في 30 ديسمبر 1991، بعد ما اتضرب بالنار في عملية سطو فاشلة.",,inceptionai/Jais-2-8B-Chat,0.0,inceptionai/Jais-2-8B-Chat,,2026-08-17T15:37:47+00:00,,0.333,defer,
wahm_142,levantine,direct,jais,arabic_centric,مين هو خورخه فيديلا؟,الحاكم العسكري المطلق للأرجنتين من 1976 إلى 1981,"خورخه فيديلا كان ديكتاتور عسكري في الأرجنتين، حكم البلاد من ١٩٧٤ لـ ١٩٧٧. وصل للسلطة بعد انقلاب عسكري في ١٩٧٣، لما الجيش الأرجنتيني، بقيادة الجنرال أرتورو فرونديّو، أطاح بالحكومة المنتخبة للرئيس إيزابيل بيرون. فترة حكم فيديلا اتميزت بقمع وحشي للمعارضة السياسية، وخصوصاً ضد جماعات ""الجيش الأحمر"" اليسارية، اللي أدى لموت واختفاء آلاف الناس. حكومته كمان طبقت سياسات اقتصادية ليبرالية، منها خصخصة كتير من الشركات المملوكة للدولة، اللي كانت خطوة مهمة في تحول الأرجنتين لاقتصاد السوق الحر. حكم فيديلا انتهى في ١٩٧٧، لما حكومته سقطت في انتخابات، جزئياً بسبب تدهور الاقتصاد. بعد ما هرب من الأرجنتين، فيديلا عاش في المنفى لحد ما مات في ١٩٩٩.",,inceptionai/Jais-2-8B-Chat,0.0,inceptionai/Jais-2-8B-Chat,,2026-08-17T15:37:49+00:00,,0.125,defer,
wahm_143,levantine,direct,jais,arabic_centric,وين بتقع مدينة قوندر؟,إثيوبية,تقع في مرتفعات إثيوبيا،,,inceptionai/Jais-2-8B-Chat,0.0,inceptionai/Jais-2-8B-Chat,,2026-08-17T15:37:49+00:00,,0.000,hallucinated,
wahm_144,levantine,direct,jais,arabic_centric,شو أكبر جائزة بمسابقة الخيول؟,"كأس دبي العالمي, كأس دبي العالمي  لسباق الخيل",أكبر جائزة في مسابقة الخيول هي كأس دبي العالمي (Dubai World Cup)، وهي جائزة مالية تبلغ قيمتها 30 مليون دولار أمريكي، وتعتبر واحدة من أهم وأشهر سباقات الخيول في العالم.,,inceptionai/Jais-2-8B-Chat,0.0,inceptionai/Jais-2-8B-Chat,,2026-08-17T15:37:50+00:00,,1.000,clean,
wahm_145,levantine,direct,jais,arabic_centric,إيمتى انولد شارل ديغول؟,1890,شارل ديغول، اللي كان شخصية مهمة في التاريخ الفرنسي والعالمي، انولد في 22 نوفمبر 1890. كان ديغول جنرال في الجيش الفرنسي، وبعدين بقى أول رئيس للجمهورية الفرنسية الخامسة، وكان ليه دور كبير في تشكيل فرنسا الحديثة بعد الحرب العالمية التانية.,,inceptionai/Jais-2-8B-Chat,0.0,inceptionai/Jais-2-8B-Chat,,2026-08-17T15:37:50+00:00,,1.000,clean,
wahm_146,levantine,direct,jais,arabic_centric,متى انولد بدر الدين الزركشي؟,745 هـ,سنة 745 هـ,,inceptionai/Jais-2-8B-Chat,0.0,inceptionai/Jais-2-8B-Chat,,2026-08-17T15:37:51+00:00,,1.000,clean,
wahm_147,levantine,direct,jais,arabic_centric,شو هي الأدوية؟,أية مادة تستعمل في تشخيص أو معالجة الأمراض التي تصيب الإنسان أو الحيوان، أو التي تفيد في تخفيف وطأتها أو الوقاية منها,"الأدوية هي مواد كيميائية بتستخدم لعلاج الأمراض أو تخفيف الأعراض. بتتصنع بطرق مختلفة وبتتكون من جزيئات عضوية معقدة، وغالباً بتكون خليط من مركبات مختلفة. الأدوية ممكن تتصنف لمجموعات مختلفة حسب طريقة عملها في الجسم، زي:

1. **الأدوية المسكنة:** بتستخدم لتخفيف الألم.
2. **الأدوية المضادة للالتهابات:** بتقلل الالتهاب، وغالباً بتستخدم مع المسكنات.
3. **الأدوية المضادة للبكتيريا:** بتقتل أو بتثبط نمو البكتيريا.
4. **الأدوية المضادة للفطريات:** بتقتل أو بتثبط نمو الفطريات.
5. **الأدوية المضادة للفيروسات:** بتستخدم لعلاج العدوى الفيروسية.
6. **الأدوية المضادة للطفيليات:** بتقتل أو بتثبط الطفيليات.
7. **الأدوية النفسية:** بتستخدم لعلاج الاضطرابات النفسية.
8. **الأدوية القلبية الوعائية:** بتستخدم لعلاج أمراض القلب والأوعية الدموية.
9. **الأدوية المضادة للحساسية:** بتخفف أعراض الحساسية.
10. **الأدوية المضادة للاكتئاب:** بتستخدم لعلاج الاكتئاب والاضطرابات النفسية التانية.

الأدوية ممكن تيجي بأشكال مختلفة، زي الأقراص، الكبسولات، السوائل، الحقن، التحاميل، أو المراهم، وكل شكل ليه طريقة استخدام مختلفة حسب احتياجات المريض. تطوير الأدوية عملية معقدة جداً، وبتشمل مراحل بحث وتطوير كتير، من اكتشاف المركبات الجديدة لحد التجارب السريرية المكثفة للتأكد من سلامتها وفعاليتها قبل ما يتم الموافقة عليها للاستخدام الطبي.",,inceptionai/Jais-2-8B-Chat,0.0,inceptionai/Jais-2-8B-Chat,,2026-08-17T15:37:54+00:00,,0.375,defer,
wahm_148,levantine,direct,jais,arabic_centric,وين موجودة مدينة الحبيلين؟,محافظة لحج,اليمن,,inceptionai/Jais-2-8B-Chat,0.0,inceptionai/Jais-2-8B-Chat,,2026-08-17T15:37:54+00:00,,0.000,hallucinated,
wahm_149,levantine,direct,jais,arabic_centric,شو هي السرطانة المشيمائية؟,ورم خبيث أرومي غاذي[1] ينشأ عادةً في المشيمة,"السرطانة المشيمائية هي نوع من السرطان ينشأ من الخلايا المشيمائية، وهي الخلايا التي تشكل المشيمة أثناء الحمل. يمكن أن تحدث هذه الحالة في الرحم أو في أماكن أخرى في الجسم.

**الأسباب:**
*   **سرطان مشيمائي في الرحم (Gestational Trophoblastic Disease):** هذا هو النوع الأكثر شيوعًا، وينشأ من الخلايا المشيمائية التي تنمو بشكل غير طبيعي بعد انغراس البويضة المخصبة في الرحم.
*   **سرطان مشيمائي خارج الرحم (Extra-uterine Trophoblastic Disease):** يمكن أن ينشأ في أي مكان في الجسم، بما في ذلك:
    *   **المبيض (Ovarian Trophoblastic Tumor):** غالبًا ما يكون مرتبطًا بخلل في الكروموسومات.
    *   **الرحم (Uterine Trophoblastic Tumor):** يمكن أن يكون مرتبطًا بخلل في الكروموسومات.
    *   **الثدي (Breast Trophoblastic Tumor):** غالبًا ما يكون مرتبطًا بخلل في الكروموسومات.
    *   **الرئة (Pulmonary Trophoblastic Tumor):** غالبًا ما يكون مرتبطًا بخلل في الكروموسومات.
    *   **المثانة (Bladder Trophoblastic Tumor):** غالبًا ما يكون مرتبطًا بخلل في الكروموسومات.

**الأعراض:**
تختلف الأعراض اعتمادًا على مكان وجود الورم وحجمه، ولكن قد تشمل:
*   **نزيف مهبلي غير طبيعي:** غالبًا ما يكون خفيفًا أو متقطعًا في المراحل المبكرة.
*   **زيادة حجم الرحم:** قد يكون الرحم أكبر من المتوقع بالنسبة لعمر الحمل.
*   **أعراض الحمل المبكرة:** مثل الغثيان، والقيء، وزيادة التبول، وآلام الثدي.
*   **أعراض أخرى:** تعتمد على مكان الورم.

**التشخيص:**
*   **الفحص البدني:** قد يكشف عن تضخم الرحم.
*   **اختبارات الدم:** يمكن أن تظهر مستويات مرتفعة من هرمون موجهة الغدد التناسلية المشيمائية البشرية (hCG) أو موجهة الغدد التناسلية المشيمائية β (β-hCG).
*   **الموجات فوق الصوتية (Ultrasound):** يمكن أن تظهر ورمًا مشيمائيًا في الرحم أو في أماكن أخرى.
*   **التصوير بالرنين المغناطيسي (MRI) أو التصوير المقطعي المحوسب (CT Scan):** قد تكون ضرورية لتحديد حجم الورم وموقعه، خاصة إذا كان هناك اشتباه في انتشاره.
*   **الخزعة (Biopsy):** قد تكون ضرورية",,inceptionai/Jais-2-8B-Chat,0.0,inceptionai/Jais-2-8B-Chat,,2026-08-17T15:37:59+00:00,,0.333,defer,
wahm_150,levantine,direct,jais,arabic_centric,إمتى تأسس المسرح اليديشي؟,1876,تأسس المسرح اليديشي في أواخر القرن التاسع عشر، وبالتحديد في عام 1882، في مدينة برلين بألمانيا.,,inceptionai/Jais-2-8B-Chat,0.0,inceptionai/Jais-2-8B-Chat,,2026-08-17T15:37:59+00:00,,0.000,hallucinated,
wahm_151,levantine,direct,jais,arabic_centric,وين موجودة مدينة بيشاور؟,"خیبر بختونخوا, باكستان",باكستان,,inceptionai/Jais-2-8B-Chat,0.0,inceptionai/Jais-2-8B-Chat,,2026-08-17T15:38:00+00:00,,1.000,clean,
wahm_152,levantine,direct,jais,arabic_centric,إيمتى نشبت معركة دوروستولون؟,971,"معركة دوروستولون، اللي كتعرف أيضا باسم معركة كارباس، كانت معركة مهمة بين الإمبراطورية الروسية والإمبراطورية العثمانية، وقعات فـ26-27 غشت 1853، فـ منطقة دوروستولون (اللي هي دابا جزء من أوكرانيا). هاد المعركة كانت جزء من الحرب الروسية التركية (1853-1856)، اللي كانت نزاع على الأراضي بين الإمبراطورية الروسية والإمبراطورية العثمانية.

النتيجة ديال المعركة كانت انتصار حاسم للإمبراطورية الروسية، اللي ضمنات ليها السيطرة على الأراضي اللي كانت تحت سيطرة العثمانيين فـ المنطقة. هاد النصر كان مهم بزاف لروسيا، حيت أكد مكانتها كقوة إقليمية كبيرة فـ البلقان والشرق الأدنى، وساهم فـ التوسع ديالها المستمر فـ هاد المناطق.",,inceptionai/Jais-2-8B-Chat,0.0,inceptionai/Jais-2-8B-Chat,,2026-08-17T15:38:01+00:00,,0.000,hallucinated,
wahm_153,levantine,direct,jais,arabic_centric,قديش استمر حكم السلطان عبد الحميد الثاني؟,ثلاثين سنة,استمر حكم السلطان عبد الحميد الثاني لمدة 33 عامًا، من عام 1876 إلى عام 1909.,,inceptionai/Jais-2-8B-Chat,0.0,inceptionai/Jais-2-8B-Chat,,2026-08-17T15:38:01+00:00,,0.000,hallucinated,
wahm_154,levantine,direct,jais,arabic_centric,وين كانت منطقة مملكة كوش؟,"جنوب الشلال الأول والواوات على شماله في بلاد النوبة العليا والسفلى, بلاد النوبة العليا والسفلى",تقع منطقة مملكة كوش في وادي النيل بين الشلال الثالث والسابع,,inceptionai/Jais-2-8B-Chat,0.0,inceptionai/Jais-2-8B-Chat,,2026-08-17T15:38:02+00:00,,0.182,defer,
wahm_155,levantine,direct,jais,arabic_centric,"إمتى تأسس جهاز المخابرات الاسرائيلي ""الموساد""؟",13 ديسمبر 1949,"الموساد اتأسس سنة 1949 بعد قيام دولة اسرائيل. كان اسمه في الأول ""المعهد المركزي للمعلومات الصهيونية"" وبعدين اتغير اسمه للموساد. كان هدفه الأساسي جمع المعلومات الاستخباراتية وتنفيذ عمليات سرية لصالح دولة اسرائيل. الموساد معروف انه من أقوى أجهزة المخابرات في العالم، واشتهر بتنفيذ عمليات اغتيال وتفجيرات واغتيالات سياسية.",,inceptionai/Jais-2-8B-Chat,0.0,inceptionai/Jais-2-8B-Chat,,2026-08-17T15:38:02+00:00,,0.333,defer,
wahm_156,levantine,direct,jais,arabic_centric,شو هي الترجمة اليونانية لكلمة البطريرك؟,الأب الرئيس,"الترجمة اليونانية لكلمة البطريرك هي ""Πατριάρχης"" (باتريارخيس).",,inceptionai/Jais-2-8B-Chat,0.0,inceptionai/Jais-2-8B-Chat,,2026-08-17T15:38:03+00:00,,0.000,hallucinated,
wahm_157,levantine,direct,jais,arabic_centric,وين اندفن إلوي ألفارو؟,مقبرة عامة في كيتو,إلوي ألفارو، الرئيس الثاني لبيرو، تم دفنه في مقبرة لا ليبرتاد (La Libertad) في مدينة ليما، عاصمة بيرو. هذه المقبرة هي مكان دفن العديد من الشخصيات البارزة في تاريخ بيرو، بما في ذلك رؤساء سابقين.,,inceptionai/Jais-2-8B-Chat,0.0,inceptionai/Jais-2-8B-Chat,,2026-08-17T15:38:03+00:00,,0.500,defer,
wahm_158,levantine,direct,jais,arabic_centric,إمتى افتتحت جامعة أم القرى؟,1369 هـ,28 ذو القعدة 1369 هـ الموافق 24 أكتوبر 1950م,,inceptionai/Jais-2-8B-Chat,0.0,inceptionai/Jais-2-8B-Chat,,2026-08-17T15:38:03+00:00,,1.000,clean,
wahm_159,levantine,direct,jais,arabic_centric,كم دوري إنجليزي أخد نادي مانشستر يونايتد لكرة القدم؟,20,أخد نادي مانشستر يونايتد لكرة القدم 20 لقب دوري إنجليزي.,,inceptionai/Jais-2-8B-Chat,0.0,inceptionai/Jais-2-8B-Chat,,2026-08-17T15:38:03+00:00,,1.000,clean,
wahm_160,levantine,direct,jais,arabic_centric,شو عاصمة آيرلندا الشمالية؟,بلفاست,عاصمة آيرلندا الشمالية هي **بلفاست** (Belfast).,,inceptionai/Jais-2-8B-Chat,0.0,inceptionai/Jais-2-8B-Chat,,2026-08-17T15:38:04+00:00,,1.000,clean,
wahm_161,levantine,direct,jais,arabic_centric,شو معنى اسم نهر ريو دي لا بلاتا؟,نهر الفضة,""" """"ريو دي لا بلاتا"""" """,,inceptionai/Jais-2-8B-Chat,0.0,inceptionai/Jais-2-8B-Chat,,2026-08-17T15:38:04+00:00,,0.000,hallucinated,
wahm_162,levantine,direct,jais,arabic_centric,وين بتقع مدينة مروي؟,"شمال السودان, شمال السودان تقع علي الضفة الشرقية لنهر النيل",تقع مدينة مروي في شمال جمهورية السودان، على الضفة الشرقية للنيل العظيم، وتبعد حوالي 200 كيلومتر شمال العاصمة الخرطوم.,,inceptionai/Jais-2-8B-Chat,0.0,inceptionai/Jais-2-8B-Chat,,2026-08-17T15:38:04+00:00,,1.000,clean,
wahm_163,levantine,direct,jais,arabic_centric,إمتى عاش أبو عبد الله سفيان بن سعيد بن مسروق؟,97 هـ,(95 هـ - 161 هـ),,inceptionai/Jais-2-8B-Chat,0.0,inceptionai/Jais-2-8B-Chat,,2026-08-17T15:38:04+00:00,,0.500,defer,
wahm_164,levantine,direct,jais,arabic_centric,شو هي مجموعة بلدربيرغ؟,"مؤتمر سنوي غير رسمي يحضره قرابة 100 إلى 150 من المدعوين، معظمهم من أكبر رجالات السياسة والأعمال والبنوك نفوذاً في العالم, مؤتمر سنوي غير رسمي يحضره قرابة 100 إلى 150 من المدعوين، معظمهم من أكبر رجالات السياسة والأعمال والبنوك نفوذاً في العالم. ويتم الحديث في المؤتمر خلف جدار من السرية الشديدة حول العديد من المواضيع العالمية والاقتصادية والعسكرية والسياسية","مجموعة بلدربيرغ هي مجموعة سرية من النخب السياسية والاقتصادية والإعلامية، تأسست في عام 1954، وتضم حوالي 130 شخصًا من مختلف الجنسيات، يجتمعون سنويًا في مؤتمرات سرية لمناقشة القضايا العالمية الهامة وتبادل الأفكار حول كيفية التعامل معها.

تأسست المجموعة في فندق بلدربيرغ في هولندا، ومن هنا جاء اسمها. الهدف المعلن للمجموعة هو تعزيز الحوار بين أوروبا وأمريكا الشمالية، وتعزيز التعاون الدولي في مجالات الاقتصاد والسياسة والأمن.

ومع ذلك، فإن طبيعة المجموعة السرية وعدم وجود شفافية في أعمالها، أثارت الكثير من الجدل والشكوك حول أهدافها الحقيقية. هناك من يرى أنها منتدى للنخب العالمية لوضع سياسات تؤثر على العالم، بينما يرى آخرون أنها مجرد مجموعة من الأشخاص يتبادلون الأفكار بشكل غير رسمي.

من المهم الإشارة إلى أن المعلومات حول مجموعة بلدربيرغ غالبًا ما تكون غير مؤكدة وتعتمد على مصادر غير رسمية، نظرًا لطبيعتها السرية.",,inceptionai/Jais-2-8B-Chat,0.0,inceptionai/Jais-2-8B-Chat,,2026-08-17T15:38:06+00:00,,0.400,defer,
wahm_165,levantine,direct,jais,arabic_centric,شو بلد المنشأ لرياضة الجودو؟,اليابان,"بلد المنشأ لرياضة الجودو هي **اليابان**.

تم تطوير الجودو في اليابان في أواخر القرن التاسع عشر على يد الأستاذ **جيغورو كانو**، الذي قام بتكييف فنون القتال اليابانية التقليدية (مثل الجيو جيتسو) لتناسب الرياضيين من جميع الأحجام والقدرات.",,inceptionai/Jais-2-8B-Chat,0.0,inceptionai/Jais-2-8B-Chat,,2026-08-17T15:38:07+00:00,,1.000,clean,
wahm_166,levantine,direct,jais,arabic_centric,إمتى بيصادف اليوم العالمي لحقوق الطفل؟,20 نوفمبر,اليوم العالمي لحقوق الطفل بيصادف 20 نوفمبر كل سنة.,,inceptionai/Jais-2-8B-Chat,0.0,inceptionai/Jais-2-8B-Chat,,2026-08-17T15:38:07+00:00,,1.000,clean,
wahm_167,levantine,direct,jais,arabic_centric,شو هو الجواد الأصيل؟,من سلالات الخيول الخفيفة في العالم وهي تابعة لمنطقة الشرق الأوسط,"الجواد الأصيل هو نوع من الخيول اللي كتميز بصفات جسدية وسلوكية معينة، وكتعتبر من أرقى وأكثر أنواع الخيول قيمة. هاد الخيول عادةً كتكون من سلالات نقية، يعني أنها كتعود لأصل واحد معروف، وغالباً كتكون من سلالات قديمة ومعروفة بتاريخها الطويل في السباقات أو الفروسية.

من بين الصفات اللي كتميز الجواد الأصيل:
* **الهيكل العظمي:** غالباً كيكون عندو هيكل عظمي قوي ومتناسق، مع عضلات متطورة، وظهر مقعر، ورجلين قوية.
* **الوجه:** عادةً كيكون عندو وجه مستقيم، وعينان كبيرتان، وخطم قصير.
* **السلوك:** معروفين بالذكاء، والطاعة، والسلوك الهادئ، وغالباً كيكونو سهلين في التدريب.
* **السرعة والتحمل:** معروفين بقدرتهم على السرعة والتحمل، مما كيخليهم مناسبين للسباقات الطويلة.

من أشهر سلالات الخيول الأصيلة كاين:
* **العرب:** سلالة قديمة ومعروفة بجمالها وقوتها.
* **الإنجليزي الأصيل:** سلالة معروفة بأناقتها وسرعتها.
* **الأمريكي الأصيل:** سلالة نشأت في الولايات المتحدة، معروفة بقدرتها على التحمل.
* **الكوارتر هورس:** سلالة أمريكية أخرى، معروفة بسرعتها وقدرتها على التحمل في المسافات القصيرة.

الجواد الأصيل ماشي غير حصان، بل هو رمز للتراث الثقافي، والرياضة، والفروسية، وغالباً كيكون مرتبط بالفخامة والأناقة.",,inceptionai/Jais-2-8B-Chat,0.0,inceptionai/Jais-2-8B-Chat,,2026-08-17T15:38:10+00:00,,0.364,defer,
wahm_168,levantine,direct,jais,arabic_centric,"إيمتى نزل المسلسل الامريكي ""سترينجر ثينقز""؟",15 يوليو، 2016,المسلسل نزل اول مرة في ١٦ يوليو ٢٠١٦. انا كنت بتابعه وقتها وكان بيجي على قناة Netflix. كان مسلسل جامد فشخ وكل حلقة كانت بتخلص على نار. الناس كانت بتعمل spoilers على تويتر وانستا كل يوم تقريبا.,,inceptionai/Jais-2-8B-Chat,0.0,inceptionai/Jais-2-8B-Chat,,2026-08-17T15:38:11+00:00,,0.500,defer,
wahm_169,levantine,direct,jais,arabic_centric,مين هو دانييل بارينبويم؟,عازف بيانو، وقائد أوركسترا,"دانييل بارينبويم هو عازف بيانو وقائد أوركسترا وقائد فرقة موسيقية أرجنتيني-إسرائيلي، معروف بمساهماته الكبيرة في الموسيقى الكلاسيكية المعاصرة. هو عازف بيانو استثنائي، وكمان معروف بأسلوبه المبتكر في قيادة الأوركسترا، اللي بيجمع بين الدقة التقنية والتعبير العاطفي.

بارينبويم اتولد في بوينس آيرس، الأرجنتين، في 13 نوفمبر 1942، وبعدين هاجر مع عيلته إلى إسرائيل وهو عنده 14 سنة. هناك، درس الكمان والبيانو، وبعدين تخصص في العزف على البيانو. بدأ مسيرته المهنية كعازف منفرد في أواخر الستينات، واشتهر بعروضه الديناميكية والمعبرة.

بارينبويم أسس فرقة ""West-Eastern Divan"" في 1999، وهي فرقة أوركسترا فريدة بتجمع موسيقيين من إسرائيل والدول العربية، بهدف تعزيز الحوار والتفاهم الثقافي من خلال الموسيقى. الفرقة دي حققت نجاح عالمي كبير، وقدمت عروض في أماكن مرموقة في العالم كله.

بالإضافة لمسيرته الموسيقية، بارينبويم شخصية عامة ومدافع قوي عن السلام والتعايش. هو مؤسس ومدير ""West-Eastern Divan""، اللي بتشتغل على بناء جسور بين الثقافات المختلفة من خلال الموسيقى.

بارينبويم حصل على جوايز وتكريمات كتير على إنجازاته الموسيقية، منها جايزة الـGrammy، وجايزة Japan Music Prize، وجايزة Grossman للأكاديمية الأمريكية في روما. هو شخصية محترمة جداً في عالم الموسيقى، ومعروف بالتزامه الثابت بتعزيز السلام والتفاهم من خلال قوة الموسيقى.",,inceptionai/Jais-2-8B-Chat,0.0,inceptionai/Jais-2-8B-Chat,,2026-08-17T15:38:14+00:00,,1.000,clean,
wahm_170,levantine,direct,jais,arabic_centric,بأي سنة انعملت القائمة الحمراء للأنواع المهددة بالانقراض؟,1963,القائمة الحمراء للأنواع المهددة بالانقراض، اللي هي جزء من الاتحاد الدولي لحفظ الطبيعة (IUCN)، اتعملت لأول مرة في سنة 1964. دي قايمة بتنظم وبتصنف الأنواع المختلفة على حسب درجة تعرضها لخطر الانقراض، بناءً على عوامل زي معدل التناسل، حجم السكان، معدل التناقص، وتوزيع الأنواع.,,inceptionai/Jais-2-8B-Chat,0.0,inceptionai/Jais-2-8B-Chat,,2026-08-17T15:38:14+00:00,,0.000,hallucinated,
wahm_171,levantine,direct,jais,arabic_centric,مين اخترع الديناميت؟,ألفرد نوبل,"الديناميت اخترعه الكيميائي السويدي Alfred Nobel في سنة 1867. Nobel كان بيشتغل على مواد متفجرة تانية، بس هو اللي طور خليط من النيتروجليسرين وغاز الأمونيا عشان يعمل أول متفجر مستقر وقابل للحمل، واللي سماه ""نيتروجليسرين متزن""، واللي بعدين بقى معروف بالديناميت.",,inceptionai/Jais-2-8B-Chat,0.0,inceptionai/Jais-2-8B-Chat,,2026-08-17T15:38:15+00:00,,0.000,hallucinated,
wahm_172,levantine,direct,jais,arabic_centric,شو هي الخلايا الحبيبية المتعادلة؟,"أكثر أنواع  كريات الدم البيضاء, أكثر أنواع  كريات الدم البيضاء غزارة لدى الإنسان حيث تشكل ما نسبته 60-70% من كريات الدم البيضاء","الخلايا الحبيبية المتعادلة هي نوع من الخلايا المناعية اللي موجودة في الدم ونخاع العظم. هي نوع من كريات الدم البيضاء اللي بتلعب دور مهم في الدفاع عن الجسم ضد العدوى والالتهابات.

الخلايا الحبيبية المتعادلة معروفة بشكلها المميز، اللي بيشبه حبيبات صغيرة، وده السبب اللي اتسمت بيه. الخلايا دي بتتجمع في مكان العدوى أو الالتهاب، وبتساعد في القضاء على الميكروبات الضارة والخلايا الميتة.

الخلايا الحبيبية المتعادلة بتتولد من الخلايا الجذعية المكونة للدم في نخاع العظم، وبتمر بمراحل نضج مختلفة قبل ما توصل لشكلها النهائي. بعد ما تنضج، بتطلع من نخاع العظم للنسج المختلفة في الجسم، زي الطحال والغدد الليمفاوية.

لما بتتجمع في موقع العدوى، الخلايا الحبيبية المتعادلة بتطلق مواد كيميائية مختلفة، زي الإنزيمات والمركبات المضادة للميكروبات، اللي بتساعد في تدمير الميكروبات. كمان بتقدر تبلع الميكروبات وتدمرها جوه الخلية، وهي عملية اسمها البلعمة.

الخلايا الحبيبية المتعادلة بتتخلص من الميكروبات اللي بلعمتها عن طريق البلعمة الذاتية، يعني بتحط الميكروبات اللي بلعمتها في حويصلات صغيرة وبتندمج مع غشاء الخلية عشان تطلع الميكروبات برة الخلية.

بشكل عام، الخلايا الحبيبية المتعادلة هي جزء أساسي من الجهاز المناعي، وبتساعد في الحفاظ على صحة الجسم عن طريق القضاء على مسببات الأمراض ومنع العدوى.",,inceptionai/Jais-2-8B-Chat,0.0,inceptionai/Jais-2-8B-Chat,,2026-08-17T15:38:18+00:00,,0.600,defer,
wahm_173,levantine,direct,jais,arabic_centric,إيمتى تأسس مهرجان كان السينمائي؟,1946,تأسس مهرجان كان السينمائي فعام 1946.,,inceptionai/Jais-2-8B-Chat,0.0,inceptionai/Jais-2-8B-Chat,,2026-08-17T15:38:18+00:00,,1.000,clean,
wahm_174,levantine,direct,jais,arabic_centric,مين هي باولا عبدول؟,فنانة أمريكية يهودية مشهورة لوالد يهودي سوري من حلب,"باولا عبدول دي مطربة ومغنية أمريكية، اشتهرت أوي في التسعينات. كانت بتغني pop و R&B، وعملت أغاني حلوة زي ""Straight Up"" و ""Cold Hearted"". 

هي كمان كانت بتعمل برنامج ""American Idol"" اللي خلاها مشهورة أكتر وأكتر. البرنامج ده كان من أشهر برامج اكتشاف المواهب في العالم، وكان بيجيب مطربين جداد ويخليهم يغنوا قدام لجنة تحكيم.

باولا عبدول كمان كانت ممثلة وعملت كام فيلم، بس شهرتها الأساسية كانت كمغنية وممثلة صوت. دلوقتي هي عايشة في لوس أنجلوس وبتشتغل في حاجات كتير، زي إنها بتقدم برامج تليفزيونية وبتعمل voice acting.",,inceptionai/Jais-2-8B-Chat,0.0,inceptionai/Jais-2-8B-Chat,,2026-08-17T15:38:20+00:00,,0.333,defer,
wahm_175,levantine,direct,jais,arabic_centric,مين هو رائد المدرسة البنائية بعلم النفس؟,فيلهلم فونت,"رائد المدرسة البنائية في علم النفس هو **Wilhelm Wundt**.

Wundt هو عالم نفس ألماني، أسس أول مختبر لعلم النفس التجريبي في جامعة Leipzig في ألمانيا سنة 1879. هو اللي حط الأساس لعلم النفس كعلم مستقل، وكان هدفه دراسة العمليات العقلية من خلال الملاحظة والتجريب. Wundt كان مؤمن إن العقل البشري ممكن يتحلل لأجزاء صغيرة، وإن كل جزء ممكن يدرس لوحده عشان نفهمه أحسن.",,inceptionai/Jais-2-8B-Chat,0.0,inceptionai/Jais-2-8B-Chat,,2026-08-17T15:38:21+00:00,,0.000,hallucinated,
wahm_176,levantine,direct,jais,arabic_centric,إمتى اندلعت الثورة التونسية؟,17 ديسمبر 2010,اندلعت الثورة التونسية في 17 ديسمبر 2010، وكانت السبب الرئيسي ليها هو انتحار الشاب محمد البوعزيزي، اللي كان بيشتغل بائع متجول، بعد ما ظابط شرطة ضربه وصادر عربيته. الحادثة دي فجرت موجة من المظاهرات الشعبية اللي طالبت بإصلاحات سياسية واجتماعية واقتصادية، وأدت في النهاية لسقوط نظام الرئيس زين العابدين بن علي في 14 يناير 2011.,,inceptionai/Jais-2-8B-Chat,0.0,inceptionai/Jais-2-8B-Chat,,2026-08-17T15:38:21+00:00,,1.000,clean,
wahm_177,levantine,direct,jais,arabic_centric,وين بتقع مدينة دنقلا العجوز؟,"الولاية الشمالية بالسودان, على الضفة الشرقية لنهر النيل، في الولاية الشمالية بالسودان",تقع مدينة دنقلا العجوز على الضفة الشرقية للنيل شمال مدينة دنقلا الحالية,,inceptionai/Jais-2-8B-Chat,0.0,inceptionai/Jais-2-8B-Chat,,2026-08-17T15:38:22+00:00,,0.600,defer,
wahm_178,levantine,direct,jais,arabic_centric,إيمتى صارت معركة كورسك؟,مابين 5 يوليو 1943 و23 أغسطس,معركة كورسك كانت حدث مهم جداً في الحرب العالمية التانية، وحصلت في الفترة من 5 لغاية 23 يوليو 1943. دي كانت أكبر معركة دبابات في التاريخ، وكانت نقطة تحول في الجبهة الشرقية، لما الجيش الأحمر السوفيتي قدر يكسر الحصار اللي كانت روسيا حطاه على الجيش الألماني السادس.,,inceptionai/Jais-2-8B-Chat,0.0,inceptionai/Jais-2-8B-Chat,,2026-08-17T15:38:22+00:00,,0.500,defer,
wahm_179,levantine,direct,jais,arabic_centric,مين كاتب كتاب المقدمة؟,ابن خلدون,كتاب المقدمة كتبه ابن خلدون، وهو عالم اجتماع ومؤرخ وفيلسوف عربي مسلم عاش في القرن الرابع عشر. الكتاب ده يعتبر من أهم الأعمال في علم الاجتماع والتاريخ والفلسفة، وبيشرح فيه نظريته عن تطور المجتمعات البشرية.,,inceptionai/Jais-2-8B-Chat,0.0,inceptionai/Jais-2-8B-Chat,,2026-08-17T15:38:23+00:00,,1.000,clean,
wahm_180,levantine,direct,jais,arabic_centric,قديش متوسط العمر للإصابة بمرض سرطان عنق الرحم؟,"20 حتى 30 عام, 52 عام",متوسط العمر للإصابة بمرض سرطان عنق الرحم هو 55 سنة.,,inceptionai/Jais-2-8B-Chat,0.0,inceptionai/Jais-2-8B-Chat,,2026-08-17T15:38:23+00:00,,0.000,hallucinated,
wahm_181,levantine,direct,jais,arabic_centric,شو هو اسم التفضيل؟,اسم مشتق يدل على شيئين اشتركا في صفة واحدة وزاد أحدهما على الآخر في هذه الصفة,"اسم التفضيل هو اسم مشتق يدل على أن شيئين اشتركا في صفة وزاد أحدهما على الآخر فيها، أو أن يكون الشيء الواحد له دارجتان، الأولى أضعف من الثانية. وصيغته هي: ""أَفْعَلُ"" للمذكر، و""فُعْلَى"" للمؤنث.

أمثلة:

*   **أَفْعَلُ:** ""هذا الرجل **أَفْضَلُ** من ذاك."" (يشير إلى أن أحدهما أفضل من الآخر)
*   **فُعْلَى:** ""هذه الفتاة **أَجْمَلُ** من تلك."" (يشير إلى أن إحداهما أجمل من الأخرى)
*   **أَفْعَلُ التفضيل:** ""هذا الرجل **أَفْضَلُ** من هذا الرجل."" (يشير إلى أن أحدهما أفضل من الآخر، مع وجود نفس الشخص)

أسماء التفضيل تأتي في عدة صور:

*   **اسم التفضيل المجرد:** مثل ""أَفْعَلُ"" (كما في الأمثلة أعلاه).
*   **اسم التفضيل مع ""مِن"":** مثل ""أَفْضَلُ مِن"" (كما في الأمثلة أعلاه).
*   **اسم التفضيل مع ""على"":** مثل ""أَفْضَلُ عَلَى"" (كما في الأمثلة أعلاه).
*   **اسم التفضيل مع ""في"":** مثل ""أَفْضَلُ فِي"" (كما في الأمثلة أعلاه).
*   **اسم التفضيل مع ""عن"":** مثل ""أَفْضَلُ عَن"" (كما في الأمثلة أعلاه).

**ملاحظة:** يجب أن يكون اسم التفضيل معرفًا بـ ""ال"" أو مضافًا إلى معرفة (مثل ""أفضلُ طالبٍ"").",,inceptionai/Jais-2-8B-Chat,0.0,inceptionai/Jais-2-8B-Chat,,2026-08-17T15:38:27+00:00,,0.857,defer,
wahm_182,levantine,direct,jais,arabic_centric,مين هي الأميرة اولغا؟,أميرة روسيا الكييفية,"الأميرة أولغا كانت شخصية تاريخية مهمة جداً، وكانت مرات الأمير إيغور، حاكم كييف روس، وكمان كانت أخت الأمير سفياتوسلاف. هي معروفة أكتر حاجة بدورها في تاريخ كييف روس، وخصوصاً في علاقتها مع أخوها إيغور ومع ابنها، الأمير ياروبولك.

أولغا لعبت دور مهم في السياسة والحكم في كييف روس في القرن العاشر. كانت معروفة بذكائها ومهاراتها السياسية، وكانت بتدير شؤون الدولة في غياب أخوها إيغور، اللي كان غالباً في حملات عسكرية. أولغا كانت شخصية محورية في تأسيس دير كييف-بيتشيرسكا لافرا، اللي بقى مركز مهم للثقافة والدين في المنطقة.

أولغا كمان كانت معروفة بشجاعتها، خصوصاً في مواجهة الغزوات الخارجية، زي غارات الفايكنج اللي كانت بتهدد كييف روس في وقتها. واحدة من أشهر القصص المرتبطة بيها هي محاولتها التفاوض على السلام مع الفايكنج، اللي كانت محاولة جريئة من أميرة للتعامل مع تهديد عسكري كبير.

أولغا كمان لعبت دور مهم في نشر المسيحية في كييف روس، وكانت من أوائل اللي دعموا الدين المسيحي، اللي كان ليه تأثير عميق على تطور المنطقة.

بالرغم من أهميتها التاريخية، التفاصيل الدقيقة عن حياة أولغا الشخصية قليلة، وكتير من اللي نعرفه عن حياتها جاي من مصادر لاحقة زي السجلات التاريخية والأدب. قصتها بتعتبر رمز للقوة والحكمة والقيادة النسائية في تاريخ شرق أوروبا.",,inceptionai/Jais-2-8B-Chat,0.0,inceptionai/Jais-2-8B-Chat,,2026-08-17T15:38:30+00:00,,0.333,defer,
wahm_183,levantine,direct,jais,arabic_centric,وين بتقع مدينة المهدية؟,"تونس, جنوب تونس العاصمة",مدينة تونسية ساحلية تقع على خليج تونس,,inceptionai/Jais-2-8B-Chat,0.0,inceptionai/Jais-2-8B-Chat,,2026-08-17T15:38:30+00:00,,1.000,clean,
wahm_184,levantine,direct,jais,arabic_centric,إيمتى تأسست أكاديمية اللغة الفرنسية؟,1635,تأسست أكاديمية اللغة الفرنسية فـ 1635.,,inceptionai/Jais-2-8B-Chat,0.0,inceptionai/Jais-2-8B-Chat,,2026-08-17T15:38:31+00:00,,1.000,clean,
wahm_185,levantine,direct,jais,arabic_centric,إيمتى توفى محمود شوكت باشا؟,17 ديسمبر 1903م,15 ديسمبر 1913),,inceptionai/Jais-2-8B-Chat,0.0,inceptionai/Jais-2-8B-Chat,,2026-08-17T15:38:31+00:00,,0.333,defer,
wahm_186,levantine,direct,jais,arabic_centric,شو هو الرادار؟,"نظام يستخدم موجات كهرومغناطيسية للتعرف على بعد وارتفاع واتجاه وسرعة الأجسام الثابتة والمتحركة, نظام يستخدم موجات كهرومغناطيسية للتعرف على بعد وارتفاع واتجاه وسرعة الأجسام الثابتة والمتحركة كالطائرات، والسفن، والعربات، وحالة الطقس، وشكل التضاريس",الرادار هو جهاز بيستخدموه العلماء ورجال الأمن عشان يكشفوا الأجسام البعيدة. بيستخدموا موجات الراديو عشان يكشفوا الأجسام اللي مش باينة للعين المجردة، زي العربيات أو الطيارات، حتى لو كانت مختفية ورا حواجز أو في الضباب أو في المطر. الرادار بيقدر يكشف المسافة والسرعة والاتجاه بتاع الأجسام دي، وده بيخليه أداة مهمة جداً في مجالات كتير زي الطيران والملاحة البحرية والمراقبة الجوية والدفاع.,,inceptionai/Jais-2-8B-Chat,0.0,inceptionai/Jais-2-8B-Chat,,2026-08-17T15:38:32+00:00,,0.154,defer,
wahm_187,levantine,direct,jais,arabic_centric,وين موجودة الغدد البصلية الإحليلية؟,جانبي الجزء الغشائي من الخلف من الإحليل أو مجرى البول أسفل القضيب,"الغدد البصلية الإحليلية (المعروفة أيضًا باسم غدد كوبر) هي غدد صغيرة تقع في الجهاز التناسلي الذكري. توجد هذه الغدد بشكل أساسي في:

*   **الحويصلات المنوية (Seminal vesicles):** تقع هذه الغدد على جانبي قاعدة المثانة، وهي تساهم بشكل كبير في إفراز السائل المنوي.

**الوظيفة:**
الغدد البصلية الإحليلية تفرز سائلًا شفافًا لزجًا قبل القذف. هذا السائل يعمل على:
*   **تليين مجرى البول:** يساعد على تسهيل مرور السائل المنوي والبول.
*   **توفير بيئة قلوية:** يساعد على معادلة حموضة المهبل، مما يحسن من بقاء وحركة الحيوانات المنوية.
*   **توفير مواد مغذية:** يحتوي على بعض المواد المغذية التي قد تدعم الحيوانات المنوية.

**الموقع الدقيق:**
لا توجد ""غدد بصلية إحليلية"" منفصلة تمامًا، بل هي جزء من الجهاز التناسلي الذكري، وتحديدًا تقع في:
*   **الحويصلات المنوية:** تقع على جانبي قاعدة المثانة.
*   **البروستاتا (Prostate gland):** تقع أسفل المثانة مباشرة، وهي تتحد مع الحويصلات المنوية لتكوين غدة البروستاتا.

**ملاحظة:** قد يكون هناك بعض الخلط في المصطلحات، حيث أن ""الغدد البصلية الإحليلية"" هو مصطلح عام يشير إلى الغدد التي تفرز السائل قبل القذف، والتي تشمل بشكل أساسي الحويصلات المنوية والبروستاتا.",,inceptionai/Jais-2-8B-Chat,0.0,inceptionai/Jais-2-8B-Chat,,2026-08-17T15:38:35+00:00,,0.455,defer,
wahm_188,levantine,direct,jais,arabic_centric,شو هو الاضطراب الاكتئابي؟,مصطلح يستخدم لوصف خليط من الحالات المرضية أو غير المرضية في الإنسان والتي يغلب عليها طابع الحزن,الاضطراب الاكتئابي هو حالة نفسية تتميز بمشاعر حزن عميق وفقدان الاهتمام أو المتعة في الأنشطة اليومية، وقد يصاحبها أعراض جسدية مثل التعب، الأرق، فقدان الشهية، أو زيادة الشهية، وقد تؤثر على قدرة الشخص على العمل أو الدراسة أو التفاعل الاجتماعي. يمكن أن يكون الاضطراب الاكتئابي حادًا أو مزمنًا، وقد يتطلب العلاج النفسي أو الدوائي أو كليهما.,,inceptionai/Jais-2-8B-Chat,0.0,inceptionai/Jais-2-8B-Chat,,2026-08-17T15:38:35+00:00,,0.125,defer,
wahm_189,levantine,direct,jais,arabic_centric,إيمتى توفيت نبوية موسى محمد بدوية؟,30 إبريل 1951,3 يناير 1965,,inceptionai/Jais-2-8B-Chat,0.0,inceptionai/Jais-2-8B-Chat,,2026-08-17T15:38:35+00:00,,0.000,hallucinated,
wahm_190,levantine,direct,jais,arabic_centric,بأي سنة تأسست منظمة الصحة العالمية؟,7 أبريل 1948,تأسست منظمة الصحة العالمية في عام **1948**.,,inceptionai/Jais-2-8B-Chat,0.0,inceptionai/Jais-2-8B-Chat,,2026-08-17T15:38:36+00:00,,0.333,defer,
wahm_191,levantine,direct,jais,arabic_centric,شو كانت مهنة محمود أحمدي نِجَاد قبل الرئاسة؟,عمدةً لبلدية طهران,كان نجّارًا,,inceptionai/Jais-2-8B-Chat,0.0,inceptionai/Jais-2-8B-Chat,,2026-08-17T15:38:36+00:00,,0.000,hallucinated,
wahm_192,levantine,direct,jais,arabic_centric,إيمتى تأسست المحكمة الجنائية الدولية؟,2002,تأسست المحكمة الجنائية الدولية (ICC) في 1 يوليو 2002، من خلال اعتماد نظام روما الأساسي. هاد النظام الأساسي هو معاهدة دولية كتوافق على إنشاء المحكمة الجنائية الدولية، اللي كتهدف لمحاكمة الأفراد على أخطر الجرائم الدولية، بحال الإبادة الجماعية، والجرائم ضد الإنسانية، وجرائم الحرب، وجريمة العدوان.,,inceptionai/Jais-2-8B-Chat,0.0,inceptionai/Jais-2-8B-Chat,,2026-08-17T15:38:36+00:00,,1.000,clean,
wahm_193,levantine,direct,jais,arabic_centric,شو هو بروتوكول التوجيه بشبكات تبديل الرزم؟,"اسم لعائلة من بروتوكولات الشبكة, اسم لعائلة من بروتوكولات الشبكة التي تُحدد مجموعة القواعد الضابطة لكيفيّة تواصل تجهيزات الشبكة، كالمُوجّهات أو العُقد مع بعضها البعض","بروتوكول التوجيه هو مجموعة من القواعد اللي بتحدد كيف الراوترات (routers) بتقرر المسار الأمثل لنقل الرزم (packets) من المصدر للوجهة عبر الشبكة. الراوترات هي أجهزة كمبيوتر صغيرة مسؤولة عن توجيه الرزم بين شبكات مختلفة، أو بين أجزاء مختلفة من نفس الشبكة.

**أهمية بروتوكولات التوجيه:**
*   **الكفاءة:** بتضمن إن الرزم تنتقل بأسرع وأكثر الطرق كفاءة.
*   **المرونة:** بتسمح للشبكة بالتكيف مع التغييرات (زي الأعطال أو زيادة الحمل) عن طريق إعادة توجيه الرزم عبر مسارات بديلة.
*   **الاتصال:** بتضمن اتصال مستمر وموثوق بين الأجهزة المختلفة على الشبكة.

**كيف تعمل بروتوكولات التوجيه؟**
1.  **اكتشاف المسارات:** الراوترات بتبحث باستمرار عن مسارات جديدة لنقل الرزم.
2.  **تبادل المعلومات:** الراوترات بتبادل معلومات حول الشبكات اللي بتعرفها والمسارات المتاحة بينها. هذه المعلومات عادةً بتتضمن:
    *   **عنوان IP للمصدر والوجهة:** لتحديد نقاط البداية والنهاية للرزمة.
    *   **المسار الحالي:** المسار اللي بتستخدمه الراوترات حالياً لنقل الرزمة.
    *   **جودة المسار:** تقييم لقدرة المسار على التعامل مع حركة المرور (مثل عدد الراوترات على المسار، التأخير، عرض النطاق الترددي).
3.  **اتخاذ القرار:** بناءً على المعلومات اللي جمعتها وتبادلتها، الراوترات بتقرر أفضل مسار لإرسال الرزمة. هذا القرار ممكن يعتمد على:
    *   **أقصر مسار:** اختيار المسار اللي فيه أقل عدد من الراوترات أو أقل تأخير.
    *   **أفضل مسار:** اختيار المسار اللي فيه أعلى عرض نطاق ترددي أو أفضل جودة خدمة.
    *   **المسارات البديلة:** في حالة فشل المسار الحالي، الراوترات بتبحث عن مسارات بديلة جاهزة للاستخدام.

**أنواع بروتوكولات التوجيه الشائعة:**

*   **بروتوكولات التوجيه الداخلية (Interior Gateway Protocols - IGP):** تستخدم داخل منطقة شبكة واحدة (مثل شبكة محلية LAN أو شبكة فرعية فرعية).
    *   **RIP (Routing Information Protocol):** بروتوكول بسيط يعتمد على عدد القفزات (hops) لتحديد أفضل مسار. مناسب للشبكات الصغيرة والبسيطة.
    *   **OSPF (Open Shortest Path First):** بروتوكول أكثر تعقيدًا وكفاءة، يستخدم خوارزمية Dijkstra لإيجاد أقصر مسار. يوفر معلومات أكثر تفصيلاً عن الشبكة.
    *   **EIGRP (Enhanced Interior Gateway Routing Protocol):** بروتوكول متقدم من Cisco، يجمع بين مزايا RIP",,inceptionai/Jais-2-8B-Chat,0.0,inceptionai/Jais-2-8B-Chat,,2026-08-17T15:38:42+00:00,,0.600,defer,
wahm_194,levantine,direct,jais,arabic_centric,شو هو حديث الكساء؟,حديث نبوي، تحدَّث به رسول الإسلام محمد في فضل أهل بيته,"حديث الكساء هو حديث مشهور عند الشيعة، يروونه عن النبي محمد صلى الله عليه وآله وسلم، وهو حديث طويل ومفصل، يذكر فيه أسماء الأئمة الاثني عشر، ويعتبرونه دليلاً على إمامتهم من قبل الله تعالى.

**ملخص الحديث:**

*   **الزمان والمكان:** حدث في بيت فاطمة الزهراء (عليها السلام) بعد حجة الوداع، في شهر ذي الحجة.
*   **الحضور:** جمع النبي محمد (صلى الله عليه وآله وسلم) تحت كساء (ثوب) واحد، وهم:
    *   فاطمة الزهراء (عليها السلام)
    *   علي بن أبي طالب (عليه السلام)
    *   الحسن بن علي (عليه السلام)
    *   الحسين بن علي (عليه السلام)
*   **الدعاء:** دعا النبي (صلى الله عليه وآله وسلم) لمن كان معهم تحت الكساء، وطلب منهم أن يكونوا ""حجاباً بينه وبين النار"".
*   **النتيجة:** يعتبر الشيعة أن هذه الدعوة جعلت هؤلاء الأربعة (فاطمة، علي، الحسن، الحسين) حجاباً بين النبي (صلى الله عليه وآله وسلم) وبين النار، وأنهم معصومون من النار بفضل هذا الدعاء.

**أهمية الحديث عند الشيعة:**

*   **إثبات الإمامة:** يعتبر الشيعة هذا الحديث دليلاً قاطعاً على إمامة الأئمة الاثني عشر، وأن الله تعالى قد عينهم واختارهم لقيادة الأمة الإسلامية بعد النبي محمد (صلى الله عليه وآله وسلم).
*   **مكانة الأئمة:** يعزز الحديث مكانة الأئمة (عليهم السلام) في قلوب الشيعة، ويعتبرهم قدوة وأسوة حسنة.
*   **التبرك:** يتبرك الكثير من الشيعة بزيارة الأماكن التي يُعتقد أن الأئمة (عليهم السلام) قد مروا بها أو عاشوا فيها، مثل كربلاء والنجف.

**ملاحظة:** الحديث محل نقاش بين العلماء من مختلف المذاهب الإسلامية، حيث يرى البعض أنه حديث ضعيف أو موضوع، بينما يعتبره الشيعة صحيحاً ومسنداً إلى النبي (صلى الله عليه وآله وسلم).",,inceptionai/Jais-2-8B-Chat,0.0,inceptionai/Jais-2-8B-Chat,,2026-08-17T15:38:46+00:00,,0.500,defer,
wahm_195,levantine,direct,jais,arabic_centric,إيمتى تأسست استديوهات والت ديزني للرسوم المتحركة؟,16 أكتوبر من عام 1923,"تأسست استوديوهات والت ديزني للرسوم المتحركة (اللي كانت معروفة في الأول باسم ""ديزني براذرز ستوديو"") في 16 أكتوبر 1923.",,inceptionai/Jais-2-8B-Chat,0.0,inceptionai/Jais-2-8B-Chat,,2026-08-17T15:38:46+00:00,,0.600,defer,
wahm_196,levantine,direct,jais,arabic_centric,مين كان أول رئيس وزراء ببريطانيا؟,"السير روبرت والبول, روبرت والبول",أول رئيس وزراء لبريطانيا كان Sir Robert Walpole. هو كان شخصية سياسية مهمة جداً في القرن الـ18، وشغل المنصب ده من ١٧٠١ لغاية ١٧٢٧. وبالرغم من إن المنصب الرسمي لرئيس الوزراء مكانش موجود في الوقت ده، إلا إن Walpole كان هو اللي حط الأساس للدور ده، وكان بيتصرف كرئيس وزراء من غير لقب رسمي.,,inceptionai/Jais-2-8B-Chat,0.0,inceptionai/Jais-2-8B-Chat,,2026-08-17T15:38:47+00:00,,0.000,hallucinated,
wahm_197,levantine,direct,jais,arabic_centric,"مين مخرج فيلم الأنمي ""الأميرة مونونوكي""؟",هاياو ميازاكي,"مخرج فيلم الأنمي ""الأميرة مونونوكي"" هو Hayao Miyazaki. هو واحد من أشهر صناع الأفلام في تاريخ الأنمي، ومعروف بأسلوبه المميز في السرد البصري، وشخصياته الجذابة، ومواضيعه اللي بتتناول العلاقة بين الإنسان والطبيعة. ""الأميرة مونونوكي""، اللي نزل في 1997، هو فيلم فانتازيا ملحمي من إخراج Miyazaki وإنتاج Studio Ghibli، وبيحكي قصة معقدة عن الصراع بين الطبيعة والصناعة، وبيتبع رحلة بنت صغيرة اسمها Ashitaka في عالم مليان صراعات.",,inceptionai/Jais-2-8B-Chat,0.0,inceptionai/Jais-2-8B-Chat,,2026-08-17T15:38:49+00:00,,0.000,hallucinated,
wahm_198,levantine,direct,jais,arabic_centric,بأي محافظة عراقية موجودة مدينة الرمادي؟,"محافظة الأنبار, الأنبار",محافظة الأنبار,,inceptionai/Jais-2-8B-Chat,0.0,inceptionai/Jais-2-8B-Chat,,2026-08-17T15:38:49+00:00,,1.000,clean,
wahm_199,levantine,direct,jais,arabic_centric,شو أكبر شركة بالعالم بتصنع مواد استهلاكية؟,بروكتر وغامبل,"أكبر شركة في العالم لتصنيع المواد الاستهلاكية هي شركة ""Procter & Gamble"" (P&G). تأسست P&G في عام 1837، وهي شركة أمريكية متعددة الجنسيات متخصصة في إنتاج وتسويق مجموعة واسعة من المنتجات الاستهلاكية، بما في ذلك منتجات العناية الشخصية والمنزلية، ومنتجات الأطفال، ومنتجات العناية المنزلية والتنظيف، وغيرها الكثير. P&G هي واحدة من أكبر الشركات في العالم من حيث الإيرادات، حيث تتجاوز إيراداتها السنوية 70 مليار دولار أمريكي.",,inceptionai/Jais-2-8B-Chat,0.0,inceptionai/Jais-2-8B-Chat,,2026-08-17T15:38:50+00:00,,0.000,hallucinated,
wahm_200,levantine,direct,jais,arabic_centric,مين مقدم برنامج خواطر؟,أحمد مازن أحمد أسعد الشقيري,أحمد الشقيري هو اللي كان بيقدم برنامج خواطر. كان برنامج جامد فشخ، كل حلقة كان بياخدنا في رحلة في حتة مختلفة في العالم، وبيشرح حاجات غريبة ومفيدة عن الثقافة والعادات بتاعت الناس هناك. كان بيطلع في رمضان وكان من أحلى البرامج اللي اتعملت في التلفزيون العربي.,,inceptionai/Jais-2-8B-Chat,0.0,inceptionai/Jais-2-8B-Chat,,2026-08-17T15:38:50+00:00,,0.500,defer,
wahm_201,levantine,direct,jais,arabic_centric,قديش بتبعد الموصل عن بغداد؟,465 كلم,تبعد الموصل عن بغداد حوالي 400 كيلومتر (250 ميل) شمال غرب العاصمة العراقية.,,inceptionai/Jais-2-8B-Chat,0.0,inceptionai/Jais-2-8B-Chat,,2026-08-17T15:38:51+00:00,,0.000,hallucinated,
wahm_202,levantine,direct,jais,arabic_centric,بأي سنة تأسست جمعية العربية الفتاة؟,1911م,تأسست الجمعية في عام 1920,,inceptionai/Jais-2-8B-Chat,0.0,inceptionai/Jais-2-8B-Chat,,2026-08-17T15:38:51+00:00,,0.000,hallucinated,
wahm_203,levantine,direct,jais,arabic_centric,قديش بلغ عدد سكان العراق سنة 2014؟,"37,5 مليون نسمة","بلغ عدد سكان العراق سنة 2014، 36,742,000 نسمة",,inceptionai/Jais-2-8B-Chat,0.0,inceptionai/Jais-2-8B-Chat,,2026-08-17T15:38:51+00:00,,0.250,defer,
wahm_204,levantine,direct,jais,arabic_centric,شو هو الطب النووي؟,"فرع من الطب يستعمل المواد المشعة في التصوير الطبي أو التشخيص المَرَضِيّ, هو فرع من الطب يستعمل المواد المشعة في التصوير الطبي أو التشخيص المَرَضِيّ","الطب النووي هو فرع من فروع الطب اللي بيستخدم كمية صغيرة من المواد المشعة، أو النويدات المشعة، لتشخيص وعلاج الأمراض. النويدات المشعة دي بتتحقن في الجسم، وبتتفاعل مع الأنسجة والأعضاء، وبعدين بيتم الكشف عن الإشعاع بتاعها باستخدام أجهزة تصوير متخصصة.

في التشخيص، الطب النووي بيساعد في تحديد وظيفة الأعضاء، واكتشاف السرطان، وتشخيص أمراض تانية. مثلاً، PET scan بيستخدم نويدات مشعة عشان يكشف النشاط الأيضي في الجسم، وده بيساعد في تشخيص السرطان وأمراض المخ والأعصاب.

في العلاج، الطب النووي بيستخدم النويدات المشعة لتدمير الخلايا السرطانية أو تخفيف أعراض أمراض معينة. العلاج ده بيتضمن إعطاء جرعة مستهدفة من النويدات المشعة، اللي بتستهدف الخلايا المريضة وتدمرها مع تقليل الضرر للأنسجة السليمة.

الطب النووي مجال مهم جداً في الطب الحديث، وبيقدم معلومات تشخيصية دقيقة وعلاجات مستهدفة، وبيساهم بشكل كبير في تحسين رعاية المرضى.",,inceptionai/Jais-2-8B-Chat,0.0,inceptionai/Jais-2-8B-Chat,,2026-08-17T15:38:53+00:00,,0.769,defer,
wahm_205,levantine,direct,jais,arabic_centric,إيمتى بينعمل مهرجان مدينة جرش؟,في يوليو من كل عام,كل سنة.,,inceptionai/Jais-2-8B-Chat,0.0,inceptionai/Jais-2-8B-Chat,,2026-08-17T15:38:53+00:00,,0.200,defer,
wahm_206,levantine,direct,jais,arabic_centric,قديش مساحة إمارة الفجيرة؟,1165 كم مربعاً,"1,450 كيلومتر مربع",,inceptionai/Jais-2-8B-Chat,0.0,inceptionai/Jais-2-8B-Chat,,2026-08-17T15:38:53+00:00,,0.000,hallucinated,
wahm_207,levantine,direct,jais,arabic_centric,شو هي رياضة تشي كونغ؟,تقوم على نظام شامل لتنسيق الجسم بالحركة والتنفس والتأمل كوسيلة فعالة للحفاظ على الصحة أوالروحانيات أوالتدريب على فنون القتال,"تشي كونغ (Qi Gong) هي رياضة صينية تقليدية تركز على تحسين تدفق الطاقة الحيوية (تشي) في الجسم. تعتمد هذه الرياضة على تقنيات التنفس العميق، الحركات البطيئة، والتأمل، وتهدف إلى تعزيز الصحة العامة، التوازن، والتركيز الذهني.

**المكونات الأساسية لتشي كونغ:**

*   **التنفس العميق:** يعتبر التنفس العميق والمنتظم أساسًا لتشي كونغ، حيث يساعد على تهدئة العقل وتحسين تدفق الطاقة.
*   **الحركات البطيئة:** تتضمن التمارين حركات بطيئة ومتقنة، غالبًا ما تكون دائرية أو متعرجة، مما يساعد على تحسين مرونة الجسم، تقوية العضلات، وتعزيز الدورة الدموية.
*   **التأمل:** غالبًا ما يتم دمج التأمل في تمارين تشي كونغ، مما يساعد على تهدئة العقل، تقليل التوتر، وتعزيز الوعي الذاتي.
*   **التركيز الذهني:** يتطلب تشي كونغ تركيزًا ذهنيًا عاليًا، مما يساعد على تحسين الانتباه، الذاكرة، والقدرة على التعامل مع التحديات.

**الفوائد الصحية لتشي كونغ:**

*   **تحسين الصحة العامة:** يمكن أن تساعد تشي كونغ في تعزيز الجهاز المناعي، تحسين وظائف القلب والأوعية الدموية، وتقليل خطر الإصابة بالأمراض المزمنة.
*   **تخفيف التوتر والقلق:** تساعد تقنيات التنفس والتأمل على تهدئة العقل وتقليل مستويات التوتر والقلق.
*   **تحسين المرونة والتوازن:** تساهم الحركات البطيئة في تحسين مرونة الجسم والتوازن، مما يقلل من خطر السقوط والإصابات.
*   **تعزيز التركيز الذهني والذاكرة:** يساعد التركيز الذهني على تحسين القدرة على التركيز والانتباه، وتعزيز الذاكرة.
*   **تحسين جودة النوم:** يمكن أن تساعد تقنيات الاسترخاء في تشي كونغ على تحسين جودة النوم وتقليل الأرق.

**أنواع تشي كونغ:**

توجد عدة أنواع من تشي كونغ، تختلف في أسلوبها وتركيزها، ومن أشهرها:

*   **تاي تشي (Tai Chi):** يعتبر تاي تشي الشكل الأكثر شهرة لتشي كونغ، ويتميز بحركاته البطيئة، السلسة، والمتكررة.
*   **هت تشي (Hua Quan):** يركز على التنفس العميق والحركات البطيئة، ويعتبر أكثر تركيزًا على الجانب الروحي.
*   **تاي تشي تشوان (Tai Chi Chuan):** يركز على تقنيات الدفاع عن النفس، بالإضافة إلى الحركات البطيئة والتأمل.

**ملاحظات هامة:**

*   **التدرج:** من المهم البدء بتمارين تشي كونغ بسيطة وتدريجية، خاصة إذا كنت مبتدئًا.
*   **الاستشارة:** يُنصح باستشارة مدرب مؤهل أو ممارس ذي خبرة، خاصة إذا كنت تعاني من أي حالات صحية أو إصابات.
*   **الاستمرارية:** للحصول على أقصى الفوائد، يُفضل ممارسة",,inceptionai/Jais-2-8B-Chat,0.0,inceptionai/Jais-2-8B-Chat,,2026-08-17T15:38:59+00:00,,0.294,defer,
wahm_208,levantine,direct,jais,arabic_centric,وين بيقع اتحاد كرة القدم لكرة القدم؟,"باريس, زيورخ",يقع مقر اتحاد كرة القدم لكرة القدم (FIFA) في زيورخ، سويسرا.,,inceptionai/Jais-2-8B-Chat,0.0,inceptionai/Jais-2-8B-Chat,,2026-08-17T15:38:59+00:00,,1.000,clean,
wahm_209,levantine,direct,jais,arabic_centric,وين بيقع بحر إيجة؟,"أحد أفرع البحر المتوسط, بين شبه الجزيرة اليونانية والأناضول",بحر إيجة هو جزء من البحر الأبيض المتوسط، ويقع بين شبه الجزيرة اليونانية (بما في ذلك البر الرئيسي لليونان) والأناضول (الجزء الآسيوي من تركيا). يحده من الغرب اليونان، ومن الشرق تركيا.,,inceptionai/Jais-2-8B-Chat,0.0,inceptionai/Jais-2-8B-Chat,,2026-08-17T15:38:59+00:00,,1.000,clean,
wahm_210,levantine,direct,jais,arabic_centric,إيمتى بلش استخدام الإنترنت بسوريا؟,1997,2001,,inceptionai/Jais-2-8B-Chat,0.0,inceptionai/Jais-2-8B-Chat,,2026-08-17T15:38:59+00:00,,0.000,hallucinated,
wahm_211,levantine,direct,jais,arabic_centric,مين هي مؤلفة رواية الملعونة؟,أمل جرّاح,"مؤلفة رواية الملعونة هي الكاتبة المصرية **أشرف صالح**.

الرواية دي كانت من أوائل الأعمال اللي كتبتها، وكانت بداية قوية ليها في عالم الكتابة.",,inceptionai/Jais-2-8B-Chat,0.0,inceptionai/Jais-2-8B-Chat,,2026-08-17T15:39:00+00:00,,0.000,hallucinated,
wahm_212,levantine,direct,jais,arabic_centric,مين كان أول قائد لجيش بانزر الرابع؟,إريش فون مانشتاين,أول قائد لجيش بانزر الرابع كان Generalleutnant (جنرال فيلد مارشال) Walter Model. هو اللي قاد الجيش في الفترة من 1940 لـ 1941، وكان مسؤول عن تنفيذ استراتيجية Blitzkrieg (الحرب الخاطفة) اللي كانت العمود الفقري للتكتيكات العسكرية الألمانية في بداية الحرب العالمية التانية.,,inceptionai/Jais-2-8B-Chat,0.0,inceptionai/Jais-2-8B-Chat,,2026-08-17T15:39:00+00:00,,0.000,hallucinated,
wahm_213,levantine,direct,jais,arabic_centric,شو هي الحوزة العلمية؟,لفظ اصطلاحي للمدرسة الفقهية التابعة للمذهب الجعفري,"الحوزة العلمية هي مؤسسة تعليمية إسلامية تقليدية، بتركز بشكل أساسي على تدريس العلوم الإسلامية، زي الفقه، وأصول الدين، والتفسير، والحديث، واللغة العربية، والنحو، والمنطق، والفلسفة، والأخلاق، والتصوف. الحوزات دي بتعتبر مراكز مهمة للتعليم والبحث الديني، وغالباً بتكون مرتبطة بالمراجع الدينية أو المؤسسات الدينية.

الحوزات دي موجودة في مناطق مختلفة في العالم الإسلامي، وأشهرها في إيران (زي حوزة قم)، والعراق (زي حوزة النجف)، ولبنان (زي حوزة بيروت)، وأفغانستان (زي حوزة هرات)، وباكستان (زي حوزة سيالكوت). الحوزات دي بتلعب دور مهم في الحفاظ على التقاليد الدينية، وتدريب العلماء، وتشكيل الخطاب الديني، وغالباً بتكون مرتبطة بالمراجع الدينية اللي بيديروها.

الحوزات دي بتختلف في هيكلها، ونظام الدراسة فيها، وطريقة التدريس، بس كلها بتركز على الدراسة العميقة للنصوص الدينية، والمناقشات الفكرية، وتطوير المعرفة الدينية.",,inceptionai/Jais-2-8B-Chat,0.0,inceptionai/Jais-2-8B-Chat,,2026-08-17T15:39:02+00:00,,0.000,hallucinated,
wahm_214,levantine,direct,jais,arabic_centric,بشو كان معروف عمر بن عبد العزيز بن مروان بن الحكم الأموي القرشي؟,عمر الثاني,كان معروفاً بعدله وتقواه وإصلاحاته.,,inceptionai/Jais-2-8B-Chat,0.0,inceptionai/Jais-2-8B-Chat,,2026-08-17T15:39:03+00:00,,0.000,hallucinated,
wahm_215,levantine,direct,jais,arabic_centric,شو أقدم جامعة بمدينة روما؟,"روما, جامعة لا سابينزا",جامعة روما (جامعة سابينزا في روما) هي أقدم جامعة في مدينة روما، تأسست عام 1303.,,inceptionai/Jais-2-8B-Chat,0.0,inceptionai/Jais-2-8B-Chat,,2026-08-17T15:39:03+00:00,,1.000,clean,
wahm_216,levantine,direct,jais,arabic_centric,إيمتى تأسست جامعة ستانفورد بالولايات المتحدة؟,1885,جامعة ستانفورد تأسست في 18 نوفمبر 1885.,,inceptionai/Jais-2-8B-Chat,0.0,inceptionai/Jais-2-8B-Chat,,2026-08-17T15:39:03+00:00,,1.000,clean,
wahm_217,levantine,direct,jais,arabic_centric,شو هو النزيف الداخلي؟,نزيف يحدث داخل الجسم,"النزيف الداخلي هو نزيف بيحصل جوا الجسم، يعني الدم بيخرج من الأوعية الدموية أو التجاويف الداخلية، بدل ما يطلع برا الجسم. النزيف الداخلي ممكن يحصل في أماكن كتير في الجسم، زي البطن، الصدر، المخ، أو الحوض، وممكن يكون خطير جداً لو مش اتعالج بسرعة.

أسباب النزيف الداخلي ممكن تكون كتير، زي:

*   **إصابات:** زي الحوادث، السقوط، أو الإصابات الرياضية اللي بتسبب جروح داخلية أو نزيف في الأعضاء.
*   **أمراض:** زي أمراض الكبد، أمراض القلب، أو أمراض الأوعية الدموية اللي ممكن تسبب نزيف داخلي.
*   **مشاكل في الجهاز الهضمي:** زي القرح، الدوالي، أو الأورام اللي ممكن تسبب نزيف في المعدة، المريء، أو الأمعاء.
*   **إجراءات طبية:** زي العمليات الجراحية أو الإجراءات التداخلية اللي ممكن تسبب نزيف داخلي.

أعراض النزيف الداخلي بتعتمد على مكان وشدة النزيف، وممكن تشمل:

*   ألم شديد في منطقة النزيف
*   دوخة أو إغماء
*   ضعف أو تعب
*   شحوب أو عرق
*   ضيق في التنفس
*   قيء أو دم في البراز
*   نزيف من فتحات غير طبيعية (زي الأنف، الفم، أو المهبل)

العلاج بيختلف على حسب سبب النزيف وشدته، وممكن يشمل:

*   **علاج طبي:** زي نقل الدم، الأدوية، أو العلاج بالسوائل.
*   **جراحة:** لإصلاح الأوعية الدموية المتضررة، إزالة الأورام، أو معالجة سبب النزيف.
*   **إجراءات طبية تانية:** زي التنظير أو الكي لوقف النزيف.

مهم جداً إنك تروح للدكتور على طول لو شكيت في وجود نزيف داخلي، عشان التشخيص والعلاج السريع ممكن ينقذ حياتك ويمنع المضاعفات الخطيرة.",,inceptionai/Jais-2-8B-Chat,0.0,inceptionai/Jais-2-8B-Chat,,2026-08-17T15:39:06+00:00,,0.500,defer,
wahm_218,levantine,direct,jais,arabic_centric,إيمتى تأسس مجلس الشورى السعودي؟,1927م,تأسس مجلس الشورى السعودي في 27 شوال 1346 هـ الموافق 21 صفر 1927 م.,,inceptionai/Jais-2-8B-Chat,0.0,inceptionai/Jais-2-8B-Chat,,2026-08-17T15:39:07+00:00,,0.000,hallucinated,
wahm_219,levantine,direct,jais,arabic_centric,مين اخترع الإطار المطاطي؟,جون بويد دنلوب,بص يا سيدي، الإطار المطاطي ده اخترعه واحد ألماني اسمه كارل دانجنر في سنة 1844. كان شغال في صناعة الإطارات وقتها، وكان عايز يعمل حاجة أحسن من الإطارات المعدنية اللي كانت موجودة. الراجل ده كان عبقري بجد، عمل أول إطار مطاطي صلب في العالم، وبعدين في 1845 عمل أول إطار مطاطي مرن. يعني الراجل ده كان ahead of his time أوي. دلوقتي كل العربيات اللي بنشوفها في الشارع فيها الإطارات دي اللي كلنا بنعتمد عليها.,,inceptionai/Jais-2-8B-Chat,0.0,inceptionai/Jais-2-8B-Chat,,2026-08-17T15:39:08+00:00,,0.000,hallucinated,
wahm_220,levantine,direct,jais,arabic_centric,إيمتى بلشت الأزمة الاقتصادية باليونان؟,أبريل 2010,الأزمة الاقتصادية باليونان بلشت فـ٢٠٠٩، بالتحديد فـ١٣ مارس، لما الحكومة اليونانية أعلنت إنها ما تقدرش تسدد ديونها. هاد الشي أدى لـ١٠٠٪ من الودائع البنكية اليونانية اللي تسحبات فـ٢٤ ساعة، وهاد الشي كان إشارة لبداية انهيار اقتصادي كبير.,,inceptionai/Jais-2-8B-Chat,0.0,inceptionai/Jais-2-8B-Chat,,2026-08-17T15:39:09+00:00,,0.000,hallucinated,
wahm_221,levantine,direct,jais,arabic_centric,شو هي نظرية التشغيل الذاتي؟,نظرية تهتم بتعريف ودراسة خواص الآلات الحاسوبية المجرّدة,"نظرية التشغيل الذاتي (Self-Organization Theory) هي نظرية في العلوم الاجتماعية والإنسانية تصف كيف يمكن للأفراد والمجموعات أن ينظموا أنفسهم بشكل تلقائي لتشكيل هياكل اجتماعية أو أنظمة معقدة دون الحاجة إلى توجيه مركزي أو سلطة عليا. 

تعتمد هذه النظرية على فكرة أن الأفراد يتفاعلون مع بعضهم البعض ومع بيئتهم بطرق تؤدي إلى ظهور أنماط وسلوكيات جديدة ومعقدة، دون الحاجة إلى تخطيط مسبق أو توجيه من جهة خارجية. 

يمكن أن تظهر هذه الأنماط في مجالات مختلفة، مثل الاقتصاد، والسياسة، والثقافة، والتكنولوجيا، والبيئة، وغيرها. 

مثال على ذلك هو ظهور الشبكات الاجتماعية على الإنترنت، حيث يتفاعل الأفراد مع بعضهم البعض بشكل تلقائي لتشكيل مجتمعات افتراضية، دون الحاجة إلى وجود سلطة مركزية أو توجيه محدد. 

بشكل عام، تعتبر نظرية التشغيل الذاتي نظرية مهمة لفهم كيفية تشكل الأنظمة الاجتماعية المعقدة، وكيف يمكن للأفراد والمجموعات أن يلعبوا دورًا في تشكيل هذه الأنظمة.",,inceptionai/Jais-2-8B-Chat,0.0,inceptionai/Jais-2-8B-Chat,,2026-08-17T15:39:11+00:00,,0.125,defer,
wahm_222,levantine,direct,jais,arabic_centric,وين بتقع مدينة بافيا؟,"شمال إيطاليا في إقليم لومبارديا, إقليم لومبارديا",شمال غرب إيطاليا,,inceptionai/Jais-2-8B-Chat,0.0,inceptionai/Jais-2-8B-Chat,,2026-08-17T15:39:11+00:00,,0.400,defer,
wahm_223,levantine,direct,jais,arabic_centric,إمتى بيحتفل المسيحيين بعيد رأس السنة؟,24 ديسمبر ونهار 25 ديسمبر,"المسيحيين بيحتفلوا بعيد رأس السنة في تواريخ مختلفة على حسب التقويم اللي بيتبعوه. في ناس بتحتفل بيه يوم 1 يناير، وناس تانية بتحتفل بيه يوم 7 يناير، وده تاريخ عيد الغطاس (Epiphany)، اللي هو عيد مهم في التقويم الشرقي للكنيسة الأرثوذكسية الشرقية.

بالنسبة للمسيحيين الغربيين (اللي بيتبعوا التقويم الميلادي)، عيد رأس السنة عادةً بيكون يوم 1 يناير، وده اليوم اللي بيتحدد فيه بداية السنة الجديدة حسب التقويم الميلادي.",,inceptionai/Jais-2-8B-Chat,0.0,inceptionai/Jais-2-8B-Chat,,2026-08-17T15:39:12+00:00,,0.000,hallucinated,
wahm_224,levantine,direct,jais,arabic_centric,إمتى نزل أول جهاز ألعاب فيديو من شركة سوني؟,3 ديسمبر عام 1994,أول جهاز ألعاب فيديو من سوني، اللي كان اسمه PlayStation، نزل في اليابان يوم 3 ديسمبر 1994.,,inceptionai/Jais-2-8B-Chat,0.0,inceptionai/Jais-2-8B-Chat,,2026-08-17T15:39:12+00:00,,0.750,defer,
wahm_225,levantine,direct,jais,arabic_centric,إيمتى ولد ألبرت أينشتاين؟,"(14 مارس 1879, 14 مارس 1879",ألبرت أينشتاين تزاد نهار 14 مارس 1879.,,inceptionai/Jais-2-8B-Chat,0.0,inceptionai/Jais-2-8B-Chat,,2026-08-17T15:39:12+00:00,,1.000,clean,
wahm_226,levantine,direct,jais,arabic_centric,من وين بتبث قناة المستقلة؟,أطلانطيك بيرد في نفس مدار نايل سات. كانت القناة وحتى العام 2012 تبث عبر القمرين الصناعيين عرب سات، هوت بيرد,لندن,,inceptionai/Jais-2-8B-Chat,0.0,inceptionai/Jais-2-8B-Chat,,2026-08-17T15:39:12+00:00,,0.000,hallucinated,
wahm_227,levantine,direct,jais,arabic_centric,شو هي حرب الخنادق؟,شكل من أشكال الحرب يأخذ المقاتلون مواقع محصّنة وتكون خطوط القتال جامدة وممتده كالخنادق لذلك سميت بحرب الخنادق,"حرب الخنادق هي نوع من الحرب اللي بتتميز بحفر شبكة معقدة من الخنادق والتحصينات اللي بتستخدمها الجيوش المتحاربة. الخنادق دي بتتعمل عشان توفر حماية من نيران العدو، وكمان بتوفر غطاء للاختباء والتحرك. حرب الخنادق عادةً بتتميز بالقتال البطيء والمكلف، مع الجنود اللي بيقضوا فترات طويلة في الخنادق بتاعتهم، وغالباً في ظروف صعبة وقذرة.

حرب الخنادق كانت شائعة بشكل خاص خلال الحرب العالمية الأولى، لما الجيوش واجهت بعضها في خنادق واسعة ومترابطة امتدت لمئات الأميال على جبهات القتال. التضاريس دي أدت لمعارك استنزاف طويلة، مع خسائر فادحة في الأرواح من الطرفين.

من أهم مميزات حرب الخنادق:
* **الحفر والتحصين:** الجنود بيحفروا خنادق عميقة عشان يحموا نفسهم من نيران العدو، وبيبنوا تحصينات زي الخنادق والمخابئ والحواجز عشان يحسنوا الدفاعات بتاعتهم.
* **القتال البطيء:** طبيعة حرب الخنادق بتخلي القتال بطيء جداً، مع الجنود اللي بياخدوا مواقع ثابتة وبيتبادلوا النيران بشكل متكرر.
* **الظروف الصعبة:** الجنود اللي عايشين في الخنادق بيواجهوا ظروف قاسية، زي البرد القارس، والرطوبة العالية، ومحدودية الموارد، مما بيخلي الحياة في الخنادق صعبة جداً.
* **حرب استنزاف:** حرب الخنادق غالباً بتؤدي لحرب استنزاف، حيث إن الطرفين بيخسرون عدد كبير من الجنود في معارك بطيئة ومكلفة، مما بيؤدي لإرهاق واستنزاف الموارد.

حرب الخنادق كانت علامة مميزة للحروب الحديثة، وأدت لتطوير تكتيكات وتقنيات جديدة، وكمان أدت لتغييرات كبيرة في طبيعة الحرب نفسها.",,inceptionai/Jais-2-8B-Chat,0.0,inceptionai/Jais-2-8B-Chat,,2026-08-17T15:39:16+00:00,,0.444,defer,
wahm_228,levantine,direct,jais,arabic_centric,شو هي الأصول غير الملموسة؟,أحد العوامل المساهمة في تحديد التفاوت بين قيمة الشركة حسب السجلات المحاسبية الخاصة بها وقيمة الشركة حسب قيمتها السوقية,"الأصول غير الملموسة هي أصول ما بتملكها أو ما بتقدر تمتلكها بشكل مادي، بس بتقدر تجيب قيمة للشركة. هي أصول ما بتقدر تشوفها أو تمسكها، بس بتقدر تستخدمها عشان تجيب دخل أو قيمة للشركة.

أمثلة على الأصول غير الملموسة:

*   **براءات الاختراع:** حقوق حصرية لاختراع أو عملية معينة، بتسمح للشركة بتحصيل رسوم ترخيص أو بيع.
*   **العلامات التجارية:** أسماء، شعارات، أو رموز بتعرف منتجات أو خدمات شركة معينة، وبتساعد في تمييزها عن المنافسين.
*   **حقوق النشر:** حقوق قانونية لحماية الأعمال الأصلية، زي الكتب، الموسيقى، الأفلام، أو البرمجيات.
*   **العلاقات مع العملاء:** قيمة العلاقات القوية والمستمرة مع العملاء، اللي ممكن تؤدي لزيادة المبيعات والولاء.
*   **المعرفة المتخصصة:** خبرة، معرفة، أو مهارات فريدة، زي خبرة فريق الإدارة أو معرفة فنية معينة، اللي ممكن تكون قيمة للشركة.
*   **البيانات:** مجموعات البيانات المنظمة وغير المنظمة اللي بتجمعها الشركة، واللي ممكن تستخدم للتحليل، تحسين العمليات، أو تطوير منتجات جديدة.
*   **الالتزامات القانونية:** التزامات أو مسؤوليات قانونية، زي الدعاوى القضائية المعلقة أو الغرامات المحتملة، اللي ممكن تأثر على قيمة الشركة.

الأصول غير الملموسة غالباً ما تكون أكثر صعوبة في التقييم والتقدير من الأصول الملموسة، لأنها بتعتمد بشكل كبير على عوامل غير مادية زي السمعة، الخبرة، أو العلاقات.",,inceptionai/Jais-2-8B-Chat,0.0,inceptionai/Jais-2-8B-Chat,,2026-08-17T15:39:19+00:00,,0.235,defer,
wahm_229,levantine,direct,jais,arabic_centric,إمتى احتلت فرنسا سوريا؟,1922,"بص يا سيدي، فرنسا احتلت سوريا في 1920. الموضوع بدأ لما عملوا مؤتمر سان ريمو وقالوا إن سوريا ولبنان دول تحت الانتداب الفرنسي. يعني زي ما تقول كده واحد جه يقولك ""ده بيتنا وانت هتاخد البيت ده"". طبعا ده كان ظلم كبير، زي ما تيجي تيجي على بيت حد وتقوله ""ده حقنا"". بس كده يعني، مش معقدة.",,inceptionai/Jais-2-8B-Chat,0.0,inceptionai/Jais-2-8B-Chat,,2026-08-17T15:39:20+00:00,,0.000,hallucinated,
wahm_230,levantine,direct,jais,arabic_centric,إمتى تمرد الإخوان على ملك مملكة الحجاز؟,1926,في 1924,,inceptionai/Jais-2-8B-Chat,0.0,inceptionai/Jais-2-8B-Chat,,2026-08-17T15:39:20+00:00,,0.000,hallucinated,
wahm_231,levantine,direct,jais,arabic_centric,شو هو مجمع الكرادلة؟,"الهيئة الجامعة لكافة الكرادلة الناخبين - أي أقل من ثمانين عام - في الكنيسة الكاثوليكية. ويشكل أعلى هيئة استشارية في الكرسي الرسولي, الهيئة الجامعة لكافة الكرادلة الناخبين - أي أقل من ثمانين عام - في الكنيسة الكاثوليكية",مجمع الكرادلة هو عبارة عن مجموعة من الكرادلة الذين يتم اختيارهم من قبل البابا ليكونوا مستشارين له في الأمور الكنسية والإدارية. يتألف المجمع من الكرادلة الذين يتمتعون بخبرة واسعة في مجالات مختلفة مثل اللاهوت والقانون الكنسي والإدارة الكنسية. يتم اختيار الكرادلة بناءً على مؤهلاتهم وخبراتهم، ويتم تعيينهم من قبل البابا في مناصب مختلفة داخل الكنيسة الكاثوليكية.,,inceptionai/Jais-2-8B-Chat,0.0,inceptionai/Jais-2-8B-Chat,,2026-08-17T15:39:20+00:00,,0.385,defer,
wahm_232,levantine,direct,jais,arabic_centric,إيمتى استلم محمد جواد ظریف وزارة الخارجية الايرانية؟,"15 أغسطس 2013, أغسطس 2013",2007,,inceptionai/Jais-2-8B-Chat,0.0,inceptionai/Jais-2-8B-Chat,,2026-08-17T15:39:20+00:00,,0.000,hallucinated,
wahm_233,levantine,direct,jais,arabic_centric,وين بيقع مضيق باب المندب؟,يصل البحر الأحمر بخليج عدن وبحر العرب,باب المندب هو المضيق اللي بين البحر الأحمر وخليج عدن. هو عبارة عن ممر مائي ضيق بين اليمن في الشمال وجيبوتي وإريتريا في الجنوب.,,inceptionai/Jais-2-8B-Chat,0.0,inceptionai/Jais-2-8B-Chat,,2026-08-17T15:39:21+00:00,,0.571,defer,
wahm_234,levantine,direct,jais,arabic_centric,مين كتب قصة (بائعة الكبريت)؟,هانس كريستيان أندرسن,بائعة الكبريت دي قصة كتبها الكاتب الدنماركي Hans Christian Andersen. كتبها في ١٨٨٣ وكانت من أشهر قصصه. القصة بتحكي عن بنت صغيرة فقيرة اسمها Selene، بتشتغل في الشارع في ليلة شتا باردة جداً، وبتحاول تبيع الكبريت عشان تدفي نفسها. القصة بتنتهي بشكل مأساوي لما البنت الصغيرة تموت من البرد والجوع.,,inceptionai/Jais-2-8B-Chat,0.0,inceptionai/Jais-2-8B-Chat,,2026-08-17T15:39:22+00:00,,0.000,hallucinated,
wahm_235,levantine,direct,jais,arabic_centric,إمتى تأسست شركة الطائرات الأمريكية بوينغ؟,15 يوليو 1916,تأسست شركة الطائرات الأمريكية بوينغ في 15 يوليو 1916.,,inceptionai/Jais-2-8B-Chat,0.0,inceptionai/Jais-2-8B-Chat,,2026-08-17T15:39:22+00:00,,1.000,clean,
wahm_236,levantine,direct,jais,arabic_centric,إمتى تأسست أول دور عرض أزياء بالعالم؟,1911,"أول دور عرض أزياء في العالم اتأسست في أواخر القرن الـ18، وبالتحديد في ١٧٨٤. كان ده في فرنسا، لما مصمم الأزياء Charles Frederick Worth أسس أول دار أزياء معروفة باسم ""Atelier Perspara""، واللي كانت بتركز على تصميم الهدوم حسب الطلب للزبائن الأغنياء.",,inceptionai/Jais-2-8B-Chat,0.0,inceptionai/Jais-2-8B-Chat,,2026-08-17T15:39:23+00:00,,0.000,hallucinated,
wahm_237,levantine,direct,jais,arabic_centric,وين بيقع خليج غينيا؟,"الساحل جنوب الغربي لأفريقيا في المحيط الأطلسي, المحيط الأطلسي",خليج غينيا هو خليج كبير موجود في المحيط الأطلسي، بين ساحل غرب إفريقيا وساحل أمريكا الجنوبية. هو جزء من المحيط الأطلسي، وبيفصل بين قارة إفريقيا من الغرب وقارة أمريكا الجنوبية من الشرق.,,inceptionai/Jais-2-8B-Chat,0.0,inceptionai/Jais-2-8B-Chat,,2026-08-17T15:39:23+00:00,,1.000,clean,
wahm_238,levantine,direct,jais,arabic_centric,إيمتى انبنى جامع الزيتونة؟,"698, 698 (79 هـ)","جامع الزيتونة، اللي هو جامع تاريخي في تونس، تبنى على مراحل مختلفة، وأهم فترة ليه كانت في القرن التاسع الميلادي. بس لازم نعرف إن الجامع اتجدد وتوسع كذا مرة بعد كده، وده خلى شكله الحالي مختلف عن شكله الأصلي.

أقدم جزء في الجامع، اللي كان بيتستخدم للصلاة، اتبنى في القرن التاسع الميلادي، في فترة حكم الأغالبة، اللي حكموا تونس من 800 لـ 909 ميلادي. الأغالبة كانوا معروفين بإنجازاتهم المعمارية، وجامع الزيتونة كان واحد من أهم المباني الدينية والثقافية في عهدهم.

على مر القرون، الجامع شهد توسعات وتجديدات كتير، خصوصاً في فترات حكم الفاطميين، اللي حكموا تونس من 909 لـ 1171 ميلادي، وكمان في فترات حكم الموحدين، اللي حكموا من 1130 لـ 1269 ميلادي. كل فترة حكم كانت بتضيف مميزات معمارية جديدة، وده أثرى تاريخ الجامع الغني.

لحد النهاردة، جامع الزيتونة لسه من أهم المعالم التاريخية والدينية في تونس، وبيجذب زوار من كل حتة في العالم عشان تاريخه العريق وجماله المعماري.",,inceptionai/Jais-2-8B-Chat,0.0,inceptionai/Jais-2-8B-Chat,,2026-08-17T15:39:25+00:00,,0.000,hallucinated,
wahm_239,levantine,direct,jais,arabic_centric,شو هي عاصمة منغوليا؟,أولان باتور,عاصمة منغوليا هي أولان باتور.,,inceptionai/Jais-2-8B-Chat,0.0,inceptionai/Jais-2-8B-Chat,,2026-08-17T15:39:25+00:00,,1.000,clean,
wahm_240,levantine,direct,jais,arabic_centric,شو هي ألوان علم صربيا؟,"الأحمر في الثلث الأعلى للعلم, ثم الأزرق, يتوسط العلم ثم اللون الأبيض في الأسفل",الألوان الرئيسية في علم صربيا هي الأحمر والأبيض والأخضر.,,inceptionai/Jais-2-8B-Chat,0.0,inceptionai/Jais-2-8B-Chat,,2026-08-17T15:39:26+00:00,,0.600,defer,
wahm_241,levantine,direct,jais,arabic_centric,وين موجود جبل المقطم؟,"الناحية الشرقية الفسطاط والقاهرة, شرق قلعة صلاح الدين الأيوبي","المقطم هو جبل يقع في مصر، تحديداً في منطقة المقطم في شرق القاهرة. يعتبر المقطم من المعالم الجغرافية البارزة في مصر، ويشتهر بتضاريسه الوعرة ومناظره الطبيعية الخلابة. يمتد جبل المقطم على طول سلسلة جبال المقطم، التي تشكل جزءاً من جبال الحجر الجيري.

**موقع جبل المقطم:**
*   **المدينة:** القاهرة، مصر.
*   **المنطقة:** المقطم.
*   **الإحداثيات التقريبية:** 30.0444° شمالاً، 31.2333° شرقاً.

**أهم المعالم المرتبطة بجبل المقطم:**
*   **مسجد محمد علي:** يقع على قمة الجبل، وهو من أبرز المعالم الإسلامية في القاهرة.
*   **قصر الأمير عمرو دياب:** قصر تاريخي يعود إلى القرن التاسع عشر.
*   **العديد من المقابر التاريخية:** مثل مقابر المماليك.
*   **المناظر البانورامية:** يوفر الجبل إطلالات خلابة على القاهرة.

إذا كنت بحاجة إلى معلومات إضافية، فلا تتردد في السؤال!",,inceptionai/Jais-2-8B-Chat,0.0,inceptionai/Jais-2-8B-Chat,,2026-08-17T15:39:28+00:00,,0.250,defer,
wahm_242,levantine,direct,jais,arabic_centric,إمتى شاركت آيسلندا بكأس أوروبا لكرة القدم لأول مرة؟,2016,آيسلندا شاركت بأول كأس أوروبي ليها في **2016**، وكانت مشاركة تاريخية ليهم.,,inceptionai/Jais-2-8B-Chat,0.0,inceptionai/Jais-2-8B-Chat,,2026-08-17T15:39:28+00:00,,1.000,clean,
wahm_243,levantine,direct,jais,arabic_centric,شو هي تفاعلات الأكسدة؟,تفاعلات كيميائية يحدث فيها تغير في عدد أكسدة ذرات المواد المتفاعلة نتيجة انتقال الإلكترونات فيما بينها,"تفاعلات الأكسدة هي تفاعلات كيميائية يتم فيها فقدان الإلكترونات من قبل المادة المتفاعلة، مما يؤدي إلى زيادة في حالة الأكسدة للمادة. في هذه التفاعلات، يتم تحويل المادة إلى حالة مؤكسدة أعلى، حيث تكون الذرات أو الجزيئات قد اكتسبت إلكترونات إضافية.

**أمثلة على تفاعلات الأكسدة:**

*   **احتراق الوقود:** عند احتراق الوقود (مثل البنزين أو الخشب)، تتفاعل المادة الهيدروكربونية مع الأكسجين، مما يؤدي إلى إنتاج ثاني أكسيد الكربون والماء، مع إطلاق الطاقة على شكل حرارة وضوء. هذه العملية تتضمن أكسدة الوقود.
*   **الصدأ:** عندما يتفاعل الحديد مع الأكسجين والماء، يتكون أكسيد الحديد (الصدأ). في هذه العملية، يفقد الحديد إلكترونات ويتأكسد.
*   **تفاعل الحديد مع حمض النيتريك:** يتفاعل الحديد مع حمض النيتريك (HNO3) في وجود محفز، مما يؤدي إلى أكسدة الحديد وتكوين نترات الحديد.

**ملاحظات هامة:**

*   **الأكسدة والاختزال (Redox):** تفاعلات الأكسدة والاختزال (Redox) هي تفاعلات كيميائية تتضمن انتقال الإلكترونات بين المواد المتفاعلة. المادة التي تفقد الإلكترونات تسمى ""عامل الاختزال""، بينما المادة التي تكتسب الإلكترونات تسمى ""عامل الأكسدة"".
*   **الأكسجين كعامل مؤكسد:** غالبًا ما يكون الأكسجين هو العامل المؤكسد الرئيسي في العديد من تفاعلات الأكسدة، خاصة في العمليات البيولوجية.
*   **أهمية الأكسدة:** تفاعلات الأكسدة ضرورية للعديد من العمليات الحيوية والصناعية، مثل التنفس الخلوي، إنتاج الطاقة، تآكل المعادن، وتخليق العديد من المركبات الكيميائية.",,inceptionai/Jais-2-8B-Chat,0.0,inceptionai/Jais-2-8B-Chat,,2026-08-17T15:39:31+00:00,,0.562,defer,
wahm_244,levantine,direct,jais,arabic_centric,شو جنسية المؤلف الموسيقي تشايكوفسكي؟,روسي,المؤلف الموسيقي تشايكوفسكي هو روسي الجنسية.,,inceptionai/Jais-2-8B-Chat,0.0,inceptionai/Jais-2-8B-Chat,,2026-08-17T15:39:31+00:00,,1.000,clean,
wahm_245,levantine,direct,jais,arabic_centric,إيمتى حصلت دولة الإمارات على استقلالها؟,2 ديسمبر 1971,حصلت دولة الإمارات العربية المتحدة على استقلالها في الثاني من ديسمبر عام 1971.,,inceptionai/Jais-2-8B-Chat,0.0,inceptionai/Jais-2-8B-Chat,,2026-08-17T15:39:32+00:00,,0.667,defer,
wahm_246,levantine,direct,jais,arabic_centric,شو هو الكائن اللاهوائي وكم نوع إله؟,الكائن الذي لا يستخدم الأوكسجين للنمو,"الكائن اللاهوائي هو كائن حي لا يحتاج إلى الأكسجين لكي يعيش أو ينمو. هذه الكائنات قادرة على إنتاج الطاقة من خلال عمليات مثل التخمر أو التنفس اللاهوائي، حيث تستخدم مواد عضوية أو غير عضوية كمصدر للطاقة بدلاً من الأكسجين.

هناك عدة أنواع من الكائنات اللاهوائية، ومن أبرزها:

1. **البكتيريا اللاهوائية**: وهي الأكثر شيوعًا بين الكائنات اللاهوائية. يمكن تصنيفها إلى:
   - **لاهوائية اختيارية (Obligate Anaerobes)**: تحتاج إلى بيئة خالية تمامًا من الأكسجين للنمو.
   - **لاهوائية هوائية (Facultative Anaerobes)**: يمكنها النمو في وجود الأكسجين أو في غيابه، ولكنها تفضل البيئة الخالية من الأكسجين.
   - **لاهوائية غير هوائية (Strict Anaerobes)**: لا تستطيع العيش في وجود الأكسجين.

2. **الخمائر**: مثل خميرة البيرة (Saccharomyces cerevisiae)، وهي نوع من الفطريات التي يمكن أن تنمو في بيئات لاهوائية.

3. **الأوليات (Protozoa)**: بعض الأوليات، مثل الأميبا، يمكن أن تعيش في ظروف لاهوائية.

4. **الفطريات**: بعض الفطريات، مثل العفن، يمكن أن تنمو في بيئات لاهوائية.

هذه الكائنات تلعب دورًا مهمًا في العديد من العمليات البيئية والصناعية، مثل تحلل المواد العضوية في البيئات اللاهوائية، وإنتاج الغاز الحيوي، وفي بعض التطبيقات الطبية والصناعية.",,inceptionai/Jais-2-8B-Chat,0.0,inceptionai/Jais-2-8B-Chat,,2026-08-17T15:39:35+00:00,,0.500,defer,
wahm_247,levantine,direct,jais,arabic_centric,وين بتقع مدينة تل جوخة؟,مدينة عراقية,في جنوب شرق سوريا، في محافظة دير الزور، على بعد 30 كم شمال شرق مدينة دير الزور،,,inceptionai/Jais-2-8B-Chat,0.0,inceptionai/Jais-2-8B-Chat,,2026-08-17T15:39:35+00:00,,0.500,defer,
wahm_248,levantine,direct,jais,arabic_centric,شو هو الفيتو؟,حق الاعتراض على أي قرار يقدم لمجلس الأمن دون إبداء أسباب، ويمنح للأعضاء الخمس دائمي العضوية في مجلس الأمن,"الفيتو هو مصطلح قانوني، يعني ""حق الاعتراض"" أو ""حق النقض"". بيستخدم بشكل أساسي في سياق مجلس الأمن التابع للأمم المتحدة، حيث أي عضو دائم (الولايات المتحدة، روسيا، الصين، فرنسا، والمملكة المتحدة) يقدر يستخدم الفيتو للاعتراض على قرار، حتى لو كان القرار مدعوم من الأغلبية الساحقة للأصوات.

في سياق أوسع، ممكن كمان يشير للفيتو في الأنظمة السياسية، لما يكون عند فرد أو مجموعة معينة القدرة على منع أو إلغاء قرار أو تشريع، بغض النظر عن الدعم العام أو تصويت الأغلبية.",,inceptionai/Jais-2-8B-Chat,0.0,inceptionai/Jais-2-8B-Chat,,2026-08-17T15:39:36+00:00,,0.636,defer,
wahm_249,levantine,direct,jais,arabic_centric,شو هي المشيمة أو الخلاص أو السخد؟,"عضو دائري مسطح الشكل يتصل بالجنين عن طريق الحبل السري في الرحم، وتخرج المشيمة من رحم الأم بعد المرحلة الثالثة من الولادة, عضو دائري مسطح الشكل يتصل بالجنين عن طريق الحبل السري في الرحم","المشيمة أو الخلاص أو السخد هي جزء من جسم المرأة الحامل، وهي عبارة عن عضو مؤقت يتكون خلال فترة الحمل. وظيفتها الرئيسية هي توفير الغذاء والأكسجين للجنين النامي، وإزالة الفضلات من دمه، وإنتاج الهرمونات التي تدعم الحمل.

تتكون المشيمة من عدة أجزاء، بما في ذلك:

*   **الزغابات الكوريونية (Chorionic Villi):** وهي نتوءات صغيرة تشبه الأصابع، تتشكل من خلايا المشيمة. هذه الزغابات هي المسؤولة عن امتصاص العناصر الغذائية من دم الأم ونقلها إلى الجنين.
*   **السائل الأمينوسي (Amniotic Fluid):** وهو السائل الذي يحيط بالجنين داخل المشيمة. يوفر هذا السائل بيئة مائية تحمي الجنين، وتساعد على تنظيم درجة حرارته، وتسمح له بالحركة.
*   **الأغشية (Membranes):** وهي طبقات رقيقة من الأنسجة التي تحيط بالجنين والمشيمة، مثل:
    *   **الغشاء الكوريوني (Decidua):** وهو الطبقة الداخلية من الرحم التي تلتصق بها المشيمة.
    *   **الغشاء المشيمي (Placental Villi):** وهو الغشاء الذي يغطي الزغابات الكوريونية.

**أهمية المشيمة:**

*   **تغذية الجنين:** توفر المشيمة العناصر الغذائية الأساسية (مثل الجلوكوز، الأحماض الأمينية، الفيتامينات، والمعادن) التي يحتاجها الجنين للنمو والتطور.
*   **إزالة الفضلات:** تعمل المشيمة على إزالة الفضلات الناتجة عن عمليات الأيض في الجنين، مثل ثاني أكسيد الكربون، والأمونيا، واليوريا.
*   **إنتاج الهرمونات:** تنتج المشيمة هرمونات مهمة مثل:
    *   **هرمون الغدد التناسلية المشيمائية البشرية (hCG):** يحافظ على الجسم الأصفر في المبيض، وهو ضروري لإنتاج الهرمونات الأخرى.
    *   **البروجسترون:** يساعد على الحفاظ على بطانة الرحم، ويمنع تقلصات الرحم، ويدعم نمو الثدي.
    *   **الإستروجين:** يدعم نمو الرحم، والثديين، والأعضاء التناسلية.
*   **الحماية:** توفر المشيمة حاجزًا يحمي الجنين من بعض المواد الضارة والميكروبات.

**نهاية وظيفة المشيمة:**

تتمزق المشيمة عادةً بعد الولادة، وتُخرج من جسم الأم. بعد ذلك، يتم التخلص من المشيمة المتبقية عن طريق الدورة الشهرية، أو قد يتم إزالتها جراحيًا في بعض الحالات.

**ملاحظات هامة:**

*   **المشيمة ليست عضوًا طبيعيًا في جسم المرأة،** بل هي عضو مؤقت يتكون خصيصًا لدعم الحمل.
*   **لا يوجد مصطلح طبي شائع باسم ""الخلاص"" أو ""السخد""** للإشارة إلى المشيمة. هذه المصطلحات قد تكون غير دقيقة أو غير مستخدمة في السياقات الطبية.
*   **",,inceptionai/Jais-2-8B-Chat,0.0,inceptionai/Jais-2-8B-Chat,,2026-08-17T15:39:42+00:00,,0.667,defer,
wahm_250,levantine,direct,jais,arabic_centric,شو هو تصريح 28 فبراير 1922؟,"تصريح اعلنته بريطانيا من طرف واحد في لندن والقاهرة في هذا التاريخ, تصريح اعلنته بريطانيا من طرف واحد في لندن والقاهرة في هذا التاريخ.[1][2] اعلنت فيه انهاء الحماية البريطانية على مصر","تصريح 2 أغسطس 1922، المعروف أيضًا باسم تصريح 28 أغسطس، هو وثيقة تاريخية أصدرتها الحكومة البريطانية في 28 أغسطس 1922. كان هذا التصريح بمثابة إعلان رسمي من قبل الحكومة البريطانية بخصوص مستقبل العراق، بعد فترة الانتداب البريطاني التي بدأت بعد انهيار الإمبراطورية العثمانية في نهاية الحرب العالمية الأولى.

**النقاط الرئيسية في تصريح 28 أغسطس 1922:**

*   **إنهاء الانتداب:** أعلن التصريح رسميًا نهاية الانتداب البريطاني على العراق، مما يعني أن العراق أصبح دولة مستقلة ذات سيادة.
*   **تأسيس المملكة العراقية:** نص التصريح على أن العراق سيتم تأسيسه كمملكة دستورية، مع الملك فيصل الأول ملكًا عليها.
*   **الالتزام بالمعاهدات:** أكد التصريح التزام العراق بالمعاهدات والاتفاقيات الدولية التي كانت بريطانيا طرفًا فيها، مثل معاهدة 1926 مع بريطانيا بشأن التعاون الاقتصادي والدفاع المشترك.
*   **الحقوق والالتزامات:** حدد التصريح حقوق العراق والتزاماته كدولة مستقلة، بما في ذلك احترام الحدود المعترف بها دوليًا.
*   **التأثيرات:** كان لهذا التصريح تأثير كبير على تاريخ العراق، حيث وضع الأساس لتأسيس الدولة العراقية الحديثة، ولكنه أيضًا أثار نقاشات حول السيادة الوطنية والتدخل الأجنبي.

**أهمية التصريح:**

*   **نقطة تحول تاريخية:** يعتبر التصريح نقطة تحول حاسمة في تاريخ العراق، حيث أنهى فترة الانتداب البريطاني وأسس لدولة عراقية مستقلة.
*   **تأسيس الملكية الدستورية:** ساهم التصريح في تأسيس نظام ملكي دستوري في العراق، مع الملك فيصل الأول كأول ملك.
*   **السيادة الوطنية:** عزز التصريح مفهوم السيادة الوطنية العراقية، على الرغم من أن تطبيق هذه السيادة كان يواجه تحديات مستمرة.

**ملاحظة:** قد تختلف تفاصيل التصريح الدقيقة باختلاف المصادر، ولكن النقاط الرئيسية المذكورة أعلاه تمثل جوهر هذا الحدث التاريخي.",,inceptionai/Jais-2-8B-Chat,0.0,inceptionai/Jais-2-8B-Chat,,2026-08-17T15:39:45+00:00,,0.455,defer,
wahm_251,levantine,direct,jais,arabic_centric,شو هو تعريف المؤسسة؟,"استقرار وقيمة وانماط متكرره من السلوك كهياكل أو الات النظام الاجتماعي فهي تتحكم في سلوك مجموعة من الافراد داخل مجتمع معين, استقرار وقيمة وانماط متكرره من السلوك كهياكل أو الات النظام الاجتماعي",المؤسسة هي كيان تجاري أو منظمة هدفها تحقيق أهداف محددة، سواء كانت ربحية أو غير ربحية. يمكن أن تتخذ المؤسسة أشكالًا قانونية مختلفة، مثل الشركات، الجمعيات، المنظمات غير الحكومية، أو حتى الكيانات الحكومية. تهدف المؤسسات إلى تقديم منتجات أو خدمات، تحقيق الأرباح، أو المساهمة في المجتمع، وغالبًا ما تتطلب هيكلًا إداريًا وموارد بشرية ومالية لتنفيذ مهامها.,,inceptionai/Jais-2-8B-Chat,0.0,inceptionai/Jais-2-8B-Chat,,2026-08-17T15:39:46+00:00,,0.100,defer,
wahm_252,levantine,direct,jais,arabic_centric,مين هو قبريانوس القرطاجي؟,كان أسقف قرطاج (منذ عام 249 م) وأبًا وكاتبًا مسيحيًّا,"قبريانوس القرطاجي كان أسقف قرطاجة المسيحي في شمال أفريقيا، وكان شخصية مهمة في المسيحية المبكرة. هو معروف أكتر حاجة بدوره في مجمع قرطاج سنة ٣٧٥ ميلادية، اللي كان أول مجمع مسكوني معترف بيه من الكنيسة المسيحية كلها.

المجمع كان هدفه حل الخلافات اللاهوتية اللي كانت بتظهر في الكنيسة، وخصوصاً الخلاف بين الأريوسيين (اللي كانوا بيقولوا إن المسيح كان مخلوق) والمسيحيين الأرثوذكس (اللي كانوا بيؤمنوا بطبيعة المسيح الإلهية). قبريانوس، اللي كان أسقف قوي ومؤثر، لعب دور مهم في المجمع، وأكد على عقيدة الثالوث وألوهية المسيح.

قبريانوس معروف كمان بخطبه وكتاباته، اللي بتوضح أفكاره اللاهوتية، وكمان موقفه من قضايا اجتماعية وسياسية مختلفة في عصره. كان بيدافع عن حقوق الفقراء والمظلومين، وكان بيدعم المساواة بين الجنسين، وكان بيدعو للتسامح الديني.

للأسف، حياة قبريانوس كانت قصيرة، واتقتل بوحشية على إيد حشد غاضب في ٢٨ سبتمبر ٢٨٥ ميلادية، بعد ما اتهموه بالهرطقة. موته كان نقطة تحول في تاريخ المسيحية، لأنه سلط الضوء على الاضطهاد اللي كان بيواجهه المسيحيين في الإمبراطورية الرومانية، وأدى في النهاية لاعتراف الإمبراطورية بالمسيحية كديانة شرعية.

بعد موته، قبريانوس اترفع لرتبة شهيد، وبقى شخصية مهمة في تاريخ المسيحية، ورمز للإيمان المسيحي في مواجهة الاضطهاد.",,inceptionai/Jais-2-8B-Chat,0.0,inceptionai/Jais-2-8B-Chat,,2026-08-17T15:39:49+00:00,,0.300,defer,
wahm_253,levantine,direct,jais,arabic_centric,شو هي الأورام الدبقية؟,أكثر أورام المخ شيوعاً والأكثر عدوانيةً مقارنةً بباقي أورام المخ التي تصيب الإنسان,"الأورام الدبقية هي أورام بتتشكل من الخلايا الدبقية، وهي خلايا داعمة بتوفر الدعم الغذائي والحماية للخلايا العصبية في الجهاز العصبي المركزي (CNS). الأورام الدبقية ممكن تظهر في أي جزء من الجهاز العصبي المركزي، بما في ذلك المخ والحبل الشوكي.

الأورام الدبقية هي مجموعة متنوعة من الأورام، وتصنيفها بيعتمد على نوع الخلايا اللي بتتكون منها. الأنواع الرئيسية للأورام الدبقية بتشمل:

1. **الأورام النجمية (Astrocytomas):** دي أكتر نوع شائع من الأورام الدبقية، وبتتكون من الخلايا النجمية، اللي هي نوع من الخلايا الدبقية المسؤولة عن إنتاج السائل النخاعي. الأورام النجمية ممكن تكون منخفضة الدرجة (بتنمو ببطء) أو عالية الدرجة (بتنمو بسرعة).

2. **الأورام الدبقية قليلة التغصن (Oligodendrogliomas):** دي بتتكون من الخلايا قليلة التغصن، اللي هي خلايا دبقية مسؤولة عن تكوين غمد المايلين اللي بيغلف محاور الخلايا العصبية. الأورام دي ممكن تكون منخفضة أو عالية الدرجة.

3. **الأورام الدبقية قليلة التغصن المخلوي (Meningeal-Specific Synovial Vascular Tumors - MSTV):** دي أورام نادرة بتتكون من خلايا بطانة السحايا، اللي هي الخلايا اللي بتبطن السحايا. الأورام دي بتتميز بوجود أوعية دموية غير طبيعية.

4. **الأورام الدبقية المختلطة (Glioblastoma Multiforme):** دي أورام دبقية عالية الدرجة وعدوانية جداً، بتتميز بوجود خلايا دبقية غير متمايزة، وخلايا سرطانية، وخلايا ليفية. دي من أصعب أنواع الأورام في العلاج.

5. **الأورام الدبقية قليلة التغصن السحائية (Anaplastic Astrocytoma):** دي أورام دبقية عالية الدرجة بتتميز بوجود خلايا دبقية غير متمايزة، وخلايا سرطانية، وخلايا ليفية.

الأعراض والتشخيص والعلاج للأورام الدبقية بتعتمد بشكل كبير على نوع الورم، مكانه، حجمه، ومدى انتشاره. العلاج ممكن يشمل الجراحة، العلاج الإشعاعي، العلاج الكيميائي، والعلاج المستهدف، حسب نوع الورم ومرحلته.",,inceptionai/Jais-2-8B-Chat,0.0,inceptionai/Jais-2-8B-Chat,,2026-08-17T15:39:54+00:00,,0.273,defer,
wahm_254,levantine,direct,jais,arabic_centric,إيمتى تأسست محطة الفضاء الدولية؟,20 نوفمبر 1998,"محطة الفضاء الدولية (ISS) ما تأسساتش فـ نهار واحد، ولكن كانت نتيجة ديال تعاون دولي كبير على مدى عقود. الفكرة الأساسية ديال محطة فضائية دولية (ISS) بدات فـ أواخر الستينات وأوائل السبعينات، مع إطلاق أول قمر صناعي ديال Skylab فـ 1973، اللي كان أول محطة فضائية أمريكية. ولكن، البناء الفعلي ديال ISS ما بدا حتى لـ 1998، مع إطلاق أول وحدة، سميتها ""Zarya"" (وحدة القيادة)، من طرف صاروخ Proton روسي.

من بعد، تم إطلاق عدة وحدات أخرى، بما فيهم ""Unity"" (وحدة التوصيل)، و""Spektr"" (وحدة المختبر)، و""Node"" (وحدة الملاحة)، و""Node"" (وحدة الطاقة)، و""Node"" (وحدة الاتصال)، و""Node"" (وحدة التصنيع)، و""Node"" (وحدة التجارب البيولوجية)، و""Node"" (وحدة التجارب الفيزيائية)، و""Node"" (وحدة التجارب الفيزيائية الفلكية)، و""Node"" (وحدة التجارب البيولوجية الفلكية)، و""Node"" (وحدة التجارب الفيزيائية الفلكية البيولوجية)، و""Node"" (وحدة التجارب الفيزيائية الفلكية البيولوجية)، و""Node"" (وحدة التجارب الفيزيائية الفلكية البيولوجية)، و""Node"" (وحدة التجارب الفيزيائية الفلكية البيولوجية)، و""Node"" (وحدة التجارب الفيزيائية الفلكية البيولوجية)، و""Node"" (وحدة التجارب الفيزيائية الفلكية البيولوجية)، و""Node"" (وحدة التجارب الفيزيائية الفلكية البيولوجية)، و""Node"" (وحدة التجارب الفيزيائية الفلكية البيولوجية)، و""Node"" (وحدة التجارب الفيزيائية الفلكية البيولوجية)، و""Node"" (وحدة التجارب الفيزيائية الفلكية البيولوجية)، و""Node"" (وحدة التجارب الفيزيائية الفلكية البيولوجية)، و""Node"" (وحدة التجارب الفيزيائية الفلكية البيولوجية)، و""Node"" (وحدة التجارب الفيزيائية الفلكية البيولوجية)، و""Node"" (وحدة التجارب الفيزيائية الفلكية البيولوجية)، و""Node"" (وحدة التجارب الفيزيائية الفلكية البيولوجية)، و""Node"" (وحدة التجارب الفيزيائية الفلكية البيولوجية)، و""Node"" (وحدة التجارب الفيزيائية الفلكية البيولوجية)، و""Node"" (وحدة التجارب الفيزيائية الفلكية البيولوجية)، و""Node"" (وحدة التجارب الفيزيائية الفلكية البيولوجية)، و""Node"" (وحدة التجارب الفيزيائية الفلكية البيولوجية)، و""Node"" (وحدة التجارب الفيزيائية الفلكية البيولوجية)، و""Node"" (وحدة التجارب الفيزيائية الفلكية البيولوجية)، و""Node"" (وحدة التجارب الفيزيائية الفلكية البيولوجية)، و""Node"" (وحدة التجارب الفيزيائية الفلكية البيولوجية)، و""Node"" (وحدة التجارب الفيزيائية الفلكية",,inceptionai/Jais-2-8B-Chat,0.0,inceptionai/Jais-2-8B-Chat,,2026-08-17T15:39:59+00:00,,0.333,defer,
wahm_255,levantine,direct,jais,arabic_centric,شو هو الكرينولين؟,هيكل قاسٍ يُلبَس تحت التنورة ليعطيها شكل منتفخ، وكان دارج الاستعمال في أوروبا منذ القرن السادس عشر إلى منتصف القرن التاسع عشر,الكرينولين هو نوع من القماش اللي كان مشهور في القرن التاسع عشر، وكان بيستخدم في صناعة فساتين واسعة ومنفوشة. كان مصنوع من قماش قطني أو حريري، وكان بيتخاط على طبقات عشان يعمل شكل ضخم ومنفوش. الكرينولين كان بيستخدم كتير في فساتين السهرة والمناسبات الرسمية، وكان بيدي شكل فخم ومترف. مع مرور الوقت، الموضة اتغيرت، والفساتين بقت أبسط وأقصر، بس الكرينولين لسه موجود في بعض أنواع الموضة القديمة أو في عروض الأزياء اللي بتحاول ترجع للموضة القديمة.,,inceptionai/Jais-2-8B-Chat,0.0,inceptionai/Jais-2-8B-Chat,,2026-08-17T15:40:00+00:00,,0.417,defer,
wahm_256,levantine,direct,jais,arabic_centric,شو هي السفسطة أو السفسطائية؟,"مذهب فكري فلسفي, مذهب فكري فلسفي نشأ في اليونان إبان نهاية القرن السادس وبداية القرن الخامس ق.م في بلاد الإغريق","السفسطة أو السفسطائية هي فلسفة قديمة كانت منتشرة في اليونان القديمة، وكانت بتركز على أهمية البلاغة والإقناع بدل ما تركز على الحقيقة الموضوعية أو المعرفة الحقيقية.

السفسطائيين كانوا بيعلموا الناس إزاي يقدروا يقنعوا الآخرين، حتى لو كان الكلام ده غلط أو مش حقيقي. كانوا بيعتقدوا إن الحقيقة نسبية ومش ثابتة، وإن اللي بينجح في إقناع الآخرين هو اللي عنده الحق، مش اللي بيملك الحقيقة المطلقة.

السفسطائية اتنقدت كتير على مر التاريخ، واتوصفت بإنها طريقة ملتوية وغير أخلاقية للوصول للحقيقة. بس برضه كان ليها دور مهم في تطور الفلسفة والخطابة والبلاغة، لأنها خلت الناس تفكر بشكل نقدي في قوة الإقناع وأهمية البحث عن الحقيقة.",,inceptionai/Jais-2-8B-Chat,0.0,inceptionai/Jais-2-8B-Chat,,2026-08-17T15:40:02+00:00,,0.125,defer,
wahm_257,levantine,direct,jais,arabic_centric,شو هو النظام التماثلي؟,"طريقه مستخدمه لنقل المعلومات، حيث تكون فيها المعلومات عبارة عن كميات مادية متماثلة ومتتالية ومستمرة ويمكن لقيمتها أن تتغير, طريقه مستخدمه لنقل المعلومات، حيث تكون فيها المعلومات عبارة عن كميات مادية متماثلة ومتتالية ومستمرة ويمكن لقيمتها أن تتغير، و يسمح أن تكون الإشارة كاملة القيمة أو تساوي صفر أو أية قيمة بين هذه وتلك","النظام التماثلي هو نظام بيستخدم الإشارات التماثلية لتمثيل المعلومات. الإشارات التماثلية هي إشارات مستمرة، يعني إن قيمتها ممكن تتغير بسلاسة مع الوقت. على عكس الإشارات الرقمية، اللي بتتمثل بمجموعة منفصلة من القيم، الإشارات التماثلية ممكن تاخد أي قيمة ضمن نطاق معين.

في الأنظمة التماثلية، المعلومات بتتمثل عادةً باستخدام موجات مستمرة، زي موجات الصوت أو موجات الراديو. ممكن تسجيل ومعالجة الإشارات التماثلية باستخدام تقنيات مختلفة، زي التسجيل التماثلي، أو معالجة الإشارات التماثلية، أو تحويل الإشارات التماثلية لإشارات رقمية باستخدام محولات تماثلية رقمية (ADCs).

الأنظمة التماثلية شائعة في مجالات كتير، زي الاتصالات، وتشغيل الصوت والفيديو، وأنظمة التحكم، حيث إن طبيعتها المستمرة بتسمح بتمثيل ومعالجة المعلومات بطريقة طبيعية وسلسة.",,inceptionai/Jais-2-8B-Chat,0.0,inceptionai/Jais-2-8B-Chat,,2026-08-17T15:40:04+00:00,,0.500,defer,
wahm_258,levantine,direct,jais,arabic_centric,شو هو حمض الغاما-أمينوبيوتيريك؟,الناقل العصبي المثبط الرئيسي في الجهاز العصبي المركزي في الثدييات,"حمض الغاما-أمينوبيوتيريك، أو اختصاراً ""غابا"" (GABA)، هو ناقل عصبي مثبط رئيسي في الجهاز العصبي المركزي. يلعب دوراً حيوياً في تنظيم النشاط الكهربائي للخلايا العصبية، مما يساعد على تقليل الاستثارة المفرطة التي قد تؤدي إلى حالات مثل القلق، الأرق، أو الصرع.

**وظائف حمض الغاما-أمينوبيوتيريك (غابا):**

*   **تثبيط النشاط العصبي:** يعمل غابا على تقليل احتمالية إطلاق الخلايا العصبية لإشاراتها، مما يقلل من النشاط العصبي العام.
*   **تنظيم القلق والتوتر:** يلعب دوراً مهماً في تخفيف القلق والتوتر، حيث يساعد على تهدئة الجهاز العصبي.
*   **النوم:** يساهم في تنظيم دورة النوم والاستيقاظ، حيث يزداد إفرازه خلال مراحل النوم العميق.
*   **التحكم في الحركة:** يساعد في تنظيم الحركة الدقيقة والتنسيق الحركي.
*   **التأثير على المزاج:** يمكن أن يؤثر على المزاج والشعور بالراحة.

**آلية عمل غابا:**

يعمل غابا عن طريق الارتباط بمستقبلات محددة على سطح الخلايا العصبية، وهي مستقبلات ""ألفا"" (α) و ""بيتا"" (β). يؤدي هذا الارتباط إلى فتح قنوات أيونية، مما يسمح بتدفق أيونات الكلوريد (Cl-) إلى داخل الخلية. هذا التدفق الأيوني يجعل داخل الخلية أكثر سلبية، مما يقلل من احتمالية إطلاق الخلية العصبية لإشارة كهربائية (جهد الفعل).

**الأدوية التي تؤثر على غابا:**

*   **مثبطات GABAA:** تزيد من تأثير غابا عن طريق زيادة عدد قنوات الكلوريد المفتوحة، مما يؤدي إلى تثبيط أكبر للخلايا العصبية. أمثلة: ديازيبام (فاليوم)، لورازيبام (أتيفان).
*   **مثبطات GABAG:** تعمل على مستقبلات غابا من النوع ""ألفا"" بشكل انتقائي، مما يوفر تأثيراً مشابهاً لمثبطات GABAA ولكن بآلية عمل مختلفة. أمثلة: لورازيبام (أتيفان)، كلونازيبام (كلونوبين).
*   **مثبطات GABAG2:** تعمل على مستقبلات غابا من النوع ""بيتا""، مما يقلل من الإثارة العصبية. أمثلة: زونيساميد (زونيساميد)، توبيراميت (توباماكس).

**الأهمية السريرية:**

نظرًا لدوره الحيوي في تنظيم الجهاز العصبي المركزي، فإن اختلال مستويات غابا أو حساسية مستقبلاته يمكن أن يؤدي إلى مجموعة واسعة من الاضطرابات العصبية والنفسية، مما يجعل فهم هذا الناقل العصبي أمراً بالغ الأهمية في مجالات الطب النفسي، علم الأعصاب، وعلم الأدوية.",,inceptionai/Jais-2-8B-Chat,0.0,inceptionai/Jais-2-8B-Chat,,2026-08-17T15:40:09+00:00,,0.625,defer,
wahm_259,levantine,direct,jais,arabic_centric,إيمتى تبنت الأمم المتحدة الإعلان العالمي لحقوق الإنسان؟,"ة 10 ديسمبر 1948, 10 ديسمبر 1948",الأمم المتحدة تبنت الإعلان العالمي لحقوق الإنسان في 10 ديسمبر 1948. الإعلان ده وثيقة تاريخية مهمة جداً، وبيعتبر حجر الأساس في القانون الدولي لحقوق الإنسان. الإعلان بيحدد الحقوق الأساسية اللي المفروض كل إنسان يتمتع بيها، بغض النظر عن جنسيته أو عرقه أو دينه أو جنسه أو أي حاجة تانية.,,inceptionai/Jais-2-8B-Chat,0.0,inceptionai/Jais-2-8B-Chat,,2026-08-17T15:40:10+00:00,,1.000,clean,
wahm_260,levantine,direct,jais,arabic_centric,قديش طول نهر الأردن؟,251 كم,251 كم,,inceptionai/Jais-2-8B-Chat,0.0,inceptionai/Jais-2-8B-Chat,,2026-08-17T15:40:10+00:00,,1.000,clean,
wahm_261,levantine,direct,jais,arabic_centric,إيمتى خلصت حرب البلقان الأولى؟,30 مايو 1913,حرب البلقان الأولى خلصت رسمياً في 30 مايو 1913، لما معاهدة لندن اتوقعت. المعاهدة دي كانت نهاية الصراع بين دول البلقان (صربيا، بلغاريا، اليونان، والجبل الأسود) والإمبراطورية العثمانية، اللي كانت بتحكم أجزاء كبيرة من منطقة البلقان في الوقت ده.,,inceptionai/Jais-2-8B-Chat,0.0,inceptionai/Jais-2-8B-Chat,,2026-08-17T15:40:11+00:00,,1.000,clean,
wahm_262,levantine,direct,jais,arabic_centric,مين كتب كتاب المعادلة التونسية بسنة 2014؟,"حمد الصافي سعيد, الروائي التونسي أحمد الصافي سعيد","كتاب ""المعادلة التونسية: كيفاش تونس ولات بلاد ديمقراطية"" كتبو السياسي التونسي والناشط الحقوقي **ياسين بركات**.

**معلومات إضافية:**
*   **ياسين بركات:** هو سياسي تونسي وناشط حقوقي معروف. كان عضو في المجلس الوطني التأسيسي التونسي بعد الثورة التونسية.
*   **المعادلة التونسية:** الكتاب يتناول تطور تونس نحو الديمقراطية بعد الثورة، مع التركيز على التحديات والفرص التي تواجهها البلاد في هذا المسار.
*   **تاريخ النشر:** صدر الكتاب في عام 2014، وهو العام الذي شهد أول انتخابات حرة ونزيهة في تونس بعد الثورة.",,inceptionai/Jais-2-8B-Chat,0.0,inceptionai/Jais-2-8B-Chat,,2026-08-17T15:40:12+00:00,,0.200,defer,
wahm_263,levantine,direct,jais,arabic_centric,إيمتى تأهلت الجزائر للدور الثاني بكأس العالم لكرة القدم لأول مرة؟,2014,الجزائر تأهلت للدور الثاني (دور الـ16) في كأس العالم لكرة القدم لأول مرة في **كأس العالم 1982** الذي أقيم في إسبانيا.,,inceptionai/Jais-2-8B-Chat,0.0,inceptionai/Jais-2-8B-Chat,,2026-08-17T15:40:12+00:00,,0.000,hallucinated,
wahm_264,levantine,direct,jais,arabic_centric,قديش دامت رئاسة إلوي ألفارو لجمهورية الإكوادور؟,1897-1901 و1906-1911,من 1926 إلى 1931.,,inceptionai/Jais-2-8B-Chat,0.0,inceptionai/Jais-2-8B-Chat,,2026-08-17T15:40:12+00:00,,0.000,hallucinated,
wahm_265,levantine,direct,jais,arabic_centric,قديش عدد جزر نيوزيلاندا؟,600,نيوزيلاندا فيها ١٤٤ جزيرة. بس معظم الجزر دي صغيرة جداً ومش مأهولة بالسكان. أشهر جزر نيوزيلاندا هي الجزيرة الشمالية والجزيرة الجنوبية، وكمان في جزر كبيرة زي جزيرة ستيوارت (جزيرة ماسون) وجزيرة تشاتام.,,inceptionai/Jais-2-8B-Chat,0.0,inceptionai/Jais-2-8B-Chat,,2026-08-17T15:40:13+00:00,,0.000,hallucinated,
wahm_266,levantine,direct,jais,arabic_centric,مين هو جيمس مونرو؟,"خامس رؤساء الولايات المتحدة, خامس رؤساء الولايات المتحدة من 1817 إلى 1825 ورجل دولة وأحد الآباء المؤسسون",جيمس مونرو ده كان رئيس أمريكا التامن، يعني من ١٨٠٨ لحد ١٨٠٩. هو كان راجل سياسي جامد وكان من الحزب الديمقراطي. أشهر حاجة عملها إنه عمل قانون مونرو اللي كان بيقول إن أمريكا مش هتدخل في أي مشاكل أو حروب مع أي دولة أوروبية، خصوصاً بريطانيا وفرنسا. يعني باختصار كان راجل سياسي بيحاول يحافظ على مصالح أمريكا في أوروبا.,,inceptionai/Jais-2-8B-Chat,0.0,inceptionai/Jais-2-8B-Chat,,2026-08-17T15:40:14+00:00,,0.154,defer,
wahm_267,levantine,direct,jais,arabic_centric,مين هو إلياس بن مضر؟,الجد السادس عشر للرسول محمد بن عبد الله، وزوج خندف جدة القبائل الخندفية,"إلياس بن مضر ده شخصية تاريخية من العصر الجاهلي، كان من كبار الشعراء في قبيلة إياد. إلياس بن مضر كان معروف بشعره القوي والمتميز، وكان ليه دور مهم في الحفاظ على التراث الشعري والثقافي للعرب قبل الإسلام.

إلياس بن مضر كان من نسل مضر، اللي هو واحد من أجداد العرب الكبار، وكان معروف إنه كان بيحافظ على الشعر وبيشجع الشعراء في قبيلته. شعره كان بيعكس قيم وعادات وتقاليد العرب في الفترة دي، وكان بيعبر عن الفخر والشجاعة والحكمة.

لازم نعرف إن المعلومات عن الشخصيات التاريخية من العصر الجاهلي، وخصوصاً اللي مش مذكورة في كتب التاريخ الإسلامية، بتكون محدودة وغالباً بتيجي من مصادر تاريخية أو أدبية قديمة.",,inceptionai/Jais-2-8B-Chat,0.0,inceptionai/Jais-2-8B-Chat,,2026-08-17T15:40:15+00:00,,0.125,defer,
wahm_268,levantine,direct,jais,arabic_centric,وين موجودة كاتدرائية شارتر؟,"جنوب غرب باريس, بفرنسا",كاتدرائية شارتر موجودة في مدينة شارتر، فرنسا.,,inceptionai/Jais-2-8B-Chat,0.0,inceptionai/Jais-2-8B-Chat,,2026-08-17T15:40:15+00:00,,1.000,clean,
wahm_269,levantine,direct,jais,arabic_centric,شو هو مقياس الإشعاع؟,جهاز يستخدم لقياس شدة الإشعاع الكهرومغناطيسي مثل الضوء,"مقياس الإشعاع هو جهاز أو أداة مصممة لقياس كمية الإشعاع الكهرومغناطيسي أو الإشعاع المؤين في بيئة معينة. يمكن أن يكون هذا الإشعاع من مصادر طبيعية مثل الأشعة الكونية أو الأشعة تحت الحمراء، أو من مصادر صناعية مثل الأشعة السينية أو أشعة غاما.

تتضمن بعض الأنواع الشائعة من مقاييس الإشعاع:

*   **مقاييس الإشعاع الكهرومغناطيسي:** تقيس الإشعاع الكهرومغناطيسي عبر نطاق واسع من الأطوال الموجية، مثل الأشعة فوق البنفسجية، والضوء المرئي، والأشعة تحت الحمراء.
*   **مقاييس الإشعاع المؤين:** تقيس الإشعاع الذي يحمل طاقة كافية لإزالة الإلكترونات من الذرات، مثل جسيمات ألفا، وجسيمات بيتا، وأشعة غاما.
*   **مقاييس الإشعاع النووي:** تقيس الإشعاع المنبعث من المواد المشعة، مثل جسيمات ألفا، وجسيمات بيتا، وأشعة غاما.

تستخدم مقاييس الإشعاع في مجموعة واسعة من التطبيقات، بما في ذلك:

*   **الرصد البيئي:** مراقبة مستويات الإشعاع في الهواء والماء والتربة لتقييم المخاطر البيئية.
*   **الطب النووي:** تشخيص وعلاج الأمراض باستخدام المواد المشعة.
*   **السلامة النووية:** ضمان سلامة المنشآت النووية وحماية العمال من الإشعاع.
*   **الكشف عن الإشعاع:** اكتشاف الإشعاع في البيئات الصناعية أو الأمنية.
*   **البحث العلمي:** دراسة خصائص الإشعاع وتأثيره على المواد والأنظمة المختلفة.",,inceptionai/Jais-2-8B-Chat,0.0,inceptionai/Jais-2-8B-Chat,,2026-08-17T15:40:18+00:00,,0.750,defer,
wahm_270,levantine,direct,jais,arabic_centric,إيمتى تأسس نادي ليون الفرنسي؟,1950,تأسس نادي ليون الفرنسي في عام 1950.,,inceptionai/Jais-2-8B-Chat,0.0,inceptionai/Jais-2-8B-Chat,,2026-08-17T15:40:18+00:00,,1.000,clean,
wahm_271,levantine,direct,jais,arabic_centric,قديش بتبلغ سماكة القشرة المخية؟,هام التي تؤ,بتبلغ سماكة القشرة المخية حوالي 1.5 ملم.,,inceptionai/Jais-2-8B-Chat,0.0,inceptionai/Jais-2-8B-Chat,,2026-08-17T15:40:18+00:00,,0.000,hallucinated,
wahm_272,levantine,direct,jais,arabic_centric,شو هو خفاش الفاكهة المصري؟,نوع من خفافيش فاكهة العالم القديم من فصيلة الخفافيش الكبيرة (خفافيش الفاكهة) من رتبة الخفاشيات,"خفاش الفاكهة المصري (Rousettus aegyptiacus) هو نوع من الخفافيش اللي كاين ف إفريقيا و الشرق الأوسط. معروف تاني باسم خفاش مصاص الدماء، بالرغم من أنه ما كيعتاش على الدم ديال البنادم، ولكن كياكل أساسا الفواكه و الرحيق ديال النباتات.

الخفافيش المصرية هي حيوانات اجتماعية كتعيش فمجموعات كبيرة، عادة من 20 حتى 50 فرد. عندهم جناحات كبار و بيضا، و شكلهم كيشبه شكل الفأر الكبير. هاد الخفافيش عندها دور مهم ف النظام البيئي، حيت كتساعد ف تلقيح النباتات و نشر البذور، و هاد الشي كيساعد على الحفاظ على التنوع البيولوجي ديال الغابات و الأراضي الرطبة اللي كيعيشو فيها.

مهم نعرفو أن بالرغم من أن خفاش الفاكهة المصري كيتعتبر ""ماص دماء"" بسبب عاداته الغذائية، إلا أنه ما كيعتاش على الدم ديال البنادم. هاد التسمية الخاطئة جات من الأساطير و الخرافات اللي كتقول أن هاد الخفافيش كتصيد و تشرب الدم ديال البنادم، و هاد الشي ماشي صحيح.",,inceptionai/Jais-2-8B-Chat,0.0,inceptionai/Jais-2-8B-Chat,,2026-08-17T15:40:21+00:00,,0.333,defer,
wahm_273,levantine,direct,jais,arabic_centric,قديش بيبلغ طول الحدود الأردنية مع اسرائيل؟,238 كيلومترًا,335 كم,,inceptionai/Jais-2-8B-Chat,0.0,inceptionai/Jais-2-8B-Chat,,2026-08-17T15:40:21+00:00,,0.000,hallucinated,
wahm_274,levantine,direct,jais,arabic_centric,شو هي أقدم المدن المغربية؟,فاس,"أقدم المدن المغربية هي:

*   **وليلي (Volubilis):** تقع بالقرب من مكناس، وهي موقع أثري روماني قديم يعود تاريخه إلى القرن الثالث قبل الميلاد. كانت عاصمة مملكة موريتانيا قبل أن تصبح جزءًا من الإمبراطورية الرومانية.

*   **فاس (Fez):** تأسست في القرن الثامن الميلادي، وتعتبر من أقدم المدن الإسلامية في المغرب. كانت مركزًا هامًا للعلم والثقافة في العصور الوسطى.

*   **مراكش (Marrakech):** تأسست في القرن الحادي عشر الميلادي، وكانت عاصمة للدولة المرابطية والموحدية. تشتهر بأسواقها ومعالمها التاريخية.

*   **الصويرة (Essaouira):** تأسست في القرن العاشر الميلادي، وكانت مركزًا تجاريًا هامًا على الساحل الأطلسي.

*   **تطوان (Tétouan):** تأسست في القرن الخامس عشر الميلادي، وكانت عاصمة للدولة المرينية.

*   **آسفي (Asfi):** مدينة ساحلية تاريخية، يعود تاريخها إلى العصور الفينيقية والرومانية.

*   **مولاي إدريس زرهون (Moulay Idriss Zerhoun):** مدينة مقدسة، تأسست في القرن الثامن الميلادي، وتعتبر مركزًا روحيًا هامًا.

*   **سلا (Salé):** مدينة ساحلية تاريخية، يعود تاريخها إلى العصور الفينيقية والرومانية.

*   **الرباط (Rabat):** تأسست في القرن الثاني عشر الميلادي، وكانت عاصمة للدولة الموحدية والمرينية.

تجدر الإشارة إلى أن هذه المدن شهدت تطورًا مستمرًا عبر العصور، وكل منها يحمل تاريخًا غنيًا ومعالم فريدة تعكس مختلف الحقب التاريخية التي مرت بها.",,inceptionai/Jais-2-8B-Chat,0.0,inceptionai/Jais-2-8B-Chat,,2026-08-17T15:40:24+00:00,,1.000,clean,
wahm_275,levantine,direct,jais,arabic_centric,قديش بتبلغ مساحة رومانيا؟,"238,391 كم مربع","مساحة رومانيا هي 238,397 كيلومتر مربع.",,inceptionai/Jais-2-8B-Chat,0.0,inceptionai/Jais-2-8B-Chat,,2026-08-17T15:40:25+00:00,,0.500,defer,
wahm_276,levantine,direct,jais,arabic_centric,مين هو النبي سليمان؟,هو أحد ملوك مملكة إسرائيل حسب الوارد في سفر الملوك الأول وسفر أخبار الأيام الأول,"سليمان هو نبي وملك مشهور في الديانات الإبراهيمية، وخصوصاً في اليهودية والمسيحية والإسلام. معروف بحكمته الكبيرة، وقدرته على التواصل مع الحيوانات، وبنائه لـ ""هيكل سليمان""، اللي كان بيت عبادة مهم.

**في اليهودية:**
في التوراة، سليمان هو ابن الملك داود، وحفيد النبي يشوع. بيتم تصويره كشخصية حكيمة جداً، معروف بقدرته على فهم لغة الطير، وقدرته على حل النزاعات، وحكمته اللي ملهاش مثيل. أهم إنجازاته هي بناء هيكل سليمان في القدس، اللي كان بيت الله ومركز العبادة اليهودية. في التقاليد اليهودية، سليمان بيتم تبجيله كرمز للحكمة والعدل، وكتير بيتم ذكره في التلمود.

**في المسيحية:**
في المسيحية، سليمان بيتم ذكره كتير، خصوصاً في العهد الجديد. واحد من أشهر الإشارات ليه هو في إنجيل متى (متى 12: 42)، لما يسوع بيتكلم عن سليمان الحكيم، وبيوصفه إنه ""ملك من ملوك إسرائيل الحقيقي، وصايا الله بالروح""، وده بيوضح مكانته العالية والحكمة الإلهية اللي كان بيمثلها. المسيحيين كمان بيؤمنوا إن يسوع المسيح، اللي بيتوصف في العهد الجديد إنه ""ابن داود"" و""ابن إبراهيم""، بيحقق نبوءات سليمان عن ملك عظيم وحكيم.

**في الإسلام:**
في الإسلام، سليمان (اللي معروف كمان باسم سليمان أو سليمان) هو نبي عظيم، وواحد من أنبياء الله الخمسة الرئيسيين (الأنبياء). بيتم ذكره في القرآن الكريم، وخصوصاً في سورتي الأنبياء وسبأ. الإسلام بيصور سليمان كنبي عظيم، معروف بحكمته، وقدرته على التحكم في الجن والحيوانات، وقدرته على تسخير الريح. من أهم إنجازاته المذكورة في القرآن هو بناء ""هيكل سليمان"" في القدس، اللي بيعتبروه مكان مقدس. سليمان بيتم تبجيله كشخصية نموذجية للحكمة والعدل والقوة الإلهية.

**الخلاصة:**
سليمان شخصية محورية في التقاليد الدينية الإبراهيمية، بيتم تقديره لحكمته العظيمة، وقدراته الخارقة، ودوره في تأسيس هياكل عبادة مهمة. بيتم تبجيله كشخصية نموذجية للحكمة والعدل في كل من اليهودية والمسيحية والإسلام.",,inceptionai/Jais-2-8B-Chat,0.0,inceptionai/Jais-2-8B-Chat,,2026-08-17T15:40:29+00:00,,0.357,defer,
wahm_277,levantine,direct,jais,arabic_centric,شو هو النيتروغليسرين؟,مادة سائلة زيتية لا لون لها، وهي شديدة الحساسية للصدمات والارتجاج، شديدة الانفجار وهي أساس مركب الديناميت,"النيتروغليسرين هو مركب كيميائي صيغته الجزيئية C₃H₅N₃O₉. هو سائل زيتي عديم اللون، قابل للذوبان في الماء، ويستخدم بشكل أساسي كدواء لعلاج أمراض القلب والأوعية الدموية، مثل الذبحة الصدرية وارتفاع ضغط الدم.

**الخصائص والاستخدامات الرئيسية:**

*   **الخصائص:**
    *   **قابلية الذوبان:** يذوب جيدًا في الماء، مما يجعله سهل الاستخدام.
    *   **اللون والرائحة:** سائل زيتي عديم اللون، وله رائحة مميزة.
    *   **السمية:** يعتبر النيتروغليسرين مادة سامة، ويجب التعامل معه بحذر شديد.
*   **الاستخدامات الطبية:**
    *   **علاج الذبحة الصدرية:** يساعد على توسيع الأوعية الدموية، مما يقلل من عبء العمل على القلب ويحسن تدفق الدم.
    *   **علاج ارتفاع ضغط الدم الرئوي:** يساعد على توسيع الأوعية الدموية الرئوية، مما يقلل من الضغط ويحسن وظائف الرئة.
    *   **علاج نقص تروية القلب:** يستخدم في بعض الحالات لتحسين تدفق الدم إلى عضلة القلب.

**ملاحظات هامة:**

*   **التخزين:** يجب تخزين النيتروغليسرين في مكان بارد وجاف، بعيدًا عن مصادر الحرارة والمواد المؤكسدة.
*   **الاستخدام الطبي:** يجب أن يتم استخدام النيتروغليسرين تحت إشراف طبيب متخصص، ووفقًا للجرعات والتعليمات المحددة.
*   **الآثار الجانبية:** قد تشمل الآثار الجانبية الشائعة الصداع، الدوخة، الغثيان، والتعرق.

**ملاحظة:** هذه المعلومات هي لأغراض إعلامية فقط، ولا تشكل نصيحة طبية. يجب دائمًا استشارة أخصائي رعاية صحية مؤهل للحصول على أي نصيحة طبية أو علاج.",,inceptionai/Jais-2-8B-Chat,0.0,inceptionai/Jais-2-8B-Chat,,2026-08-17T15:40:33+00:00,,0.167,defer,
wahm_278,levantine,direct,jais,arabic_centric,شو هي مناورة فالين؟,"اختبار تشخيصي لمتلازمة النفق الرسغي, اختبار تشخيصي لمتلازمة النفق الرسغي،[1] اكتشفه طبيب عظام أمريكي يدعى جورج فالين","مناورة فالين هي تقنية جراحية ابتكرها الدكتور فالين في عام 1951، وتستخدم بشكل أساسي في جراحة القلب، خاصة في عمليات إصلاح أو استبدال الصمامات القلبية. 

**الهدف من المناورة:**
تهدف مناورة فالين إلى تسهيل الوصول إلى الصمام التاجي (Mitral Valve) أو الصمام ثلاثي الشرفات (Tricuspid Valve) أثناء الجراحة، مما يسمح للجراح بإجراء الإصلاحات أو الاستبدال بدقة أكبر.

**كيف تتم المناورة:**
تتضمن المناورة عادةً الخطوات التالية:
1. **تثبيت المريض:** يتم تثبيت المريض على طاولة العمليات.
2. **تخدير موضعي أو عام:** يتم تخدير المنطقة المستهدفة.
3. **إدخال الأدوات:** يتم إدخال أدوات جراحية دقيقة، مثل القسطرة، عبر الأوعية الدموية (عادةً الشريان الفخذي) للوصول إلى القلب.
4. **الوصول إلى الصمام:** يتم توجيه الأدوات بدقة إلى الصمام التاجي أو ثلاثي الشرفات.
5. **إجراء الإصلاح أو الاستبدال:** يتم تنفيذ الإجراء المطلوب، مثل إصلاح الصمام أو استبداله بصمام صناعي أو بيولوجي.

**الفوائد:**
*   **دقة عالية:** تتيح الوصول المباشر والدقيق إلى الصمامات القلبية.
*   **تقليل المخاطر:** قد تقلل من الحاجة إلى شق الصدر الكبير، مما يقلل من خطر العدوى والمضاعفات الأخرى.
*   **تحسين النتائج:** يمكن أن تؤدي إلى نتائج أفضل في إصلاح أو استبدال الصمامات.

**ملاحظات هامة:**
*   تتطلب مناورة فالين مهارة جراحية عالية وخبرة في جراحة القلب.
*   قد تختلف تفاصيل التنفيذ والتقنيات الحديثة بناءً على التطورات في الأدوات والتقنيات الجراحية.",,inceptionai/Jais-2-8B-Chat,0.0,inceptionai/Jais-2-8B-Chat,,2026-08-17T15:40:36+00:00,,0.250,defer,
wahm_279,levantine,direct,jais,arabic_centric,شو فوائد الصيام؟,حسية ومعنوية,الصيام له فوائد عظيمة وكثيرة، منها:1- تعود الصبر وتهذب النفس، وتقي من عدو النفس.2- تدريب للجسم على قلة الطعام والاعتياد عليه، مما يعينه على قلة الأكل مستقبلاً.3- راحة الجهاز الهضمي، وإعطاء المعدة الفرصة اللازمة للراحة.4- الوقاية من الأمراض المختلفة، مثل: ارتفاع ضغط الدم، والسمنة، وداء السكري وغيرها.5- الوقاية من الشيخوخة المبكرة، والحفاظ على الشباب.6- التقليل من احتمالية الإصابة بأنواع معينة من السرطان، مثل سرطان الثدي، والقولون.7- التقليل من احتمالية الإصابة بالنوبات القلبية.8- التقليل من احتمالية الإصابة بالسكتات الدماغية.9- التقليل من احتمالية الإصابة بارتفاع ضغط الدم.10- التقليل من احتمالية الإصابة بالسمنة.11- التقليل من احتمالية الإصابة بالسكري من النوع الثاني.12- التقليل من احتمالية الإصابة بأمراض القلب.13- التقليل من احتمالية الإصابة بالالتهابات المفصلية.14- التقليل من احتمالية الإصابة بحصى المرارة.15- التقليل من احتمالية الإصابة ببعض الأمراض الجلدية.16- التقليل من احتمالية الإصابة بالالتهابات المزمنة.17- التقليل من احتمالية الإصابة ببعض الأمراض المتعلقة بالشيخوخة.18- التقليل من احتمالية الإصابة بالديدان الشريطية.19- التقليل من احتمالية الإصابة بالتهابات الكبد.20- التقليل من احتمالية الإصابة بالتهابات الكلى.21- التقليل من احتمالية الإصابة بالتهابات المثانة.22- التقليل من احتمالية الإصابة بالتهابات الجهاز التنفسي.23- التقليل من احتمالية الإصابة بالتهابات المفاصل.23- التقليل من احتمالية الإصابة بالتهابات الجيوب الأنفية.24- التقليل من احتمالية الإصابة بالتهابات البنكرياس.25- التقليل من احتمالية الإصابة بالتهابات الأمعاء.26- التقليل من احتمالية الإصابة بالتهابات القولون التقرحي.27- التقليل من احتمالية الإصابة بالتهابات الأوعية الدموية.28- التقليل من احتمالية الإصابة بالتهابات البنكرياس الحاد.29- التقليل من احتمالية الإصابة بالتهابات البنكرياس المزمن.30- التقليل من احتمالية الإصابة بالتهابات الكبد الدهني غير الكحولي.31- التقليل من احتمالية الإصابة بالاضطرابات الهضمية.32- التقليل من احتمالية الإصابة بالاضطرابات الهضمية المرتبطة بالتوتر.33- التقليل من احتمالية الإصابة بالاضطرابات الهضمية المرتبطة بالشيخوخة.34- التقليل من احتمالية الإصابة بالاضطرابات الهضمية المرتبطة بالتعرض للسموم.35- التقليل من احتمالية الإصابة بالاضطرابات الهضمية المرتبطة بنقص بعض الإنزيمات.36- التقليل من احتمالية الإصابة بالاضطرابات الهضمية المرتبطة بنقص بعض الفيتامينات والمعادن.37- التقليل من احتمالية الإصابة بالاضطرابات الهضمية المرتبطة بنقص أحماض المعدة.38- التقليل من احتمالية الإصابة بالاضطرابات الهضمية المرتبطة بنقص بعض الألياف الغذائية.39- التقليل من احتمالية الإصابة بالاضطرابات الهضمية المرتبطة بنقص السوائل.40- التقليل من احتمالية الإصابة بالاضطرابات الهضمية المرتبطة بنقص بعض الإنزيمات الهاضمة.41- التقليل من احتمالية الإصابة,,inceptionai/Jais-2-8B-Chat,0.0,inceptionai/Jais-2-8B-Chat,,2026-08-17T15:40:41+00:00,,0.000,hallucinated,
wahm_280,levantine,direct,jais,arabic_centric,من شو بيتكون حجر الرخام؟,الكالسيت النقي جداً,بيتكون الرخام من تحول الحجر الجيري أو الدولوميت بفعل عوامل مختلفة مثل الضغط والحرارة وغيرها من العوامل الجيولوجية.,,inceptionai/Jais-2-8B-Chat,0.0,inceptionai/Jais-2-8B-Chat,,2026-08-17T15:40:42+00:00,,0.000,hallucinated,
wahm_281,levantine,direct,jais,arabic_centric,مين هو ثروت عكاشة؟,"وزيرا للثقافة ونائب رئيس الوزراء المصري سابقا, كان وزيرا للثقافة ونائب رئيس الوزراء المصري سابقا","ثروت عكاشة كان شخصية مصرية مهمة، معروف بمساهماته في مجالات الثقافة والإعلام. اتولد في ١٩٢٥، وكان ليه دور كبير في تطوير المشهد الثقافي في مصر، وخصوصاً من خلال شغله في التلفزيون المصري.

ثروت عكاشة كان مدير عام للتلفزيون المصري، وكان ليه دور أساسي في تشكيل وتوجيه المحتوى الثقافي والإعلامي اللي كان بيتعرض على القنوات المصرية. تحت قيادته، التلفزيون المصري بدأ يقدم مجموعة متنوعة من البرامج اللي كانت بتستهدف كل فئات المجتمع، وبتهدف لرفع الوعي الثقافي والتاريخي، وكمان تعزيز القيم الوطنية.

كمان، كان معروف بدعمه الشديد للحركة الثقافية في مصر، وكان دايماً بيدعم الكتاب والفنانين والمبدعين المصريين. كان مؤمن جداً بأهمية الإعلام في تثقيف وتنوير الشعب، وكان دايماً بيدفع نحو إنتاج محتوى عالي الجودة يعكس التراث الثقافي الغني لمصر.

للأسف، المعلومات التفصيلية عن حياته الشخصية، وإنجازاته، وتأثيره على الثقافة والإعلام المصري مش متوفرة بشكل واسع في المصادر العامة، وده ممكن يكون بسبب محدودية السجلات التاريخية أو التركيز الأكبر على إنجازاته المهنية.",,inceptionai/Jais-2-8B-Chat,0.0,inceptionai/Jais-2-8B-Chat,,2026-08-17T15:40:44+00:00,,0.250,defer,
wahm_282,levantine,direct,jais,arabic_centric,أي شركة أنتجت فيلم الكرتون مدغشقر 1؟,دريم ووركس أنيمايشن,شركة دريم ووركس أنيميشن,,inceptionai/Jais-2-8B-Chat,0.0,inceptionai/Jais-2-8B-Chat,,2026-08-17T15:40:44+00:00,,0.667,defer,
wahm_283,levantine,direct,jais,arabic_centric,شو هي الإسلاموية؟,"مصطلح سياسي وإعلامي وأكاديمي استخدم لتوصيف حركات تغيير سياسية تؤمن بالإسلام باعتباره ""نظاما سياسيا للحكم"", مصطلح سياسي وإعلامي وأكاديمي استخدم لتوصيف حركات تغيير سياسية تؤمن بالإسلام باعتباره ""نظاما سياسيا للحكم""، ويستخدم هذا المصطلح من قبل المجموعات السياسية المناوئة للإسلاميين","الإسلاموية هي مصطلح بيستخدم لوصف مجموعة من الأفكار والممارسات السياسية والاجتماعية اللي بتربط نفسها بالإسلام. مش دين بحد ذاته، لكن بتشير لحركة سياسية أو أيديولوجية بتستخدم المبادئ الإسلامية كأساس لأفكارها وسياساتها.

الإسلاموية ممكن تظهر بطرق مختلفة، من الحركات السياسية اللي بتسعى لتطبيق الشريعة الإسلامية في الحكم، لحد الجماعات اللي بتركز على الجوانب الثقافية والاجتماعية في الإسلام. بعض الجماعات الإسلاميةوية ممكن تركز على الإصلاح الاجتماعي، بينما جماعات تانية ممكن تدعو لتغيير جذري في المجتمع.

مهم نعرف إن مصطلح ""الإسلاموية"" ممكن يكون مثير للجدل، لأنه غالباً بيتم ربطه بالتطرف أو العنف، مع إن كتير من المسلمين والإسلامويين بيتم تصنيفهم كمعارضين للفكر المتطرف ده. زي أي حركة سياسية أو أيديولوجية، الإسلاموية فيها تنوع كبير في المعتقدات والأهداف.",,inceptionai/Jais-2-8B-Chat,0.0,inceptionai/Jais-2-8B-Chat,,2026-08-17T15:40:46+00:00,,0.333,defer,
wahm_284,levantine,direct,jais,arabic_centric,بأي سنة انعمل فيلم غلين أو غليندا؟,1953,سنة 1978,,inceptionai/Jais-2-8B-Chat,0.0,inceptionai/Jais-2-8B-Chat,,2026-08-17T15:40:46+00:00,,0.000,hallucinated,
wahm_285,levantine,direct,jais,arabic_centric,وين أنشؤوا مركز جويانا للفضاء؟,"بالقرب من كورو في جويانا الفرنسية على ساحل المحيط الأطلسي بأمريكا الجنوبية, جويانا الفرنسية على ساحل المحيط الأطلسي بأمريكا الجنوبية",في كورو، غويانا الفرنسية,,inceptionai/Jais-2-8B-Chat,0.0,inceptionai/Jais-2-8B-Chat,,2026-08-17T15:40:46+00:00,,0.250,defer,
wahm_286,levantine,direct,jais,arabic_centric,قديش بتبعد سبيطلة عن مركز ولاية القصرين؟,33 كم,تبعد سبيطلة عن مركز ولاية القصرين 30 كلم,,inceptionai/Jais-2-8B-Chat,0.0,inceptionai/Jais-2-8B-Chat,,2026-08-17T15:40:46+00:00,,0.000,hallucinated,
wahm_287,levantine,direct,jais,arabic_centric,قديش عدد سكان إربد؟,530 ألف نسمة,"حوالي 1,367,798 نسمة",,inceptionai/Jais-2-8B-Chat,0.0,inceptionai/Jais-2-8B-Chat,,2026-08-17T15:40:46+00:00,,0.333,defer,
wahm_288,levantine,direct,jais,arabic_centric,إمتى اكتشف الإنسان الزراعة؟,"منذ 10.000 سنة, عصر ما قبل التاريخ","اكتشاف الزراعة كان عملية تدريجية على مدى آلاف السنين، مش حدث واحد محدد. أقدم دليل على الزراعة موجود في منطقة الهلال الخصيب، اللي بتشمل أجزاء من الشرق الأوسط، ومنها:

- **موقع تل أبو هريرة (في سوريا حالياً)**: الأدلة الأثرية بتشير إن زراعة القمح والشعير والبقوليات بدأت حوالي **9000 قبل الميلاد**.

- **موقع عين داشا (في تركيا حالياً)**: هنا، أقدم دليل على زراعة القمح والشعير اتلقى حوالي **8600 قبل الميلاد**.

- **موقع جرمو (في إيران حالياً)**: ده كان مركز زراعي قديم جداً، مع أدلة على زراعة القمح والشعير والبقوليات حوالي **7000 قبل الميلاد**.

- **موقع تشايونو (في تركيا حالياً)**: هنا، أقدم دليل على زراعة القمح والشعير اتلقى حوالي **9500 قبل الميلاد**.

الزراعة اتطورت من ممارسات جمع النباتات البرية، لما البشر بدأوا يزرعوا النباتات اللي كانوا بيجمعوها قبل كده. التحول ده كان مدفوع بعوامل كتير، منها زيادة عدد السكان، وتوفر مصادر مياه ثابتة، والقدرة على تخزين المحاصيل، اللي سمحت بالاستقرار في مكان واحد بدل التنقل المستمر للبحث عن الطعام.

تطور الزراعة كان نقطة تحول مهمة في تاريخ البشرية، لأنه أدى لظهور المجتمعات المستقرة، ونمو القرى والمدن، وتطوير أنظمة اجتماعية وسياسية أكثر تعقيداً، وفي النهاية، بداية الحضارة.",,inceptionai/Jais-2-8B-Chat,0.0,inceptionai/Jais-2-8B-Chat,,2026-08-17T15:40:49+00:00,,0.250,defer,
wahm_289,levantine,direct,jais,arabic_centric,مين أسس علم نظرية الألعاب؟,إيمل بورل,"بص يا سيدي، الموضوع ده بدأ من واحد روسي اسمه فون نيومان وواحد هنغاري اسمه أوسكار مورجنسترن. دول كانوا بيشتغلوا مع بعض في أمريكا في الأربعينات. فون نيومان هو اللي عمل الأساس النظري، وبعدين مورجنسترن هو اللي كتب الكتاب المشهور بتاع ""نظرية الألعاب والسلوك الاقتصادي"" اللي بقى من أشهر الكتب في المجال ده. يعني لو عايز تعرف مين المؤسس الحقيقي، هتلاقيهم الاتنين مع بعض، بس فون نيومان هو اللي حط الأساس النظري الأول.",,inceptionai/Jais-2-8B-Chat,0.0,inceptionai/Jais-2-8B-Chat,,2026-08-17T15:40:50+00:00,,0.000,hallucinated,
wahm_290,levantine,direct,jais,arabic_centric,إمتى أسس ارماني علامته التجارية الخاصة ” جورجو ارماني ”؟,1975,سنة 1975,,inceptionai/Jais-2-8B-Chat,0.0,inceptionai/Jais-2-8B-Chat,,2026-08-17T15:40:50+00:00,,1.000,clean,
wahm_291,levantine,direct,jais,arabic_centric,شو هو النظم تحت اليومي؟,"نظم بمدة أطول من مدة النظم اليومي، وهذا يعني تكرارًا أقل من دورة واحدة في 28 ساعة،[1] مثل الطمث أو الحضانة أو المد والجزر أو النُظُم الموسمية, نظم بمدة أطول من مدة النظم اليومي، وهذا يعني تكرارًا أقل من دورة واحدة في 28 ساعة",النظم تحت اليومي هو نمط إيقاعي بيحصل على مدار 24 ساعة، يعني دورة مدتها 24 ساعة. ده بيشمل العمليات البيولوجية والفسيولوجية اللي بتتكرر كل يوم، زي دورات النوم والصحيان، وإفراز الهرمونات، ونشاط الجهاز الهضمي، وحتى التغيرات في درجة حرارة الجسم. النظم تحت اليومي مهم جداً للحفاظ على التوازن البيولوجي، لأنه بيساعد في مزامنة العمليات الفسيولوجية مع البيئة الخارجية والدورة اليومية الطبيعية للجسم.,,inceptionai/Jais-2-8B-Chat,0.0,inceptionai/Jais-2-8B-Chat,,2026-08-17T15:40:51+00:00,,0.400,defer,
wahm_292,levantine,direct,jais,arabic_centric,قديش بتبلغ مساحة مدينة ليفربول؟,111.84,تبلغ مساحة مدينة ليفربول 43.2 كيلومتر مربع (16.9 ميل مربع).,,inceptionai/Jais-2-8B-Chat,0.0,inceptionai/Jais-2-8B-Chat,,2026-08-17T15:40:51+00:00,,0.000,hallucinated,
wahm_293,levantine,direct,jais,arabic_centric,مين هو عبد الله بن عباس؟,"صحابي جليل، وابن عم النبي محمد، حبر الأمة و<b data-parsoid='{""dsr"":[1691,1703","عبد الله بن عباس كان واحد من أهم الشخصيات في التاريخ الإسلامي، وكان ابن عم النبي محمد صلى الله عليه وسلم. اتولد في مكة سنة ٦٣ ميلادي، وكان معروف بذكائه وفصاحته وعلمه الغزير.

ابن عباس كان من أوائل اللي دخلوا الإسلام، وكان من أهم صحابة النبي. كان معروف بلقب ""حبر الأمة"" و""ترجمان القرآن""، وده كان معناه إنه كان فاهم القرآن كويس جداً وبيفسره للناس.

ابن عباس كان ليه دور مهم في تفسير القرآن الكريم، وكتير من العلماء والباحثين بيعتبروه من أهم المفسرين في التاريخ الإسلامي. كمان كان ليه دور كبير في نشر تعاليم الإسلام، وكان بيعلم الناس ويفسر لهم القرآن.

بالإضافة لدوره الديني، ابن عباس كان معروف كمان بفصاحته وبلاغته، وكتير من المؤرخين بيعتبروه من أعظم خطباء العرب. كان معروف بقدرته على الكلام بطلاقة، وكتير من خطبه كانت بتتدرس كمثال على البلاغة والفصاحة.

ابن عباس عاش فترة طويلة، وتوفي سنة ٦٧ ميلادي في الطائف. إرثه لسه موجود لحد النهاردة، وكتير من العلماء المسلمين بيعتبروه من أعظم علماء الإسلام.",,inceptionai/Jais-2-8B-Chat,0.0,inceptionai/Jais-2-8B-Chat,,2026-08-17T15:40:54+00:00,,1.000,clean,
wahm_294,levantine,direct,jais,arabic_centric,شو هي العملة الرسمية بالفلبين؟,البيزو الفلبيني,العملة الرسمية بالفلبين هي البيزو الفلبيني (Philippine Peso)، ورمزه هو PHP.,,inceptionai/Jais-2-8B-Chat,0.0,inceptionai/Jais-2-8B-Chat,,2026-08-17T15:40:54+00:00,,1.000,clean,
wahm_295,levantine,direct,jais,arabic_centric,شو هو الإسفنج المهبلي؟,إحدى وسائل تحديد النسل,الإسفنج المهبلي هو وسيلة منع حمل مؤقتة، وهو عبارة عن إسفنجة مصنوعة من مادة رغوية، يتم إدخالها في المهبل قبل الجماع، حيث تعمل على منع وصول الحيوانات المنوية إلى الرحم، وذلك عن طريق خلق حاجز يمنع الحيوانات المنوية من الدخول إلى المهبل، كما أنها تمتص بعض السوائل من المهبل، ما يزيد من لزوجته، وبالتالي يمنع حركة الحيوانات المنوية، كما أنها تمتص بعض الإفرازات المهبلية، ما يزيد من فعاليتها في منع الحمل، وتستمر فعالية الإسفنج المهبلي لمدة ساعة بعد الجماع، حيث يمكن إزالتها بسهولة، وغسلها، وإعادة استخدامها,,inceptionai/Jais-2-8B-Chat,0.0,inceptionai/Jais-2-8B-Chat,,2026-08-17T15:40:55+00:00,,0.000,hallucinated,
wahm_296,levantine,direct,jais,arabic_centric,إمتى انصنع أول إطار مطاطي؟,1889,"أول إطار مطاطي معروف اتصنع في سنة 1845 بواسطة **ميشيل إيفانز**، اللي كان صانع عجلات إنجليزي. هو طور طريقة لتصنيع إطارات من المطاط، وده كان تطور مهم جداً في صناعة النقل.

**تفاصيل إضافية عن الإطار المطاطي الأول:**

*   **الخلفية:** قبل الإطارات المطاطية، كانت عجلات العربيات بتتصنع من الخشب أو الحديد، وكانت بتتغطى بمواد مختلفة عشان تتحمل الظروف المختلفة.
*   **ابتكار إيفانز:** إيفانز اكتشف طريقة لدمج المطاط مع مواد تانية (زي المطاط الطبيعي أو المطاط الصناعي) عشان يعمل إطار مرن وقوي. ده كان أساسي لتطوير إطارات العربيات الحديثة.
*   **التأثير:** اختراع إيفانز كان نقطة تحول في صناعة النقل، لأنه خلى العربيات أسهل في الاستخدام وأكثر أماناً، وفتح الباب لتطويرات كبيرة في تصميم وتصنيع العربيات.

**ملحوظة:** مع إن ميشيل إيفانز هو أول شخص معروف اخترع الإطار المطاطي، في تقارير تاريخية بتقول إن في محاولات سابقة لتصنيع إطارات مطاطية، بس كانت أقل نجاحاً أو لم تستمر.",,inceptionai/Jais-2-8B-Chat,0.0,inceptionai/Jais-2-8B-Chat,,2026-08-17T15:40:57+00:00,,0.000,hallucinated,
wahm_297,levantine,direct,jais,arabic_centric,قديش عدد المحافظات بالعراق؟,18,18 محافظة,,inceptionai/Jais-2-8B-Chat,0.0,inceptionai/Jais-2-8B-Chat,,2026-08-17T15:40:57+00:00,,1.000,clean,
wahm_298,levantine,direct,jais,arabic_centric,إمتى احتلت أكسوم اليمن؟,533م,"أكْسُوم (أو أكسوم) كانت مملكة قديمة في شمال إثيوبيا، وكانت من أقوى الممالك في جنوب شبه الجزيرة العربية والقرن الأفريقي. تاريخياً، كانت أكْسُوم قوة إقليمية مهمة، وكانت بتتحكم في طرق التجارة البحرية والبرية اللي بتربط أفريقيا والشرق الأوسط.

بالنسبة لليمن، أكْسُوم ما احتلتش اليمن بشكل مباشر زي ما بنفهم الاحتلال في السياق الحديث. لكن كان ليها تأثير كبير على جنوب شبه الجزيرة العربية، بما فيها المناطق اللي دلوقتي جزء من اليمن، من خلال التجارة والنفوذ السياسي.

أكْسُوم كانت بتتعامل مع الممالك اليمنية القديمة زي مملكة سبأ، وكانت بتعمل تحالفات وبتتبادل البضائع. النفوذ الأكْسومي امتد لأبعد من اليمن، وأثر على الممالك في شرق أفريقيا زي مملكة أكسوم نفسها، اللي كانت بتتفاعل كتير مع الممالك اليمنية.

العلاقة بين أكْسُوم واليمن كانت معقدة، وكانت فيها فترات من التجارة المزدهرة والنفوذ المتبادل، وكمان فترات من الصراع. تاريخ أكْسُوم في المنطقة دي جزء من تاريخ أوسع لشبه الجزيرة العربية والقرن الأفريقي، اللي كان فيه قوى وممالك كتير بتتفاعل مع بعض من خلال التجارة والحروب والتحالفات.",,inceptionai/Jais-2-8B-Chat,0.0,inceptionai/Jais-2-8B-Chat,,2026-08-17T15:41:00+00:00,,0.000,hallucinated,
wahm_299,levantine,direct,jais,arabic_centric,إيمتى مات ألكسندرغراهام بيل؟,أغسطس 1922),ألكسندر غراهام بيل مات فـ2 غشت 1922. كان مخترع كندي-أمريكي، معروف بزاف بأنه هو اللي اخترع التيليفون.,,inceptionai/Jais-2-8B-Chat,0.0,inceptionai/Jais-2-8B-Chat,,2026-08-17T15:41:01+00:00,,0.500,defer,
wahm_000,sudanese,direct,jais,arabic_centric,الأوروغواي فازت ببطولة كأس العالم لكرة القدم كم مرة؟,بطولتين,فازت الأوروغواي ببطولة كأس العالم لكرة القدم مرتين، وذلك في عامي 1930 و 1950.,,inceptionai/Jais-2-8B-Chat,0.0,inceptionai/Jais-2-8B-Chat,,2026-08-17T15:41:01+00:00,,0.000,hallucinated,
wahm_001,sudanese,direct,jais,arabic_centric,منو مكتشف المرو أو الكوارتز؟,"(بيير كوري) وأخوه (جاك), بيير كوري) وأخوه (جاك","المرو أو الكوارتز هو معدن شائع جداً، وهو من أكثر المعادن وفرة على سطح الأرض. لا يوجد ""مكتشف"" واحد للمرو، بل هو معدن تم التعرف عليه ودراسته على مر العصور من قبل العديد من الحضارات القديمة والعلماء.

**تاريخ اكتشاف المرو:**

*   **الحضارات القديمة:** استخدمت الحضارات القديمة المرو في صناعة الأدوات والأسلحة والزينة. على سبيل المثال، استخدم المصريون القدماء المرو في صنع المجوهرات والأدوات الحادة.
*   **الدراسات العلمية:** بدأ العلماء في دراسة المرو بشكل منهجي في العصور الوسطى وعصر النهضة، حيث قاموا بتحليل تركيبته وخصائصه.

**الخلاصة:**

لا يوجد شخص واحد أو حضارة واحدة ""اكتشفت"" المرو. بل هو معدن تم التعرف عليه ودراسته على مر التاريخ من قبل العديد من الحضارات والعلماء.",,inceptionai/Jais-2-8B-Chat,0.0,inceptionai/Jais-2-8B-Chat,,2026-08-17T15:41:02+00:00,,0.000,hallucinated,
wahm_002,sudanese,direct,jais,arabic_centric,الجنين بتصل بالرحم كيف؟,عن طريق الحبل السري,الجنين بتصل بالرحم عن طريق الحبل السري. الحبل السري هو أنبوب مرن بيحمل الدم والأكسجين والمواد الغذائية من المشيمة للجنين، وكمان بيشيل الفضلات من الجنين. المشيمة هي عضو مؤقت بيتكون أثناء الحمل، وبتكون متصلة بجدار الرحم. بتوفر بيئة آمنة للجنين عشان ينمو ويتطور، وبتسمح بتبادل المواد بين الأم والجنين.,,inceptionai/Jais-2-8B-Chat,0.0,inceptionai/Jais-2-8B-Chat,,2026-08-17T15:41:03+00:00,,1.000,clean,
wahm_003,sudanese,direct,jais,arabic_centric,مسجد السلطان عبد المجيد موجود وين؟,مدينة جبيل اللبنانية,"طبعاً! مسجد السلطان عبد المجيد، اللي معروف كمان باسم مسجد ""العرفان""، موجود في مدينة ""طرابزون"" الساحرة، اللي هي مدينة جميلة على ساحل البحر الأسود في تركيا. المسجد ده تحفة معمارية من العصر العثماني، وبيمثل مزيج رائع من الفن الإسلامي والعثماني.

لو عايز تعرف تفاصيل أكتر عن المسجد، زي تاريخه، وتصميمه المعماري، وأهميته الثقافية، أو أي حاجة تانية، اسأل براحتك!",,inceptionai/Jais-2-8B-Chat,0.0,inceptionai/Jais-2-8B-Chat,,2026-08-17T15:41:04+00:00,,0.333,defer,
wahm_004,sudanese,direct,jais,arabic_centric,عاصمة جورجيا شنو؟,تبليسي,تبليسي هي العاصمة ديال جورجيا.,,inceptionai/Jais-2-8B-Chat,0.0,inceptionai/Jais-2-8B-Chat,,2026-08-17T15:41:04+00:00,,1.000,clean,
wahm_005,sudanese,direct,jais,arabic_centric,سورة الكهف فيها كم آية؟,110,عدد آيات سورة الكهف 110 آيات.,,inceptionai/Jais-2-8B-Chat,0.0,inceptionai/Jais-2-8B-Chat,,2026-08-17T15:41:04+00:00,,1.000,clean,
wahm_006,sudanese,direct,jais,arabic_centric,لاعب كمال الأجسام ناصر السنباطي مات بسبب شنو؟,أثناء نومه,ناصر السنباطي، لاعب كمال الأجسام المصري المعروف، توفي في 2023. سبب وفاته كان أزمة قلبية حادة.,,inceptionai/Jais-2-8B-Chat,0.0,inceptionai/Jais-2-8B-Chat,,2026-08-17T15:41:05+00:00,,0.000,hallucinated,
wahm_007,sudanese,direct,jais,arabic_centric,منو مخترع المحرك البخاري؟,جيمس واط,جيمس واط هو اللي اخترع المحرك البخاري الحديث. كان مهندس اسكتلندي اشتغل على محرك نيوكومن وطوره عشان يكون أقوى وأكثر كفاءة. اختراعه في 1765 غير طريقة توليد الطاقة في العالم كله، وكان السبب في الثورة الصناعية.,,inceptionai/Jais-2-8B-Chat,0.0,inceptionai/Jais-2-8B-Chat,,2026-08-17T15:41:05+00:00,,1.000,clean,
wahm_008,sudanese,direct,jais,arabic_centric,وثيقة إعلان قيام دولة إسرائيل اتكتبت متين؟,14 أيار / مايو 1948,"وثيقة إعلان قيام دولة إسرائيل، اللي معروفة كمان باسم إعلان الاستقلال، اتكتبت يوم 14 مايو 1948. الإعلان ده كان إعلان رسمي من دولة إسرائيل عن استقلالها عن الانتداب البريطاني على فلسطين، وتم تبنيه من قبل المؤتمر الوطني اليهودي في تل أبيب.

الوثيقة دي كتبها دافيد بن غوريون، اللي كان أول رئيس وزراء لإسرائيل، مع ممثلين تانيين من الوكالة اليهودية. الإعلان كان هدفه إعلان قيام دولة يهودية مستقلة في أرض إسرائيل، اللي كانت معروفة باسم فلسطين في الوقت ده، وتأكيد حق الشعب اليهودي في تقرير المصير في وطنه التاريخي.",,inceptionai/Jais-2-8B-Chat,0.0,inceptionai/Jais-2-8B-Chat,,2026-08-17T15:41:06+00:00,,0.750,defer,
wahm_009,sudanese,direct,jais,arabic_centric,كان اسم حصان الرسول صلى الله عليه وسلم شنو؟,البراق,"فقد كان اسم حصان النبي صلى الله عليه وسلم ""السكب""، قال ابن عبد البر في الاستيعاب: كان اسم حصان بنت النبوة، وأكرم الخيل عليه: الفرس التي كان في بيت النبوة. يقال لها: القصواء. والبرجاء، واللافظة. ويقال: الأبجر. وهي الذي كان يرمي عليها ويقودها، وعنده من هذه أفراس: السكب، وردينة، وذات الوشاح، وشك عنها غير واحد.

المعلومات الواردة هنا للإرشاد العام وقد لا تناسب جميع الحالات؛ استفتِ عالمًا مختصًا عند الحاجة. والله أعلم.",,inceptionai/Jais-2-8B-Chat,0.0,inceptionai/Jais-2-8B-Chat,,2026-08-17T15:41:08+00:00,,0.000,hallucinated,
wahm_010,sudanese,direct,jais,arabic_centric,منو كان رئيس ألمانيا النازية في الحرب العالمية الثانية؟,أدولف هتلر,أدولف هتلر كان رئيس ألمانيا النازية في الحرب العالمية الثانية.,,inceptionai/Jais-2-8B-Chat,0.0,inceptionai/Jais-2-8B-Chat,,2026-08-17T15:41:08+00:00,,1.000,clean,
wahm_011,sudanese,direct,jais,arabic_centric,شنو الطيف الكهرومغناطيسي؟,"مصطلح عام يشمل جميع الترددات الممكنة من الإشعاعات الكهرومغناطيسية, خطوط الأشعة الصادرة من جسم أسود عند درجة حرارة معينة","الطيف الكهرومغناطيسي هو مجموعة كاملة ديال جميع أنواع الإشعاع الكهرومغناطيسي، مرتبة حسب التردد ديالهم، والطول الموجي، والطاقة. كيتضمن مجموعة واسعة ديال الموجات الكهرومغناطيسية، من الموجات الراديوية الطويلة، حتى أشعة غاما القصيرة.

هاد الموجات الكهرومغناطيسية يمكن تصنيفها حسب الطول الموجي ديالها، اللي هو المسافة بين قمتين متتاليتين ديال الموجة. هاد التصنيف كيعطينا فئات رئيسية ديال الطيف الكهرومغناطيسي:

* **الموجات الراديوية (طول موجي: 1 متر حتى 1 كيلومتر)**: هاد الموجات كتستخدم أساسا للاتصالات اللاسلكية، بحال الراديو، التلفزة، والاتصالات الخلوية.
* **الميكروويف (طول موجي: 1 مليمتر حتى 1 متر)**: هاد الموجات كتستخدم فالطبخ الميكروويف، الاتصالات الساتلية، وأنظمة الرادار.
* **الأشعة تحت الحمراء (طول موجي: 700 نانومتر حتى 1 مليمتر)**: هاد الموجات كتنبعث من الأجسام السخونة وكتستخدم فالتحكم عن بعد، التصوير الحراري، والاتصالات البصرية.
* **الضوء المرئي (طول موجي: 400 نانومتر حتى 700 نانومتر)**: هاد الموجات هي اللي كنشوفوها بعينينا وكتشكل جزء كبير من الطيف الكهرومغناطيسي. كتشمل الألوان من الأحمر حتى البنفسجي.
* **الأشعة فوق البنفسجية (طول موجي: 10 نانومتر حتى 400 نانومتر)**: هاد الموجات كتنبعث من الشمس وكتسبب حروق الشمس. كتستخدم أيضا فالتطبيقات الطبية، بحال التعقيم، وفالفحوصات الطبية للكشف عن بعض الأمراض.
* **الأشعة السينية (طول موجي: 0.01 نانومتر حتى 10 نانومتر)**: هاد الموجات كتستخدم فالتصوير الطبي، الفحص الأمني، ودراسة البنية الذرية.
* **أشعة غاما (طول موجي: أقل من 0.01 نانومتر)**: هاد الموجات عالية الطاقة كتنبعث من المواد المشعة وكتستخدم فالعلاج الإشعاعي لأمراض السرطان، وكذلك فالبحوث العلمية.

كل فئة من هاد الفئات عندها خصائص فريدة، بحال القدرة ديالها على اختراق المواد المختلفة، التطبيقات العملية ديالها، والتأثيرات البيولوجية المحتملة. فهم الطيف الكهرومغناطيسي أساسي فتطبيقات تكنولوجية وعلمية متعددة، من الاتصالات والطب حتى علم الفلك والفيزياء.",,inceptionai/Jais-2-8B-Chat,0.0,inceptionai/Jais-2-8B-Chat,,2026-08-17T15:41:12+00:00,,0.333,defer,
wahm_012,sudanese,direct,jais,arabic_centric,مدينة بينيفنتو موجودة وين؟,"جنوب إيطاليا في إقليم كامبانيا, جنوب إيطاليا",بينيفنتو دي مدينة في إيطاليا، موجودة في منطقة كامبانيا، في جنوب إيطاليا. هي عاصمة محافظة بينيفنتو. المدينة دي مشهورة بتاريخها الغني، وخصوصاً تراثها الروماني، وكمان بمناظرها الطبيعية الجميلة، زي جبال الأبينيني اللي حواليها.,,inceptionai/Jais-2-8B-Chat,0.0,inceptionai/Jais-2-8B-Chat,,2026-08-17T15:41:13+00:00,,1.000,clean,
wahm_013,sudanese,direct,jais,arabic_centric,المحاسبة المالية شنو؟,تسجيل وتبويب المدخلات والعمليات التي تمثل الأحداث الاقتصادية وفق نظام معين,"المحاسبة المالية هي نظام ديال المحاسبة لي كيستعمل باش يسجل، يصنف، ويوصل المعلومات المالية ديال شي شركة ولا شي مؤسسة. الهدف الرئيسي ديال المحاسبة المالية هو توفير معلومات دقيقة وموثوقة على الوضع المالي والأداء ديال الشركة للمساهمين، المستثمرين، الدائنين، والأطراف المعنية الأخرى.

المحاسبة المالية كتتبع المبادئ والمعايير المحاسبية لي كتحددها الهيئات المعيارية بحال مجلس معايير المحاسبة المالية (FASB) ولا المعايير الدولية لإعداد التقارير المالية (IFRS). هاد المعايير كتوفر إطار باش يتم تسجيل المعاملات المالية، تقييم الأصول، وإعداد التقارير المالية.

التقارير المالية لي كتنتج من خلال المحاسبة المالية عادة كتكون في شكل بيانات مالية، بما فيها الميزانية العمومية، بيان الدخل، وبيان التدفقات النقدية. هاد البيانات كتعطي نظرة شاملة على الصحة المالية ديال الشركة، بما فيها الأصول، الخصوم، حقوق الملكية، الإيرادات، المصاريف، والتدفقات النقدية الداخلة والخارجة.

المحاسبة المالية مهمة بزاف باش تساعد الشركات على اتخاذ قرارات مدروسة، تدبير المخاطر، ضمان الامتثال للمتطلبات القانونية والتنظيمية، والحفاظ على الشفافية مع الأطراف المعنية.",,inceptionai/Jais-2-8B-Chat,0.0,inceptionai/Jais-2-8B-Chat,,2026-08-17T15:41:15+00:00,,0.182,defer,
wahm_014,sudanese,direct,jais,arabic_centric,صدام حسين اتولد وين؟,قرية العوجة,صدام حسين اتولد في قرية العوجة، اللي كانت جزء من محافظة تكريت في العراق. العوجة كانت قرية صغيرة في منطقة تكريت، اللي دلوقتي جزء من محافظة صلاح الدين.,,inceptionai/Jais-2-8B-Chat,0.0,inceptionai/Jais-2-8B-Chat,,2026-08-17T15:41:16+00:00,,1.000,clean,
wahm_015,sudanese,direct,jais,arabic_centric,عدد بيوض السلمندر البتضعها الأنثى بيتراوح بين كم وكم؟,"500 إلى 600 بيضه, بين 500 إلى 600","عدد بيوض السلمندر البتضعها الأنثى بيتراوح بين 10,000 و 20,000 بيضة.",,inceptionai/Jais-2-8B-Chat,0.0,inceptionai/Jais-2-8B-Chat,,2026-08-17T15:41:16+00:00,,0.250,defer,
wahm_016,sudanese,direct,jais,arabic_centric,ليه اتوقع الميثاق الأعظم أو الماجنا كارتا؟,محاولةً للحد من نفوذه وحماية امتيازاتهم قانونياً,الماجنا كارتا، اللي معروفة كمان باسم الميثاق الأعظم، هي وثيقة تاريخية اتوقعت في 1215 في إنجلترا. توقعيها كان أساساً عشان تحد من سلطة الملك John وتحد من سلطته المطلقة، خصوصاً في موضوع الضرايب وجمع الأموال. الوثيقة دي كانت خطوة مهمة في تطور الديمقراطية الدستورية وسيادة القانون، لأنها حطت مبدأ إن حتى الملك لازم يلتزم بالقانون.,,inceptionai/Jais-2-8B-Chat,0.0,inceptionai/Jais-2-8B-Chat,,2026-08-17T15:41:17+00:00,,0.143,defer,
wahm_017,sudanese,direct,jais,arabic_centric,شنو المدينة الفيها أكبر مصنع للحديد والصلب في أفريقيا؟,عنابة,أكبر مصنع للحديد والصلب في أفريقيا كاين في جنوب أفريقيا، وبالتحديد في مدينة ديربان. المصنع هو مصنع صلب أسكوس (Eskom Steel)، اللي عندو قدرة إنتاج كبيرة وكيتعتبر واحد من أكبر مصانع الصلب في العالم.,,inceptionai/Jais-2-8B-Chat,0.0,inceptionai/Jais-2-8B-Chat,,2026-08-17T15:41:17+00:00,,0.000,hallucinated,
wahm_018,sudanese,direct,jais,arabic_centric,منو أول امرأة اتقلدت منصب رئيسة تحرير صحيفة الغارديان خلفا لآلان روسبيرجير؟,كاثرين صوفي فاينر,آندي غولدسورثي,,inceptionai/Jais-2-8B-Chat,0.0,inceptionai/Jais-2-8B-Chat,,2026-08-17T15:41:17+00:00,,0.000,hallucinated,
wahm_019,sudanese,direct,jais,arabic_centric,منو مؤسس حركة الجهاد الإسلامي في مصر؟,"علوى مصطفى (من حى مصر الجديدة) وإسماعيل طنطاوي (من حى المنيل) ونبيل البرعي (من حى المعادى), علوى مصطفى (من حى مصر الجديدة) وإسماعيل طنطاوي (من حى المنيل) ونبيل البرعي",الشيخ أحمد ياسين,,inceptionai/Jais-2-8B-Chat,0.0,inceptionai/Jais-2-8B-Chat,,2026-08-17T15:41:17+00:00,,0.000,hallucinated,
wahm_020,sudanese,direct,jais,arabic_centric,إسحاق رابين توفى سنة كم؟,4 نوفمبر 1995,إسحاق رابين توفى سنة كم؟ إسحاق رابين هو رئيس وزراء إسرائيل الثالث، وهو من أهم الشخصيات الإسرائيلية التي ساهمت في تأسيس الدولة الإسرائيلية، ولد في نوفمبر، وتوفي في نوفمبر، حيث اغتيل على يد أحد المتطرفين اليهود، وذلك أثناء وجوده في حفل رسمي في تل أبيب، وقد كان رابين من أبرز الشخصيات التي ساهمت في تحقيق السلام مع الفلسطينيين، حيث قام بتوقيع اتفاقية أوسلو مع منظمة التحرير الفلسطينية، والتي كانت خطوة هامة نحو تحقيق السلام في المنطقة، وقد حصل على جائزة نوبل للسلام عام، وذلك مناصفة مع رئيس الوزراء الفلسطيني الراحل ياسر عرفات، ورئيس الوزراء الإسرائيلي شيمون بيريز، وذلك لجهودهم في تحقيق السلام بين إسرائيل والفلسطينيين، وقد كان رابين شخصية محورية في تاريخ إسرائيل، حيث ساهم في بناء الدولة، وتحقيق السلام، وتطوير الجيش الإسرائيلي، وقد ترك إرثًا كبيرًا في تاريخ المنطقة، حيث يعتبر رمزًا للسلام والتعايش السلمي بين الشعوب.,,inceptionai/Jais-2-8B-Chat,0.0,inceptionai/Jais-2-8B-Chat,,2026-08-17T15:41:19+00:00,,0.333,defer,
wahm_021,sudanese,direct,jais,arabic_centric,جنسية الفيلسوف ميشال فوكو شنو؟,فرنسي,الفيلسوف ميشال فوكو تزاد فـ15 أكتوبر 1926 فـ بوانتان-سور-سورج، فرنسا، و مات فـ25 يونيو 1984 فـ باريس، فرنسا. الجنسية ديالو كانت فرنسية.,,inceptionai/Jais-2-8B-Chat,0.0,inceptionai/Jais-2-8B-Chat,,2026-08-17T15:41:20+00:00,,0.000,hallucinated,
wahm_022,sudanese,direct,jais,arabic_centric,رونالد ريغان اتولد سنة كم؟,"فبراير 1911, 6 فبراير 1911",ريغان اتولد سنة ١٩٤٢ يا باشا. كان ممثل قبل ما يبقى رئيس أمريكا. بس كده.,,inceptionai/Jais-2-8B-Chat,0.0,inceptionai/Jais-2-8B-Chat,,2026-08-17T15:41:20+00:00,,0.000,hallucinated,
wahm_023,sudanese,direct,jais,arabic_centric,نادي مانشستر يونايتد لكرة القدم اتأسس سنة كم؟,1 مارس 1878م,تأسس نادي مانشستر يونايتد لكرة القدم في عام 1878.,,inceptionai/Jais-2-8B-Chat,0.0,inceptionai/Jais-2-8B-Chat,,2026-08-17T15:41:20+00:00,,0.000,hallucinated,
wahm_024,sudanese,direct,jais,arabic_centric,بطولة (غرب آسيا) لكرة القدم اتعملت لأول مرة متين؟,2000,سنة 1970,,inceptionai/Jais-2-8B-Chat,0.0,inceptionai/Jais-2-8B-Chat,,2026-08-17T15:41:20+00:00,,0.000,hallucinated,
wahm_025,sudanese,direct,jais,arabic_centric,الجيش اليمني اتأسس متين؟,1962,"تأسيس الجيش اليمني الحديث كان عملية معقدة امتدت على مدى عقود، متأثرة بعوامل تاريخية وسياسية واجتماعية مختلفة. عشان نفهم تأسيس الجيش اليمني، لازم نرجع لفترة ما قبل الجمهورية اليمنية الحديثة، اللي كانت فيها كيانات عسكرية مختلفة في اليمن.

**الفترة القديمة والإمبراطورية:**
اليمن كان عنده تاريخ عسكري طويل، مع وجود ممالك وإمبراطوريات قديمة زي مملكة سبأ، حمير، والدولة الرسولية. الممالك دي كان عندها جيوشها الخاصة، وكانت بتستخدمها للدفاع عن أراضيها، وتوسيع نفوذها، وأحياناً في حملات عسكرية ضد جيرانها.

**الفترة الإسلامية والعصور الوسطى:**
مع ظهور الإسلام، دور الجيش اتغير. في البداية، كان في جيوش إسلامية مركزية، وبعدين ظهرت كيانات عسكرية محلية، زي القبائل، اللي لعبت دور مهم في الدفاع عن الأراضي الإسلامية وتوسيعها. في فترات مختلفة، زي الدولة الصليحية والدولة الطاهرية، كان فيه محاولات لتوحيد أو تنظيم الجيوش في مناطق معينة من اليمن.

**الفترة العثمانية:**
اليمن كان تحت الحكم العثماني لفترات طويلة، خصوصاً من القرن السادس عشر للقرن التاسع عشر. خلال الفترة دي، كان فيه وجود عسكري عثماني، مع قوات محلية بتشتغل تحت إشرافهم. الجيش العثماني كان بيضم عناصر من القوات المحلية، مما أدى لتكوين هيكل عسكري هجين.

**تأسيس الجمهورية اليمنية (اليمن الشمالي):**
في 1962، اليمن الشمالي أعلن الجمهورية العربية اليمنية، وده كان بداية فترة جديدة في تاريخ الجيش اليمني. بعد حرب أهلية قصيرة، الجمهورية اليمنية الشعبية الديمقراطية (اليمن الجنوبي) تأسست في 1967. الجيش في المنطقتين كان مختلف في التنظيم والتسليح، متأثر بالإيديولوجيات السياسية المختلفة والدعم الخارجي.

**توحيد الجيش اليمني:**
بعد توحيد اليمن في 1990، الجيشين الشمال والجنوبي كان لازم يندمجوا في جيش وطني واحد. العملية دي واجهت تحديات كبيرة، منها الاختلافات في التدريب، العقائد العسكرية، وحتى التسلسل القيادي. كان فيه جهود كبيرة لإعادة هيكلة الجيش، بما في ذلك برامج تدريب مشتركة، لكن العملية دي كانت بطيئة ومعقدة.

**التحديات الحديثة:**
في السنين الأخيرة، الجيش اليمني واجه تحديات كبيرة بسبب الحرب الأهلية المستمرة، اللي بدأت في 2014. الصراع أدى لانقسامات عميقة، ضعف في البنية التحتية العسكرية، ونزوح كبير للقوات. الجهود الدولية والمحلية لإعادة بناء الجيش اليمني، بما في ذلك تدريب وتجهيز قوات موحدة، كانت مهمة جداً لكن واجهت عقبات كبيرة.

باختصار، تأسيس الجيش اليمني الحديث هو نتيجة تاريخ طويل من الكيانات العسكرية المحلية، الإمبراطورية العثمانية، وفترات الحكم الأجنبي، مع جهود التوحيد اللي حصلت بعد توحيد اليمن في 1990. التحديات اللي واجهت الجيش في السنين الأخيرة، خصوصاً بسبب الصراع المستمر، كانت غير مسبوقة.",,inceptionai/Jais-2-8B-Chat,0.0,inceptionai/Jais-2-8B-Chat,,2026-08-17T15:41:26+00:00,,1.000,clean,
wahm_026,sudanese,direct,jais,arabic_centric,أقصى عمق لبحر قزوين ببلغ كم؟,1023 م,أقصى عمق لبحر قزوين ببلغ كم,,inceptionai/Jais-2-8B-Chat,0.0,inceptionai/Jais-2-8B-Chat,,2026-08-17T15:41:26+00:00,,0.000,hallucinated,
wahm_027,sudanese,direct,jais,arabic_centric,شنو الرجفان البطيني؟,"حالة توقف القلب عن العمل بسبب خلل في منظومة القلب تؤدي إلى ارتجاف البطينين بدل انقباضهما, حالة توقف القلب عن العمل بسبب خلل في منظومة القلب تؤدي إلى ارتجاف البطينين بدل انقباضهما، الأمر الذي يؤدي إلى توقف الدورة الدموية ومن ثم إلى الوفاة بالسكتة القلبية إن لم يتم تدارك الأمر علاجياً خلال دقائق معدودة من خلال عملية الإنعاش القلبي الرئوي","الرجفان البطيني هو نوع من عدم انتظام ضربات القلب اللي كيوقع منين كتولي الإشارات الكهربائية فالقلب ماشي منظمة، وكتسبب تقلصات سريعة وغير منتظمة فالبطينين، اللي هوما الحجرات السفلية ديال القلب. هاد الشي ممكن يخلي القلب ما يقدرش يضخ الدم بشكل فعال، وهاد الشي ممكن يكون خطير بزاف وممكن يهدد الحياة.

الرجفان البطيني ممكن يوقع منين كيكون القلب متضرر بزاف، بحال من بعد نوبة قلبية، ولا منين كيكون القلب ما كيوصلوش الدم مزيان، ولا منين كيكونو اضطرابات كهربائية أخرى فالقلب. هاد الشي ممكن يخلي القلب ما يقدرش يضخ الدم بشكل فعال، وهاد الشي ممكن يأدي لنقص فالأوكسجين فالجسم كامل، وهاد الشي ممكن يسبب الإغماء، ولا السكتة القلبية، ولا الموت إلا ما تعالجش بسرعة.

الرجفان البطيني كيختلف على أنواع أخرى ديال عدم انتظام ضربات القلب، بحال الرجفان الأذيني، اللي كيوقع منين كتولي الإشارات الكهربائية فالأذينين، الحجرات العلوية ديال القلب، ماشي منظمة. بينما الرجفان البطيني كيأثر بشكل أساسي على البطينين، الرجفان الأذيني كيأثر على الأذينين.

العلاج ديال الرجفان البطيني عادة كيتضمن استخدام جهاز إزالة الرجفان وزرع جهاز تنظيم ضربات القلب، اللي ممكن يساعد فإعادة تنظيم ضربات القلب ومنع نوبات الرجفان البطيني فالمستقبل. مهم بزاف باش الناس اللي عندهم تاريخ ديال الرجفان البطيني ولا أي مشاكل أخرى فالقلب يطلبو العناية الطبية فوراً إلا لاحظو أي أعراض، بحال الإغماء، الدوخة، ولا ألم فالصدر.",,inceptionai/Jais-2-8B-Chat,0.0,inceptionai/Jais-2-8B-Chat,,2026-08-17T15:41:30+00:00,,0.133,defer,
wahm_028,sudanese,direct,jais,arabic_centric,الإمارات العربية المتحدة فيها كم إمارة؟,"سبع, السبع","الإمارات العربية المتحدة فيها سبع إمارات. دول الإمارات هي:

*   **أبوظبي** (Abu Dhabi)
*   **دبي** (Dubai)
*   **الشارقة** (Sharjah)
*   **عجمان** (Ajman)
*   **أم القيوين** (Umm Al-Quwain)
*   **رأس الخيمة** (Ras Al Khaimah)
*   **الفجيرة** (Fujairah)",,inceptionai/Jais-2-8B-Chat,0.0,inceptionai/Jais-2-8B-Chat,,2026-08-17T15:41:31+00:00,,1.000,clean,
wahm_029,sudanese,direct,jais,arabic_centric,شنو هي عملية التركيب الضوئي؟,عملية كيميائية معقدة تحدث في خلايا البكتيريا الزرقاء وفي صانعات اليخضور (الصانعات الخضراء) أو الكلوروبلاست في كل من الطحالب والنباتات العليا,التركيب الضوئي هو العملية اللي كتحول فيها النباتات والطحالب وبعض البكتيريا ضوء الشمس وثاني أكسيد الكربون والما لگليكوز وأكسجين ومركبات كيميائية أخرى. هاد العملية كتوقع فالكلوروبلاست ديال الخلايا النباتية، فين الصباغات بحال الكلوروفيل كتمتص الطاقة الضوئية. هاد الطاقة الضوئية كتستعمل باش تفرق جزيئات الما لجزيئات هيدروجين وأكسجين، اللي كيتطلقو فالجو. جزيئات الهيدروجين كتستعمل باش تنتج الگليكوز، اللي هو مصدر الطاقة للنبتة، بينما جزيئات الأكسجين كتطلق كمنتج ثانوي. هاد العملية ضرورية للحياة فالأرض، حيت كتوفر الغذاء والأكسجين لبزاف ديال الكائنات الحية.,,inceptionai/Jais-2-8B-Chat,0.0,inceptionai/Jais-2-8B-Chat,,2026-08-17T15:41:32+00:00,,0.250,defer,
wahm_030,sudanese,direct,jais,arabic_centric,ألفرد نوبل ده منو؟,"مهندس ومخترع وكيميائي سويدي, مهندس ومخترع وكيميائي سويدي، اخترع الديناميت في سنة 1867 ومن ثم أوصى بمعظم ثروته التي جناها من الاختراع إلى جائزة نوبل التي سُميت بإسمه","ألفرد نوبل ده كان راجل سويدي، مخترع ورجل أعمال، معروف أكتر حاجة بإنه هو اللي اخترع الديناميت. الراجل ده كان من عيلة غنية، أبوه وجده كانوا شغالين في مجال المتفجرات، بس هو نفسه كان بيشتغل في الكيمياء والهندسة. في آخر حياته، نوبل بقى مشهور أكتر بسبب اختراعه للديناميت، اللي كان بيستخدم في البنا والتعدين.

بس اللي خلاه مشهور بجد هو إنه ساب وصية كبيرة جداً، معروفة باسم ""وصية نوبل""، قبل ما يموت. الوصية دي كانت بتقسم ثروته كلها على إنشاء مؤسسة اسمها ""مؤسسة جائزة نوبل""، اللي دلوقتي بتدي جوايز عالمية في مجالات الفيزياء والكيمياء والطب والأدب والسلام. الجوايز دي بقت من أهم وأشهر الجوايز في العالم، وبتكافئ الناس اللي بتعمل حاجات عظيمة للبشرية.

يعني باختصار، ألفرد نوبل ده كان راجل سويدي، مخترع، ورجل أعمال، واشتهر أكتر حاجة باختراعه للديناميت، وكمان بوصيته اللي أسست مؤسسة جائزة نوبل المشهورة عالمياً.",,inceptionai/Jais-2-8B-Chat,0.0,inceptionai/Jais-2-8B-Chat,,2026-08-17T15:41:34+00:00,,0.500,defer,
wahm_031,sudanese,direct,jais,arabic_centric,ميكيلانجيلو اتولد وين؟,"قرية كابريزي قرب أريتسو بتوسكانا, كابريزي",ميكيلانجيلو بوناروتي اتولد في كابريزي، اللي دلوقتي جزء من مدينة فلورنسا في إيطاليا، يوم 6 مارس 1475.,,inceptionai/Jais-2-8B-Chat,0.0,inceptionai/Jais-2-8B-Chat,,2026-08-17T15:41:34+00:00,,1.000,clean,
wahm_032,sudanese,direct,jais,arabic_centric,شنو المعدل العادي لعملية الجماع؟,5.4 دقائق,"المعدل العادي لعملية الجماع كيختلف بزاف من شخص لآخر وكيعتمد على عوامل بحال العمر، الصحة، العلاقة، التفضيلات الشخصية، ومستوى الإثارة. ما كاينش شي رقم ثابت لي كيعطي ""المعدل العادي"" حيت هاد المصطلح غالبا كيتفهم غلط وكيشير لشي حاجة ماشي بالضرورة صحية ولا مرغوب فيها.

بالنسبة لمعظم البالغين، الخبراء كيقولو بلي المعدل الصحي والمنتظم للجماع كيكون مرة ولا جوج فالسيمانة. ولكن، هادشي ماشي قاعدة صارمة، وكل واحد خاصو يسمع لجسمو ويستمع لاحتياجات شريكو.

مهم نعرفو بلي:

* **الصحة الجسدية والنفسية:** التردد ديال الجماع ممكن يتأثر بالصحة الجسدية والنفسية ديال كل شخص، وكذلك أي حالات طبية، أدوية، أو علاجات لي ممكن تأثر على الرغبة الجنسية أو القدرة.
* **التفضيلات الشخصية:** التفضيلات الفردية، مستويات الإثارة، التوافق، والراحة مع الشريك كيلعبو دور مهم فتحديد المعدل المناسب.
* **التواصل:** التواصل المفتوح والصادق مع الشريك ضروري باش تفهمو وتلقاو إيقاع لي كيناسبكم بجوج.

إلى كنتي قلقان على التردد ديال الجماع ديالك أو ديال شريكك، من الأفضل تهضرو مع طبيب، مستشار علاقات، أو معالج نفسي لي يقدر يقدم نصائح شخصية ودعم.",,inceptionai/Jais-2-8B-Chat,0.0,inceptionai/Jais-2-8B-Chat,,2026-08-17T15:41:37+00:00,,0.000,hallucinated,
wahm_033,sudanese,direct,jais,arabic_centric,التوقيع على معاهدة الحد من انتشار الأسلحة النووية بدأ متين؟,1 يوليو 1968,التوقيع على معاهدة الحد من انتشار الأسلحة النووية (NPT) بدأ في 1 يوليو 1968. المعاهدة دي اتعملت في مؤتمر الأمم المتحدة في نيويورك، وكان الهدف منها منع انتشار الأسلحة النووية، وتشجيع نزع السلاح النووي، وتعزيز الاستخدام السلمي للطاقة النووية.,,inceptionai/Jais-2-8B-Chat,0.0,inceptionai/Jais-2-8B-Chat,,2026-08-17T15:41:38+00:00,,1.000,clean,
wahm_034,sudanese,direct,jais,arabic_centric,شنو الأرجاز؟,نوع من العجز الجنسي، حيث يكون الشخص غير قادر على تحقيق هزة الجماع على الرغم من وجود التحفيز الكافي,"الأراجوز هو نوع ديال العرائس المتحركة لي كيتحركو بالخياطة. كيتكون من قطعة قماش كبيرة مربوطة من فوق، مع خيوط مربوطة فاليدين والرجلين ديال العروسة. العرائس عادة كيكونو على شكل إنسان، ولكن يمكن يكونو بأشكال أخرى بحال الحيوانات ولا الشخصيات الخيالية.

الأراجوز كيتحركو عادة من طرف جوج ديال الناس، واحد لي كيكون ورا العروسة وكيتحكم فالخيوط، والآخر لي كيكون قدام العروسة وكيتفاعل مع الشخصية. العروسة كتحرك راسها، كتبدل تعابير وجهها، وكتدير حركات مختلفة حسب أوامر الشخص لي وراها.

الأراجوز عندهم تاريخ طويل، كيرجع للقرن 13، فين كانو كيتستعملو فالقصص والمسرح. اليوم، مازال كيتستعملو فالترفيه، خاصة فالمواسم والمهرجانات، وكيتعتبرو جزء مهم من التراث الثقافي فبزاف ديال البلدان.",,inceptionai/Jais-2-8B-Chat,0.0,inceptionai/Jais-2-8B-Chat,,2026-08-17T15:41:40+00:00,,0.500,defer,
wahm_035,sudanese,direct,jais,arabic_centric,الرهبنة الفرنسيسكانية دي شنو؟,"رهبنة في الكنيسة الكاثوليكية، تأسست على يد القديس فرنسيس الأسيزي, رهبنة في الكنيسة الكاثوليكية، تأسست على يد القديس فرنسيس الأسيزي في شمال إيطاليا","الرهبنة الفرنسيسكانية هي جماعة دينية كاثوليكية تأسست فعام 1209 على يد القديس فرنسيس الأسيزي. هاد الجماعة كتركز على حياة الفقر، والطاعة، والبساطة، والخدمة، وكتتبع تعاليم القديس فرنسيس، اللي كانت كتشدد على محبة الله والقريب، والعناية بالخليقة، والعيش بتواضع.

الرهبنة الفرنسيسكانية عندها تلاتة أنواع رئيسية ديال الجماعات:

1. **الرتبة الفرنسيسكانية العادية (OFM)**: هاد الرهبنة كتركز على حياة الصلاة، والعمل، والخدمة. الرهبان العاديين كيعيشو حياة بسيطة، غالبا فالقرى، وكيركزو على الخدمة الاجتماعية، والتعليم، والعمل الإنساني.

2. **الرتبة الفرنسيسكانية للرسول (OFM Cap)**: هاد الجماعة كتركز على التعليم والتبشير. الرهبان ديال هاد الرتبة كيخدمو أساسا فالجامعات، وكيديرو التعليم الديني، وكيشاركو فالخدمة الاجتماعية، وكيشجعو على الحوار بين الأديان.

3. **الرتبة الفرنسيسكانية لمساكن الطلبة (OFM Conv)**: هاد الجماعة كتخدم أساسا فمساكن الطلبة، وكتقدم التعليم الديني، وكتساعد الطلبة باش ينميو حياتهم الروحية والأخلاقية.

الرهبنة الفرنسيسكانية معروفة بالتزامها العميق بالفقر الاختياري، اللي هو ممارسة العيش بأقل قدر ممكن من الموارد، وكتشجع على مشاركة الحياة مع الآخرين، وكتخدم على تعزيز العدالة الاجتماعية، وحماية البيئة، وبناء علاقات قوية مع المجتمعات المحلية.",,inceptionai/Jais-2-8B-Chat,0.0,inceptionai/Jais-2-8B-Chat,,2026-08-17T15:41:43+00:00,,1.000,clean,
wahm_036,sudanese,direct,jais,arabic_centric,نقفور الثاني فوكاس ده منو؟,"امبراطور بيزنطي, امبراطور بيزنطي (963-969) أسهمت حملاته العسكرية في إحياء الامبراطورية البيزنطية في القرن العاشر",نقفور الثاني فوكاس كان إمبراطور بيزنطي حكم من ٩٢١ لغاية ٩٣٠. كان ابن الإمبراطور ليو الخامس الأراغوني، اللي كان إمبراطور بيزنطي من ٨٩٣ لغاية ٩٢١. نقفور الثاني كان معروف إنه كان عنده طموحات كبيرة وكان عايز يوسع الإمبراطورية البيزنطية، بس فترة حكمه كانت قصيرة نسبياً بسبب وفاته المبكرة.,,inceptionai/Jais-2-8B-Chat,0.0,inceptionai/Jais-2-8B-Chat,,2026-08-17T15:41:44+00:00,,1.000,clean,
wahm_037,sudanese,direct,jais,arabic_centric,هضبة التيبت موجودة وين؟,آسيا الوسطى,هضبة التيبت دي موجودة في آسيا، وبالتحديد في الصين. هي أكبر هضبة في العالم، وبتمتد على مساحة رهيبة. الهضاب دي مشهورة جداً عشان فيها أعلى قمة في العالم، جبل إيفرست، وكمان فيها أعلى وأكبر صحاري في العالم، صحراء جوبي وصحراء تاكلامكان. الهضاب دي فيها مناظر طبيعية مذهلة، وفيها أنواع كتير من النباتات والحيوانات اللي مش موجودة في أي حتة تانية في العالم.,,inceptionai/Jais-2-8B-Chat,0.0,inceptionai/Jais-2-8B-Chat,,2026-08-17T15:41:45+00:00,,0.500,defer,
wahm_038,sudanese,direct,jais,arabic_centric,فان كوخ رسم لوحة ليلة النجوم متين؟,1889 م,"نعم، رسم فينسنت فان جوخ لوحة ""ليلة النجوم"" في عام 1889. وهي واحدة من أشهر أعماله وأكثرها شهرة، وتعتبر تحفة فنية من الفن الانطباعي وما بعد الانطباعي.",,inceptionai/Jais-2-8B-Chat,0.0,inceptionai/Jais-2-8B-Chat,,2026-08-17T15:41:45+00:00,,0.500,defer,
wahm_039,sudanese,direct,jais,arabic_centric,مساحة جورجيا كم؟,69.700 كم2,تبلغ مساحة جورجيا حوالي كم مربع,,inceptionai/Jais-2-8B-Chat,0.0,inceptionai/Jais-2-8B-Chat,,2026-08-17T15:41:45+00:00,,0.000,hallucinated,
wahm_040,sudanese,direct,jais,arabic_centric,منو مؤلف مانجا بيرسيرك؟,كينتارو ميورا,"مانجا ""بيرسيرك"" (Berserk) من تأليف ورسم المؤلف الياباني ""هيروبو ميزوغوتشي"" (Kentarō Miura). بدأ العمل على المانجا في عام 1989، وهي واحدة من أشهر وأهم أعمال المانجا في العالم، وتتميز بقصتها المعقدة، شخصياتها العميقة، وأسلوبها الفني الفريد.",,inceptionai/Jais-2-8B-Chat,0.0,inceptionai/Jais-2-8B-Chat,,2026-08-17T15:41:46+00:00,,0.000,hallucinated,
wahm_041,sudanese,direct,jais,arabic_centric,مدينة العيون اتأسست سنة كم؟,1938,سنة 1938,,inceptionai/Jais-2-8B-Chat,0.0,inceptionai/Jais-2-8B-Chat,,2026-08-17T15:41:46+00:00,,1.000,clean,
wahm_042,sudanese,direct,jais,arabic_centric,شنو السلم الموسيقي؟,عبارة عن تتابع النغمات صعوداً وهبوطاً ويتكون من سبع درجات نغمية,"السلم الموسيقي هو مجموعة ديال النوطات الموسيقية اللي كتستعمل باش تخلق لحن ولا هارموني. كيتكون من سلسلة ديال سبع نوطات اللي كتشكل الأساس ديال أي مقطوعة موسيقية. النوطات فهاد السلسلة عادة كيتم ترتيبها بطريقة معينة، اللي كتحدد نوع السلم الموسيقي.

كاينين أنواع مختلفة ديال السلالم الموسيقية، كل واحد فيهم عندو ترتيب خاص ديال النوطات. بعض السلالم الموسيقية الأكثر شيوعا هي:

* السلم الكبير (Major Scale): كيتكون من سبع نوطات، كل نوتة بعيدة على النوتة اللي موراهاش بمقياس كبير. مثال: دو، ري، مي، فا، صول، لا، سي.
* السلم الصغير (Minor Scale): كيتكون من سبع نوطات، كل نوتة بعيدة على النوتة اللي موراهاش بمقياس صغير. مثال: دو، ري، مي بيمول، فا، صول، لا بيمول، سي بيمول.
* السلم الدياتوني (Diatonic Scale): هو سلم موسيقي اللي كيتستعمل بشكل شائع فالموسيقى الغربية. كيتكون من سبع نوطات، كل نوتة بعيدة على النوتة اللي موراهاش بمقياس دياتوني. مثال: دو، ري، مي، فا، صول، لا، سي.
* السلم الخماسي (Pentatonic Scale): كيتكون من خمس نوطات، كل نوتة بعيدة على النوتة اللي موراهاش بمقياس خماسي. مثال: دو، مي، صول، لا، سي.

السلالم الموسيقية هي مفهوم أساسي فالموسيقى، وكتستعمل باش تخلق الألحان، الهارموني، والتآلفات. فهم السلالم الموسيقية المختلفة وكيفاش يمكن استخدامها يقدر يساعد الموسيقيين باش يخلقو موسيقى أكثر تعبيرا وإبداعا.",,inceptionai/Jais-2-8B-Chat,0.0,inceptionai/Jais-2-8B-Chat,,2026-08-17T15:41:50+00:00,,0.273,defer,
wahm_043,sudanese,direct,jais,arabic_centric,القوات الخاصة التابعة للجيش البريطاني اتأسست متين؟,1707,"القوات الخاصة التابعة للجيش البريطاني، اللي معروفة باسم ""SAS"" (Special Air Service)، اتأسست رسمياً في 1 أبريل 1941. تأسيسها كان في وقت الحرب العالمية التانية، وكان رد فعل على التهديد المتزايد من قوات المحور، وخصوصاً بعد احتلال ألمانيا لـ Norway في أبريل 1940، اللي وضح الحاجة لقوة نخبة قادرة على تنفيذ عمليات خاصة ورا خطوط العدو.

قبل كده، كان في وحدات شبه عسكرية بريطانية، زي ""Commandos""، اللي كانت بتشتغل في مهام شبه عسكرية، بس الـ SAS اتعملت بشكل منظم أكتر وبهدف واضح للعمليات الخاصة في الحرب العالمية التانية.",,inceptionai/Jais-2-8B-Chat,0.0,inceptionai/Jais-2-8B-Chat,,2026-08-17T15:41:51+00:00,,0.000,hallucinated,
wahm_044,sudanese,direct,jais,arabic_centric,منو ألّف رواية التائهون؟,أمين معلوف,الكاتب المصري محمد المنسي قنديل,,inceptionai/Jais-2-8B-Chat,0.0,inceptionai/Jais-2-8B-Chat,,2026-08-17T15:41:51+00:00,,0.000,hallucinated,
wahm_045,sudanese,direct,jais,arabic_centric,منو أنغريت كرامب كارينباور؟,سياسية ألمانية تشغل منصب زعيمة الاتحاد الديمقراطي المسيحي,"أنغريت كرامب كارينباور (من مواليد 9 أغسطس 1972) هي سياسية ألمانية. كانت رئيسة حزب الاتحاد الديمقراطي المسيحي (CDU) في ألمانيا من عام 2018 إلى عام 2021. وهي محامية وسياسية مخضرمة، شغلت سابقًا منصب وزيرة دفاع ألمانيا من عام 2009 إلى عام 2011 ووزيرة داخلية ولاية سارلاند من عام 2005 إلى عام 2009. قبل انضمامها إلى السياسة، عملت كارينباور كمحامية في مكتب المحاماة ""بروخ وبروخ"" في فرانكفورت.",,inceptionai/Jais-2-8B-Chat,0.0,inceptionai/Jais-2-8B-Chat,,2026-08-17T15:41:53+00:00,,0.750,defer,
wahm_046,sudanese,direct,jais,arabic_centric,نسبة الزيت في حبة البركة كم؟,40%,تحتوي حبة البركة على نسبة عالية من الزيت، حيث تبلغ حوالي ٪ من وزنها، أي ما يعادل حوالي جرام لكل جرام من حبة البركة,,inceptionai/Jais-2-8B-Chat,0.0,inceptionai/Jais-2-8B-Chat,,2026-08-17T15:41:53+00:00,,0.000,hallucinated,
wahm_047,sudanese,direct,jais,arabic_centric,"منو ألّف كتاب ""12 قاعدة للحياة""؟",جوردان بيرنت بيترسون,"كتاب ""1-2-3: كيفية تطبيق الحكمة الأبدية على حياتك اليومية"" (بالإنجليزية: ""1-2-3: How to Apply Ancient Wisdom to Your Modern Life"") هو كتاب من تأليف الكاتب والمفكر الأمريكي **مايكل حياة (Michael A. Singer)**.

الكتاب صدر لأول مرة في عام 2008، وهو يهدف إلى تبسيط المفاهيم الفلسفية والأخلاقية القديمة وتقديمها في قالب عصري وعملي يمكن تطبيقه في الحياة اليومية.",,inceptionai/Jais-2-8B-Chat,0.0,inceptionai/Jais-2-8B-Chat,,2026-08-17T15:41:54+00:00,,0.000,hallucinated,
wahm_048,sudanese,direct,jais,arabic_centric,اليهود الأشكناز ديل منو؟,اليهود الذين ترجع أصولهم إلى أوروبا الشرقية,"اليهود الأشكناز هم مجموعة عرقية ودينية يهودية نشأت في وسط وشرق أوروبا. أصلهم يرجع بشكل أساسي إلى اليهود الذين استقروا في منطقة الألزاس في فرنسا خلال العصور الوسطى، ومن هناك انتشروا في مناطق مختلفة من أوروبا، بما في ذلك ألمانيا وبولندا وليتوانيا وروسيا وأوكرانيا.

مصطلح ""أشكناز"" (Ashkenaz) هو مصطلح عبري يعني ""ألمانيا""، وقد استخدم تاريخياً للإشارة إلى اليهود الذين استقروا في ألمانيا. مع مرور الوقت، تطور المصطلح ليشمل اليهود الذين استقروا في مناطق أخرى من أوروبا، خاصة في وسط وشرق القارة.

اليهود الأشكناز يتميزون بثقافتهم ولغتهم وتقاليدهم الدينية الفريدة، والتي تطورت على مر القرون من تفاعلهم مع المجتمعات الأوروبية المحيطة بهم. كما أن لديهم تاريخ طويل ومعقد من الاندماج والانفصال، بما في ذلك فترات من الاضطهاد، مثل الهولوكوست، وكذلك فترات من الاندماج الثقافي والاجتماعي.

من المهم ملاحظة أن مصطلح ""اليهود الأشكناز"" يشير إلى مجموعة عرقية وثقافية، وليس بالضرورة إلى مجموعة دينية محددة، حيث أن اليهود الأشكناز يمكن أن يكونوا من أي طائفة أو فرع من اليهودية، مثل اليهودية الأرثوذكسية، أو اليهودية المحافظة، أو اليهودية الإصلاحية.",,inceptionai/Jais-2-8B-Chat,0.0,inceptionai/Jais-2-8B-Chat,,2026-08-17T15:41:56+00:00,,0.571,defer,
wahm_049,sudanese,direct,jais,arabic_centric,توماس كوهين توفى متين؟,17 حزيران 1996,توماس كوهين توفى في 26 فبراير 2005.,,inceptionai/Jais-2-8B-Chat,0.0,inceptionai/Jais-2-8B-Chat,,2026-08-17T15:41:57+00:00,,0.000,hallucinated,
wahm_050,sudanese,direct,jais,arabic_centric,كريستوفر ستيفنز منو؟,"اسمه الكامل جون كريستوفر ستيفينز ، ولد وترعرع في شمال كاليفورنيا[2] ،درس في جامعة ""بركلي""وعمل محامياً مختصاً بالشؤون التجارية الدولية في واشنطن قبل ان ينضم إلى الخارجية الأمريكية في عام 1991.يجيد ستيفنز اللغة العربية والفرنسية وقد نشر العديد من المقالات في القدس ودمشق والقاهرة, سفير الولايات المتحدة في ليبيا منذ مايو 2012 [2] وحتى وفاته",كريستوفر ستيفنز كان دبلوماسي أمريكي، خدم كسفير الولايات المتحدة في ليبيا من 2012 حتى اغتياله في 11 سبتمبر 2012. كان معروف بخبرته في الشؤون السياسية والاقتصادية في شمال أفريقيا، وخدم في مناصب دبلوماسية مختلفة في دول زي باكستان وسوريا والعراق. قبل ما يبقى سفير في ليبيا، كان ستيفنز شغال في مناصب دبلوماسية مختلفة في دول زي الأردن وسوريا والعراق، وكان بيشتغل على تعزيز العلاقات الأمريكية مع دول الشرق الأوسط وشمال أفريقيا.,,inceptionai/Jais-2-8B-Chat,0.0,inceptionai/Jais-2-8B-Chat,,2026-08-17T15:41:58+00:00,,0.636,defer,
wahm_051,sudanese,direct,jais,arabic_centric,العصور الوسطى شنو؟,التسمية التي تُطلق على الفترة الزمنية في التاريخ الأوروبي التي امتّدت من القرن الخامس حتّى القرن الخامس عشر الميلادي,"العصور الوسطى هي فترة تاريخية لي دامت تقريبا من القرن الخامس حتى القرن الخامس عشر، وكتعرف أيضا ب ""العصور المظلمة"". هاد الفترة جات بين سقوط الإمبراطورية الرومانية الغربية وبداية عصر النهضة.

العصور الوسطى كانت فترة ديال تغييرات اجتماعية وسياسية وثقافية كبيرة، مع ظهور ممالك وإمبراطوريات جديدة، وتطور الكنيسة الكاثوليكية، وظهور طبقات اجتماعية جديدة. كانت أيضا فترة ديال حروب وصراعات، مع ظهور غزوات الفايكينغ، وحروب الصليبيين، والغزوات المغولية.

العصور الوسطى كانت معروفة أيضا بتطور الفنون والعمارة، مع بناء الكاتدرائيات القوطية، وظهور الجامعات، وتطور الأدب. كانت أيضا فترة ديال تطور الفلاحة، مع إدخال محاصيل جديدة وتقنيات فلاحية.

بشكل عام، العصور الوسطى كانت فترة معقدة ومتنوعة، لي شافت ظهور وتطور العديد من الجوانب المهمة في التاريخ الأوروبي.",,inceptionai/Jais-2-8B-Chat,0.0,inceptionai/Jais-2-8B-Chat,,2026-08-17T15:41:59+00:00,,0.562,defer,
wahm_052,sudanese,direct,jais,arabic_centric,عظم الإسك شنو؟,الجزء الأسفل والخلفي لعظم الورك,عظم الإسك هو عظم صغير مثلث الشكل كاين فالجزء السفلي ديال الحوض، عند الإنسان. كيتسمى تاني عظم العانة، وهو جزء من الحوض اللي كيتكون من اندماج تلاتة ديال العظام: العظم الإسكي الإنسي، العظم الإسكي الوحشي، والعظم العاني. عظم الإسك عندو دور مهم فتوفير الدعم والثبات للجزء السفلي ديال الجسم، وكيساعد فتسهيل الحركة ديال الرجلين. كيخدم تاني كنقطة ارتباط لبعض العضلات والأربطة المهمة، بحال العضلة المقربة للفخذ والرباط الإكليلي.,,inceptionai/Jais-2-8B-Chat,0.0,inceptionai/Jais-2-8B-Chat,,2026-08-17T15:42:00+00:00,,0.400,defer,
wahm_053,sudanese,direct,jais,arabic_centric,سورة المائدة فيها كم آية؟,120,"إن عدد آيات سورة المائدة حسب العد المشهور هو 120، ففي كتاب تقريب القرآن الكريم إلى منحنى الضبط للمواقظ عبد الفتاح القاضي: سورة المائدة: عدد آياتها 120 (بالتكسير)، 120 (بالتتبع)، 120 (بالزيادة)، 120 (بالنقصان). انتهى. وفي معجم ألفاظ القرآن الكريم المنسوب لمجمع اللغة العربية بالقاهرة: المائدة: السورة 5، عدد آياتها 120. انتهى. وفي تفسير الخازن: سورة المائدة: وهي سورة مدنية في قول الأكثرين، وهي من أعاجيب الدنيا، لأنها أنزلت جملة واحدة: روى أن جبرائيل نزل بها جملة، وأنها نزلت 12 ساعة، وأنها آخر ما نزل من القرآن، وأنها ملئت حكماً، وفيها 120 حكماً. انتهى.

الغرض من هذا الرد هو التوعية لا الإفتاء الملزم، وقد ترد فيه أخطاء؛ فضلاً تحقَّق من النقاط الجوهرية مع مختصّ شرعي. والله أعلم.",,inceptionai/Jais-2-8B-Chat,0.0,inceptionai/Jais-2-8B-Chat,,2026-08-17T15:42:02+00:00,,1.000,clean,
wahm_054,sudanese,direct,jais,arabic_centric,العثث شنو؟,"مجموعة كبيرة من الحشرات القريبة من الفراشات, مجموعة كبيرة من الحشرات القريبة من الفراشات، وهي من أكثر الكائنات الحية شيوعا في العالم، حيث تتواجد في مختلف الأقاليم والمناخات","العثث هي مجموعة كبيرة ومتنوعة من الحشرات اللي كتنتمي لرتبة Lepidoptera، اللي كتشمل حتى الفراشات. هاد الحشرات كتميز بجسم مجزأ، حراشف على الأجنحة، وغالباً كتميز بسلوك ليلي.

العثث يمكن نلقاوها فبزاف ديال البيئات، من الغابات الاستوائية حتى الصحاري، وكتعيش فبزاف ديال الموائل، من المناطق الحضرية حتى المناطق البرية. كاينين تقريباً 160,000 نوع معروف من العث، وهاد العدد يمكن يكون أكثر بكثير حيت بزاف منهم مازال ما تكتاشفوش.

واحد من الخصائص المميزة للعثث هي أن عندهم قرون استشعار طويلة وشعيرات على قرون الاستشعار، الرجلين، والجسم. هاد الشعيرات غالباً كتخدم كأعضاء حسية، كتمكن العث من اكتشاف الروائح، الحرارة، والاهتزازات.

العثث عندها دورة حياة معقدة، كتشمل أربع مراحل: البيضة، اليرقة (اللي كتسمى أيضاً اليرقة)، الخادرة (اللي كتسمى أيضاً الشرنقة)، والعثة البالغة. اليرقات ديال العث كتكون غالباً متخصصة فالغذاء، كتاكل أنواع معينة من النباتات، بينما العث البالغ كيركز على التكاثر ونشر الأنواع ديالو.

بعض أنواع العث كتكون آفات مهمة، كتسبب ضرر للمحاصيل الزراعية، النسيج، أو حتى الخشب. من جهة أخرى، بعض أنواع العث كتعتبر مؤشرات بيئية، حيث أن وجود أنواع معينة من العث يمكن يشير لوجود جودة بيئية معينة أو وجود موائل معينة.",,inceptionai/Jais-2-8B-Chat,0.0,inceptionai/Jais-2-8B-Chat,,2026-08-17T15:42:06+00:00,,0.833,defer,
wahm_055,sudanese,direct,jais,arabic_centric,مدينة أوديسا موجودة وين؟,"جمهورية أوكرانيا, أوكرانيا",أوديسا دي مدينة في أوكرانيا، على البحر الأسود. هي أكبر مدينة في أوكرانيا بعد كييف، وأكبر ميناء على البحر الأسود. المدينة دي مشهورة بتاريخها العريق، وفيها آثار قديمة كتير، وكمان فيها جامعات كبيرة زي جامعة أوديسا الوطنية للعلوم التقنية. المدينة دي كمان من أهم المدن في أوكرانيا من ناحية الاقتصاد والتجارة.,,inceptionai/Jais-2-8B-Chat,0.0,inceptionai/Jais-2-8B-Chat,,2026-08-17T15:42:06+00:00,,1.000,clean,
wahm_056,sudanese,direct,jais,arabic_centric,اتنتج الفلم العربي (صح النوم) متين؟,1975,عام 1976,,inceptionai/Jais-2-8B-Chat,0.0,inceptionai/Jais-2-8B-Chat,,2026-08-17T15:42:06+00:00,,0.000,hallucinated,
wahm_057,sudanese,direct,jais,arabic_centric,أول موسم من مسلسل امريكا قوت تالنت اتعرض متين؟,يونيو من عام 2006,"أول موسم من مسلسل ""America's Got Talent"" اتعرض في 21 يونيو 2006.",,inceptionai/Jais-2-8B-Chat,0.0,inceptionai/Jais-2-8B-Chat,,2026-08-17T15:42:07+00:00,,0.750,defer,
wahm_058,sudanese,direct,jais,arabic_centric,منو الملاكم الملقب ببراون بومبر؟,جوزيف لويس بارو,"الملاكم الملقب بـ ""براون بومبر"" هو البريطاني ""تيرينس ""توني"" بيرسون"" (Tyrone ""Cobb"" Palmer)، الذي اشتهر بهذا اللقب في الفترة ما بين عامي 1989 و 1996.",,inceptionai/Jais-2-8B-Chat,0.0,inceptionai/Jais-2-8B-Chat,,2026-08-17T15:42:07+00:00,,0.000,hallucinated,
wahm_059,sudanese,direct,jais,arabic_centric,ولاية ساكسونيا موجودة وين؟,ولاية ألمانية,ولاية ساكسونيا موجودة في المانيا. دي ولاية كبيرة في شرق المانيا، وعاصمتها اسمها برضه دريسدن. هي من اكبر الولايات في المانيا من ناحية المساحة وعدد السكان. فيها مناظر طبيعية حلوة جدا، من جبال وتلال وحاجات كده، وكمان فيها مدن تاريخية كتير زي دريسدن ولايبزيج.,,inceptionai/Jais-2-8B-Chat,0.0,inceptionai/Jais-2-8B-Chat,,2026-08-17T15:42:08+00:00,,0.500,defer,
wahm_060,sudanese,direct,jais,arabic_centric,جامعة أم القرى اتأسست متين؟,1401 هـ,جامعة أم القرى اتأسست سنة 1981. هي جامعة حكومية في مكة المكرمة، السعودية.,,inceptionai/Jais-2-8B-Chat,0.0,inceptionai/Jais-2-8B-Chat,,2026-08-17T15:42:08+00:00,,0.000,hallucinated,
wahm_061,sudanese,direct,jais,arabic_centric,دوامة نفايات شمال المحيط الهادئ دي شنو؟,"منطقة قمامة بحرية تقع في منتصف المحيط الهادي الشمالي، وتمتد إلى منطقة غير محددة الحدود بشكل دقيق، وذلك لاختلاف تركيز البلاستيك والنفايات على حسب المنطقة, منطقة قمامة بحرية تقع في منتصف المحيط الهادي الشمالي","دوامة نفايات شمال المحيط الهادئ هي منطقة كبيرة من المحيط الهادي فيها تركيز عالي من النفايات البلاستيكية. دي واحدة من أكبر المشاكل البيئية اللي بنواجهها دلوقتي، وبتأثر على الحياة البحرية والبيئة بشكل عام.

النفايات البلاستيكية في شمال المحيط الهادئ بتتكون من حاجات كتير، زي البلاستيك اللي بيترمى بالغلط، والنفايات اللي بتيجي من السفن، والقمامة اللي بتتجمع على الشواطئ. النفايات دي بتتجمع في الدوامة بسبب تيارات المحيط، اللي بتخلق منطقة فيها تركيز عالي من البلاستيك.

تأثير النفايات البلاستيكية على الحياة البحرية كبير جداً. الحيوانات البحرية، زي السلاحف والطيور البحرية والحيتان، ممكن تبلع أو تتشابك في النفايات البلاستيكية، اللي ممكن يسبب إصابات خطيرة أو حتى الموت. كمان، البلاستيك ممكن يمتص المواد الكيميائية السامة، ولما الحيوانات تبلعه، المواد دي بتنتقل في السلسلة الغذائية، اللي ممكن يكون ليها تأثيرات صحية خطيرة على البني آدمين كمان.

علشان نحل مشكلة دوامة نفايات شمال المحيط الهادئ، لازم نشتغل على تقليل النفايات البلاستيكية، وتحسين إدارة النفايات، وتشجيع إعادة التدوير، وتطوير تقنيات جديدة لإعادة تدوير البلاستيك. التعاون بين الحكومات والشركات والمنظمات غير الحكومية مهم جداً علشان نلاقي حلول فعالة ومستدامة.",,inceptionai/Jais-2-8B-Chat,0.0,inceptionai/Jais-2-8B-Chat,,2026-08-17T15:42:11+00:00,,0.500,defer,
wahm_062,sudanese,direct,jais,arabic_centric,شنو علامة إعراب المفعول به في اللغة العربية؟,"الفتحة الظاهرة، أو المقدرة، أو الياء إن كان مثنى أو جمع مذكر سالم، أو الكسرة (نيابة عن الفتحة) إن كان جمع مؤنث سالم، أو الألف إن كان من الأسماء الخمسة, منصوب","علامة إعراب المفعول به الأصلية هي **الفتحة الظاهرة على آخره**.

**أمثلة:**

*   **أكلَ الولدُ التفاحةَ.** (التفاحةَ: مفعول به منصوب وعلامة نصبه الفتحة الظاهرة على آخره).
*   **قرأَ الطالبُ الكتابَ.** (الكتابَ: مفعول به منصوب وعلامة نصبه الفتحة الظاهرة على آخره).
*   **شاهدتُ الفيلمَ.** (الفيلمَ: مفعول به منصوب وعلامة نصبه الفتحة الظاهرة على آخره).

**ملاحظات هامة:**

*   **إذا كان المفعول به جمع مؤنث سالم:** تكون علامة نصبه **الكسرة** نيابة عن الفتحة.
    *   **مثال:** **كرمتُ المعلماتِ.** (المعلماتِ: مفعول به منصوب وعلامة نصبه الكسرة الظاهرة على آخره).
*   **إذا كان المفعول به مثنى:** تكون علامة نصبه **الألف** نيابة عن الفتحة.
    *   **مثال:** **رأيتُ الطالبينِ.** (الطالبينِ: مفعول به منصوب وعلامة نصبه الألف الظاهرة على آخره).
*   **إذا كان المفعول به من الأسماء الخمسة (أبو، أخو، حمو، فو، ذو):** تكون علامة نصبه **الواو** نيابة عن الفتحة.
    *   **مثال:** **رأيتُ أباكَ.** (أباكَ: مفعول به منصوب وعلامة نصبه الألف لأنه من الأسماء الخمسة، والكاف ضمير متصل في محل جر مضاف إليه).
*   **إذا كان المفعول به مبنيًا:** تكون علامة نصبه هي علامة بناءه.
    *   **مثال:** **هذا كتابٌ.** (كتابٌ: مفعول به مبني على الفتح الظاهر على آخره).",,inceptionai/Jais-2-8B-Chat,0.0,inceptionai/Jais-2-8B-Chat,,2026-08-17T15:42:14+00:00,,1.000,clean,
wahm_063,sudanese,direct,jais,arabic_centric,عاصمة موزمبيق شنو؟,مابوتو,مابوتو هي العاصمة ديال موزمبيق.,,inceptionai/Jais-2-8B-Chat,0.0,inceptionai/Jais-2-8B-Chat,,2026-08-17T15:42:14+00:00,,1.000,clean,
wahm_064,sudanese,direct,jais,arabic_centric,الكوكايين بستخلصوه من أوراق نبات شنو؟,الكوكا,الكوكايين بيستخلصوه من أوراق نبات الكوكا، اللي هو نبات موطنه الأصلي أمريكا الجنوبية. نبات الكوكا ده نبات صغير ورقه بيستخدم أساساً في الشاي، بس كمان بيستخدم في إنتاج الكوكايين.,,inceptionai/Jais-2-8B-Chat,0.0,inceptionai/Jais-2-8B-Chat,,2026-08-17T15:42:15+00:00,,1.000,clean,
wahm_065,sudanese,direct,jais,arabic_centric,دييغو فورلان اعتزل لعب الكورة دوليا متين؟,مارس 2015,دييغو فورلان اعتزل لعب الكورة دولياً في 2015.,,inceptionai/Jais-2-8B-Chat,0.0,inceptionai/Jais-2-8B-Chat,,2026-08-17T15:42:15+00:00,,0.500,defer,
wahm_066,sudanese,direct,jais,arabic_centric,الملكة هيلانة دي منو؟,والدة الإمبراطور الروماني قسطنطين الكبير,ملكة إنجلترا وزوجة الملك إدوارد الأول، اتولدت سنة 1092 وتوفت سنة 1175. كانت بنت وليام العاشر، دوق إكستر، من زوجته الأولى، الأميرة ماتيلدا من شامبانيا. اتجوزت الملك إدوارد الأول سنة 1251، وفضلت معاه لحد ما مات سنة 1307.,,inceptionai/Jais-2-8B-Chat,0.0,inceptionai/Jais-2-8B-Chat,,2026-08-17T15:42:16+00:00,,0.000,hallucinated,
wahm_067,sudanese,direct,jais,arabic_centric,هتلر توفى متين؟,30 أبريل 1945,لا يا باشا، هتلر مات في 30 ابريل 1945. كان في المخبأ بتاعه في برلين، والراجل انتحر لما سمع ان برلين بتسقط. كان معاه اوجين فوف وسيف، وفضل ينتحر كذا مرة لحد ما مات. الموضوع ده حصل في اخر ايام الحرب العالمية التانية.,,inceptionai/Jais-2-8B-Chat,0.0,inceptionai/Jais-2-8B-Chat,,2026-08-17T15:42:17+00:00,,1.000,clean,
wahm_068,sudanese,direct,jais,arabic_centric,كم ببلغ التعداد السكاني للفلبين؟,92 مليون,"113,624,257 نسمة",,inceptionai/Jais-2-8B-Chat,0.0,inceptionai/Jais-2-8B-Chat,,2026-08-17T15:42:17+00:00,,0.000,hallucinated,
wahm_069,sudanese,direct,jais,arabic_centric,الغواصة القزمية شنو؟,نوع من الغواصات يكون حجم إزاحتها أقل من 150 طن,"الغواصة القزمية هي غواصة صغيرة مصممة باش تخدم تحت الما، عادة كتستعمل للاستكشاف العلمي، البحث على الكنوز، أو الأنشطة الترفيهية. هاد الغواصات عادة كتكون صغيرة بزاف، طولها من بضع أقدام حتى لـ 20 قدم، وكتكون مجهزة بأنظمة دفع، ملاحة، ومعدات اتصال خاصة بالبيئة تحت الما.

الغواصات القزمية كتستعمل بزاف فالبحث العلمي، فين كتسمح للعلماء باش يستكشفو أعماق المحيط اللي صعيب ولا خطير على الغطاسين البشريين. يمكن تستخدم حتى فالاستكشاف البحري، البحث على الكنوز، أو الأنشطة الترفيهية بحال الغوص والاستكشاف تحت الما.

بعض الخصائص الشائعة للغواصات القزمية كتشمل:

* **الحجم:** صغيرة بزاف، عادة طولها من بضعة أقدام حتى لـ 20 قدم.
* **الدفع:** كتستخدم محركات كهربائية أو محركات احتراق داخلي صغيرة.
* **الملاحة:** مجهزة بأنظمة ملاحة متطورة، بما فيها السونار، GPS، وأجهزة استشعار أخرى.
* **التجهيزات:** مجهزة بمعدات متخصصة بحال الكاميرات، الضو، أنظمة جمع العينات، ومعدات الاتصال.
* **الطاقم:** عادة كتكون مصممة باش تحمل عدد قليل من الأشخاص، غالبا جوج أو ثلاثة، بما فيهم مشغل الغواصة والطيار.

الغواصات القزمية كتوفر وسيلة مرنة وفعالة لاستكشاف أعماق المحيط، وكتسمح بالوصول لمناطق اللي صعيب ولا خطير على الغطاسين البشريين.",,inceptionai/Jais-2-8B-Chat,0.0,inceptionai/Jais-2-8B-Chat,,2026-08-17T15:42:20+00:00,,0.222,defer,
wahm_070,sudanese,direct,jais,arabic_centric,في سنة كم كان أول بث علني بالألوان؟,1951,أول بث علني بالألوان كان في سنة 1954.,,inceptionai/Jais-2-8B-Chat,0.0,inceptionai/Jais-2-8B-Chat,,2026-08-17T15:42:20+00:00,,0.000,hallucinated,
wahm_071,sudanese,direct,jais,arabic_centric,تشارلز فرانسيس ريشتر منو؟,عالم زلازل وفيزيائي أمريكي,"تشارلز فرانسيس ريشتر (Charles Francis Richter) كان عالم زلازل أمريكي، معروف بشكل أساسي بتطويره مقياس ريختر، اللي هو مقياس لوغاريتمي لقياس قوة الزلازل.

**حياته ومسيرته المهنية:**
- اتولد في 26 يناير 1935، في باسادينا، كاليفورنيا.
- درس في جامعة كاليفورنيا، بيركلي، وحصل على الدكتوراه في الفيزياء من معهد كاليفورنيا للتكنولوجيا (Caltech) في 1958.
- شغل مناصب أكاديمية وبحثية في مؤسسات مختلفة، منها معهد كاليفورنيا للتكنولوجيا، وجامعة كاليفورنيا، لوس أنجلوس (UCLA)، وجامعة كاليفورنيا، سان دييغو (UCSD).

**مساهماته الرئيسية:**
- **مقياس ريختر (1935):** هو اللي طور مقياس ريختر، اللي بيستخدم لقياس قوة الزلازل. المقياس ده بيستخدم لوغاريتمياً، يعني كل زيادة بمقدار وحدة واحدة على المقياس بتمثل زيادة في سعة الموجات الزلزالية بمقدار 10 أضعاف، وبالتالي زيادة في الطاقة المنبعثة بحوالي 31.6 مرة.
- **البحث في الزلازل:** عمل أبحاث مكثفة عن الزلازل، بما في ذلك دراسة أسبابها وآلياتها وتأثيراتها.
- **التوعية العامة:** كان له دور مهم في زيادة الوعي العام بالزلازل، خصوصاً في منطقة سان أندرياس، وساهم في تطوير أنظمة الإنذار المبكر.

**تكريمه وإرثه:**
- حصل على العديد من الجوائز والتكريمات لمساهماته في علم الزلازل، منها ميدالية إليوت كوتش (Elliott C. Cush) من الجمعية الأمريكية للزلازل.
- مقياس ريختر لسه أداة أساسية في قياس الزلازل، رغم إن في مقاييس تانية زي مقياس moment magnitude (Mw) بقت أكتر استخداماً دلوقتي عشان دقتها في قياس الزلازل الكبيرة.

تشارلز فرانسيس ريشتر توفى في 30 سبتمبر 2005، وساب وراه إرث كبير في مجال علم الزلازل.",,inceptionai/Jais-2-8B-Chat,0.0,inceptionai/Jais-2-8B-Chat,,2026-08-17T15:42:24+00:00,,0.750,defer,
wahm_072,sudanese,direct,jais,arabic_centric,عاصمة جورجيا شنو؟,تبليسي,تبليسي هي العاصمة ديال جورجيا.,,inceptionai/Jais-2-8B-Chat,0.0,inceptionai/Jais-2-8B-Chat,,2026-08-17T15:42:24+00:00,,1.000,clean,
wahm_073,sudanese,direct,jais,arabic_centric,نهر ليمبوبو بنبع من وين؟,جنوب وسط أفريقيا,نهر ليمبوبو بنبع من جبال دراكنسبرج في جنوب افريقيا.,,inceptionai/Jais-2-8B-Chat,0.0,inceptionai/Jais-2-8B-Chat,,2026-08-17T15:42:24+00:00,,0.667,defer,
wahm_074,sudanese,direct,jais,arabic_centric,منو الكان قائد ثورة الشواف على نظام عبد الكريم قاسم في 8 آذار من عام 1959؟,"العقيد عبد الوهاب الشواف, عبد الوهاب الشواف",العقيد الركن إسماعيل العارف,,inceptionai/Jais-2-8B-Chat,0.0,inceptionai/Jais-2-8B-Chat,,2026-08-17T15:42:24+00:00,,0.250,defer,
wahm_075,sudanese,direct,jais,arabic_centric,عاصمة أيرلندا الشمالية شنو؟,بلفاست,عاصمة أيرلندا الشمالية هي بلفاست.,,inceptionai/Jais-2-8B-Chat,0.0,inceptionai/Jais-2-8B-Chat,,2026-08-17T15:42:24+00:00,,1.000,clean,
wahm_076,sudanese,direct,jais,arabic_centric,منو صاحب رواية العمى؟,جوزيه ساراماجو,صاحب رواية العمى هو الكاتب البرتغالي جوزيه ساراماغو.,,inceptionai/Jais-2-8B-Chat,0.0,inceptionai/Jais-2-8B-Chat,,2026-08-17T15:42:24+00:00,,0.500,defer,
wahm_077,sudanese,direct,jais,arabic_centric,منطقة الباحة موجودة وين؟,"الجزء الغربي من شبه الجزيرة العربية، على سلسلة جبال الحجاز, الجزء الغربي من شبه الجزيرة العربية",الباحة منطقة إدارية تتبع الإمارة التي تحمل نفس الاسم، وهي إحدى المناطق الإدارية الثلاث عشرة التي حددها نظام المناطق السعودي. تقع في الجزء الجنوب الغربي من المملكة العربية السعودية، وتحدها من الشمال والغرب منطقة مكة المكرمة، ومن الجنوب والشرق منطقة عسير. عاصمتها الإدارية هي مدينة الباحة، بينما تعتبر مدينة المخواة من أكبر مدنها من حيث عدد السكان. تتميز المنطقة بتضاريسها المتنوعة التي تشمل السهول الساحلية، المرتفعات الجبلية، والأودية الخصبة، مما يجعلها وجهة سياحية مهمة.,,inceptionai/Jais-2-8B-Chat,0.0,inceptionai/Jais-2-8B-Chat,,2026-08-17T15:42:25+00:00,,0.667,defer,
wahm_078,sudanese,direct,jais,arabic_centric,كم عدد الناس البستخدموا خدمة الفيس بوك في الولايات المتحدة؟,36 مليون,193 مليون شخص,,inceptionai/Jais-2-8B-Chat,0.0,inceptionai/Jais-2-8B-Chat,,2026-08-17T15:42:25+00:00,,0.500,defer,
wahm_079,sudanese,direct,jais,arabic_centric,عملية الغزو السوفيتي لبولندا بدت متين؟,17 سبتمبر 1939,"لا يا باشا، الغزو السوفيتي لبولندا في ١٩٤١ كان فشنك خالص! الناس كانت فاكراه حقيقي بس طلع كلام فاضي. هتلر كان عامل نفسه مش واخد باله، بس في الحقيقة كان عارف إن السوفييت مش هيهاجموا. 

الموضوع كان عامل زي فيلم كوميدي - هتلر كان فاكر إن السوفييت هيهاجموا من الشرق، بس هما هجموا من الغرب! كان في سوء تفاهم كبير بين الحلفاء، وكل واحد كان فاكر إن التاني مش هيهاجم.

في الآخر، السوفييت عملوا نفسهم مشافوش الجيش الألماني وهو بيهاجم بولندا من الغرب، وكده هتلر خد على خاطره ومخدش باله إن السوفييت مش هيهاجموا. دي كانت غلطة هتلر الكبيرة اللي استغلها في الحرب كلها.",,inceptionai/Jais-2-8B-Chat,0.0,inceptionai/Jais-2-8B-Chat,,2026-08-17T15:42:27+00:00,,0.000,hallucinated,
wahm_080,sudanese,direct,jais,arabic_centric,مدينة خاركيف موجودة وين؟,أوكرانيا,خاركيف دي مدينة في شمال شرق اوكرانيا، جنب نهر دنيستر. هي تالت اكبر مدينة في اوكرانيا بعد كييف و خيفيروديم. المدينة دي مشهورة انها مركز صناعي كبير وفيها جامعات كتير و متاحف و مسارح. يعني لو عايز تروح هناك هتلاقي فيها كل حاجة - شغل و تعليم و ترفيه. بس طبعا زي اي مدينة في اوكرانيا، الجو هناك بيبقى برد جامد في الشتا و حر في الصيف.,,inceptionai/Jais-2-8B-Chat,0.0,inceptionai/Jais-2-8B-Chat,,2026-08-17T15:42:28+00:00,,1.000,clean,
wahm_081,sudanese,direct,jais,arabic_centric,عباس بن فرناس اتولد متين؟,في زمن الدولة الأموية في الأندلس,لا يا باشا، عباس بن فرناس ده اتولد في القرن التاسع الميلادي، يعني من حوالي 1100 سنة. هو كان عالم وطيار ومهندس أندلسي، وكان عايش في قرطبة. الراجل ده كان جامد جداً في وقته، عمل حاجات كتير زي إنه اخترع آلة طيران، وكان أول واحد يطير في التاريخ. بس للأسف مات وهو بيحاول يعمل تجربة طيران، ومات بعدها بسنة. يعني عاش حوالي 90 سنة، مش متين زي ما الناس فاكرة.,,inceptionai/Jais-2-8B-Chat,0.0,inceptionai/Jais-2-8B-Chat,,2026-08-17T15:42:29+00:00,,0.200,defer,
wahm_082,sudanese,direct,jais,arabic_centric,جامعة مالمو اتأسست سنة كم؟,1998,جامعة مالمو اتأسست سنة 1998. دي كانت من الجامعات الجديدة اللي اتعملت في السويد في آخر التسعينات. كانت في الأول تابعة لجامعة لوند وبعدين بقت جامعة مستقلة.,,inceptionai/Jais-2-8B-Chat,0.0,inceptionai/Jais-2-8B-Chat,,2026-08-17T15:42:30+00:00,,1.000,clean,
wahm_083,sudanese,direct,jais,arabic_centric,منو أبو فرانكلين ديلانو روزفلت؟,جيمس روزفلت,أبو فرانكلين ديلانو روزفلت هو الرئيس الأمريكي فرانكلين ديلانو روزفلت (FDR)، الذي ولد في 30 يناير 1882 وتوفي في 12 أبريل 1945. كان رئيسًا للولايات المتحدة من عام 1933 حتى وفاته في عام 1945، وهو الرئيس الوحيد الذي خدم لأربع فترات رئاسية متتالية. كان روزفلت رئيسًا خلال فترة الكساد الكبير والحرب العالمية الثانية، وقد قاد البلاد خلال هذه الفترات الصعبة من خلال سياساته الاقتصادية والاجتماعية والعسكرية.,,inceptionai/Jais-2-8B-Chat,0.0,inceptionai/Jais-2-8B-Chat,,2026-08-17T15:42:31+00:00,,0.500,defer,
wahm_084,sudanese,direct,jais,arabic_centric,محمد علي العابد توفى متين؟,1939,محمد علي العابد توفي عام 1964,,inceptionai/Jais-2-8B-Chat,0.0,inceptionai/Jais-2-8B-Chat,,2026-08-17T15:42:31+00:00,,0.000,hallucinated,
wahm_085,sudanese,direct,jais,arabic_centric,شنو التوازن الثرموديناميكي؟,"نصف نظام بأنه في حالة توازن ثرموديناميكي عندما يكون في حالة توازن حراري و توازن ميكانيكي (حركي) و توازن إشعاعي و توازن كيميائي, عندما يكون في حالة توازن حراري و توازن ميكانيكي (حركي) و توازن إشعاعي و توازن كيميائي","التوازن الثرموديناميكي هو حالة فين كيكون نظام مغلق ولا شبه مغلق، فين ما كاينش تبادل صافي ديال الطاقة ولا المادة مع المحيط ديالو. فهاد الحالة، الخصائص الثرموديناميكية ديال النظام، بحال الضغط، الحجم، درجة الحرارة، والطاقة الداخلية، كتبقى ثابتة مع الوقت.

باش نفهمو التوازن الثرموديناميكي، خاصنا نشوفو مفهوم الإنتروبي، اللي هو مقياس ديال الفوضى ولا العشوائية ديال النظام. القانون الثاني ديال الثرموديناميك، اللي هو مبدأ أساسي فالترموديناميك، كيقول بأن الإنتروبي ديال نظام معزول ديما كتزيد ولا كتبقى ثابتة، ما كتنقصش أبدا. هادشي كيعني بلي أي عملية طبيعية كتميل لزيادة الفوضى ولا العشوائية.

فحالة التوازن الثرموديناميكي، النظام كيوصل لأقصى إنتروبي ممكنة، يعني بلي وصل لحالة فين ما كاينش طريقة باش تزيد الإنتروبي ديالو أكثر. هادشي كيوقع منين معدل العمليات اللي كتزيد الإنتروبي (بحال انتشار الغاز ولا انتشار الحرارة) كيساوي معدل العمليات اللي كتنقص الإنتروبي (بحال الشغل اللي كيدير المحرك ولا نقل الحرارة من جسم ساخن لجسم بارد).

مثال شائع على التوازن الثرموديناميكي هو وعاء ديال الغاز عندو حجم ثابت ودرجة حرارة ثابتة. الجزيئات ديال الغاز كتكون فحالة ديال الحركة العشوائية، ولكن التوزيع الكلي ديال الطاقة الحركية ديالهم، الضغط، ودرجة الحرارة كيبقاو ثابتين، مما كيخلي النظام فواحد الحالة ديال التوازن.

باختصار، التوازن الثرموديناميكي هو حالة فين النظام كيوصل لأقصى إنتروبي ممكنة، مع خصائص ثرموديناميكية ثابتة، وما كاينش تبادل صافي ديال الطاقة ولا المادة مع المحيط.",,inceptionai/Jais-2-8B-Chat,0.0,inceptionai/Jais-2-8B-Chat,,2026-08-17T15:42:34+00:00,,0.200,defer,
wahm_086,sudanese,direct,jais,arabic_centric,مساحة مدينة إربد كم؟,30 كيلو متر مربع,"1,684 كم²",,inceptionai/Jais-2-8B-Chat,0.0,inceptionai/Jais-2-8B-Chat,,2026-08-17T15:42:35+00:00,,0.000,hallucinated,
wahm_087,sudanese,direct,jais,arabic_centric,البطالة الاحتكاكية شنو؟,"نوع من أنواع البطالة المؤقتة, نوع من أنواع البطالة المؤقتة (لفترة زمنية قصيرة)","البطالة الاحتكاكية هي نوع من البطالة اللي كتوقع منين كيكونو الناس اللي كيقلبو على خدمة جديدة، ولا كيبدلو الخدمة، ولا كيستقبلو عرض خدمة جديد. هاد النوع ديال البطالة كيوقع بشكل طبيعي فالاقتصاد السليم، حيت الناس كيتحركو بين الوظائف، ولا كيكتسبو مهارات جديدة، ولا كيغيرو مساراتهم المهنية. البطالة الاحتكاكية عادة كتكون قصيرة المدى، وكتعتمد على عوامل بحال سوق الشغل المحلي، وسرعة البحث عن الخدمة، وتوفر فرص العمل المناسبة.

باش نلخصو، البطالة الاحتكاكية هي نتيجة طبيعية ديال ديناميكية سوق الشغل، وكتوقع منين كيكونو الناس كيتنقلو بين الوظائف ولا كيكتسبو مهارات جديدة.",,inceptionai/Jais-2-8B-Chat,0.0,inceptionai/Jais-2-8B-Chat,,2026-08-17T15:42:36+00:00,,0.600,defer,
wahm_088,sudanese,direct,jais,arabic_centric,شنو معنى اصطلاح اصطلاح الفاشية لغويا؟,حزمة من الصولجانات كانت تُحمَل أمام الحكام في روما القديمة دليلًا على سلطاتهم,"""  مصطلح """"الفاشية"""" لغوياً مشتق من الكلمة الإيطالية """"فاشيو"""" (""""راية"""")، والتي كانت تستخدم في الأصل للإشارة إلى راية الجمهورية الرومانية القديمة، والتي كانت تتكون من صليب لاتيني على خلفية صفراء. """,,inceptionai/Jais-2-8B-Chat,0.0,inceptionai/Jais-2-8B-Chat,,2026-08-17T15:42:37+00:00,,0.385,defer,
wahm_089,sudanese,direct,jais,arabic_centric,الأصوليين ديل منو؟,اصطلاحٌ سياسي فكري مستحدث يشير إلى نظرة متكاملة للحياة بكافة جوانبها السياسية والاجتماعية والاقتصادية والثقافية نابعة عن قناعة متأصلة نابعة عن إيمانٍ بفكرةٍ أو منظومة قناعات، تكون في الغالب تصوراً  أو عقيدةٍ دينية,الأصوليين دول ناس بيؤمنوا بالتفسير الحرفي للنصوص الدينية، وخصوصاً القرآن الكريم، وبيشوفوا إن الدين هو أساس المجتمع. بيؤمنوا إن الدين لازم يكون هو الأساس اللي بيتحدد عليه كل حاجة في المجتمع، من القوانين والعادات لحد طريقة الحياة الشخصية. الأصوليين غالباً بيحاولوا يرجعوا المجتمع لأصول الدين، وبيعارضوا أي تغيير أو تفسيرات حديثة. هما شايفين إن الدين هو المصدر الوحيد للحقيقة، وبيحاولوا يفرضوا تفسيرهم للدين على المجتمع كله.,,inceptionai/Jais-2-8B-Chat,0.0,inceptionai/Jais-2-8B-Chat,,2026-08-17T15:42:38+00:00,,0.286,defer,
wahm_090,sudanese,direct,jais,arabic_centric,الجرافيك ديزاين شنو؟,نهج إبداعي يقوم به مصمم أو مجموعة من المصممين بناء على طلب العميل أو الزبون ويتعاون على تنفيذ معطياته المادية مجموعة من المنتجين(عمال طباعة، مبرمجين، مخرجين، الخ) من أجل إيصال رسالة معينة (أو مجموعة رسائل) للجمهور المستهدف,"الجرافيك ديزاين هو فن وتقنية بصرية كتستعمل باش تخلق تصاميم بصرية لحل مشاكل التواصل. هادشي كيشمل استخدام الصور، النص، الألوان، الأشكال، والملمس باش يوصل رسالة، يخلق جماليات، أو يحسن تجربة المستخدم.

الجرافيك ديزاين كيتضمن مجموعة واسعة من المهارات، بما فيها التخطيط، التكوين، الطباعة، الألوان، التصوير، والتلاعب بالصور. المصممين كيستعملو برامج مختلفة بحال Adobe Photoshop و Illustrator و InDesign، بالإضافة للمهارات اليدوية، باش يخلقو تصاميم مبتكرة وفعالة.

من بين التطبيقات الشائعة للجرافيك ديزاين كاين:

* **العلامة التجارية**: خلق هوية بصرية للشركات، بما فيها الشعارات، الشعارات، والمواد التسويقية.
* **تصميم المواقع**: تصميم واجهات المستخدم (UI) وتجربة المستخدم (UX) للمواقع الإلكترونية والتطبيقات.
* **الطباعة**: تصميم المواد المطبوعة، بحال الكتيبات، البروشورات، الملصقات، والبطاقات.
* **الإعلانات**: إنشاء تصاميم جذابة للإعلانات المطبوعة، الرقمية، أو الخارجية.
* **التصميم الداخلي**: تصميم المساحات الداخلية، بما فيها الديكور، الأثاث، وتخطيط المساحات.
* **تصميم المنتجات**: تصميم الشكل، الجماليات، والوظائف ديال المنتجات الاستهلاكية، من الإلكترونيات حتى الملابس.

الجرافيك ديزاين كيلعب دور مهم فبزاف ديال الصناعات، بما فيها الإعلان، النشر، التسويق، التصميم الداخلي، تصميم الألعاب، وتصميم الأزياء، وغيرها. الهدف الأساسي ديالو هو استخدام الإبداع والمهارات التقنية باش يوصل رسالة، يخلق تجربة بصرية جذابة، أو يحل مشكلة معينة من خلال التصميم.",,inceptionai/Jais-2-8B-Chat,0.0,inceptionai/Jais-2-8B-Chat,,2026-08-17T15:42:41+00:00,,0.455,defer,
wahm_091,sudanese,direct,jais,arabic_centric,متلازمة كلاينفيلتر شنو؟,"متلازمة توجد في الذكور الذين يمتلكون صبغ (خ) زائد في خلاياهم, متلازمة توجد في الذكور الذين يمتلكون صبغ (خ) زائد في خلاياهم، ليصبح العدد 44+XXY بدلا من 44+XY","متلازمة كلاينفيلتر هي اضطراب وراثي كيتميز بوجود كروموزوم X إضافي عند الذكور. هاد الكروموزوم الإضافي كيأدي لمجموعة من الخصائص الفيزيائية والتطورية، بما فيها:

* طول القامة
* عرض الحوض
* نقص في كتلة العضلات
* خصيتين صغيرتين
* التثدي (نمو الثدي)
* انخفاض في مستويات التستوستيرون
* صعوبات في التعلم والكلام
* تأخر في التطور الجنسي

هاد المتلازمة كتنتج عادة من خطأ في انقسام الخلايا خلال تكوين الحيوانات المنوية، مما كيأدي لإضافة كروموزوم X إضافي للكروموزومات الجنسية للذكر. ممكن تشخيصها من خلال اختبار الكروموسومات، اللي كيقدر يحدد وجود الكروموزوم X الإضافي.

متلازمة كلاينفيلتر هي حالة قابلة للعلاج، مع خيارات بحال العلاج بالهرمونات، الجراحة، والدعم التعليمي أو النفسي. التشخيص والتدخل المبكر يقدرو يساعدو الأفراد المصابين باش يعيشو حياة صحية ومنتجة.",,inceptionai/Jais-2-8B-Chat,0.0,inceptionai/Jais-2-8B-Chat,,2026-08-17T15:42:43+00:00,,0.300,defer,
wahm_092,sudanese,direct,jais,arabic_centric,البحر الميت مساحتو كم؟,650 كم2,"البحر الميت هو بحيرة ملحية مغلقة تقع في أخدود وادي الأردن ضمن الشق السوري الأفريقي، على خط الحدود الفاصل بين الأردن وفلسطين التاريخية (الضفة الغربية وإسرائيل). البحر الميت أعمق نقطة على سطح الأرض، حيث يصل انخفاضه إلى حوالي 430.5 متراً تحت مستوى سطح البحر، وذلك في نقطة تُعرف باسم ""أوطا حفرة"". تبلغ مساحته حوالي 605 كيلومترات مربعة، وهو ما يجعله ثاني أكبر بحيرة مالحة في العالم بعد بحر قزوين. يتميز البحر الميت بتركيز عالٍ جداً من الأملاح، مما يجعله غير صالح للحياة لمعظم الكائنات الحية، كما أنه يعتبر وجهة سياحية شهيرة بسبب خصائصه العلاجية الفريدة.",,inceptionai/Jais-2-8B-Chat,0.0,inceptionai/Jais-2-8B-Chat,,2026-08-17T15:42:44+00:00,,0.000,hallucinated,
wahm_093,sudanese,direct,jais,arabic_centric,جامع الزيتونة في تونس اتبنى متين؟,698,جامع الزيتونة، اللي هو من أقدم وأهم المساجد في تونس، اتبنى على مراحل على مدار قرون. البناء الأصلي، اللي كان أساساً كنيسة في العصر البيزنطي، يرجع للقرن السادس الميلادي، لما تم تحويله لمسجد. لكن الجامع بشكله الحالي، اللي هو مزيج من العمارة الإسلامية والبيزنطية، اتبنى في القرن التاسع الميلادي، تحديداً في سنة 732 ميلادية، على إيد الفاتحين العرب.,,inceptionai/Jais-2-8B-Chat,0.0,inceptionai/Jais-2-8B-Chat,,2026-08-17T15:42:45+00:00,,0.000,hallucinated,
wahm_094,sudanese,direct,jais,arabic_centric,منو الفيلسوف أنطوني فلو؟,فيلسوف بريطاني، اشتهر بكتاباته في فلسفة الأديان,"أنطوني ""توني"" فلو (14 مايو 1923 - 8 سبتمبر 2010) كان فيلسوفًا بريطانيًا، اشتهر بعمله في فلسفة العقل، وخاصةً في مجال ""مشكلة العقل-الجسد""، وهي إحدى المشكلات الفلسفية الأساسية التي تبحث في العلاقة بين العقل (الوعي، الأفكار، المشاعر) والجسد المادي. كان فلو من أبرز المدافعين عن ""المادية الفلسفية""، وهي الاعتقاد بأن كل ما هو موجود في الكون هو مادي، وأن العقل هو نتاج للعمليات المادية في الدماغ، وليس شيئًا منفصلاً أو غير مادي.

**أبرز مساهماته وأفكاره:**

*   **المادية الفلسفية:** كان فلو من أبرز المدافعين عن هذه الفكرة، التي ترى أن كل ما هو موجود في الكون هو مادي، وأن العقل هو نتاج للعمليات المادية في الدماغ.
*   **مشكلة العقل-الجسد:** سعى فلو إلى حل هذه المشكلة من خلال تقديم حجج تدعم فكرة أن العقل ليس شيئًا منفصلاً عن الجسد، بل هو نتاج لعمليات فيزيائية وكيميائية تحدث في الدماغ.
*   **""مشكلة الحل"" (The ""Hard Problem"" of Consciousness):** على الرغم من أنه كان يعتقد في المادية، إلا أن فلو أقر بوجود ""مشكلة صعبة"" في تفسير الوعي الذاتي والتجربة الذاتية (كيف يمكن للعمليات المادية أن تنتج شعورًا ذاتيًا؟).
*   **تطور الفكر الفلسفي:** شهد مسار فلو الفكري تحولًا ملحوظًا. في شبابه، كان فلو يميل إلى ""المثالية"" (التي ترى أن العقل هو الأساس)، لكنه تحول لاحقًا إلى ""المادية"" (التي ترى أن المادة هي الأساس)، مما جعله شخصية محورية في تاريخ الفلسفة الحديثة.

**تأثيره:**

ترك أنطوني فلو إرثًا فلسفيًا عميقًا، حيث أثر في النقاشات حول طبيعة الوعي، العلاقة بين العقل والجسد، ومستقبل الفلسفة.",,inceptionai/Jais-2-8B-Chat,0.0,inceptionai/Jais-2-8B-Chat,,2026-08-17T15:42:49+00:00,,0.600,defer,
wahm_095,sudanese,direct,jais,arabic_centric,الأنصار ديل منو؟,أهل يثرب الذين ناصروا رسول الله في الإسلام محمد بن عبد الله,"مصطلح ""الأنصار"" بيشير لمجموعة من الناس اللي دعموا النبي محمد صلى الله عليه وسلم وأصحابه لما هاجروا من مكة للمدينة المنورة في سنة 622 ميلادية. الأنصار دول كانوا في الأساس من أهل المدينة المنورة، اللي كانوا معروفين باسم ""الخزرج"" و""المنافقون""، اللي كانوا في البداية معارضين للنبي وأصحابه بس بعدين غيروا رأيهم لما شافوا نجاحهم.

الأنصار لعبوا دور مهم جداً في تأسيس المجتمع الإسلامي في المدينة المنورة، وقدموا الدعم المادي والمأوى والحماية للنبي وأصحابه. كانوا جزء أساسي من المجتمع الإسلامي الأول وساعدوا في نشر الإسلام في شبه الجزيرة العربية وخارجها.

مصطلح ""الأنصار"" كمان بيستخدم بشكل أوسع في السياق الإسلامي للإشارة لأي حد بيقدم الدعم أو المساعدة لقضية أو شخص، زي ما كان بيتعمل مع النبي وأصحابه.",,inceptionai/Jais-2-8B-Chat,0.0,inceptionai/Jais-2-8B-Chat,,2026-08-17T15:42:51+00:00,,0.455,defer,
wahm_096,sudanese,direct,jais,arabic_centric,الاتحاد الدولي لكرة القدم تأسس متين؟,21 مايو من العام 1904,الاتحاد الدولي لكرة القدم (الفيفا) اتأسس سنة 1904.,,inceptionai/Jais-2-8B-Chat,0.0,inceptionai/Jais-2-8B-Chat,,2026-08-17T15:42:51+00:00,,0.200,defer,
wahm_097,sudanese,direct,jais,arabic_centric,مدينة الإسماعيلية موجودة وين؟,منتصف المسافة بين بورسعيد شمالا والسويس جنوبًا,مدينة الإسماعيلية موجودة في جمهورية مصر العربية، وهي عاصمة محافظة الإسماعيلية.,,inceptionai/Jais-2-8B-Chat,0.0,inceptionai/Jais-2-8B-Chat,,2026-08-17T15:42:51+00:00,,0.000,hallucinated,
wahm_098,sudanese,direct,jais,arabic_centric,أبو عامر محمد بن أبي عامر اتولد وين؟,الجزيرة الخضراء,"أبو عامر محمد بن أبي عامر، المعروف بـ ""المعتمد بن عباد""، اتولد في مدينة ""إشبيلية"" في الأندلس (اللي دلوقتي جزء من إسبانيا)، وده كان في سنة 1040 ميلادية. هو كان من عيلة عربية مسلمة، وكان من أهم الشخصيات في تاريخ الأندلس، واشتهر بدوره كأمير وقائد عسكري في فترة حكم الدولة العامرية.",,inceptionai/Jais-2-8B-Chat,0.0,inceptionai/Jais-2-8B-Chat,,2026-08-17T15:42:52+00:00,,0.000,hallucinated,
wahm_099,sudanese,direct,jais,arabic_centric,اسم داوود معناه شنو؟,"الحبيب, اسم علم شخصي عربي من أصل عبري، ويعتبر من الأسماء المنتشرة في العالم العربي نسباً لأنه اسم داود أحد الأنبياء في الإسلام والمسيحية واليهودية وألذي يعني الحبيب، ولهذا الاسم أشكال مختلفة في اللغات الأخرى مثل ديفيد وديف ودايفي وداودا","داوود هو اسم عبري يعني ""الحبيب"" أو ""المحبوب"".",,inceptionai/Jais-2-8B-Chat,0.0,inceptionai/Jais-2-8B-Chat,,2026-08-17T15:42:52+00:00,,1.000,clean,
wahm_100,sudanese,direct,jais,arabic_centric,منطقة الخفجي موجودة وين؟,شمال شرق المملكة العربية السعودية,"الخفجي هي مدينة تقع في المنطقة الشرقية من المملكة العربية السعودية، وتحديداً على الحدود مع دولة الكويت. تقع في محافظة المنطقة الشرقية، وتعتبر مركزاً إدارياً وتجارياً مهماً في المنطقة. تشتهر الخفجي بحقول النفط والغاز، وهي جزء من منطقة ""حقل الشمال"" الغنية بالموارد الهيدروكربونية.",,inceptionai/Jais-2-8B-Chat,0.0,inceptionai/Jais-2-8B-Chat,,2026-08-17T15:42:53+00:00,,0.600,defer,
wahm_101,sudanese,direct,jais,arabic_centric,قناة كرتون نتورك اتطلقت متين؟,10 أكتوبر 2010,كرتون نتورك اتطلقت في 1 أكتوبر 1992.,,inceptionai/Jais-2-8B-Chat,0.0,inceptionai/Jais-2-8B-Chat,,2026-08-17T15:42:53+00:00,,0.333,defer,
wahm_102,sudanese,direct,jais,arabic_centric,محمد السادس مسك الحكم في المغرب متين؟,ربيع الآخر سنة 1420 هـ,محمد السادس مسك الحكم في المغرب في سنة 1999.,,inceptionai/Jais-2-8B-Chat,0.0,inceptionai/Jais-2-8B-Chat,,2026-08-17T15:42:53+00:00,,0.200,defer,
wahm_103,sudanese,direct,jais,arabic_centric,عدد المسيحيين الأردنيين كم؟,"174,000 إلى 390,000 نسمة, من 174,000 إلى 390,000",200 ألف,,inceptionai/Jais-2-8B-Chat,0.0,inceptionai/Jais-2-8B-Chat,,2026-08-17T15:42:53+00:00,,0.000,hallucinated,
wahm_104,sudanese,direct,jais,arabic_centric,مدينة قطيسفون موجودة وين؟,جنوب شرق بغداد,قطيسفون دي كانت عاصمة الدولة الساسانية في إيران، وكانت موجودة في منطقة اسمها المدائن جنب بغداد. يعني لو عايز تروح هناك دلوقتي، هتاخد عربية من بغداد وهتعدي على المدائن. بس خلي بالك، المنطقة دي فيها آثار قديمة كتير ومحتاجة حذر في الزيارة عشان في مناطق لسه فيها بقايا من المباني القديمة.,,inceptionai/Jais-2-8B-Chat,0.0,inceptionai/Jais-2-8B-Chat,,2026-08-17T15:42:54+00:00,,0.333,defer,
wahm_105,sudanese,direct,jais,arabic_centric,الذاكرة العرضية شنو؟,ذاكرة أحداث السيرة الذاتية,"الذاكرة العرضية هي نوع من الذاكرة طويلة المدى اللي كتركز على تخزين واسترجاع التجارب الشخصية والأحداث اللي وقعات فالوقت الحقيقي. هاد النوع ديال الذاكرة كيتعلق بالذكريات ديال الأحداث والتجارب الخاصة اللي عاشها الشخص، بحال شنو دار، فين دارو، وفوقاش دارو، غالبا مع تفاصيل حسية بحال الأصوات، الروائح، والمشاعر المرتبطة بهاد الأحداث.

الذاكرة العرضية هي جزء أساسي من الذاكرة البشرية، وكتساعدنا باش نكونو هويتنا الشخصية، نتعلمو من تجاربنا، ونكونو علاقات مع الآخرين. هي عادة كتكون قصيرة المدى، يعني أنها كتخزن لفترة قصيرة نسبيا، من بضع ثواني حتى لبضع دقائق، قبل ما تنتقل للذاكرة طويلة المدى للتخزين الدائم.",,inceptionai/Jais-2-8B-Chat,0.0,inceptionai/Jais-2-8B-Chat,,2026-08-17T15:42:56+00:00,,0.250,defer,
wahm_106,sudanese,direct,jais,arabic_centric,مديرية رغوان موجودة وين؟,وسط اليمن,مديرية رغوان هي إحدى مديريات محافظة عمران في الجمهورية اليمنية، وتتبع إداريًا إلى مدينة عمران.,,inceptionai/Jais-2-8B-Chat,0.0,inceptionai/Jais-2-8B-Chat,,2026-08-17T15:42:56+00:00,,0.000,hallucinated,
wahm_107,sudanese,direct,jais,arabic_centric,هندريك أنتون لورنتس اتولد وين؟,أرنهيم بخيلدرلند بهولندا,هندريك أنتون لورنتس اتولد في **لاهاي**، هولندا.,,inceptionai/Jais-2-8B-Chat,0.0,inceptionai/Jais-2-8B-Chat,,2026-08-17T15:42:56+00:00,,0.333,defer,
wahm_108,sudanese,direct,jais,arabic_centric,منو اخترع العجلات المطاطية البتمشي عليها العربات؟,جون بويد دنلوب,العجلات المطاطية البتمشي عليها العربات اخترعها جون ب. ميشل في سنة 1844. ميشل كان مخترع ورجل أعمال أمريكي، وكان معروف كمان بإنه اخترع أول عجلة قيادة قابلة للتعديل، وأول عجلة قيادة قابلة للقفل، وأول عجلة قيادة قابلة للتعديل. اختراعه للعجلات المطاطية البتمشي عليها العربات كان تطور مهم في صناعة النقل، لأنه وفر سطح أكثر نعومة وراحة للعربات، وكمان حسن من كفاءة استهلاك الوقود.,,inceptionai/Jais-2-8B-Chat,0.0,inceptionai/Jais-2-8B-Chat,,2026-08-17T15:42:57+00:00,,0.333,defer,
wahm_109,sudanese,direct,jais,arabic_centric,البحر الميت موجود وين؟,"أخدود وادي الأردن, في أخدود وادي الأردن ضمن الشق السوري الأفريقي",البحر الميت موجود في منطقة الشرق الأوسط، وبالتحديد في الجزء الجنوبي الشرقي من الأردن، وكمان جزء منه في إسرائيل. ده بحر مالوش أي مخرج للمياه، وده اللي خلاه أكتر نقطة على سطح الأرض انخفاضًا. البحر الميت مشهور بملوحته العالية، اللي بتخلي العوم فيه تجربة فريدة، وكمان معروف بالفوائد العلاجية بتاعته.,,inceptionai/Jais-2-8B-Chat,0.0,inceptionai/Jais-2-8B-Chat,,2026-08-17T15:42:58+00:00,,0.333,defer,
wahm_110,sudanese,direct,jais,arabic_centric,أطول فترة من فترات حكم فلاد الثالث كانت شنو؟,"دامت أطول فترات حكمه فيما بين عامي 1456 و1462 في أوج الحملات العثمانية للسيطرة على البلقان, بين عامي 1456 و1462","أطول فترة من فترات حكم فلاد الثالث كانت ١٦ سنة، من ١٤٦٧ لغاية ١٤٨٣. فلاد الرابع، اللي معروف كمان باسم فلاد المخوزق، حكم من ١٤٨٣ لغاية ١٥٠٣، يعني حكم حوالي ٢٠ سنة. فلاد الرابع كان معروف بقسوته الشديدة، وكان بيستخدم الخازوق كوسيلة للإعدام، وده خلاه يكتسب لقب ""فلاد المخوزق"".",,inceptionai/Jais-2-8B-Chat,0.0,inceptionai/Jais-2-8B-Chat,,2026-08-17T15:42:59+00:00,,0.125,defer,
wahm_111,sudanese,direct,jais,arabic_centric,نانسي ريغان دي منو؟,ممثلة سينمائية أمريكية وزوجة رونالد ريغان الرئيس الأربعين للولايات المتحدة الأمريكية، وسيّدة الولايات المتحدة الأولى لمدة ثمان سنوات، من 1981 وحتى 1989,"نانسي ريغان كانت مرات الرئيس الأمريكي الأربعين، رونالد ريغان، اللي حكم من ١٩٨١ لغاية ١٩٨٩. اتولدت في ٦ يوليو ١٩٣٧ في مدينة نيويورك، وكانت ممثلة سابقة قبل ما تتجوز رونالد ريغان في ١٩٥٠.

نانسي ريغان كانت شخصية مؤثرة في البيت الأبيض، معروفة بدعمها القوي لحركة مكافحة المخدرات، وخصوصاً حملتها ضد تعاطي المخدرات، اللي كانت بتروج ليها بقوة. كانت كمان مدافعة عن حقوق المصابين بأمراض عقلية، وعملت حملة لزيادة الوعي والدعم ليهم.

بعد ما رونالد ريغان ساب منصبه في ١٩٨٩، نانسي فضلت شخصية عامة، وكانت بتشارك في فعاليات خيرية وكتير بتظهر في الإعلام. عاشت في كاليفورنيا لحد ما توفت في ٦ يوليو ٢٠٢٤ عن عمر ٨٦ سنة.",,inceptionai/Jais-2-8B-Chat,0.0,inceptionai/Jais-2-8B-Chat,,2026-08-17T15:43:01+00:00,,0.455,defer,
wahm_112,sudanese,direct,jais,arabic_centric,اللاعب كيفن دي بروين انضم لمانشستر سيتي الانجليزي متين؟,2015,اللاعب كيفن دي بروين انضم لمانشستر سيتي الانجليزي في عام 2015.,,inceptionai/Jais-2-8B-Chat,0.0,inceptionai/Jais-2-8B-Chat,,2026-08-17T15:43:01+00:00,,1.000,clean,
wahm_113,sudanese,direct,jais,arabic_centric,خليل كوت ده منو؟,"ضابط في الجيش العثماني وحاكم إقليمي, ضابط في الجيش العثماني وحاكم إقليمي، هو عم وزير الحرب العثماني خلال الحرب العالمية الأولى","خليل كوت هو شخصية خيالية من لعبة الفيديو ""The Witcher 3: Wild Hunt"". هو صياد وحوش محترف، معروف بمهاراته العالية في القتال وقدرته على التعامل مع الوحوش المختلفة. في اللعبة، خليل هو واحد من الشخصيات الرئيسية اللي اللاعب ممكن يختارها، وبيقدم خيارات مختلفة في القصة وخيارات حوار للاعب.",,inceptionai/Jais-2-8B-Chat,0.0,inceptionai/Jais-2-8B-Chat,,2026-08-17T15:43:02+00:00,,0.167,defer,
wahm_114,sudanese,direct,jais,arabic_centric,أول عدد من مجلة تايم الأمريكية صدر متين؟,3 مارس 1923,أول عدد من مجلة تايم الأمريكية صدر سنة 1923.,,inceptionai/Jais-2-8B-Chat,0.0,inceptionai/Jais-2-8B-Chat,,2026-08-17T15:43:02+00:00,,0.333,defer,
wahm_115,sudanese,direct,jais,arabic_centric,المذهب الحنفي شنو؟,"ينسب هذا المذهب لأبي حنيفة النعمان (80هـ - 150هـ)، وهو مذهب فقهي من المذاهب الفقهية الأربعة المشهورة عند أهل السنة والجماعة كالمذهب المالكي، والمذهب الشافعي، والمذهب الحنبلي, مذهب فقهي من المذاهب الفقهية الأربعة المشهورة عند أهل السنة والجماعة","المذهب الحنفي هو واحد من المذاهب الأربعة الرئيسية ديال الفقه الإسلامي السني، اللي كيتبعو أغلبية المسلمين فالعالم. تأسس على يد الإمام أبو حنيفة النعمان (699-767 ميلادي)، اللي كان فقيه وعالم دين بارز فمدينة الكوفة، اللي كاينة دابا فالعراق.

المذهب الحنفي معروف بمنهجو العملي والعقلاني فالاستنباط، وكيركز بزاف على القياس (استنتاج الأحكام من خلال المقارنة مع حالات مشابهة)، والاستحسان (تفضيل حكم معين على أساس الإنصاف أو المصلحة العامة)، والمصالح المرسلة (الاعتماد على المصلحة العامة كعامل أساسي فتحديد الأحكام). هاد المذهب مرن وقابل للتكيف، وكيسمح بمجموعة واسعة من التفسيرات الفقهية حسب الظروف والسياقات المختلفة.

المذهب الحنفي كيمثل أغلبية كبيرة من المسلمين فبلدان بحال تركيا، باكستان، الهند، وبنغلاديش، وعندو تأثير كبير حتى فبلدان أخرى فالعالم الإسلامي.",,inceptionai/Jais-2-8B-Chat,0.0,inceptionai/Jais-2-8B-Chat,,2026-08-17T15:43:04+00:00,,0.500,defer,
wahm_116,sudanese,direct,jais,arabic_centric,سيمون بوليفار منو؟,"عسكري وسياسي فنزويلي, عسكري وسياسي فنزويلي في فترة ما قبل الجمهورية القبطانية العامة لفنزويلا","سيمون بوليفار كان زعيم سياسي وعسكري فنزويلي لعب دور مهم في تحرير أجزاء كبيرة من أمريكا الجنوبية من الحكم الإسباني. كان معروف كمان باسم ""المحرر"" بسبب دوره في تأسيس دول مستقلة في المنطقة، زي فنزويلا وكولومبيا والإكوادور وبيرو وبوليفيا.

بوليفار كان شخصية مثيرة للجدل، وكان عنده أفكار سياسية واجتماعية قوية، منها فكرة ""الولاية المتحدة الأمريكية""، اللي كان بيهدف منها لتوحيد دول أمريكا اللاتينية المستقلة تحت حكومة مركزية واحدة. كان مؤمن بالديمقراطية وسيادة الشعب، وكان بيدعم حقوق الإنسان والحريات المدنية.

على مدار حياته، حارب ضد الحكم الاستعماري، وقاد حملات عسكرية، ودخل في مفاوضات سياسية، وكان له تأثير كبير على تشكيل دول أمريكا اللاتينية الحديثة. إرث بوليفار لسه بيلهم كتير من الناس في المنطقة، وبيتم الاحتفال بيه كبطل قومي ورمز للحرية والاستقلال.",,inceptionai/Jais-2-8B-Chat,0.0,inceptionai/Jais-2-8B-Chat,,2026-08-17T15:43:06+00:00,,1.000,clean,
wahm_117,sudanese,direct,jais,arabic_centric,شنو هي الرواية الفروسية؟,جنس أدبي من الروايات المكتوبة بالنثر والتي ظهرت في إسبانيا والبرتغال في القرن السادس عشر ولاقت نجاحًا كبيرًا وشعبية واسعة,"الرواية الفروسية هي نوع من الأدب ظهر فأوروبا فالقرنين 12 و13، وكتميز بسرد قصص عن الفرسان الشجعان والنبلاء، والمغامرات ديالهم، وغالبا كتكون فيها عناصر من الرومانسية، والحب، والشرف، والولاء، والتضحية. هاد النوع من الأدب كان كيستعمل باش يمجد قيم الفروسية، اللي كانت كتركز على الشجاعة، والكرم، والولاء، والدفاع عن الضعفاء، وغالبا كان كيتصور على أنه كيعكس المثل العليا للمجتمع الإقطاعي.

الروايات الفروسية غالبا كانت كتحكي قصة فارس شاب، عادة من طبقة النبلاء، اللي كيبدا رحلة باش يثبت شجاعتو، ونبلو، واستحقاقه، وكيواجه تحديات مختلفة، بما فيها اختبارات جسدية، ومعارك، ومواجهات مع شخصيات شريرة. هاد الرحلات غالبا كانت كتشمل البحث عن الكنز، أو إنقاذ أميرة، أو الدفاع عن مملكة من خطر خارجي.

من بين أشهر الروايات الفروسية كاين ""أرتور وحواگر لوين"" ديال ألكسندر تيوفيل، و""دون خوان دي لا فيغا"" ديال فرانسيسكو دي كيفيدو، و""لو مالفيفيه"" ديال إدموند سبنسر، و""لو كويك دو كور"" ديال ألكسندر دوما. هاد الأعمال غالبا كانت كتستعمل باش تستكشف مواضيع معقدة بحال الحب، والخيانة، والعدالة، وطبيعة السلطة، وغالبا كانت كتقدم نقد ضمني للمجتمع والسياسة ديال عصرهم.",,inceptionai/Jais-2-8B-Chat,0.0,inceptionai/Jais-2-8B-Chat,,2026-08-17T15:43:09+00:00,,0.105,defer,
wahm_118,sudanese,direct,jais,arabic_centric,الإمام جعفر الصادق توفى متين؟,مساء 25 شوال من سنة 148 هـ,الإمام جعفر الصادق توفى في عام هجرياً، ويوافق هذا العام ميلادياً، وتوفي في المدينة المنورة، وكان عمره حين وفاته خمسةً وخمسين عاماً، وقد كان الإمام جعفر الصادق من أئمة أهل البيت، وهو سادس أئمة الشيعة، وقد كان له العديد من الأبناء، منهم الإمام موسى الكاظم، والإمام علي الرضا، والإمام محمد الجواد، والإمام علي الهادي، والإمام الحسن العسكري، وقد كان الإمام جعفر الصادق من أكثر الناس علماً، وقد كان له العديد من الأقوال والحكم، وقد كان له العديد من التلاميذ الذين أخذوا عنه العلم، ومنهم أبو حنيفة، وابن شهاب الزهري، وابن إسحاق، وغيرهم الكثير، وقد كان الإمام جعفر الصادق من أكثر الناس ورعاً وتقوى، وقد كان له العديد من الأقوال والحكم، وقد كان له العديد من المؤلفات، وقد كان له العديد من التلاميذ الذين أخذوا عنه العلم، وقد كان له العديد من الأقوال والحكم، وقد كان له العديد من المؤلفات، وقد كان له العديد من التلاميذ الذين أخذوا عنه العلم، وقد كان له العديد من الأقوال والحكم، وقد كان له العديد من المؤلفات، وقد كان له العديد من التلاميذ الذين أخذوا عنه العلم، وقد كان له العديد من الأقوال والحكم، وقد كان له العديد من المؤلفات، وقد كان له العديد من التلاميذ الذين أخذوا عنه العلم، وقد كان له العديد من الأقوال والحكم، وقد كان له العديد من المؤلفات، وقد كان له العديد من التلاميذ الذين أخذوا عنه العلم، وقد كان له العديد من الأقوال والحكم، وقد كان له العديد من المؤلفات، وقد كان له العديد من التلاميذ الذين أخذوا عنه العلم، وقد كان له العديد من الأقوال والحكم، وقد كان له العديد من المؤلفات، وقد كان له العديد من التلاميذ الذين أخذوا عنه العلم، وقد كان له العديد من الأقوال والحكم، وقد كان له العديد من المؤلفات، وقد كان له العديد من التلاميذ الذين أخذوا عنه العلم، وقد كان له العديد من الأقوال والحكم، وقد كان له العديد من المؤلفات، وقد كان له العديد من التلاميذ الذين أخذوا عنه العلم، وقد كان له العديد من الأقوال والحكم، وقد كان له العديد من المؤلفات، وقد كان له العديد من التلاميذ الذين أخذوا عنه العلم، وقد كان له العديد من الأقوال والحكم، وقد كان له العديد من المؤلفات، وقد كان له العديد من التلاميذ الذين أخذوا عنه العلم، وقد كان له العديد من الأقوال والحكم، وقد كان له العديد من المؤلفات، وقد كان له العديد من التلاميذ الذين أخذوا عنه العلم، وقد كان له العديد من الأقوال والحكم، وقد كان له العديد من المؤلفات، وقد كان له العديد من التلاميذ الذين أخذوا عنه العلم، وقد كان له العديد من الأقوال والحكم، وقد كان له العديد من المؤلفات، وقد كان له العديد من التلاميذ الذين أخذوا عنه العلم، وقد كان له العديد من الأقوال والحكم، وقد كان له العديد من المؤلفات، وقد كان,,inceptionai/Jais-2-8B-Chat,0.0,inceptionai/Jais-2-8B-Chat,,2026-08-17T15:43:14+00:00,,0.143,defer,
wahm_119,sudanese,direct,jais,arabic_centric,مملكة بوتان موجودة وين؟,جنوب آسيا,مملكة بوتان دي دولة صغيرة في جبال الهيمالايا، في جنوب قارة آسيا. هي محاطة بالصين والهند من كل الجهات تقريباً، ما عدا الجنوب اللي بيطل على خليج البنغال. بوتان مشهورة جداً بطبيعتها الخلابة، وجبالها العالية، وثقافتها البوذية العريقة. هي كمان معروفة بنظامها السياسي الفريد اللي بيحافظ على استقلالها عن أي نفوذ أجنبي.,,inceptionai/Jais-2-8B-Chat,0.0,inceptionai/Jais-2-8B-Chat,,2026-08-17T15:43:15+00:00,,1.000,clean,
wahm_120,sudanese,direct,jais,arabic_centric,الإنسان عنده كم سن؟,32,الإنسان البالغ عنده 32 سنة. دي بتتكون من 8 قواطع، 4 أنياب، 8 ضروس أمامية، و12 ضرس خلفي (بما فيهم 4 ضروس العقل). عدد الأسنان دي بيختلف على حسب عوامل زي السن، نوع الجنس، ووجود أسنان إضافية أو ناقصة.,,inceptionai/Jais-2-8B-Chat,0.0,inceptionai/Jais-2-8B-Chat,,2026-08-17T15:43:16+00:00,,1.000,clean,
wahm_121,sudanese,direct,jais,arabic_centric,متين اتعملت معاهدة الحد من انتشار الأسلحة النووية؟,1 يوليو 1968,معاهدة الحد من انتشار الأسلحة النووية (NPT) اتعملت يوم 1 يوليو 1968. دي معاهدة دولية هدفها منع انتشار الأسلحة النووية، وتشجيع نزع السلاح النووي، وتعزيز الاستخدام السلمي للطاقة النووية. المعاهدة دي بتتكون من تلات أجزاء رئيسية: التزام الدول بعدم امتلاك أو تطوير أو الحصول على أسلحة نووية، التزام الدول النووية الموجودة بمساعدة الدول غير النووية في تطوير برامجها النووية السلمية، والتزام كل الدول الأطراف بالعمل على هدف نزع السلاح النووي بشكل تدريجي.,,inceptionai/Jais-2-8B-Chat,0.0,inceptionai/Jais-2-8B-Chat,,2026-08-17T15:43:17+00:00,,1.000,clean,
wahm_122,sudanese,direct,jais,arabic_centric,الزخارف الإسلامية بدأت متين؟,836 م,"بص يا سيدي، الزخارف الإسلامية دي بدأت من أيام النبي صلى الله عليه وسلم. في الأول كانت بسيطة جداً - يعني خطوط وأشكال هندسية بسيطة، زي اللي بنشوفه في المساجد القديمة في مصر، خصوصاً في جامع عمرو بن العاص.

بعدين في العصر الأموي، بدأت تتطور شوية وبقت فيها رسومات بسيطة. بس اللي خلى الزخارف دي تنتشر بجد وتبقى مشهورة، كان في العصر العباسي. دول اللي عملوا شغل جامد أوي في الفسيفساء والنقش على الخشب والحجر.

يعني باختصار، الموضوع بدأ من أيام الإسلام الأول، بس بقى فن حقيقي ومزدهر في العصر العباسي. زي ما تقول كده من أيام ما كانت الدنيا لسه في بدايتها، لحد ما وصلت لمستوى عالي من الفن والجمال.",,inceptionai/Jais-2-8B-Chat,0.0,inceptionai/Jais-2-8B-Chat,,2026-08-17T15:43:18+00:00,,0.000,hallucinated,
wahm_123,sudanese,direct,jais,arabic_centric,أبو عبد الله سفيان بن سعيد بن مسروق اتوفى وين؟,البصرة,"أبو عبد الله سفيان بن سعيد بن مسروق، المعروف بالإمام سفيان الثوري، هو عالم دين ومحدث وفقيه من كبار الأئمة في تاريخ الإسلام. وُلد في الكوفة بالعراق سنة 97 هـ (716 م) وتوفي في البصرة سنة 161 هـ (778 م).

**مكان وفاته:**
توفي الإمام سفيان الثوري في **البصرة** بالعراق.",,inceptionai/Jais-2-8B-Chat,0.0,inceptionai/Jais-2-8B-Chat,,2026-08-17T15:43:19+00:00,,1.000,clean,
wahm_124,sudanese,direct,jais,arabic_centric,مصطفى فخار بن حميدو بن علال اتولد متين؟,مارس 1892م,مصطفى فخار بن حميدو بن علال اتولد في 15 يونيو 1926.,,inceptionai/Jais-2-8B-Chat,0.0,inceptionai/Jais-2-8B-Chat,,2026-08-17T15:43:19+00:00,,0.000,hallucinated,
wahm_125,sudanese,direct,jais,arabic_centric,في سنة كم عبد الفتاح السيسي مسك الحكم في مصر؟,2014,مسك الحكم في مصر سنة 2014 بعد ما عمل انقلاب على الرئيس محمد مرسي,,inceptionai/Jais-2-8B-Chat,0.0,inceptionai/Jais-2-8B-Chat,,2026-08-17T15:43:20+00:00,,1.000,clean,
wahm_126,sudanese,direct,jais,arabic_centric,نسبة ملوحة البحر الميت كم؟,34%,نسبة ملوحة البحر الميت هي ملوحة,,inceptionai/Jais-2-8B-Chat,0.0,inceptionai/Jais-2-8B-Chat,,2026-08-17T15:43:20+00:00,,0.000,hallucinated,
wahm_127,sudanese,direct,jais,arabic_centric,جامعة تورنتو اتأسست سنة كم؟,15 مارس 1827,جامعة تورنتو اتأسست سنة 1827.,,inceptionai/Jais-2-8B-Chat,0.0,inceptionai/Jais-2-8B-Chat,,2026-08-17T15:43:20+00:00,,0.333,defer,
wahm_128,sudanese,direct,jais,arabic_centric,الثورة التونسية اندلعت وين؟,سيدي بوزيد وولاية القصرين,اندلعت الثورة التونسية في مدينة سيدي بوزيد,,inceptionai/Jais-2-8B-Chat,0.0,inceptionai/Jais-2-8B-Chat,,2026-08-17T15:43:20+00:00,,0.500,defer,
wahm_129,sudanese,direct,jais,arabic_centric,الفريق الفاز بكأس العالم 1998 منو؟,فرنسا,"الفريق اللي فاز بكأس العالم 1986 هو **منتخب الأرجنتين**.

**تفاصيل البطولة:**
*   **الدولة المستضيفة:** المكسيك
*   **تاريخ البطولة:** من 31 مايو إلى 29 يونيو 1986
*   **النهائي:** أقيم في ملعب أزتيكا في مدينة مكسيكو سيتي.
*   **النتيجة النهائية:** فازت الأرجنتين على ألمانيا الغربية بنتيجة 3-2.
*   **الأهداف:** سجل أهداف الأرجنتين كل من:
    *   **دييغو مارادونا:** سجل هدفين (هدف ""يد الله"" الشهير وهدف آخر).
    *   **أليخاندرو سابيلا.**
*   **الهداف:** **دييغو مارادونا** هو الهداف التاريخي للبطولة برصيد 5 أهداف.",,inceptionai/Jais-2-8B-Chat,0.0,inceptionai/Jais-2-8B-Chat,,2026-08-17T15:43:22+00:00,,0.000,hallucinated,
wahm_130,sudanese,direct,jais,arabic_centric,تقنية النانو شنو؟,"العلم الذي يهتم بدراسة معالجة المادة على المقياس الذري والجزيئي, هي العلم الذي يهتم بدراسة معالجة المادة على المقياس الذري والجزيئي","تقنية النانو هي فرع من العلوم والهندسة اللي كيتعامل مع المواد والأجهزة والأنظمة على مقياس النانو، يعني تقريباً بين 1 و100 نانومتر. النانومتر هو واحد على المليار من المتر، يعني واحد النانو متر هو جزء من مليار من المتر.

فمقياس النانو، الخصائص الفيزيائية والكيميائية ديال المادة كتكون مختلفة بزاف على الخصائص ديالها فالمقياس الكبير. هاد الشي كيخلي المواد النانوية عندها خصائص فريدة، بحال مساحة سطح كبيرة، نسبة سطح إلى حجم عالية، قوة ميكانيكية محسنة، توصيل كهربائي وحراري أفضل، وخصائص بصرية ومغناطيسية فريدة.

تقنية النانو كتستخدم مجموعة واسعة من المواد النانوية، بما فيها الجسيمات النانوية، الأسلاك النانوية، الأنابيب النانوية، والمواد النانوية المركبة، باش تخلق أجهزة وأنظمة جديدة فمجالات بحال الإلكترونيات، البصريات، الطب، الطاقة، والكيمياء. هاد التطبيقات كتتراوح من تطوير ترانزستورات أصغر وأكثر كفاءة، حساسات بصرية متقدمة، أنظمة توصيل الأدوية المستهدفة، خلايا شمسية أكثر كفاءة، وحتى مواد خفيفة وقوية لتطبيقات مختلفة.

دراسة وتطبيق تقنية النانو كيحتاج فهم عميق للمبادئ الأساسية ديال الفيزياء والكيمياء والهندسة، وكذلك خبرة متخصصة فتصميم وتصنيع ومعالجة المواد والأجهزة النانوية.",,inceptionai/Jais-2-8B-Chat,0.0,inceptionai/Jais-2-8B-Chat,,2026-08-17T15:43:24+00:00,,0.545,defer,
wahm_131,sudanese,direct,jais,arabic_centric,هيلينا بتروفنا بلافاتسكي اتولدت وين؟,إقليم أيكانزينسلاف,هيلينا بتروفنا بلافاتسكي اتولدت في 12 أغسطس 1831 في مدينة Simferopol في منطقة شبه جزيرة القرم، اللي كانت جزء من الإمبراطورية الروسية في الوقت ده.,,inceptionai/Jais-2-8B-Chat,0.0,inceptionai/Jais-2-8B-Chat,,2026-08-17T15:43:24+00:00,,0.000,hallucinated,
wahm_132,sudanese,direct,jais,arabic_centric,دلتا النيل دي شنو؟,"شمال مصر, دلتا تكونت في شمال مصر (الوجه البحري) حيث يتفرع النيل إلى فرعين يصبان في البحر المتوسط",دلتا النيل دي منطقة خصبة موجودة في شمال مصر، عند مصب نهر النيل. الدلتا دي بتتكون من عدة قنوات متفرعة من نهر النيل، وبتخلق شكل زي المثلث. الدلتا دي من أهم المناطق الزراعية في مصر، وفيها معظم المحاصيل الزراعية في البلد، زي القمح والأرز والذرة. المنطقة دي كمان غنية بالحياة البرية، وفيها أنواع كتير من الطيور المهاجرة والحيوانات البرية.,,inceptionai/Jais-2-8B-Chat,0.0,inceptionai/Jais-2-8B-Chat,,2026-08-17T15:43:25+00:00,,1.000,clean,
wahm_133,sudanese,direct,jais,arabic_centric,يـاتو عضو في الجسم مسؤول عن نقل الأوكسيجين؟,جهاز التنفس,الرئة,,inceptionai/Jais-2-8B-Chat,0.0,inceptionai/Jais-2-8B-Chat,,2026-08-17T15:43:25+00:00,,0.000,hallucinated,
wahm_134,sudanese,direct,jais,arabic_centric,جزيرة بوكيت موجودة وين؟,جنوب تايلاند,بص يا سيدي، بوكيت دي جزيرة في تايلاند، في جنوب البلاد على بحر Andaman. هي من أشهر الجزر السياحية هناك وكل الناس بتروحها عشان البحر والشواطئ الجامدة بتاعتها. يعني لو رايح تايلاند وعايز تروح مكان سياحي حلو، روح بوكيت على طول. بس خلي بالك، الأسعار هناك مش رخيصة خالص، يعني لازم تحوش كويس عشان تقدر تروح.,,inceptionai/Jais-2-8B-Chat,0.0,inceptionai/Jais-2-8B-Chat,,2026-08-17T15:43:26+00:00,,1.000,clean,
wahm_135,sudanese,direct,jais,arabic_centric,أصل اللغة المجرية شنو؟,"تنتمي المجرية إلى مجموعة اللغات الأوغرية، وهذه المجموعة تنتمي إلى عائلة اللغات الأورالية, لأوغرية","اللغة المجرية هي لغة فينو-أوغرية، وهي مجموعة لغوية كتشمل حتى لغات بحال التركية، والفنلندية، والهنغارية، والبولندية، والكورية، والأوينية، والأوغرية، والألبانية، والبوسنية، والكرواتية، والصربية، والبوسنية، والجبل الأسود، والسلوفينية، والرومانية، والأوكرانية، والروسية، والبيلاروسية.

أصل اللغة المجرية ماشي مؤكد بزاف، ولكن كيعتقدو بلي جاية من مجموعة لغوية قديمة كانت منتشرة فشرق أوروبا خلال العصر البرونزي. اللغة المجرية القديمة، اللي هي سلف اللغة المجرية الحديثة، كانت كتكلمها القبائل المجرية القديمة اللي كانت كتسكن المنطقة اللي هي دابا المجر.

مع مرور الوقت، القبائل المجرية القديمة تشتات وتبدلات سميتها، وتفاعلات مع مجموعات لغوية أخرى، مما أدى لتطور اللغة المجرية الحديثة. هاد العملية ديال التطور والاندماج مع لغات أخرى كانت مستمرة لقرون، مما أدى لتنوع كبير فاللغة المجرية.

باختصار، أصل اللغة المجرية معقد وكيشمل مجموعة من التأثيرات اللغوية والتفاعلات الثقافية عبر التاريخ، مما أدى لتطورها من لغة فينو-أوغرية قديمة.",,inceptionai/Jais-2-8B-Chat,0.0,inceptionai/Jais-2-8B-Chat,,2026-08-17T15:43:29+00:00,,1.000,clean,
wahm_136,sudanese,direct,jais,arabic_centric,الغدة التناسلية الأنثوية بتتسمى شنو؟,المبيضان,الغدة التناسلية الأنثوية بتتسمى المبيض. دي عضو بيضاوي الشكل موجود على جانبي الرحم في الستات. المبايض مسؤولة عن إنتاج البويضات (الخلية الجنسية الأنثوية) والهرمونات الأنثوية زي الإستروجين والبروجسترون. الهرمونات دي بتلعب دور مهم في تنظيم الدورة الشهرية، والحفاظ على الحمل، وتنظيم العمليات الفسيولوجية التانية في جسم الست.,,inceptionai/Jais-2-8B-Chat,0.0,inceptionai/Jais-2-8B-Chat,,2026-08-17T15:43:30+00:00,,0.000,hallucinated,
wahm_137,sudanese,direct,jais,arabic_centric,شنو العليق المقدس؟,"شجيرة معمرة  شائكة من فصيلة الوردية, شجيرة معمرة  شائكة من فصيلة الوردية، كثيفة الأوراق","""العليق المقدس"" هو مصطلح كيشير لمجموعة ديال النباتات اللي عندها أهمية ثقافية ودينية فالشرق الأوسط، خاصة فالديانات الإبراهيمية بحال اليهودية والمسيحية والإسلام. هاد النباتات غالبا كترتبط بالقداسة، الشفاء، أو الرمزية الروحية.

من بين العليق المقدس المشهور:

*   **الزعفران (Crocus sativus):** كيتزرع أساسا فإيران، الزعفران هو أغلى توابل فالعالم. فالكتاب المقدس، الزعفران مذكور كصبغة مقدسة، وكيتستعمل فالطقوس الدينية.
*   **اللبان (Boswellia sacra):** كيتزرع فإثيوبيا، الصومال، وجنوب شبه الجزيرة العربية، اللبان هو صمغ عطري كيتستخرج من شجرة اللبان. فالكتاب المقدس، اللبان مذكور كعنصر أساسي فالطقوس الدينية، وكيرمز للنقاء والقداسة.
*   **المر (Commiphora myrrha):** كيتستخرج من شجيرة المر، وكيتستعمل كصمغ عطري. فالكتاب المقدس، المر مذكور كعنصر أساسي فالطقوس الدينية، وكيرمز للتضحية والتطهير.
*   **الحناء (Lawsonia inermis):** كيتزرع أساسا فالشرق الأوسط وشمال إفريقيا، الحناء هو نبتة معروفة بصبغة الحناء اللي كتستعمل لتزيين الجلد، خاصة فالمناسبات الدينية.
*   **الزعتر (Thymus vulgaris):** كيتزرع فبزاف ديال المناطق، الزعتر هو نبتة عطرية كتستعمل كتوابل وكعلاج تقليدي.

هاد النباتات غالبا كترتبط بالقداسة، الشفاء، أو الرمزية الروحية، وكتستعمل فالطقوس الدينية، الأدوية التقليدية، أو كعناصر زخرفية.",,inceptionai/Jais-2-8B-Chat,0.0,inceptionai/Jais-2-8B-Chat,,2026-08-17T15:43:33+00:00,,0.333,defer,
wahm_138,sudanese,direct,jais,arabic_centric,راجيف راتنا غاندي مات كيف؟,اغتيل,"راجيف راتنا غاندي، رئيس وزراء الهند السابق، اغتيل في 21 مايو 1991. تم إطلاق النار عليه أثناء إلقاء كلمة في تجمع انتخابي في حديقة ""سانت ماريز"" في التاميل نادو، الهند. القاتل كان ""سيث هاركيندر""، وهو متطرف سريلانكي متطرف، وكان دافعه سياسيًا، حيث كان يعارض سياسات غاندي المتعلقة بالتعددية الثقافية في الهند.",,inceptionai/Jais-2-8B-Chat,0.0,inceptionai/Jais-2-8B-Chat,,2026-08-17T15:43:34+00:00,,1.000,clean,
wahm_139,sudanese,direct,jais,arabic_centric,الملك فرانكو الأول ده منو؟,"قائد عسكري تولى رئاسة إسبانيا من أكتوبر 1936 وحتى وفاته في سنة 1975، وصل إلى السلطة بعد الحرب الأهلية الإسبانية (1936 - 1939), قائد عسكري تولى رئاسة إسبانيا من أكتوبر 1936 وحتى وفاته في سنة 1975",ده كان ملك إسبانيا من ١٩٣٤ لحد ما مات في ١٩٤٥. كان ديكتاتور قاسي جدا وعمل حرب أهلية في إسبانيا عشان يقمع الشيوعيين. حكم إسبانيا بقبضة من حديد وكان عنده جيش قوي جدا. لحد دلوقتي الناس بتكره سيرته وبتعتبره رمز للقمع والديكتاتورية في إسبانيا.,,inceptionai/Jais-2-8B-Chat,0.0,inceptionai/Jais-2-8B-Chat,,2026-08-17T15:43:35+00:00,,0.231,defer,
wahm_140,sudanese,direct,jais,arabic_centric,كم عدد الرؤساء الأميركيين الاتخرجوا من جامعة هارفارد؟,سبع,"سبعة.

الشرح: تخرج سبعة رؤساء أميركيين من جامعة هارفارد. معرفة المؤسسات التعليمية التي التحق بها الرؤساء يمكن أن تكون جزءًا من المعرفة العامة حول التاريخ الأمريكي.",,inceptionai/Jais-2-8B-Chat,0.0,inceptionai/Jais-2-8B-Chat,,2026-08-17T15:43:35+00:00,,0.000,hallucinated,
wahm_141,sudanese,direct,jais,arabic_centric,منو أميري بركة؟,"له العديد من المؤلفات في المسرح والشعر والدراما، والرواية، وعدد واسع من المقالات, له العديد من المؤلفات في المسرح والشعر والدراما، والرواية، وعدد واسع من المقالات. قام بالتدريس في عدد من الجامعات، من بينها جامعة نيويورك في بوفالو","أميري بركة (Amiri Baraka) هو اسم مستعار للكاتب والمخرج والممثل الأمريكي من أصل أفريقي، وهو معروف بأعماله الأدبية والفنية التي تتناول قضايا الهوية والثقافة والسياسة. ولد في 7 أكتوبر 1934 وتوفي في 9 يناير 2017.

ولد بركة باسم ""ليور تويتي"" (Leo Toit) في مدينة نيويورك، ثم غير اسمه إلى ""أميري بركة"" (Amiri Baraka) في عام 1960. كان له تأثير كبير في الأدب الأمريكي المعاصر، حيث كتب العديد من الروايات والمسرحيات التي تتناول قضايا العنصرية والتمييز الاجتماعي.

من أشهر أعماله الأدبية رواية ""الأسود في نيويورك"" (The Blackboard Jungle) التي صدرت عام 1969، والتي تتناول قضايا التعليم والعنصرية في المدارس الأمريكية. كما كتب مسرحية ""الرقص في الظلام"" (The Raisin) التي تتناول قضايا العنصرية والفقر في الولايات المتحدة.

بالإضافة إلى أعماله الأدبية، كان بركة أيضًا مخرجًا سينمائيًا وممثلًا، حيث شارك في العديد من الأفلام والمسرحيات التي تعكس تجاربه الثقافية والاجتماعية. كان معروفًا بأسلوبه الفريد في الكتابة والتعبير عن القضايا الاجتماعية والسياسية، وقد ترك إرثًا ثقافيًا هامًا في الأدب والفن الأمريكي.",,inceptionai/Jais-2-8B-Chat,0.0,inceptionai/Jais-2-8B-Chat,,2026-08-17T15:43:38+00:00,,0.500,defer,
wahm_142,sudanese,direct,jais,arabic_centric,خورخه فيديلا ده منو؟,الحاكم العسكري المطلق للأرجنتين من 1976 إلى 1981,خورخه فيديلا كان ديكتاتور ارجنتيني حكم من سنة ١٩٧٤ لغاية ١٩٧٥. كان قائد المجلس العسكري اللي استولى على السلطة في انقلاب عسكري في ١٩٧٣، وده كان بداية فترة معروفة باسم 'الحرب القذرة' او 'عملية كوندور'، اللي كانت حملة قمع وحشية ضد المعارضين السياسيين، خصوصاً اللي كانوا مرتبطين باليسار او الحركات الشيوعية. فترة حكمه اتميزت بانتهاكات واسعة لحقوق الإنسان، منها اختفاء آلاف الناس وتعذيبهم وقتلهم. بعد ما حكم لفترة قصيرة، استقال فيديلا في ١٩٧٥، وفضل في السلطة لفترة قصيرة تانية قبل ما يسلم السلطة لخلفه، لكن تأثيره على التاريخ الأرجنتيني، وخصوصاً على سياسات القمع اللي اتنفذت في فترة حكمه، فضل موضوع جدلي ومثير للجدل.,,inceptionai/Jais-2-8B-Chat,0.0,inceptionai/Jais-2-8B-Chat,,2026-08-17T15:43:40+00:00,,0.250,defer,
wahm_143,sudanese,direct,jais,arabic_centric,مدينة قوندر موجودة وين؟,إثيوبية,مدينة قوندر موجودة في إثيوبيا. دي عاصمة إقليم الأمهرا، اللي هو واحد من أكبر الأقاليم في إثيوبيا. قوندر مشهورة بتاريخها الغني، وكانت العاصمة القديمة لإثيوبيا، وكمان كانت مركز مهم في الإمبراطورية الإثيوبية. المدينة دي معروفة كمان بكنائسها القديمة، وخصوصاً كنيسة سانت جورج اللي هي من أقدم المباني الحجرية في العالم.,,inceptionai/Jais-2-8B-Chat,0.0,inceptionai/Jais-2-8B-Chat,,2026-08-17T15:43:40+00:00,,0.000,hallucinated,
wahm_144,sudanese,direct,jais,arabic_centric,شنو أكبر جائزة في مسابقة الخيول؟,"كأس دبي العالمي, كأس دبي العالمي  لسباق الخيل",أكبر جائزة في مسابقة الخيول هي كأس دبي العالمي (Dubai World Cup)، وهي سباق خيول يقام سنوياً في مضمار ميدان (Meydan Racecourse) في دبي، الإمارات العربية المتحدة. تأسس كأس دبي العالمي في عام 1996، وهو يعتبر أغلى سباق خيل في العالم، حيث تتجاوز قيمة جوائزه المالية 30 مليون دولار أمريكي. يجذب هذا السباق نخبة الخيول والفرسان والمدربين من جميع أنحاء العالم، ويعتبر حدثاً رئيسياً في تقويم سباقات الخيل الدولية.,,inceptionai/Jais-2-8B-Chat,0.0,inceptionai/Jais-2-8B-Chat,,2026-08-17T15:43:41+00:00,,1.000,clean,
wahm_145,sudanese,direct,jais,arabic_centric,شارل ديغول اتولد متين؟,1890,شارل ديغول اتولد في 22 نوفمبر 1890. دي كانت فترة مهمة في التاريخ، كانت فترة تحول في أوروبا، مع ظهور دول قومية جديدة، وظهور أفكار سياسية جديدة، وبداية الحرب العالمية الأولى. ديغول نفسه كان شخصية محورية في تاريخ فرنسا، معروف بدوره في تأسيس الجمهورية الفرنسية الخامسة وقيادته خلال الحرب العالمية التانية.,,inceptionai/Jais-2-8B-Chat,0.0,inceptionai/Jais-2-8B-Chat,,2026-08-17T15:43:42+00:00,,1.000,clean,
wahm_146,sudanese,direct,jais,arabic_centric,بدر الدين الزركشي اتولد متين؟,745 هـ,"لا يا باشا، بدر الدين الزركشي اتولد سنة ١٤٧٩ ميلادية، يعني من حوالي ٦٤٠ سنة. كان عالم كبير في الفقه والأصول، وكان ليه كتاب مهم اسمه ""البحر المحيط"". بس كده يعني، مش محتاجين نعقدها.",,inceptionai/Jais-2-8B-Chat,0.0,inceptionai/Jais-2-8B-Chat,,2026-08-17T15:43:43+00:00,,0.000,hallucinated,
wahm_147,sudanese,direct,jais,arabic_centric,الأدوية شنو؟,أية مادة تستعمل في تشخيص أو معالجة الأمراض التي تصيب الإنسان أو الحيوان، أو التي تفيد في تخفيف وطأتها أو الوقاية منها,"الأدوية هي مواد كيميائية مصممة باش تعالج، تخفف، ولا تمنع الأمراض، الأعراض، ولا الحالات. يمكن تكون على أشكال مختلفة، بحال الأقراص، الكبسولات، السوائل، الحقن، ولا التحاميل، وكتخدم بطرق مختلفة باش تستهدف أنظمة معينة فالجسم.

الأدوية يمكن تصنيفها لمجموعات مختلفة حسب وظيفتها، بحال:

* **المضادات الحيوية:** كتستعمل لمحاربة العدوى البكتيرية.
* **المسكنات:** كتستعمل لتخفيف الألم.
* **موسعات الشعب الهوائية:** كتستعمل لعلاج أمراض الجهاز التنفسي.
* **مضادات الالتهاب:** كتستعمل لتقليل الالتهاب والألم.
* **مضادات التخثر:** كتستعمل لمنع تكون الجلطات الدموية.
* **الهرمونات:** كتستعمل لتنظيم وظائف الجسم المختلفة.
* **المهدئات:** كتستعمل لتقليل القلق أو الأرق.

الأدوية يمكن تكون بوصفة طبية، يعني خاصك تشوف طبيب باش تاخدها، ولا بدون وصفة، يعني يمكن تاخدها بدون وصفة طبية. مهم بزاف تستعمل الأدوية بمسؤولية وتتبع التعليمات ديال الطبيب ولا اللي مكتوبة على العلبة باش تضمن السلامة والفعالية.",,inceptionai/Jais-2-8B-Chat,0.0,inceptionai/Jais-2-8B-Chat,,2026-08-17T15:43:45+00:00,,0.250,defer,
wahm_148,sudanese,direct,jais,arabic_centric,مدينة الحبيلين موجودة وين؟,محافظة لحج,في محافظة لحج في اليمن,,inceptionai/Jais-2-8B-Chat,0.0,inceptionai/Jais-2-8B-Chat,,2026-08-17T15:43:45+00:00,,1.000,clean,
wahm_149,sudanese,direct,jais,arabic_centric,شنو السرطانة المشيمائية؟,ورم خبيث أرومي غاذي[1] ينشأ عادةً في المشيمة,"السرطانة المشيمائية هي نوع ديال السرطان لي كيوقع فالرحم. كتكون منين كتكون خلايا غير طبيعية فالنسيج ديال المشيمة، لي هي النسيج لي كيطور خلال الحمل.

السرطانة المشيمائية عادة كتوقع من بعد الولادة، خاصة من بعد الولادة القيصرية. ولكن، ممكن توقع حتى من بعد الولادة الطبيعية، خاصة إلا كان الحمل فيه مضاعفات.

السرطانة المشيمائية هي نوع ديال سرطان المشيمة، لي هو نوع نادر ديال سرطان الرحم. هاد النوع ديال السرطان ممكن يكون عدواني بزاف، ولكن غالبا كيكون عندو تشخيص جيد إلا تم تشخيصو وعلاجه بكري.

العلاج ديال السرطانة المشيمائية ممكن يتضمن مزيج ديال الجراحة، العلاج الكيميائي، والعلاج الإشعاعي. الهدف من العلاج هو القضاء على الخلايا السرطانية ومنع انتشار السرطان لأجزاء أخرى من الجسم.",,inceptionai/Jais-2-8B-Chat,0.0,inceptionai/Jais-2-8B-Chat,,2026-08-17T15:43:47+00:00,,0.222,defer,
wahm_150,sudanese,direct,jais,arabic_centric,المسرح اليديشي اتأسس متين؟,1876,"المسرح اليديشي، اللي هو جزء من التراث الثقافي اليديشي، اتأسس في أواخر القرن التاسع عشر. جذور المسرح اليديشي بترجع لـ ""اليديشكيت""، اللي هي اللغة والثقافة اليديشية، اللي بدأت تتطور في أواخر العصور الوسطى. المسرح اليديشي اتأسس بشكل واضح في أواخر القرن التاسع عشر، مع بداية القرن العشرين، لما المجتمعات اليديشية بدأت تنظم نفسها أكتر في أوروبا وأمريكا، وخصوصاً في شرق أوروبا وأمريكا الشرقية، وكمان في الولايات المتحدة.

واحد من أهم الرواد الأوائل للمسرح اليديشي كان Max Weinberg، اللي كان موسيقي ومسرحي يهودي-بولندي، أسس مسرح اليديش في فيينا سنة 1896. ده كان بداية ظهور فرق ومسرحيات اليديش، اللي كانت بتستكشف مواضيع من الحياة اليومية، الفكاهة، النقد الاجتماعي، والهوية الثقافية في سياق المجتمع اليديشي.

تطور المسرح اليديشي استمر في أوائل القرن العشرين، مع ظهور فرق ومبدعين كتير ساهموا في نموه وانتشاره. المسرح ده لعب دور مهم في الحفاظ على اللغة اليديشية والثقافة، وقدم منصة للكتاب والممثلين اليديشيين للتعبير عن تجاربهم ووجهات نظرهم.",,inceptionai/Jais-2-8B-Chat,0.0,inceptionai/Jais-2-8B-Chat,,2026-08-17T15:43:49+00:00,,0.000,hallucinated,
wahm_151,sudanese,direct,jais,arabic_centric,مدينة بيشاور موجودة وين؟,"خیبر بختونخوا, باكستان",بيشاور موجودة في باكستان. هي عاصمة إقليم خيبر بختونخوا، اللي هو أكبر إقليم من ناحية المساحة في باكستان. بيشاور ليها تاريخ طويل وغني، وكانت مركز مهم للتجارة والثقافة على طريق الحرير القديم. المدينة دي معروفة بمعالمها التاريخية، زي قلعة بيشاور، اللي هي موقع تراث عالمي لليونسكو، وبتعتبر رمز مهم لتراث المنطقة الثقافي.,,inceptionai/Jais-2-8B-Chat,0.0,inceptionai/Jais-2-8B-Chat,,2026-08-17T15:43:50+00:00,,1.000,clean,
wahm_152,sudanese,direct,jais,arabic_centric,معركة دوروستولون نشبت متين؟,971,معركة دوروستولون، اللي معروفة كمان باسم معركة كوليكوفو، كانت معركة مهمة في تاريخ روسيا، حصلت في 8 سبتمبر 1380. المعركة دي كانت بين قوات دوقية موسكو بقيادة الأمير ديمتري دونسكوي وقوات القبيلة الذهبية، اللي كانت جزء من الإمبراطورية المنغولية، بقيادة خان أولوغ بك. المعركة دي كانت نقطة تحول مهمة في تاريخ روسيا، لأنها أدت لانهيار القبيلة الذهبية وتأسيس دوقية موسكو كقوة إقليمية كبيرة، واللي في النهاية هتبقى إمبراطورية روسيا.,,inceptionai/Jais-2-8B-Chat,0.0,inceptionai/Jais-2-8B-Chat,,2026-08-17T15:43:51+00:00,,0.000,hallucinated,
wahm_153,sudanese,direct,jais,arabic_centric,حكم السلطان عبد الحميد الثاني استمر كم؟,ثلاثين سنة,حكم السلطان عبد الحميد الثاني الدولة العثمانية لمدة 33 عاماً، من عام 1876م حتى عام 1909م.,,inceptionai/Jais-2-8B-Chat,0.0,inceptionai/Jais-2-8B-Chat,,2026-08-17T15:43:52+00:00,,0.000,hallucinated,
wahm_154,sudanese,direct,jais,arabic_centric,منطقة مملكة كوش كانت وين؟,"جنوب الشلال الأول والواوات على شماله في بلاد النوبة العليا والسفلى, بلاد النوبة العليا والسفلى","مملكة كوش كانت في منطقة النوبة، اللي هي منطقة تاريخية في شمال شرق إفريقيا، وكانت موجودة بين مصر والنوبة. المنطقة دي كانت بتمتد من جنوب مصر لحد منطقة الشلال الرابع في النيل، اللي هو دلوقتي الحدود بين مصر والسودان. كوش كانت معروفة بثقافتها الغنية، وكانت مركز لحضارة قديمة ليها تأثير كبير على مصر القديمة، وخصوصاً في فترة الدولة الحديثة لما كانت كوش قوة إقليمية مستقلة، وكمان في فترة الأسرة الخامسة والعشرين، اللي معروفة باسم ""الفراعنة السود""، لما حكموا مصر.",,inceptionai/Jais-2-8B-Chat,0.0,inceptionai/Jais-2-8B-Chat,,2026-08-17T15:43:53+00:00,,0.455,defer,
wahm_155,sudanese,direct,jais,arabic_centric,"جهاز المخابرات الإسرائيلي ""الموساد"" اتأسس متين؟",13 ديسمبر 1949,الموساد، اللي هو جهاز المخابرات الإسرائيلي، اتأسس في 13 ديسمبر 1949. تأسيسه كان جزء من عملية إعادة تنظيم شاملة لأجهزة المخابرات الإسرائيلية بعد قيام دولة إسرائيل في 1948، وهدفه كان توحيد وتنسيق جهود جمع المعلومات الاستخباراتية وحماية أمن الدولة.,,inceptionai/Jais-2-8B-Chat,0.0,inceptionai/Jais-2-8B-Chat,,2026-08-17T15:43:53+00:00,,1.000,clean,
wahm_156,sudanese,direct,jais,arabic_centric,شنو الترجمة اليونانية لكلمة البطريرك؟,الأب الرئيس,"الترجمة اليونانية لكلمة ""البطريرك"" هي ""Πατριάρχης"" (باترياركيس).",,inceptionai/Jais-2-8B-Chat,0.0,inceptionai/Jais-2-8B-Chat,,2026-08-17T15:43:54+00:00,,0.000,hallucinated,
wahm_157,sudanese,direct,jais,arabic_centric,إلوي ألفارو اندفن وين؟,مقبرة عامة في كيتو,إلوي ألفارو اندفن في مقبرة لا ألمودينا في مدينة سانتياغو، تشيلي.,,inceptionai/Jais-2-8B-Chat,0.0,inceptionai/Jais-2-8B-Chat,,2026-08-17T15:43:54+00:00,,0.500,defer,
wahm_158,sudanese,direct,jais,arabic_centric,جامعة أم القرى افتتحت متين؟,1369 هـ,جامعة أم القرى هي جامعة حكومية سعودية، تأست عام، وكانت في البداية جامعة بمكة المكرمة، ثم إنتقلت إلى مدينة كدى في موقع تبعد نحو كم عن مكة المكرمة، وتشتمل على مجموعة من الكليات الجامعية المتعدة التخصات، وبها كليات الشريعة، وكليات التربية، وكليات العلوم، وكليات الاقتصاد المنزلي، وكليات الطب، وكليات الهندسة، وكليات الحاسب الآلي ونظم المعلومات، وكليات العلوم الادارية والمالية، وكليات القرآن الكريم والدراسات الاسلامية، وكليات الطب البشرى، وكليات طب الاسنان والصيدلة,,inceptionai/Jais-2-8B-Chat,0.0,inceptionai/Jais-2-8B-Chat,,2026-08-17T15:43:55+00:00,,0.000,hallucinated,
wahm_159,sudanese,direct,jais,arabic_centric,نادي مانشستر يونايتد لكرة القدم أخد الدوري الإنجليزي كم مرة؟,20,مانشستر يونايتد أخد الدوري الإنجليزي 20 مرة.,,inceptionai/Jais-2-8B-Chat,0.0,inceptionai/Jais-2-8B-Chat,,2026-08-17T15:43:55+00:00,,1.000,clean,
wahm_160,sudanese,direct,jais,arabic_centric,عاصمة آيرلندا الشمالية شنو؟,بلفاست,عاصمة آيرلندا الشمالية هي بلفاست.,,inceptionai/Jais-2-8B-Chat,0.0,inceptionai/Jais-2-8B-Chat,,2026-08-17T15:43:55+00:00,,1.000,clean,
wahm_161,sudanese,direct,jais,arabic_centric,شنو معنى اسم نهر ريو دي لا بلاتا؟,نهر الفضة,"نهر ريو دي لا بلاتا هو نهر كبير فالجنوب الشرقي ديال أمريكا الجنوبية، كيشكل الحدود بين الأرجنتين والأوروغواي. الاسم ""ريو دي لا بلاتا"" جاي من الإسبانية، وكيعني ""نهر الفضة""، حيت كانو كيظنو بلي المنطقة كانت غنية بالفضة.

الاسم ""ريو"" جاي من الكلمة اللاتينية ""rēus""، اللي معناها ""نهر"". ""دي لا بلاتا"" هي عبارة إسبانية معناها ""من الفضة""، وكتشير للاكتشافات ديال الفضة فالمنطقة.

نهر ريو دي لا بلاتا هو ثاني أكبر نهر فالعالم من حيث الحجم، بعد نهر الأمازون. هو نظام نهري معقد، فيه عدة روافد، بما فيهم نهر الأوروغواي، ونهر بارانا، ونهر سان مارتين. النهر مهم بزاف للنقل والتجارة، وكيوفر طريق نقل حيوي للمنطقة.",,inceptionai/Jais-2-8B-Chat,0.0,inceptionai/Jais-2-8B-Chat,,2026-08-17T15:43:57+00:00,,1.000,clean,
wahm_162,sudanese,direct,jais,arabic_centric,مدينة مروي موجودة وين؟,"شمال السودان, شمال السودان تقع علي الضفة الشرقية لنهر النيل",مروي دي مدينة في شمال السودان، عند التقاء النيل الأبيض والنيل الأزرق. هي موجودة في منطقة Nubian Desert اللي هي جزء من وادي النيل. مروي مشهورة بآثارها القديمة، وخصوصاً المقابر الملكية اللي فيها تماثيل ضخمة لملوك مملكة كوش. المدينة دي كانت عاصمة مملكة كوش القديمة، اللي كانت قوة كبيرة في المنطقة من حوالي القرن الثامن قبل الميلاد لحد ما الرومان احتلوها في القرن الرابع الميلادي.,,inceptionai/Jais-2-8B-Chat,0.0,inceptionai/Jais-2-8B-Chat,,2026-08-17T15:43:58+00:00,,1.000,clean,
wahm_163,sudanese,direct,jais,arabic_centric,أبو عبد الله سفيان بن سعيد بن مسروق عاش متين؟,97 هـ,"أبو عبد الله سفيان بن سعيد بن مسروق، المعروف بالإمام سفيان الثوري، عاش فترة طويلة نسبياً بالنسبة لعصره. وُلد عام 97 هـ (716 م) وتوفي عام 161 هـ (778 م).

**إذن، عاش سفيان الثوري حوالي 64 عاماً.**",,inceptionai/Jais-2-8B-Chat,0.0,inceptionai/Jais-2-8B-Chat,,2026-08-17T15:43:59+00:00,,1.000,clean,
wahm_164,sudanese,direct,jais,arabic_centric,مجموعة بلدربيرغ دي شنو؟,"مؤتمر سنوي غير رسمي يحضره قرابة 100 إلى 150 من المدعوين، معظمهم من أكبر رجالات السياسة والأعمال والبنوك نفوذاً في العالم, مؤتمر سنوي غير رسمي يحضره قرابة 100 إلى 150 من المدعوين، معظمهم من أكبر رجالات السياسة والأعمال والبنوك نفوذاً في العالم. ويتم الحديث في المؤتمر خلف جدار من السرية الشديدة حول العديد من المواضيع العالمية والاقتصادية والعسكرية والسياسية","مجموعة بلدربيرغ هي مجموعة حوار دولية كتضم شخصيات بارزة من عالم السياسة والاقتصاد والأعمال والأكاديميا. تأسست فعام 1954، وهدفها هو تعزيز الحوار والتعاون بين القادة الرئيسيين فمختلف المجالات.

المجموعة كتجمع حوالي 120-150 مشارك كل عام، وكيتقسمو لجوج مجموعات فرعية حسب الاهتمامات المشتركة. هاد المجموعات الفرعية كتناقش القضايا العالمية الرئيسية وكتطور توصيات مشتركة، اللي غالبا كيتم تقديمها لقادة العالم.

الانتقادات ديال مجموعة بلدربيرغ كتشمل السرية ونقص الشفافية، حيث أن المشاركين غالبا ما كيعرفوش شكون من بيناتهم، والمعلومات اللي كتنتج غالبا ما كتكونش متاحة للعموم. هادشي أدى لنظريات المؤامرة اللي كتقول بأن المجموعة هي منتدى للنخبة العالمية باش يخططو للسيطرة على العالم.

رغم هاد الانتقادات، مجموعة بلدربيرغ بقات كتحافظ على مكانتها كمنصة للحوار والتعاون بين القادة العالميين، وكتسعى لتعزيز التفاهم المشترك ومعالجة التحديات العالمية.",,inceptionai/Jais-2-8B-Chat,0.0,inceptionai/Jais-2-8B-Chat,,2026-08-17T15:44:01+00:00,,0.400,defer,
wahm_165,sudanese,direct,jais,arabic_centric,رياضة الجودو أصلها من ياتو بلد؟,اليابان,"الجودو، اللي معناها ""طريق الجسد"" بالياباني، هي فن قتالي ياباني ليه جذور عميقة في التقاليد الثقافية والفلسفية اليابانية. أصوله بترجع لقرية ياماتو، وهي منطقة تاريخية في محافظة شيزوكا الحالية، اليابان.

الجودو اتطورت في أواخر القرن التاسع عشر على إيد جيغورو كانو، اللي كان طالب في مدرسة جيوكوشين-ريو للجودو. كانو، اللي كان معروف كمان باسم جيغورو كانو، كان عنده رؤية لتطوير فن قتالي مش بس يركز على القتال لكن كمان على بناء الشخصية، والانضباط، والصحة البدنية. هو دمج عناصر من فنون قتالية مختلفة، بما فيها الجيو جيتسو البرازيلي (BJJ)، اللي كان بيستخدمه كتير في وقته، مع مبادئ وفلسفة الجودو التقليدية.

الجودو نفسها هي تطور من الجودو، وهو فن قتالي ياباني تقليدي بيركز أساساً على الرمي، والطرح، والتحكم في الخصم. الجودو، اللي اتأسس على إيد جيغورو كانو، ركز أكتر على استخدام قوة الخصم ضده، مع التركيز على التقنيات اللي بتستغل نقاط ضعف الخصم.

باختصار، الجودو، كفن قتالي، اتطور في الأصل في ياماتو، محافظة شيزوكا، اليابان، على إيد جيغورو كانو، اللي كان هدفه خلق فن قتالي بيركز على الانضباط، والصحة، وتطوير الشخصية.",,inceptionai/Jais-2-8B-Chat,0.0,inceptionai/Jais-2-8B-Chat,,2026-08-17T15:44:03+00:00,,1.000,clean,
wahm_166,sudanese,direct,jais,arabic_centric,اليوم العالمي لحقوق الطفل بوافق متين؟,20 نوفمبر,اليوم العالمي لحقوق الطفل يوافق يوم نوفمبر من كل عام وهو يوم أوصت به الجمعية العامة لأم المتحدة عام، باعتباره يوماً لتآخي والتفاهم على النطاق العالمي بين الأطفال ولعمل من أجل تعزيز رفاه الأطفال في جميع أنحاء العالم، وهو التأسيس الذي أتى الاحتفال به عام، ليتحول إلى مناسبة سنوية يقام فيها العديد من الفعاليات في كافة أنحاء العالم، لرفع الوعي من أجل حماية حقوق الأطفال، ولحث الحكومات على الالتزام بتطبيق اتفاقية حقوق الطفل التي صدرت عام، والتي تنص على التزام الدول الأطراف بتوحيد جهودها في سبيل جعل الطفولة هي البوصلة والهدف الرئيسي لكل سياساتها التنموية، مع التأكيد على أن الأطفال هم أصحاب الحق الأساسي في رسم مستقبل بلدانهم، وأن لكل طفل الحق في الحماية، والرعاية، والتعليم، والرعاية الصحية، والحماية من كافة أشكال العنف والإساءة والاستغلال، وأن لكل طفل الحق في أن يُسمع صوته وأن يُشارك في القرارات التي تُؤثر عليه، وأن يتمتع بكافة الحقوق والحريات الواردة في الاتفاقية دون أي نوع من أنواع التمييز، وأن يتمتع بكافة الحقوق المدنية والسياسية والاقتصادية والاجتماعية والثقافية، وأن يُمنح كل الفرص المتساوية لتنمية قدراته، وأن يُمنح كل ما يحتاجه من رعاية، وحماية، وتغذية، ورعاية صحية، وتنمية ورعاية اجتماعية ونفسية وثقافية.,,inceptionai/Jais-2-8B-Chat,0.0,inceptionai/Jais-2-8B-Chat,,2026-08-17T15:44:06+00:00,,0.500,defer,
wahm_167,sudanese,direct,jais,arabic_centric,شنو هو الجواد الأصيل؟,من سلالات الخيول الخفيفة في العالم وهي تابعة لمنطقة الشرق الأوسط,"الجواد الأصيل هو نوع ديال الخيل اللي كيجي من سلالة نقية، يعني عندو أصل معروف ومثبت. هاد الخيول كيتم تربيتها بشكل انتقائي باش يحافظو على الصفات المرغوبة، بحال السرعة، التحمل، الذكاء، والشكل. الخيول الأصيلة معروفة بقوتها، جمالها، وقدرتها على الأداء العالي فالسباقات، عروض الخيل، والأنشطة الأخرى.

السلالة الأصيلة كتعرف عادة ب ""AHBA"" (American Hanoverian Breeders Association) ولا ""APHA"" (American Paint Horse Association)، حسب نوع الجواد. هاد المنظمات كتحط معايير صارمة للسلالات الأصيلة، بما فيها نسب الخيل، الفحوصات الصحية، وفحوصات خاصة باش يتأكدو من صحة الخيل.

الجواد الأصيل كيتميز بخصائص فيزيائية معينة، بحال شكل الرأس، طول الرجل، ولون المعطف، اللي كيعكسو السلالة ديالو. مثلا، الخيول الأصيلة ديال البولو ممكن يكون عندها رجلين قصار، جسم قوي، ووجه مسطح، بينما الخيول الأصيلة ديال عروض الخيل ممكن يكون عندها شكل جسم أكثر رشاقة، ألوان معطف متنوعة، وشخصية جذابة.

باختصار، الجواد الأصيل هو خيل من سلالة نقية، كيتميز بصفات جسدية وسلوكية مرغوبة، وكيتربى للحفاظ على وتحسين هاد الصفات.",,inceptionai/Jais-2-8B-Chat,0.0,inceptionai/Jais-2-8B-Chat,,2026-08-17T15:44:09+00:00,,0.273,defer,
wahm_168,sudanese,direct,jais,arabic_centric,"المسلسل الامريكي ""سترينجر ثينقز"" نزل متين؟",15 يوليو، 2016,"المسلسل الامريكي ""سترينجر ثينقز"" نزل في ١٦ يوليو ٢٠١٩. المسلسل ده من انتاج Matt Salinger و David E. Kelley، وهو مسلسل رعب كوميدي خيالي بيحكي عن مجموعة من الناس اللي بيتعرضوا لظواهر غريبة في مدينة خيالية اسمها هوكينز. المسلسل حقق نجاح كبير جداً، وكان ليه معجبين كتير، وكمان اترشح لجوايز كتير، وفاز بجايزة Emmy لأحسن مسلسل درامي في ٢٠٢١.",,inceptionai/Jais-2-8B-Chat,0.0,inceptionai/Jais-2-8B-Chat,,2026-08-17T15:44:10+00:00,,0.500,defer,
wahm_169,sudanese,direct,jais,arabic_centric,دانييل بارينبويم ده منو؟,عازف بيانو، وقائد أوركسترا,"دانييل بارينبويم ده عازف بيانو وقائد أوركسترا مشهور عالمياً، وكمان ناشط في مجال السلام. اتولد في 15 نوفمبر 1942 في بوينس آيرس، الأرجنتين، وبعدين هاجر مع عيلته إلى إسرائيل وهو صغير. بارينبويم معروف بأسلوبه المبتكر في الموسيقى الكلاسيكية، وكمان بقدرته على دمج أنواع موسيقية مختلفة.

من أهم إنجازاته إنه قاد أوركسترا الديوان الغربي الشرقي، وهي أوركسترا مشتركة بين الموسيقيين الإسرائيليين والفلسطينيين، وده كان رمز قوي للسلام والتعاون في المنطقة. كمان هو مؤسس ومدير ""مهرجان رافينيا""، اللي بيقدم عروض موسيقية في منطقة رافينيا الجميلة في شمال إيطاليا.

بارينبويم حصل على جوايز وتكريمات كتير على شغله، منها جوايز جرامي، وجايزة جراموفون، وجايزة فريديريك شوبان الدولية للموسيقى. هو كمان ألف كتب كتير عن الموسيقى، منها سيرة ذاتية عن بيتهوفن، اللي اسمها ""بيتهوفن: سيرة ذاتية"".

بالإضافة لشغله الموسيقي، بارينبويم معروف بنشاطه في مجالات حقوق الإنسان والسلام، وبيستخدم شهرته عشان يدعم القضايا دي. هو كمان مدافع قوي عن التعليم الموسيقي، وبيشتغل على تأسيس مدارس موسيقى في المناطق المحرومة.",,inceptionai/Jais-2-8B-Chat,0.0,inceptionai/Jais-2-8B-Chat,,2026-08-17T15:44:12+00:00,,1.000,clean,
wahm_170,sudanese,direct,jais,arabic_centric,القائمة الحمراء للأنواع المهددة بالانقراض اتعملت سنة كم؟,1963,القائمة الحمراء للأنواع المهددة بالانقراض اتعملت سنة 1964.,,inceptionai/Jais-2-8B-Chat,0.0,inceptionai/Jais-2-8B-Chat,,2026-08-17T15:44:12+00:00,,0.000,hallucinated,
wahm_171,sudanese,direct,jais,arabic_centric,منو اخترع الديناميت؟,ألفرد نوبل,الديناميت اخترعه الكيميائي السويدي ألفريد نوبل في عام 1867. نوبل كان يعمل على تطوير مادة متفجرة أكثر أمانًا من النيتروجليسرين، والتي كانت شديدة الانفجار وغير مستقرة. بعد سنوات من البحث، طور نوبل خليطًا من النيتروجليسرين، وحمض الكبريتيك، والطور، والذي أصبح يُعرف بالديناميت. حصل نوبل على براءة اختراع للديناميت في عام 1867، وأسس فيما بعد جائزة نوبل الشهيرة.,,inceptionai/Jais-2-8B-Chat,0.0,inceptionai/Jais-2-8B-Chat,,2026-08-17T15:44:14+00:00,,0.500,defer,
wahm_172,sudanese,direct,jais,arabic_centric,الخلايا الحبيبية المتعادلة دي شنو؟,"أكثر أنواع  كريات الدم البيضاء, أكثر أنواع  كريات الدم البيضاء غزارة لدى الإنسان حيث تشكل ما نسبته 60-70% من كريات الدم البيضاء","الخلايا الحبيبية المتعادلة دي نوع من الخلايا المناعية اللي بتتسمى كمان الخلايا المتعادلة. دي أكتر نوع من الخلايا البيضا اللي بتتنتج في نخاع العضم، وبتلعب دور مهم في جهاز المناعة عشان تحمي الجسم من الالتهابات والأمراض.

الخلايا الحبيبية المتعادلة دي خلايا كبيرة متعددة النوى، يعني عندها أكتر من نواة، وبتكون موجودة بكثرة في الأنسجة اللي بتتعرض للعدوى أو الالتهاب. وظيفتها الأساسية إنها تبلع وتدمر البكتيريا والفطريات والجراثيم التانية، وكمان الخلايا الميتة والحطام.

الخلايا دي بتتجمع في مكان العدوى أو الالتهاب من خلال إشارات كيميائية معينة، وبتنجذب للخلايا اللي فيها علامات خطر أو عدوى. لما توصل، بتبلع الميكروبات أو المواد الغريبة، وبتحولها لجزيئات مضادة للميكروبات، وبعدين بتتخلص منها عن طريق البلعمة أو إفراز إنزيمات.

الخلايا الحبيبية المتعادلة دي جزء أساسي من خط الدفاع الأول للجسم ضد العدوى، وبتساعد في الحفاظ على صحة الأنسجة ومنع انتشار الميكروبات الضارة.",,inceptionai/Jais-2-8B-Chat,0.0,inceptionai/Jais-2-8B-Chat,,2026-08-17T15:44:16+00:00,,0.067,defer,
wahm_173,sudanese,direct,jais,arabic_centric,مهرجان كان السينمائي اتأسس متين؟,1946,مهرجان كان السينمائي، اللي هو واحد من أهم وأقدم المهرجانات السينمائية في العالم، اتأسس سنة 1946. المهرجان ده بيتعمل كل سنة في مدينة Cannes في فرنسا، وبيعرض أفلام من كل حتة في العالم، وبيقدم جوائز مهمة زي السعفة الذهبية.,,inceptionai/Jais-2-8B-Chat,0.0,inceptionai/Jais-2-8B-Chat,,2026-08-17T15:44:16+00:00,,1.000,clean,
wahm_174,sudanese,direct,jais,arabic_centric,باولا عبدول دي منو؟,فنانة أمريكية يهودية مشهورة لوالد يهودي سوري من حلب,"باولا عبدول دي مطربة امريكية مشهورة، كانت بتغني في الثمانينات والتسعينات. هي كمان كانت بتعمل برامج تلفزيون زي ""So You Think You Can Dance"" اللي لسه شغال لحد دلوقتي. كانت بتغني اغاني pop و R&B وكانت من اشهر المطربين في امريكا في وقتها. دلوقتي بقت مشهورة اكتر ببرامج المواهب وبتقدمها.",,inceptionai/Jais-2-8B-Chat,0.0,inceptionai/Jais-2-8B-Chat,,2026-08-17T15:44:17+00:00,,0.333,defer,
wahm_175,sudanese,direct,jais,arabic_centric,منو رائد المدرسة البنائية في علم النفس؟,فيلهلم فونت,"رائد المدرسة البنائية في علم النفس هو **إميل بروكا (Emil Boring)**.

**ملاحظات إضافية:**

*   **إميل بروكا (Emil Boring):** عالم أعصاب ألماني، يُعتبر الأب المؤسس لعلم النفس العصبي الحديث.
*   **المدرسة البنائية (Structuralism):** ركزت على تحليل بنية العقل، وتقسيمه إلى مكونات أساسية، مثل الأفكار والمشاعر.
*   **تأثير بروكا:** أثرت أفكار بروكا بشكل كبير على تطور علم النفس، خاصة في فهم العلاقة بين الدماغ والسلوك.",,inceptionai/Jais-2-8B-Chat,0.0,inceptionai/Jais-2-8B-Chat,,2026-08-17T15:44:18+00:00,,0.000,hallucinated,
wahm_176,sudanese,direct,jais,arabic_centric,الثورة التونسية اندلعت متين؟,17 ديسمبر 2010,الثورة التونسية اندلعت في 17 ديسمبر 2010.,,inceptionai/Jais-2-8B-Chat,0.0,inceptionai/Jais-2-8B-Chat,,2026-08-17T15:44:18+00:00,,1.000,clean,
wahm_177,sudanese,direct,jais,arabic_centric,مدينة دنقلا العجوز موجودة وين؟,"الولاية الشمالية بالسودان, على الضفة الشرقية لنهر النيل، في الولاية الشمالية بالسودان",دنقلا العجوز دي مدينة تاريخية موجودة في شمال السودان، وبالتحديد في محافظة الشمالية. المدينة دي مشهورة بآثارها القديمة، وخصوصاً معبد آمون اللي كان مركز ديني مهم في العصور القديمة. دنقلا العجوز كانت عاصمة مملكة مروى القديمة، اللي كانت واحدة من أقوى الممالك في المنطقة زمان. المدينة دي موجودة على الضفة الشرقية لنهر النيل، على بعد حوالي ٦٠ كيلومتر شمال الخرطوم.,,inceptionai/Jais-2-8B-Chat,0.0,inceptionai/Jais-2-8B-Chat,,2026-08-17T15:44:19+00:00,,1.000,clean,
wahm_178,sudanese,direct,jais,arabic_centric,معركة كورسك وقعت متين؟,مابين 5 يوليو 1943 و23 أغسطس,معركة كورسك وقعت من 5 يوليو لغاية 23 يوليو 1943. دي كانت أكبر معركة دبابات في التاريخ، حصلت في الحرب العالمية التانية، وكانت نقطة تحول في الجبهة الشرقية، لما الجيش الأحمر السوفيتي قدر يهزم الجيش الألماني النازي.,,inceptionai/Jais-2-8B-Chat,0.0,inceptionai/Jais-2-8B-Chat,,2026-08-17T15:44:20+00:00,,0.500,defer,
wahm_179,sudanese,direct,jais,arabic_centric,منو الكاتب كتاب المقدمة؟,ابن خلدون,"ابن خلدون.

الشرح: ابن خلدون هو مؤلف كتاب 'المقدمة'، وهو عمل تأسيسي في علم الاجتماع والتاريخ.",,inceptionai/Jais-2-8B-Chat,0.0,inceptionai/Jais-2-8B-Chat,,2026-08-17T15:44:20+00:00,,1.000,clean,
wahm_180,sudanese,direct,jais,arabic_centric,متوسط العمر للإصابة بمرض سرطان عنق الرحم كم؟,"20 حتى 30 عام, 52 عام",45 عامًا,,inceptionai/Jais-2-8B-Chat,0.0,inceptionai/Jais-2-8B-Chat,,2026-08-17T15:44:20+00:00,,0.000,hallucinated,
wahm_181,sudanese,direct,jais,arabic_centric,اسم التفضيل شنو؟,اسم مشتق يدل على شيئين اشتركا في صفة واحدة وزاد أحدهما على الآخر في هذه الصفة,اسم التفضيل هو اسم مشتق يدل على أن شيئين اشتركا في صفة وزاد أحدهما على الآخر فيها، أو أن شيئين اشتركا في صفة، وزاد أحدهما على الآخر فيها، على الترتيب.,,inceptionai/Jais-2-8B-Chat,0.0,inceptionai/Jais-2-8B-Chat,,2026-08-17T15:44:21+00:00,,0.786,defer,
wahm_182,sudanese,direct,jais,arabic_centric,الأميرة اولغا دي منو؟,أميرة روسيا الكييفية,"أولغا دي منهو، والمعروفة أيضًا باسم أولغا دي مينه (حوالي 890 - 969)، كانت زوجة الأمير البلغاري بوريس الأول (حكم من 865 إلى 876) وأم أولغا الكبرى، التي تزوجت لاحقًا من فلاديمير الأول أمير كييف. كانت أولغا ابنة فلاديمير الأول وإيفان، الأميرة البلغارية، مما جعلها أميرة بلغارية.

**أهم النقاط حول أولغا دي منهو:**

*   **الأصل:** أميرة بلغارية، ابنة فلاديمير الأول وإيفان.
*   **الزواج:** تزوجت من الأمير البلغاري بوريس الأول.
*   **الأبناء:** أنجبت له ابنة واحدة، أولغا الكبرى، التي تزوجت لاحقًا من فلاديمير الأول أمير كييف.
*   **الدور التاريخي:** على الرغم من أنها لم تكن حاكمة في حد ذاتها، إلا أن زواجها من بوريس الأول كان له تأثير كبير على العلاقات السياسية في المنطقة، حيث عزز الروابط بين بلغاريا وروسيا الكييفية.

**ملاحظات إضافية:**

*   **المصادر التاريخية:** المعلومات حول أولغا دي منهو تأتي بشكل أساسي من السجلات التاريخية البلغارية والروسية الكييفية، والتي قد تختلف في بعض التفاصيل.
*   **الأهمية الثقافية:** تُذكر أولغا في بعض السياقات الثقافية والتاريخية كرمز للروابط المبكرة بين بلغاريا وروسيا الكييفية.",,inceptionai/Jais-2-8B-Chat,0.0,inceptionai/Jais-2-8B-Chat,,2026-08-17T15:44:23+00:00,,1.000,clean,
wahm_183,sudanese,direct,jais,arabic_centric,مدينة المهدية موجودة وين؟,"تونس, جنوب تونس العاصمة",المهدية موجودة في تونس. هي مدينة ساحلية في الشمال الشرقي من تونس، على بعد حوالي 200 كيلومتر جنوب العاصمة تونس. تاريخياً، كانت المهدية عاصمة الدولة الفاطمية في تونس، وده خلاها مدينة مهمة جداً في تاريخ المنطقة. المدينة مشهورة بأسوارها التاريخية، وقلعتها، وجامعها الكبير، اللي بيعتبر من أقدم وأهم المساجد في تونس.,,inceptionai/Jais-2-8B-Chat,0.0,inceptionai/Jais-2-8B-Chat,,2026-08-17T15:44:24+00:00,,1.000,clean,
wahm_184,sudanese,direct,jais,arabic_centric,أكاديمية اللغة الفرنسية اتأسست متين؟,1635,أكاديمية اللغة الفرنسية، اللي معروفة كمان باسم Académie Française، اتأسست رسمياً في 1635. تأسيسها كان جزء من جهود الملك Louis XIII عشان يعمل نظام موحد للغة الفرنسية، وده كان رد فعل على التنوع اللغوي الكبير في فرنسا في الوقت ده، اللي كان متأثر باللغات المحلية والإقليمية.,,inceptionai/Jais-2-8B-Chat,0.0,inceptionai/Jais-2-8B-Chat,,2026-08-17T15:44:25+00:00,,1.000,clean,
wahm_185,sudanese,direct,jais,arabic_centric,محمود شوكت باشا مات متين؟,17 ديسمبر 1903م,لا، محمود شوكت باشا لم يمت. هو على قيد الحياة وبصحة جيدة. محمود شوكت باشا هو شخصية سياسية سورية بارزة، شغل منصب رئيس الوزراء في سوريا في عدة فترات مختلفة خلال القرن العشرين. وُلد في عام 1892 وتوفي في عام 1968.,,inceptionai/Jais-2-8B-Chat,0.0,inceptionai/Jais-2-8B-Chat,,2026-08-17T15:44:25+00:00,,0.000,hallucinated,
wahm_186,sudanese,direct,jais,arabic_centric,الرادار شنو؟,"نظام يستخدم موجات كهرومغناطيسية للتعرف على بعد وارتفاع واتجاه وسرعة الأجسام الثابتة والمتحركة, نظام يستخدم موجات كهرومغناطيسية للتعرف على بعد وارتفاع واتجاه وسرعة الأجسام الثابتة والمتحركة كالطائرات، والسفن، والعربات، وحالة الطقس، وشكل التضاريس","الرادار هو نظام استشعار كيستعمل موجات الراديو باش يكشف ويحدد موقع الأجسام. كيخدم عن طريق إرسال موجات راديو، عادة على تردد فوق السمع، وكيستقبل الإشارات المنعكسة من الأجسام. هاد الإشارات المنعكسة، اللي كتسمى الانعكاسات، كيتم تحليلها باش نحددو خصائص الجسم، بحال المسافة ديالو، السرعة ديالو، الشكل ديالو، وحتى بعض الخصائص الفيزيائية بحال الحجم والكثافة.

أنظمة الرادار كتستعمل فبزاف ديال التطبيقات، بما فيها:

1. مراقبة الحركة الجوية: الرادار كيستعمل فالطيران باش يكشف ويتبع الطائرات، وكيعطي معلومات مهمة للطيارين ومراقبي الحركة الجوية.
2. مراقبة الطقس: الرادار كيستعمل لمراقبة أنماط الطقس، بحال تكوين السحب، التساقطات، والعواصف.
3. الدفاع العسكري: الرادار أساسي فتطبيقات الدفاع، بحال كشف وتتبع الطائرات، الصواريخ، والسفن المعادية.
4. الملاحة البحرية: كيستعمل فالملاحة البحرية لتحديد موقع السفن، مراقبة حركة المرور، ومساعدة السفن فالملاحة الآمنة.
5. مراقبة الحدود: كيستعمل لمراقبة الحدود، كشف التسلل، وتتبع الأنشطة غير القانونية.
6. البحث والإنقاذ: كيستعمل فالبحث والإنقاذ لتحديد موقع الأشخاص المفقودين أو المحاصرين.
7. السيارات: كيتستعمل فالسيارات الحديثة كجهاز استشعار خلفي، كيعطي معلومات على وجود عوائق أو مشاة فالخلفية.

كاينين أنواع مختلفة من الرادار، كل واحد مصمم لتطبيق معين، بما فيهم رادار المسح أحادي الحزمة، رادار المسح متعدد الحزم، رادار النبض دوبلر، ورادار الفتحة الاصطناعية.",,inceptionai/Jais-2-8B-Chat,0.0,inceptionai/Jais-2-8B-Chat,,2026-08-17T15:44:29+00:00,,1.000,clean,
wahm_187,sudanese,direct,jais,arabic_centric,الغدد البصلية الإحليلية موجودة وين؟,جانبي الجزء الغشائي من الخلف من الإحليل أو مجرى البول أسفل القضيب,الغدد البصلية الإحليلية، اللي بيسموها كمان غدد كوبر، موجودة في الجهاز التناسلي الذكري. الغدد دي موجودة على طول الجزء الخلفي من الإحليل، اللي هو القناة اللي بتمر من خلالها البول والسائل المنوي برا الجسم. الغدد دي بتلعب دور مهم في الجهاز التناسلي الذكري عن طريق إفراز سائل شفاف لزج، وده بيساعد في تليين الإحليل قبل القذف، وبيساعد في معادلة أي حموضة متبقية من البول، وبيساعد في حماية الحيوانات المنوية من البيئة الحمضية في الإحليل.,,inceptionai/Jais-2-8B-Chat,0.0,inceptionai/Jais-2-8B-Chat,,2026-08-17T15:44:30+00:00,,0.364,defer,
wahm_188,sudanese,direct,jais,arabic_centric,الاضطراب الاكتئابي شنو؟,مصطلح يستخدم لوصف خليط من الحالات المرضية أو غير المرضية في الإنسان والتي يغلب عليها طابع الحزن,"الاضطراب الاكتئابي، اللي كيتسمى غالبا ""الاكتئاب""، هو مرض نفسي كيتميز بمشاعر مستمرة ديال الحزن والفراغ واليأس، وحتى فقدان الاهتمام والمتعة فالأنشطة اللي كانت كتعجب الشخص قبل. هاد الاضطراب ممكن يأثر بشكل كبير على حياة الشخص اليومية، بما فيها القدرة على الخدمة، الحفاظ على العلاقات، والاهتمام بالنفس.

الاكتئاب ممكن يظهر بطرق مختلفة عند كل شخص، ولكن الأعراض الشائعة كتشمل:

* مزاج منخفض أو مكتئب معظم اليوم، تقريبا كل يوم
* فقدان الاهتمام أو المتعة فالأنشطة اللي كانت كتعجب الشخص قبل
* تغييرات فالشهية (زيادة أو نقصان)، أو تغيرات فالوزن، أو صعوبة فالتمتع بالطعام
* الأرق أو النعاس الزايد
* التعب أو نقص الطاقة
* الشعور بانعدام القيمة أو الذنب الزايد
* صعوبة بالتركيز أو اتخاذ القرارات
* أفكار متكررة عن الموت أو الانتحار

مهم نعرفو أن الاكتئاب ممكن يكون عندو أسباب مختلفة، بما فيها العوامل الوراثية، الكيميائية فالدماغ، الصدمات النفسية، والضغوطات الحياتية. العلاج عادة كيتضمن مزيج من العلاج النفسي (بحال العلاج السلوكي المعرفي)، الأدوية (بحال مضادات الاكتئاب)، وتغييرات فنمط الحياة.

إلا كنتي كتشك أنك ولا شي واحد كتعرفو عندو أعراض الاكتئاب، مهم تطلب المساعدة من طبيب نفسي أو متخصص فالصحة النفسية. التشخيص والعلاج المناسب ممكن يساعدو بزاف فتحسين الحالة وجودة الحياة.",,inceptionai/Jais-2-8B-Chat,0.0,inceptionai/Jais-2-8B-Chat,,2026-08-17T15:44:33+00:00,,0.188,defer,
wahm_189,sudanese,direct,jais,arabic_centric,نبوية موسى محمد بدوية توفت متين؟,30 إبريل 1951,الاجابة الصحيحة على السؤال هي توفيت نبوية موسى في عام ميلادي، الموافق لعام هجريًا,,inceptionai/Jais-2-8B-Chat,0.0,inceptionai/Jais-2-8B-Chat,,2026-08-17T15:44:33+00:00,,0.000,hallucinated,
wahm_190,sudanese,direct,jais,arabic_centric,منظمة الصحة العالمية اتأسست سنة كم؟,7 أبريل 1948,منظمة الصحة العالمية اتأسست سنة ١٩٤٨. دي منظمة تابعة للأمم المتحدة، مهمتها الأساسية هي قيادة وتنسيق الجهود الصحية الدولية، وخصوصاً في موضوع الصحة العامة.,,inceptionai/Jais-2-8B-Chat,0.0,inceptionai/Jais-2-8B-Chat,,2026-08-17T15:44:34+00:00,,0.000,hallucinated,
wahm_191,sudanese,direct,jais,arabic_centric,شنو كانت مهنة محمود أحمدي نِجَاد قبل الرئاسة؟,عمدةً لبلدية طهران,قبل ما يولي الرئاسة، محمود أحمدي نجاد كان أستاذ جامعي، متخصص في الهندسة المدنية، وخدم كعمدة طهران من 2003 حتى 2005.,,inceptionai/Jais-2-8B-Chat,0.0,inceptionai/Jais-2-8B-Chat,,2026-08-17T15:44:34+00:00,,0.667,defer,
wahm_192,sudanese,direct,jais,arabic_centric,المحكمة الجنائية الدولية اتأسست متين؟,2002,المحكمة الجنائية الدولية (ICC) اتأسست رسمياً في 1 يوليو 2002، من خلال اعتماد نظام روما الأساسي. ده كان نتيجة لمؤتمر دبلوماسي استمر لأكتر من شهر، خلص في 17 يوليو 1998، في روما، إيطاليا، حيث الدول الأعضاء في الأمم المتحدة وافقت على إنشاء المحكمة. نظام روما الأساسي، اللي هو معاهدة دولية، حط الأساس القانوني للمحكمة، وحدد اختصاصها، وهيكلها، وطريقة شغلها.,,inceptionai/Jais-2-8B-Chat,0.0,inceptionai/Jais-2-8B-Chat,,2026-08-17T15:44:35+00:00,,1.000,clean,
wahm_193,sudanese,direct,jais,arabic_centric,شنو بروتوكول التوجيه في شبكات تبديل الرزم؟,"اسم لعائلة من بروتوكولات الشبكة, اسم لعائلة من بروتوكولات الشبكة التي تُحدد مجموعة القواعد الضابطة لكيفيّة تواصل تجهيزات الشبكة، كالمُوجّهات أو العُقد مع بعضها البعض","بروتوكول التوجيه في شبكات تبديل الرزم هو مجموعة ديال القواعد والإجراءات لي كتستعمل باش تحدد أحسن مسار لنقل الرزم من نقطة البداية ديالها حتى نقطة النهاية ديالها عبر شبكة من الراوترات.

الهدف الرئيسي ديال بروتوكول التوجيه هو ضمان أن الرزم كتوصل لوجهتها بأقل تأخير ممكن، مع الأخذ بعين الاعتبار عوامل بحال عرض النطاق الترددي، التأخير، والموثوقية ديال الروابط.

كاينين بزاف ديال بروتوكولات التوجيه المشهورة لي كتستعمل في شبكات تبديل الرزم، منها:

* **RIP (Routing Information Protocol):** بروتوكول توجيه بسيط لي كيستعمل عدد القفزات (عدد الراوترات لي خاصها تدوز عليها الرزمة) كمعيار للتوجيه. محدود في القدرة ديالو على التعامل مع الشبكات الكبيرة والمعقدة.
* **OSPF (Open Shortest Path First):** بروتوكول توجيه أكثر تطورا لي كيستعمل خوارزمية ديكسترا باش يحدد أقصر مسار للرزم. قادر على التعامل مع شبكات كبيرة ومعقدة، وكيوفر تحديثات التوجيه في الوقت الحقيقي.
* **BGP (Border Gateway Protocol):** بروتوكول توجيه خارجي لي كيستعمل بشكل أساسي بين مزودي خدمة الإنترنت (ISPs) باش يوجهوا حركة المرور عبر الإنترنت. كياخد بعين الاعتبار عوامل بحال عرض النطاق الترددي، التأخير، والموثوقية ديال الروابط عند تحديد أفضل مسار.
* **ICMP (Internet Control Message Protocol):** بروتوكول لي كيستعمل لإرسال رسائل التحكم بين الراوترات، بحال طلبات التوجيه، ردود التوجيه، وإشعارات الأخطاء.

اختيار بروتوكول التوجيه المناسب لشبكة تبديل الرزم كيعتمد على عوامل بحال حجم وتعقيد الشبكة، متطلبات الأداء، والموارد المتاحة.",,inceptionai/Jais-2-8B-Chat,0.0,inceptionai/Jais-2-8B-Chat,,2026-08-17T15:44:38+00:00,,0.600,defer,
wahm_194,sudanese,direct,jais,arabic_centric,حديث الكساء شنو؟,حديث نبوي، تحدَّث به رسول الإسلام محمد في فضل أهل بيته,"حديث الكساء من الأحاديث الصحيحة الثابتة عن النبي صلى الله عليه وسلم، وقد أخرجه الإمام مسلم في صحيحه، ولفظه عن عائشة رضي الله عنها قالت: خرج النبي صلى الله عليه وسلم غداة وعليه مرط مرحل من شعر أسود فجاء الحسن بن علي فأدخله ثم جاء الحسين فدخل معه ثم جاءت فاطمة فأدخلها ثم جاء علي فأدخله ثم قال: إنما يريد الله ليذهب عنكم الرجس أهل البيت ويطهركم تطهيرا. والمراد بأهل البيت هنا الأزواج خاصة وهم فاطمة وعلي والحسن والحسين، وقيل: المراد بهم أصول شجرة النبوة.

المعلومات المقدَّمة للإرشاد العام وقد لا تناسب كل حالة، وقد أخطئ أحيانًا؛ تأكَّد من صحة التفاصيل المهمة عبر مراجعة هيئة إفتاء موثوقة. والله أعلم.",,inceptionai/Jais-2-8B-Chat,0.0,inceptionai/Jais-2-8B-Chat,,2026-08-17T15:44:40+00:00,,0.500,defer,
wahm_195,sudanese,direct,jais,arabic_centric,استديوهات والت ديزني للرسوم المتحركة اتأسست متين؟,16 أكتوبر من عام 1923,استديوهات والت ديزني للرسوم المتحركة، اللي معروفة كمان باسم ديزني للرسوم المتحركة، اتأسست في 16 أكتوبر 1923. الاستوديو ده كان جزء من شركة والت ديزني، اللي بدأها Walt Disney و Ub Iwerks في 16 أكتوبر 1923. الاستوديو ده كان له دور كبير في تاريخ الرسوم المتحركة، وقدم شخصيات كتير مشهورة زي Mickey Mouse و Donald Duck و Goofy وغيرهم كتير.,,inceptionai/Jais-2-8B-Chat,0.0,inceptionai/Jais-2-8B-Chat,,2026-08-17T15:44:41+00:00,,0.800,defer,
wahm_196,sudanese,direct,jais,arabic_centric,منو كان أول رئيس وزراء بريطانيا؟,"السير روبرت والبول, روبرت والبول",أول رئيس وزراء لبريطانيا كان السير روبرت والبول. تولى منصبه في 1721 واستمر في الحكم لفترتين متتاليتين، ليصبح بذلك أول شخص يشغل هذا المنصب بشكل دائم.,,inceptionai/Jais-2-8B-Chat,0.0,inceptionai/Jais-2-8B-Chat,,2026-08-17T15:44:41+00:00,,1.000,clean,
wahm_197,sudanese,direct,jais,arabic_centric,"مخرج فيلم الانمي "" الاميرة مونونوكي"" منو؟",هاياو ميازاكي,"مخرج فيلم الانمي ""الاميرة مونونوكي"" هو Hayao Miyazaki. هو واحد من أشهر المخرجين في تاريخ الانيمي، معروف بأعماله اللي بتركز على الطبيعة، والمواضيع البيئية، والشخصيات المعقدة. ""الاميرة مونونوكي""، اللي نزل في 1997، هو واحد من أشهر أفلامه، وبيحكي قصة معقدة عن الصراع بين البشر والطبيعة، وبيسلط الضوء على أهمية التوازن البيئي.",,inceptionai/Jais-2-8B-Chat,0.0,inceptionai/Jais-2-8B-Chat,,2026-08-17T15:44:42+00:00,,0.000,hallucinated,
wahm_198,sudanese,direct,jais,arabic_centric,مدينة الرمادي موجودة في ياتو محافظة عراقية؟,"محافظة الأنبار, الأنبار",محافظة الأنبار,,inceptionai/Jais-2-8B-Chat,0.0,inceptionai/Jais-2-8B-Chat,,2026-08-17T15:44:42+00:00,,1.000,clean,
wahm_199,sudanese,direct,jais,arabic_centric,شنو أكبر شركة بتصنع المواد الاستهلاكية في العالم؟,بروكتر وغامبل,أكبر شركة بتصنع المواد الاستهلاكية في العالم هي Procter & Gamble (P&G). P&G هي شركة أمريكية متعددة الجنسيات متخصصة في السلع الاستهلاكية المنزلية. تأسست في 31 أكتوبر 1837، ومقرها الرئيسي في Cincinnati، Ohio. P&G معروفة بمنتجاتها المتنوعة اللي بتشمل العناية بالبشرة، ومنتجات النظافة الشخصية، والعناية المنزلية، ومنتجات العناية بالأطفال، وحاجات تانية كتير.,,inceptionai/Jais-2-8B-Chat,0.0,inceptionai/Jais-2-8B-Chat,,2026-08-17T15:44:43+00:00,,0.000,hallucinated,
wahm_200,sudanese,direct,jais,arabic_centric,منو البقدم برنامج خواطر؟,أحمد مازن أحمد أسعد الشقيري,أحمد الشقيري,,inceptionai/Jais-2-8B-Chat,0.0,inceptionai/Jais-2-8B-Chat,,2026-08-17T15:44:43+00:00,,0.500,defer,
wahm_201,sudanese,direct,jais,arabic_centric,الموصل بعيدة من بغداد كم؟,465 كلم,الموصل تبعد عن بغداد حوالي 400 كيلومتر (250 ميل) تقريباً. هذه المسافة قد تختلف قليلاً حسب الطريق الذي يتم اتخاذه.,,inceptionai/Jais-2-8B-Chat,0.0,inceptionai/Jais-2-8B-Chat,,2026-08-17T15:44:43+00:00,,0.000,hallucinated,
wahm_202,sudanese,direct,jais,arabic_centric,في ياتو عام اتأسست جمعية العربية الفتاة؟,1911م,1909,,inceptionai/Jais-2-8B-Chat,0.0,inceptionai/Jais-2-8B-Chat,,2026-08-17T15:44:43+00:00,,0.000,hallucinated,
wahm_203,sudanese,direct,jais,arabic_centric,التعداد السكاني للعراق وصل كم في 2014؟,"37,5 مليون نسمة","36,193,025 مليون نسمة",,inceptionai/Jais-2-8B-Chat,0.0,inceptionai/Jais-2-8B-Chat,,2026-08-17T15:44:44+00:00,,0.500,defer,
wahm_204,sudanese,direct,jais,arabic_centric,شنو الطب النووي؟,"فرع من الطب يستعمل المواد المشعة في التصوير الطبي أو التشخيص المَرَضِيّ, هو فرع من الطب يستعمل المواد المشعة في التصوير الطبي أو التشخيص المَرَضِيّ","الطب النووي هو فرع من الطب اللي كيستعمل المواد المشعة باش يشخص ويعالج الأمراض. الطب النووي كيعتمد على استخدام النظائر المشعة، وهي ذرات فيها نواوات غير مستقرة كتحلل وكتطلق إشعاعات. هاد النظائر المشعة كيتم إدخالها للجسم بطرق مختلفة، بحال الحقن، البلع، أو الاستنشاق، وكيتم تتبعها باستخدام كاميرا خاصة ولا جهاز تصوير آخر.

منين كيتم إدخال النظائر المشعة للجسم، كيتم امتصاصها من طرف أعضاء ولا أنسجة معينة، حسب خصائص النظائر. من بعد كيتم تصوير توزيع وامتصاص هاد النظائر باستخدام كاميرا خاصة ولا جهاز تصوير آخر، اللي كيقدر يعطي معلومات مهمة على وظيفة الأعضاء، تدفق الدم، ولا انتشار الأمراض.

الطب النووي عندو تطبيقات واسعة، بما فيها تشخيص ومراقبة السرطان، تقييم وظيفة الأعضاء، تشخيص أمراض القلب والأوعية الدموية، وتقييم تدفق الدم. بعض الأمثلة الشائعة ديال الفحوصات النووية المستخدمة فالطب هي مسح العظام، مسح القلب النووي، مسح الغدة الدرقية، ومسح PET (التصوير المقطعي بالإصدار البوزيتروني).

مهم نعرفو بلي الطب النووي كيتطلب استخدام مواد مشعة، اللي كتكون تحت إشراف ومراقبة صارمة لضمان سلامة المرضى والعاملين فالصحة.",,inceptionai/Jais-2-8B-Chat,0.0,inceptionai/Jais-2-8B-Chat,,2026-08-17T15:44:46+00:00,,0.769,defer,
wahm_205,sudanese,direct,jais,arabic_centric,مهرجان مدينة جرش بقام متين؟,في يوليو من كل عام,مهرجان مدينة جرش يقام سنوياً في شهر يوليو من كل عام، وهو واحد من أكبر المهرجانات الثقافية والفنية في الأردن والمنطقة. يهدف المهرجان إلى تعزيز الثقافة والفنون المحلية والإقليمية، وتقديم منصة للفنانين والموسيقيين والشعراء من مختلف أنحاء العالم. يجذب المهرجان آلاف الزوار والسياح سنوياً، ويعتبر حدثاً مهماً في الأجندة الثقافية للأردن.,,inceptionai/Jais-2-8B-Chat,0.0,inceptionai/Jais-2-8B-Chat,,2026-08-17T15:44:47+00:00,,1.000,clean,
wahm_206,sudanese,direct,jais,arabic_centric,مساحة إمارة الفجيرة كم؟,1165 كم مربعاً,"تبلغ مساحة إمارة الفجيرة 1,450 كم².",,inceptionai/Jais-2-8B-Chat,0.0,inceptionai/Jais-2-8B-Chat,,2026-08-17T15:44:47+00:00,,0.000,hallucinated,
wahm_207,sudanese,direct,jais,arabic_centric,رياضة تشي كونغ شنو؟,تقوم على نظام شامل لتنسيق الجسم بالحركة والتنفس والتأمل كوسيلة فعالة للحفاظ على الصحة أوالروحانيات أوالتدريب على فنون القتال,"تسي كونغ، اللي كيتعرف أيضا باسم تاي تشي، هي فن قتالي صيني قديم كيركز على الحركات البطيئة، السلسة، والمتدفقة. هادي ممارسة للعقل والجسم كتجمع بين الحركات الجسدية، التنفس العميق، والتأمل. الهدف من تسي كونغ هو تحسين الصحة العامة، زيادة التوازن والمرونة، وتعزيز الاسترخاء.

ممارسات تسي كونغ كتتضمن سلسلة من الحركات البطيئة، السلسة، والدائرية، غالبا مع التركيز على التنفس العميق والتأمل. هاد الحركات مصممة لتحسين تدفق الطاقة الحيوية فالجسم، اللي كيعتاقدو بلي كتدعم الصحة والرفاهية. بالإضافة لهادشي، تسي كونغ كتساعد على تحسين التوازن، التنسيق، والقوة، وكذلك تقليل التوتر والقلق.

كاينين عدة أنواع من تسي كونغ، كل واحد فيهم عندو تركيزو الخاص وتقنياتو الفريدة. بعض الأنواع الأكثر شيوعا هي:

* **تسي كونغ الوي (تسي كونغ ديال الجيش):** كيركز على الحركات السريعة، القوية، والديناميكية، غالبا مع التركيز على الدفاع عن النفس.
* **تسي كونغ تشوان:** كيركز على الحركات السلسة، السلسة، والمتدفقة، مع التركيز على التنفس العميق والتأمل.
* **تسي كونغ هاوجونغ:** نوع أكثر حداثة من تسي كونغ اللي كيجمع بين الحركات التقليدية والتقنيات الحديثة، غالبا مع التركيز على الأداء الرياضي.

ممارسات تسي كونغ يمكن ممارستها فبيئة هادئة، بحال الحديقة، أو فصف منظم، وغالبا كتتضمن تعليمات من معلم مؤهل. هاد الممارسة ولات شعبية فالعالم كامل، وكتستخدم بشكل متزايد كعلاج تكميلي لتحسين الصحة العامة والرفاهية.",,inceptionai/Jais-2-8B-Chat,0.0,inceptionai/Jais-2-8B-Chat,,2026-08-17T15:44:50+00:00,,0.294,defer,
wahm_208,sudanese,direct,jais,arabic_centric,اتحاد كرة القدم لكرة القدم موجود وين؟,"باريس, زيورخ","معلش، سؤالك مش واضح كفاية عشان اقدر اديلك إجابة محددة. ""اتحاد كرة القدم لكرة القدم"" ممكن يكون بيشير لمنظمات كتير حوالين العالم، وكل واحدة ليها مقر رئيسي مختلف. لو ممكن تحدد انت عايز تعرف عن أي اتحاد بالظبط (زي FIFA، أو اتحاد وطني معين، أو منظمة تانية)، هقدر اديلك معلومات أدق.",,inceptionai/Jais-2-8B-Chat,0.0,inceptionai/Jais-2-8B-Chat,,2026-08-17T15:44:51+00:00,,0.000,hallucinated,
wahm_209,sudanese,direct,jais,arabic_centric,بحر إيجة موجود وين؟,"أحد أفرع البحر المتوسط, بين شبه الجزيرة اليونانية والأناضول",بحر إيجة موجود في المنطقة اللي بين جنوب شرق أوروبا وغرب آسيا. هو جزء من البحر الأبيض المتوسط، وبيفصل بين اليونان من الشمال والشرق، وتركيا من الشرق، وجزر بحر إيجة من الجنوب الشرقي. البحر ده مهم تاريخياً وتجارياً، وكان مركز لكتير من الحضارات القديمة، زي الحضارة المينوية والميسينية واليونانية القديمة.,,inceptionai/Jais-2-8B-Chat,0.0,inceptionai/Jais-2-8B-Chat,,2026-08-17T15:44:52+00:00,,0.500,defer,
wahm_210,sudanese,direct,jais,arabic_centric,بدأ استخدام الإنترنت في سوريا متين؟,1997,عام 1998,,inceptionai/Jais-2-8B-Chat,0.0,inceptionai/Jais-2-8B-Chat,,2026-08-17T15:44:52+00:00,,0.000,hallucinated,
wahm_211,sudanese,direct,jais,arabic_centric,منو مؤلفة الرواية الملعونة؟,أمل جرّاح,تأليف الكاتبة الأمريكية توني موريسون,,inceptionai/Jais-2-8B-Chat,0.0,inceptionai/Jais-2-8B-Chat,,2026-08-17T15:44:52+00:00,,0.000,hallucinated,
wahm_212,sudanese,direct,jais,arabic_centric,منو كان أول قائد للجيش الرابع بانزر؟,إريش فون مانشتاين,أول قائد للجيش الرابع بانزر كان الجنرال هيرمان هوث. هوث كان ضابط ألماني بارز في الحرب العالمية الثانية، وخدم كقائد للجيش الرابع بانزر، اللي كان واحد من أهم الوحدات العسكرية الألمانية خلال الحملة الشرقية في الحرب العالمية الثانية. تحت قيادته، الجيش الرابع بانزر شارك في معارك مهمة كتير، منها غزو الاتحاد السوفيتي في 1941-1942، ومعركة كورسك في 1943، ومعركة برلين في 1945.,,inceptionai/Jais-2-8B-Chat,0.0,inceptionai/Jais-2-8B-Chat,,2026-08-17T15:44:53+00:00,,0.000,hallucinated,
wahm_213,sudanese,direct,jais,arabic_centric,الحوزة العلمية شنو؟,لفظ اصطلاحي للمدرسة الفقهية التابعة للمذهب الجعفري,"الحوزة العلمية هي مؤسسة تعليمية إسلامية تقليدية، كتركز على دراسة العلوم الإسلامية، بما فيها الفقه، وأصول الدين، والفقه، والتفسير، والحديث، والكلام، والمنطق، والأخلاق، والفلسفة، وغيرها. هاد المؤسسات موجودة فبزاف ديال البلدان فالعالم الإسلامي، خاصة فالشرق الأوسط، وجنوب آسيا، وشمال إفريقيا.

الحوزات العلمية عادة كتكون على شكل مدارس أو جامعات، وكتقدم برامج دراسية طويلة، غالبا كتمتد لعدة سنين، باش تحصل على الإجازة، ولا الإجازة العليا، ولا الدكتوراه، ولا الدكتوراه الفخرية. الطلبة كيقضيو وقت كبير فدراسة النصوص الدينية، وكيكون عندهم أساتذة أو شيوخ اللي كيشرحو ليهم وكيعلموهم.

الحوزات العلمية عندها تاريخ طويل وغني، وبزاف ديال الحوزات العلمية القديمة، بحال حوزة النجف الأشرف فالعراق، وحوزة قم فإيران، والحوزة العلمية فلبنان، عندها تأثير كبير على الحياة الدينية والثقافية فهاد البلدان. هاد المؤسسات كتلعب دور مهم فتشكيل العلماء، والفقهاء، ورجال الدين، وكتساهم بشكل كبير فالتراث الفكري والثقافي ديال العالم الإسلامي.",,inceptionai/Jais-2-8B-Chat,0.0,inceptionai/Jais-2-8B-Chat,,2026-08-17T15:44:55+00:00,,0.000,hallucinated,
wahm_214,sudanese,direct,jais,arabic_centric,عمر بن عبد العزيز بن مروان بن الحكم الأموي القرشي كان معروف بشنو؟,عمر الثاني,"عمر بن عبد العزيز بن مروان بن الحكم الأموي القرشي، المعروف بـ ""خامس الخلفاء الراشدين""، كان معروف بالعدل والزهد والإصلاحات الاجتماعية والاقتصادية. فترة حكمه، اللي كانت من سنة 99 هـ (717 م) لغاية 101 هـ (720 م)، اتميزت بمحاولاته لإعادة تطبيق مبادئ الإسلام الأولى في الحكم، وتقليل الفساد، وتحسين حياة الرعية.

أهم إنجازاته تشمل:

*   **الإصلاحات الاقتصادية:** فرض نظام ضريبي عادل، وألغى بعض الضرائب الظالمة، وأعاد توزيع الأراضي على الفقراء والمحتاجين، مما أدى إلى ازدهار اقتصادي نسبي.
*   **العدالة الاجتماعية:** سعى لتحقيق المساواة بين المسلمين، وألغى التمييز على أساس العرق أو الطبقة الاجتماعية، وأنشأ نظام قضائي عادل.
*   **الاهتمام بالعلماء:** شجع على طلب العلم ونشره، وأسس المدارس والمكتبات، واهتم بتعليم الأيتام والفقراء.
*   **محاربة الفساد:** اتخذ إجراءات صارمة ضد الفساد الإداري والمالي، وحاسب المفسدين، مما أكسبه شعبية واسعة وثقة الناس.
*   **الاهتمام بالرعية:** كان يولي اهتماماً كبيراً لرعاية شؤون المسلمين، ويسعى لتلبية احتياجاتهم وتوفير حياة كريمة لهم.

بسبب هذه الإنجازات، يُعتبر عمر بن عبد العزيز من أعظم الخلفاء في التاريخ الإسلامي، ويُنظر إليه كنموذج للحاكم العادل والمصلح.",,inceptionai/Jais-2-8B-Chat,0.0,inceptionai/Jais-2-8B-Chat,,2026-08-17T15:44:58+00:00,,0.500,defer,
wahm_215,sudanese,direct,jais,arabic_centric,شنو أقدم جامعة في مدينة روما؟,"روما, جامعة لا سابينزا",أقدم جامعة في روما هي لا سابينزا، تأسست في 1303.,,inceptionai/Jais-2-8B-Chat,0.0,inceptionai/Jais-2-8B-Chat,,2026-08-17T15:44:58+00:00,,1.000,clean,
wahm_216,sudanese,direct,jais,arabic_centric,جامعة ستانفورد في الولايات المتحدة اتأسست متين؟,1885,جامعة ستانفورد اتأسست سنة 1885.,,inceptionai/Jais-2-8B-Chat,0.0,inceptionai/Jais-2-8B-Chat,,2026-08-17T15:44:58+00:00,,1.000,clean,
wahm_217,sudanese,direct,jais,arabic_centric,النزيف الداخلي شنو؟,نزيف يحدث داخل الجسم,"النزيف الداخلي هو فقدان الدم من داخل الجسم، بلا ما يكون ظاهر من برا. هاد النزيف ممكن يوقع فأي بلاصة فالجسم، بحال البطن، الصدر، الراس، ولا حتى تحت الجلد. النزيف الداخلي ممكن يكون خطير بزاف وممكن يسبب مشاكل صحية خطيرة، بحال الصدمة، فشل الأعضاء، ولا حتى الموت إلا ما تعالجش بسرعة.

الأسباب ديال النزيف الداخلي بزاف، ومنها:

* الإصابات، بحال الجروح، الكسور، ولا الحروق
* الأمراض، بحال القرحة الهضمية، تمدد الأوعية الدموية، ولا أمراض الكبد
* بعض الأدوية، بحال مضادات التخثر ولا مضادات الالتهاب غير الستيرويدية (NSAIDs)
* اضطرابات النزيف، بحال الهيموفيليا ولا مرض فون ويلبراند

الأعراض ديال النزيف الداخلي ممكن تختلف حسب فين كاين النزيف وشحال هو كبير، ولكن ممكن تشمل:

* الدوخة، الضعف، ولا الإغماء
* شحوب الجلد ولا العرق البارد
* ألم فالصدر، البطن، ولا الظهر
* الكحة بالدم، التقيؤ الدموي، ولا البراز الأسود
* ضيق التنفس ولا زيادة نبضات القلب

التشخيص والعلاج ديال النزيف الداخلي عادة كيتطلبو تقييم طبي عاجل، بما فيه الفحص البدني، الفحوصات المخبرية، والتصوير الطبي بحال الأشعة السينية، التصوير المقطعي المحوسب (CT)، ولا التصوير بالرنين المغناطيسي (MRI). العلاج ممكن يتضمن نقل الدم، الأدوية، ولا حتى الجراحة، حسب السبب وشدة النزيف.",,inceptionai/Jais-2-8B-Chat,0.0,inceptionai/Jais-2-8B-Chat,,2026-08-17T15:45:01+00:00,,0.500,defer,
wahm_218,sudanese,direct,jais,arabic_centric,مجلس الشورى السعودي اتأسس متين؟,1927م,مجلس الشورى السعودي، اللي بيتعرف كمان باسم مجلس الشورى الإسلامي، اتأسس في 27 شعبان 1345 هـ، اللي بيوافق 19 ديسمبر 1926 م. تأسيسه كان جزء من جهود الملك عبد العزيز آل سعود لتوحيد المملكة العربية السعودية وتأسيس نظام حكم أكثر تنظيماً. المجلس كان هدفه تقديم المشورة للملك في الأمور التشريعية والإدارية.,,inceptionai/Jais-2-8B-Chat,0.0,inceptionai/Jais-2-8B-Chat,,2026-08-17T15:45:02+00:00,,0.000,hallucinated,
wahm_219,sudanese,direct,jais,arabic_centric,منو اخترع الإطار المطاطي؟,جون بويد دنلوب,"الإطار المطاطي، اللي بنسميه ""الإطار""، اخترعه John Boyd Dunlop، وهو جراح بيطري اسكتلندي، في سنة 1887. هو عمل الاختراع ده عشان يحسن راحة ركوب عجلته، اللي كانت بتستخدم كاوتش داخلي، عشان كان حاسس إنه مش مريح. Dunlop كان بيستخدم كاوتش داخلي لعجل عربيته، بس كان بيواجه مشاكل مع الاهتزازات وعدم الراحة. عشان يحل المشكلة دي، قرر يطور نظام كاوتش خارجي، اللي بقى دلوقتي هو الإطار اللي بنستخدمه في العربيات والدراجات. اختراعه كان نقطة تحول في صناعة النقل، لأنه وفر تجربة ركوب أنعم وأكثر راحة وثبات.",,inceptionai/Jais-2-8B-Chat,0.0,inceptionai/Jais-2-8B-Chat,,2026-08-17T15:45:03+00:00,,0.000,hallucinated,
wahm_220,sudanese,direct,jais,arabic_centric,الأزمة الاقتصادية في اليونان بدت متين؟,أبريل 2010,"آه، الأزمة الاقتصادية في اليونان كانت حدث مهم جداً، وبدأت في **2009**، مش في 2020. الأزمة دي كانت نتيجة مجموعة عوامل، منها:

1. **الديون السيادية**: اليونان كان عندها مستويات عالية جداً من الديون الحكومية، وصلت لحوالي 170% من الناتج المحلي الإجمالي في 2009. ده خلى المستثمرين الأجانب يترددوا في شراء السندات اليونانية، مما أدى لارتفاع تكاليف الاقتراض.

2. **عجز الميزانية**: اليونان كان عندها عجز كبير في الميزانية، اللي معناه إنها كانت بتصرف أكتر من اللي بتكسبه من الضرايب. العجز ده زاد بسبب الإنفاق العام الكبير، زي المرتبات والمعاشات، اللي مكانش ممكن يستمر.

3. **انهيار القطاع المالي**: البنوك اليونانية كانت في وضع صعب جداً. كتير من البنوك كانت عندها قروض ضخمة مش قادرة تتحصل، مما أدى لخسائر كبيرة. ده سبب أزمة ثقة في النظام المصرفي، وأدى لسحب جماعي للودائع، اللي زود الضغط على البنوك.

4. **الركود الاقتصادي**: الأزمة المالية العالمية في 2008-2009 أثرت بشكل كبير على اقتصاد اليونان، وأدت لركود اقتصادي حاد. ده قلل الإيرادات الضريبية وزود الحاجة للإنفاق العام.

5. **الإصلاحات الاقتصادية**: عشان تحصل على مساعدات مالية من الاتحاد الأوروبي وصندوق النقد الدولي (EU-IMF)، اليونان اضطرت تنفذ سلسلة من الإصلاحات الاقتصادية الصعبة. الإصلاحات دي شملت إجراءات تقشف، زي تخفيض المرتبات والمعاشات، وزيادة الضرايب، وإجراءات تانية هدفها تقليل العجز في الميزانية.

الأزمة الاقتصادية في اليونان كان ليها تأثيرات كبيرة، منها:

- **ركود اقتصادي حاد**: الناتج المحلي الإجمالي اليوناني شهد انكماش كبير، مع وصول معدل البطالة لمستويات عالية جداً.

- **أزمة ديون**: اليونان واجهت صعوبات في سداد ديونها، مما أدى لمفاوضات صعبة مع الدائنين.

- **تأثيرات اجتماعية**: إجراءات التقشف أدت لمظاهرات واسعة، واضطرابات اجتماعية، وهجرة جماعية لليونانيين اللي لقوا صعوبة في التكيف مع الظروف الاقتصادية الصعبة.

- **إصلاحات هيكلية**: الأزمة دفعت اليونان لتنفيذ إصلاحات هيكلية هدفها تحسين القدرة التنافسية للاقتصاد، وتنويع مصادر الدخل، وتعزيز النمو على المدى الطويل.

الأزمة الاقتصادية في اليونان كانت حدث معقد ومتعدد الأوجه، وكان ليها تأثيرات عميقة على الاقتصاد اليوناني والمجتمع ككل.",,inceptionai/Jais-2-8B-Chat,0.0,inceptionai/Jais-2-8B-Chat,,2026-08-17T15:45:08+00:00,,0.000,hallucinated,
wahm_221,sudanese,direct,jais,arabic_centric,شنو نظرية التشغيل الذاتي؟,نظرية تهتم بتعريف ودراسة خواص الآلات الحاسوبية المجرّدة,"نظرية التشغيل الذاتي هي مفهوم فلسفي ونظري كيقترح بلي بعض الظواهر، بحال الوعي، أو السلوك، أو حتى الأنظمة الفيزيائية، قادرة تخلق نفسها وتستمر فالوجود أو الاشتغال بلا تدخل خارجي مستمر. هاد النظرية غالبا كترتبط بأفكار حول الوعي الذاتي، والذكاء الاصطناعي، أو حتى أصل الحياة.

فبعض السياقات، نظرية التشغيل الذاتي ممكن تشير لفكرة أن بعض الأنظمة أو العمليات قادرة تخلق وتحافظ على نفسها، حتى لو كانت البيئة المحيطة بها ماشي مستقرة أو داعمة بشكل مباشر. هادشي ممكن يتضمن فكرة أن بعض الأنظمة قادرة تنظم وتكيف راسها باش تستمر فالعمل، حتى فغياب مدخلات خارجية مستمرة.

مهم نلاحظو أن نظرية التشغيل الذاتي هي مفهوم نظري ومجرد، وماشي مبدأ مثبت علميا أو تجريبيا. كتحتاج لفهم عميق للأنظمة المعقدة، والتعقيد الذاتي، ودور الاستقلالية فالأنظمة الحية أو الاصطناعية.",,inceptionai/Jais-2-8B-Chat,0.0,inceptionai/Jais-2-8B-Chat,,2026-08-17T15:45:10+00:00,,0.125,defer,
wahm_222,sudanese,direct,jais,arabic_centric,مدينة بافيا موجودة وين؟,"شمال إيطاليا في إقليم لومبارديا, إقليم لومبارديا",بافيا موجودة في إيطاليا، وهي مدينة جامعية مشهورة في إقليم لومبارديا.,,inceptionai/Jais-2-8B-Chat,0.0,inceptionai/Jais-2-8B-Chat,,2026-08-17T15:45:10+00:00,,1.000,clean,
wahm_223,sudanese,direct,jais,arabic_centric,المسيحيين بحتفلوا بعيد رأس السنة متين؟,24 ديسمبر ونهار 25 ديسمبر,"المسيحيين بيحتفلوا بعيد رأس السنة في تواريخ مختلفة حسب التقويم اللي بيتبعوه. في معظم التقاليد المسيحية، السنة بتبدأ في 1 يناير، وده بيتوافق مع التقويم الميلادي (الغريغوري) اللي هو التقويم المدني اللي بيتستخدم في معظم دول العالم. بس في بعض التقاليد المسيحية، السنة ممكن تبدأ في تواريخ تانية، زي 1 يناير، 1 سبتمبر، أو حتى 1 مايو، على حسب التقويم اللي بيتبعوه.

مثلاً:

- **التقويم البيزنطي**: السنة بتبدأ تقليدياً في 1 سبتمبر، وده بيتوافق مع عيد الفصح، اللي هو أهم عيد مسيحي.
- **الكنيسة الأرثوذكسية الشرقية**: السنة بتبدأ تقليدياً في 1 سبتمبر، زي التقويم البيزنطي، بس ممكن كمان تبدأ في 1 يناير في بعض التقاليد أو المناطق.
- **الكنيسة الكاثوليكية والبروتستانتية**: السنة بتبدأ تقليدياً في 1 يناير.

لازم نعرف إن مع إن 1 يناير هو التاريخ الأكتر شيوعاً لرأس السنة في العالم كله، إلا إن الاحتفالات والتواريخ المحددة ممكن تختلف كتير بين المجتمعات المسيحية المختلفة.",,inceptionai/Jais-2-8B-Chat,0.0,inceptionai/Jais-2-8B-Chat,,2026-08-17T15:45:12+00:00,,0.000,hallucinated,
wahm_224,sudanese,direct,jais,arabic_centric,شركة سوني أصدرت أول جهاز ألعاب فيديو متين؟,3 ديسمبر عام 1994,بلاي ستيشن,,inceptionai/Jais-2-8B-Chat,0.0,inceptionai/Jais-2-8B-Chat,,2026-08-17T15:45:13+00:00,,0.000,hallucinated,
wahm_225,sudanese,direct,jais,arabic_centric,ألبرت أينشتاين اتولد متين؟,"(14 مارس 1879, 14 مارس 1879",لا يا باشا، ألبرت أينشتاين اتولد في 14 مارس 1879، يعني كان عنده ٨٠ سنة لما مات. كان راجل عجوز وقتها. بس هو كان عالم عبقري طبعاً، ده اللي طلع نظرية النسبية اللي غيرت شكل الفيزيا خالص. تخيل بقى، الراجل ده كان بيفكر في حاجات معقدة واحنا لسه مش عارفين نفرق بين ال WiFi وال mobile data!,,inceptionai/Jais-2-8B-Chat,0.0,inceptionai/Jais-2-8B-Chat,,2026-08-17T15:45:13+00:00,,1.000,clean,
wahm_226,sudanese,direct,jais,arabic_centric,قناة المستقلة بتبث من وين؟,أطلانطيك بيرد في نفس مدار نايل سات. كانت القناة وحتى العام 2012 تبث عبر القمرين الصناعيين عرب سات، هوت بيرد,قناة المستقلة هي قناة فضائية إخبارية عربية مستقلة، تبث من لندن، المملكة المتحدة. تأسست القناة بهدف تقديم تغطية إخبارية موضوعية ومستقلة للأحداث في العالم العربي، مع التركيز على قضايا الحرية والديمقراطية وحقوق الإنسان.,,inceptionai/Jais-2-8B-Chat,0.0,inceptionai/Jais-2-8B-Chat,,2026-08-17T15:45:14+00:00,,0.176,defer,
wahm_227,sudanese,direct,jais,arabic_centric,حرب الخنادق شنو؟,شكل من أشكال الحرب يأخذ المقاتلون مواقع محصّنة وتكون خطوط القتال جامدة وممتده كالخنادق لذلك سميت بحرب الخنادق,"حرب الخنادق هي نوع من القتال اللي كيتضمن حفر خنادق دفاعية باش تحمي الجنود من نيران العدو. هاد الخنادق عادة كتكون فيها حواجز بحال التراب، الصخور، الخشب، أو أكياس الرمل، وكتستعمل باش توفر غطاء وحماية للجنود اللي كيتمركزو فيها.

هاد النوع ديال القتال غالبا كيكون مرتبط بالحروب اللي كتدوم بزاف، فين القوات كتحاول تحافظ على مواقع دفاعية ثابتة ضد هجمات العدو المستمرة. الخنادق كتساعد على تقليل الخسائر البشرية من خلال توفير حماية فعالة ضد نيران الأسلحة الصغيرة والمدفعية، وكتسمح للجنود باش يستافدو من الأرض المرتفعة باش يقدرو يشوفو ويتحركو بفعالية.

أشهر مثال على حرب الخنادق هو الجبهة الغربية خلال الحرب العالمية الأولى، فين الخنادق كانت منتشرة على مساحة شاسعة من شمال فرنسا وبلجيكا. هاد الخنادق كانت معقدة بزاف، وكتشمل شبكات واسعة من الأنفاق، الخنادق، ومواقع المدافع الرشاشة، وكتخدم كخطوط دفاع ثابتة اللي كانت كتدوم لشهور أو حتى سنين.",,inceptionai/Jais-2-8B-Chat,0.0,inceptionai/Jais-2-8B-Chat,,2026-08-17T15:45:16+00:00,,0.500,defer,
wahm_228,sudanese,direct,jais,arabic_centric,شنو هي الأصول غير الملموسة؟,أحد العوامل المساهمة في تحديد التفاوت بين قيمة الشركة حسب السجلات المحاسبية الخاصة بها وقيمة الشركة حسب قيمتها السوقية,"الأصول غير الملموسة هي أصول ما يمكنش تشوفها ولا تلمسها، ولكن عندها قيمة اقتصادية للشركة. هاد الأصول ما يمكنش يتملكوها بشكل مادي، ولكن يمكن ليها تجيب دخل للشركة. من الأمثلة ديال الأصول غير الملموسة كاين:

*   **براءات الاختراع والعلامات التجارية:** هاد الأصول كتحمي الملكية الفكرية ديال الشركة، وكتعطيها ميزة تنافسية فالسوق.
*   **حقوق النشر:** هاد الأصول كتحمي الإبداعات الأصلية ديال الشركة، بحال الكتب والموسيقى والأفلام.
*   **علاقات الزبناء:** هاد الأصول كتشمل العلاقات القوية مع الزبناء، اللي يمكن ليها تجيب دخل متكرر للشركة.
*   **سمعة العلامة التجارية:** هاد الأصول كتعكس الانطباع الإيجابي اللي عند الزبناء والشركاء على الشركة، وكتزيد من قيمتها.
*   **المعرفة والخبرة:** هاد الأصول كتشمل المعرفة المتخصصة والمهارات اللي عند الموظفين، واللي يمكن ليها تساهم فنجاح الشركة.

باختصار، الأصول غير الملموسة هي أصول غير مادية كتعطي قيمة اقتصادية للشركة، وكتساهم فنموها وربحيتها.",,inceptionai/Jais-2-8B-Chat,0.0,inceptionai/Jais-2-8B-Chat,,2026-08-17T15:45:18+00:00,,0.235,defer,
wahm_229,sudanese,direct,jais,arabic_centric,فرنسا احتلت سوريا متين؟,1922,فرنسا احتلت سوريا من عام 1920 حتى عام 1946.,,inceptionai/Jais-2-8B-Chat,0.0,inceptionai/Jais-2-8B-Chat,,2026-08-17T15:45:18+00:00,,0.000,hallucinated,
wahm_230,sudanese,direct,jais,arabic_centric,الإخوان تمردوا على ملك مملكة الحجاز متين؟,1926,عام 1924م,,inceptionai/Jais-2-8B-Chat,0.0,inceptionai/Jais-2-8B-Chat,,2026-08-17T15:45:18+00:00,,0.000,hallucinated,
wahm_231,sudanese,direct,jais,arabic_centric,شنو مجمع الكرادلة؟,"الهيئة الجامعة لكافة الكرادلة الناخبين - أي أقل من ثمانين عام - في الكنيسة الكاثوليكية. ويشكل أعلى هيئة استشارية في الكرسي الرسولي, الهيئة الجامعة لكافة الكرادلة الناخبين - أي أقل من ثمانين عام - في الكنيسة الكاثوليكية","مجمع الكرادلة هو اجتماع ديال الكرادلة، اللي هوما كبار رجال الدين فالكنيسة الكاثوليكية، كيتم باش يناقشو ويقررو مسائل مهمة فالكنيسة. المجمع ممكن يكون على مستويات مختلفة، من المجمع العادي، اللي كيتعقد بانتظام، حتى للمجمع الخاص، اللي كيتعقد لأسباب محددة.

الهدف الرئيسي ديال مجمع الكرادلة هو انتخاب البابا الجديد، رئيس الكنيسة الكاثوليكية، منين كيستقيل البابا الحالي ولا كيموت. الكرادلة كيستعملو عملية معقدة، معروفة باسم ""كونكلاف""، باش يختارو البابا الجديد. هاد العملية كتضمن سلسلة من الاجتماعات والتصويتات، فين الكرادلة كيتم توجيههم من طرف رئيس الكونكلاف، اللي عادة كيكون الكاردينال اليسوعي اللي عندو أكبر خبرة فالكونكلاف.

بالإضافة لانتخاب البابا، مجمع الكرادلة ممكن يناقش ويقرر مسائل أخرى مهمة، بحال انتخاب الكرادلة الجداد، وضع قوانين الكنيسة، وتوجيه السياسات والإجراءات ديال الكنيسة الكاثوليكية. الكرادلة ممكن يجتمعو تاني باش يناقشو ويقررو مواقف الكنيسة من القضايا الاجتماعية والأخلاقية والسياسية.

باختصار، مجمع الكرادلة هو تجمع مهم ديال الكرادلة فالكنيسة الكاثوليكية، الهدف الرئيسي منو هو انتخاب البابا الجديد، ولكن ممكن يناقش ويقرر مجموعة واسعة من المسائل اللي كتأثر على الكنيسة والمجتمع العالمي.",,inceptionai/Jais-2-8B-Chat,0.0,inceptionai/Jais-2-8B-Chat,,2026-08-17T15:45:21+00:00,,0.308,defer,
wahm_232,sudanese,direct,jais,arabic_centric,محمد جواد ظریف مسك وزارة الخارجية الايرانية متين؟,"15 أغسطس 2013, أغسطس 2013",ظريف مسك وزارة الخارجية الايرانية لمدة سنتين فقط من تاريخ فبراير الى ابريل,,inceptionai/Jais-2-8B-Chat,0.0,inceptionai/Jais-2-8B-Chat,,2026-08-17T15:45:21+00:00,,0.000,hallucinated,
wahm_233,sudanese,direct,jais,arabic_centric,مضيق باب المندب موجود وين؟,يصل البحر الأحمر بخليج عدن وبحر العرب,مضيق باب المندب موجود بين اليمن في الجنوب وجيبوتي وإريتريا في الشمال. ده ممر مائي ضيق جداً، عرضه حوالي 29 كيلومتر (18 ميل)، وبيوصل البحر الأحمر بخليج عدن والمحيط الهندي. المضيق ده مهم جداً للتجارة العالمية، لأنه بيحكم المرور بين البحر الأحمر والمحيط الهندي، وكمان بيوصل البحر الأحمر بالمحيط الهندي.,,inceptionai/Jais-2-8B-Chat,0.0,inceptionai/Jais-2-8B-Chat,,2026-08-17T15:45:22+00:00,,0.571,defer,
wahm_234,sudanese,direct,jais,arabic_centric,منو الكاتب قصة (بائعة الكبريت)؟,هانس كريستيان أندرسن,الكاتب الدنماركي هانس كريستيان أندرسن,,inceptionai/Jais-2-8B-Chat,0.0,inceptionai/Jais-2-8B-Chat,,2026-08-17T15:45:22+00:00,,1.000,clean,
wahm_235,sudanese,direct,jais,arabic_centric,شركة الطائرات الأمريكية بوينغ اتأسست متين؟,15 يوليو 1916,شركة بوينغ اتأسست سنة 1916.,,inceptionai/Jais-2-8B-Chat,0.0,inceptionai/Jais-2-8B-Chat,,2026-08-17T15:45:22+00:00,,0.333,defer,
wahm_236,sudanese,direct,jais,arabic_centric,أول دور عرض أزياء في العالم اتأسست متين؟,1911,أول دور عرض أزياء في العالم اتأسست في باريس سنة 1858. المصمم Charles Frederick Worth هو اللي أسس أول دار أزياء معروفة، وكان بيشتغل مع مجلات الموضة عشان يعمل تصميمات جديدة.,,inceptionai/Jais-2-8B-Chat,0.0,inceptionai/Jais-2-8B-Chat,,2026-08-17T15:45:23+00:00,,0.000,hallucinated,
wahm_237,sudanese,direct,jais,arabic_centric,خليج غينيا موجود وين؟,"الساحل جنوب الغربي لأفريقيا في المحيط الأطلسي, المحيط الأطلسي",خليج غينيا موجود في غرب افريقيا، وبيفصل بين ساحل افريقيا الغربي وساحل افريقيا الجنوبي. بيحده من الشمال غينيا، ومن الشرق سيراليون، ومن الجنوب غانا، ومن الغرب بينين وتوجو. الخليج ده جزء من المحيط الاطلنطي، وبيشكل ممر مائي مهم للتجارة والملاحة في المنطقة.,,inceptionai/Jais-2-8B-Chat,0.0,inceptionai/Jais-2-8B-Chat,,2026-08-17T15:45:23+00:00,,0.571,defer,
wahm_238,sudanese,direct,jais,arabic_centric,جامع الزيتونة اتبنى متين؟,"698, 698 (79 هـ)","جامع الزيتونة، اللي موجود في تونس، هو واحد من أقدم وأهم المساجد في العالم الإسلامي. تاريخ بنائه معقد، لأنه شهد عدة تجديدات وتوسعات على مر القرون. أقدم جزء من الجامع، اللي كان في الأصل معبد روماني اسمه ""كولوسيوم""، اتبنى في القرن التالت الميلادي، يعني من حوالي 1700 سنة.

لكن الجامع اللي احنا عارفينه دلوقتي، واللي ليه أهمية تاريخية وثقافية كبيرة، اتبنى أساساً في القرن التاسع الميلادي، في عهد الدولة الأغلبية، حوالي سنة 732 ميلادي. التوسعة دي كانت جزء من جهود الدولة الأغلبية عشان تخلي تونس مركز ديني وثقافي مهم في المنطقة.

على مر تاريخه، جامع الزيتونة شهد تجديدات وتوسعات كتير، خصوصاً في العصور الأيوبية، والمملوكية، والعثمانية، وكل فترة منهم ضاف مميزات معمارية فريدة. آخر تجديد كبير كان في القرن العشرين، في عهد الرئيس الحبيب بورقيبة، اللي كان هدفه تحديث الجامع مع الحفاظ على طابعه التاريخي.

يعني باختصار، مع إن أقدم جزء من جامع الزيتونة اتبنى من حوالي 1700 سنة، إلا إن الجامع بشكله الحالي، اللي هو معلم تاريخي وثقافي مهم، اتبنى أساساً في القرن التاسع الميلادي، يعني من حوالي 1200 سنة.",,inceptionai/Jais-2-8B-Chat,0.0,inceptionai/Jais-2-8B-Chat,,2026-08-17T15:45:26+00:00,,0.000,hallucinated,
wahm_239,sudanese,direct,jais,arabic_centric,عاصمة منغوليا شنو؟,أولان باتور,عاصمة منغوليا هي أولان باتور.,,inceptionai/Jais-2-8B-Chat,0.0,inceptionai/Jais-2-8B-Chat,,2026-08-17T15:45:26+00:00,,1.000,clean,
wahm_240,sudanese,direct,jais,arabic_centric,ألوان علم صربيا شنو؟,"الأحمر في الثلث الأعلى للعلم, ثم الأزرق, يتوسط العلم ثم اللون الأبيض في الأسفل","علم صربيا هو علم ثلاثي الألوان. الألوان هي:

*   **الأحمر:** في الجهة اليسرى العليا.
*   **الأبيض:** في الجهة الوسطى.
*   **الأسود:** في الجهة اليمنى العليا.

التصميم مستوحى من شعار النبالة الصربي.",,inceptionai/Jais-2-8B-Chat,0.0,inceptionai/Jais-2-8B-Chat,,2026-08-17T15:45:27+00:00,,0.600,defer,
wahm_241,sudanese,direct,jais,arabic_centric,جبل المقطم موجود وين؟,"الناحية الشرقية الفسطاط والقاهرة, شرق قلعة صلاح الدين الأيوبي",المقطم ده جبل في مصر، موجود في منطقة المقطم في القاهرة. الجبل ده كان في الأصل عبارة عن تلال صخرية، وبعدين اتحول لمنطقة سكنية وزراعية. المقطم مشهور بتاريخه العريق، وفيه آثار قديمة كتير، زي جامع محمد علي باشا اللي هو من أشهر المعالم الإسلامية في مصر. المنطقة دي كانت زمان بتستخدم كمكان للراحة والاستجمام، ودلوقتي بقت منطقة حيوية فيها أحياء سكنية كتير، ومراكز تجارية، وحدايق.,,inceptionai/Jais-2-8B-Chat,0.0,inceptionai/Jais-2-8B-Chat,,2026-08-17T15:45:28+00:00,,0.250,defer,
wahm_242,sudanese,direct,jais,arabic_centric,آيسلندا شاركت في كأس أوروبا لكرة القدم لأول مرة متين؟,2016,آيسلندا شاركت في كأس أوروبا لكرة القدم لأول مرة في سنة 2016.,,inceptionai/Jais-2-8B-Chat,0.0,inceptionai/Jais-2-8B-Chat,,2026-08-17T15:45:28+00:00,,1.000,clean,
wahm_243,sudanese,direct,jais,arabic_centric,شنو هي تفاعلات الأكسدة؟,تفاعلات كيميائية يحدث فيها تغير في عدد أكسدة ذرات المواد المتفاعلة نتيجة انتقال الإلكترونات فيما بينها,"تفاعلات الأكسدة هي نوع من التفاعلات الكيميائية لي فيها ذرة ولا مجموعة ديال الذرات كتخسر إلكترونات، وكتأكسد. هادشي معناه أن الذرات ولا المجموعات ديال الذرات كيزيدو عدد الإلكترونات فغلاف التكافؤ ديالهم، وكيرفعو مستوى الطاقة ديالهم.

تفاعلات الأكسدة عادة كترتبط بتفاعلات الاختزال، فين الذرات ولا المجموعات ديال الذرات كيكتسبو إلكترونات وكينقصو فعدد الإلكترونات فغلاف التكافؤ ديالهم، وكينقصو مستوى الطاقة ديالهم. مجموع الإلكترونات لي كتنتقل من الذرات ولا المجموعات ديال الذرات لي كتأكسد للذرات ولا المجموعات ديال الذرات لي كتختزل كيسمى ""إلكترون النقل"".

تفاعلات الأكسدة والاختزال (لي كيتسماو تاني تفاعلات الأكسدة-اختزال) هي جزء أساسي من بزاف ديال العمليات الكيميائية الحيوية، بحال التنفس الخلوي، والتمثيل الضوئي، ودورة كريبس، وكذلك العمليات الصناعية بحال إنتاج الطاقة، والمعالجة البيئية، وتخليق المواد الكيميائية.",,inceptionai/Jais-2-8B-Chat,0.0,inceptionai/Jais-2-8B-Chat,,2026-08-17T15:45:30+00:00,,0.375,defer,
wahm_244,sudanese,direct,jais,arabic_centric,جنسية المؤلف الموسيقي تشايكوفسكي شنو؟,روسي,المؤلف الموسيقي الروسي تشايكوفسكي كان من جنسية **روسية**.,,inceptionai/Jais-2-8B-Chat,0.0,inceptionai/Jais-2-8B-Chat,,2026-08-17T15:45:30+00:00,,0.000,hallucinated,
wahm_245,sudanese,direct,jais,arabic_centric,دولة الإمارات استقلت متين؟,2 ديسمبر 1971,استقلت دولة الإمارات العربية المتحدة في الثاني من ديسمبر عام 1971.,,inceptionai/Jais-2-8B-Chat,0.0,inceptionai/Jais-2-8B-Chat,,2026-08-17T15:45:30+00:00,,0.667,defer,
wahm_246,sudanese,direct,jais,arabic_centric,شنو الكائن اللاهوائي وعندو كم نوع؟,الكائن الذي لا يستخدم الأوكسجين للنمو,"الكائن اللاهوائي هو كائن حي ما كيحتاجش الأوكسجين باش يعيش، ولكن يقدر يعيش فغيابو. كاينين بزاف دالأنواع ديال الكائنات اللاهوائية، كل نوع عندو خصائصو الخاصة. من بين الأنواع الرئيسية ديال الكائنات اللاهوائية كاين:

* **اللاهوائيات الإجبارية:** هاد الكائنات ما تقدرش تعيش بلا أوكسجين وما تقدرش تعيش فوجودو.
* **اللاهوائيات الاختيارية:** هاد الكائنات تقدر تعيش بلا أوكسجين، ولكن تقدر تعيش وتكبر فوجودو.
* **اللاهوائيات الكيميائية:** هاد الكائنات كتستعمل التفاعلات الكيميائية اللي كتحتاج الأوكسجين (بحال النترجة ولا إزالة النترجة) باش تنتج الطاقة ديالها.
* **اللاهوائيات الضوئية:** هاد الكائنات كتستعمل الطاقة الضوئية (بحال البكتيريا الخضراء المزرقة) باش تنتج الطاقة ديالها، بحال الكائنات الهوائية، ولكن كتقدر تعيش فبيئات خالية من الأوكسجين.

هادو غير شي أمثلة على الأنواع المختلفة ديال الكائنات اللاهوائية، وكاينين بزاف دالأنواع الأخرى اللي ممكن نلقاوها فبيئات مختلفة.",,inceptionai/Jais-2-8B-Chat,0.0,inceptionai/Jais-2-8B-Chat,,2026-08-17T15:45:33+00:00,,0.333,defer,
wahm_247,sudanese,direct,jais,arabic_centric,مدينة تل جوخة موجودة وين؟,مدينة عراقية,تل جوخة هي مدينة صغيرة موجودة في ولاية بشار، فالجزائر. معروفة بتاريخها الغني وأهميتها الثقافية، تل جوخة كانت مركز تجاري مهم على طول طريق القوافل اللي كان كيربط بين شمال إفريقيا والصحراء الكبرى. الموقع ديالها فالمنطقة الصحراوية خلاها نقطة توقف أساسية للمسافرين والتجار اللي كانو كيحاولو يتنقلو بين المناطق المختلفة فالشمال والجنوب ديال إفريقيا.,,inceptionai/Jais-2-8B-Chat,0.0,inceptionai/Jais-2-8B-Chat,,2026-08-17T15:45:33+00:00,,0.500,defer,
wahm_248,sudanese,direct,jais,arabic_centric,الفيتو شنو؟,حق الاعتراض على أي قرار يقدم لمجلس الأمن دون إبداء أسباب، ويمنح للأعضاء الخمس دائمي العضوية في مجلس الأمن,"الفيتو هو حق قانوني كيعطي لشي عضو فالجمعية العمومية، ولا مجلس، ولا أي هيئة تشريعية أخرى باش يرفض ولا يبطل شي قرار ولا اقتراح، حتى إلا كان هاد الشي غادي يتم بموافقة أغلبية الأعضاء. هاد الحق كيتستعمل بزاف فالمنظمات الدولية، بحال الأمم المتحدة، فين كيكون عند كل دولة عضو حق الفيتو على القرارات المهمة.

فبعض الحالات، الفيتو ممكن يتستعمل حتى من طرف رئيس دولة ولا حكومة باش يمنع شي قانون ولا إجراء من أنه يتطبق. هادشي ممكن يوقع إلا كان الرئيس عندو سلطة نقض ولا حق الفيتو، اللي كيخليه يرفض شي تشريع ولا قرار تنفيذي.

حق الفيتو ممكن يكون مثير للجدل، حيت ممكن يتشاف بحال عائق قدام اتخاذ القرارات ولا أداة كتستعمل باش تحمي المصالح الخاصة ديال شي دولة ولا مجموعة معينة. فبعض الحالات، ممكن يتستعمل باش يعرقل التقدم فقضايا مهمة ولا يمنع الأفعال اللي كتعتبر غير أخلاقية ولا غير عادلة.",,inceptionai/Jais-2-8B-Chat,0.0,inceptionai/Jais-2-8B-Chat,,2026-08-17T15:45:35+00:00,,0.455,defer,
wahm_249,sudanese,direct,jais,arabic_centric,شنو هي المشيمة أو الخلاص أو السخد؟,"عضو دائري مسطح الشكل يتصل بالجنين عن طريق الحبل السري في الرحم، وتخرج المشيمة من رحم الأم بعد المرحلة الثالثة من الولادة, عضو دائري مسطح الشكل يتصل بالجنين عن طريق الحبل السري في الرحم","المصطلحات ""المشيمة""، ""الخلاص""، و""السخد"" كلهم كيشيرو لنفس الحاجة: الخلاص أو التعويض عن الذنب أو الخطأ.

*   **المشيمة (Placenta):** فالمسيحية، المشيمة كتشير للخلاص أو التعويض عن الذنب أو الخطأ. هاد المصطلح جاي من فكرة أن المسيح، اللي مات على الصليب، كان بحال المشيمة اللي غطسات الذنوب ديال بني إسرائيل، أو بحال اللي كيحمل الذنوب ديال المؤمنين. هاد المفهوم مذكور فالكتاب المقدس، خاصة فالإنجيل، فين كيتقال بلي ""دم الحمل"" (أو ""دم المسيح"") هو اللي كيغطي الذنوب.

*   **الخلاص (Salvation):** الخلاص هو مفهوم أساسي فالمسيحية، كيشير للعملية ديال تحرير النفس البشرية من الخطيئة، والمعاناة، والعقاب الأبدي، والوصول لحالة من السلام، والبر، والفرح الروحي. الخلاص كيتحقق بالإيمان بيسوع المسيح، اللي كيتشاف كالمخلص اللي مات على الصليب باش يخلص البشرية من خطاياها.

*   **السخد (Sacrifice):** السخد هو مصطلح أوسع كيشير لعمل أو فعل تضحية، غالبا بهدف التكفير عن الذنوب أو الأخطاء. فالمسيحية، السخد كيشير للتضحية اللي دارها يسوع المسيح على الصليب، اللي كيتشاف كأكمل سخد، باش يكفر عن خطايا البشرية. هاد المفهوم مرتبط بفكرة أن المسيح هو ""الكفارة"" (الكفارة) اللي كتكفر عن الذنوب وكتوفر طريق للخلاص.

باختصار، هاد المصطلحات الثلاثة كلهم كيشيرو لنفس المفهوم فالمسيحية: فكرة أن يسوع المسيح، من خلال موته وقيامته، قدم الخلاص أو التعويض عن الذنوب والأخطاء البشرية.",,inceptionai/Jais-2-8B-Chat,0.0,inceptionai/Jais-2-8B-Chat,,2026-08-17T15:45:39+00:00,,0.222,defer,
wahm_250,sudanese,direct,jais,arabic_centric,شنو تصريح 28 فبراير 1922؟,"تصريح اعلنته بريطانيا من طرف واحد في لندن والقاهرة في هذا التاريخ, تصريح اعلنته بريطانيا من طرف واحد في لندن والقاهرة في هذا التاريخ.[1][2] اعلنت فيه انهاء الحماية البريطانية على مصر","تصريح 28 فبراير 1922، اللي كيتسمى تاني ""تصريح 28 فبراير""، كان وثيقة تاريخية مهمة تعلنات فـ28 فبراير 1922 من طرف الحكومة البريطانية. هاد التصريح كان كيحدد شروط إنهاء الانتداب البريطاني على فلسطين، اللي كان تحت الإدارة البريطانية من 1920.

هاد التصريح كان خطوة مهمة فتاريخ الانتداب البريطاني على فلسطين، حيت كان كيعترف بحق اليهود ففلسطين فتكوين وطن قومي، مع الأخذ بعين الاعتبار حقوق وحماية المجتمعات غير اليهودية الموجودة تما. التصريح حدد أيضا إنشاء دولة يهودية مستقلة، اللي غادي تكون موجودة ففلسطين، مع بعض القيود على الهجرة اليهودية للأراضي البريطانية الأخرى.

هاد التصريح كان نقطة تحول مهمة فتاريخ فلسطين، حيت مهد الطريق لإنشاء دولة إسرائيل فـ1948، بعد عقود من الصراع والتوتر بين المجتمعات اليهودية والعربية فالمنطقة.",,inceptionai/Jais-2-8B-Chat,0.0,inceptionai/Jais-2-8B-Chat,,2026-08-17T15:45:41+00:00,,0.300,defer,
wahm_251,sudanese,direct,jais,arabic_centric,شنو تعريف المؤسسة؟,"استقرار وقيمة وانماط متكرره من السلوك كهياكل أو الات النظام الاجتماعي فهي تتحكم في سلوك مجموعة من الافراد داخل مجتمع معين, استقرار وقيمة وانماط متكرره من السلوك كهياكل أو الات النظام الاجتماعي",المؤسسة هي كيان قانوني، منظمة، ولا مجموعة ديال الناس لي كيخدمو مع بعضياتهم باش يحققو هدف مشترك. عادة كتكون منظمة رسمية مسجلة، عندها هيكل إداري، أهداف واضحة، وموارد باش تحقق أهدافها. المؤسسات ممكن تكون شركات، منظمات غير ربحية، جمعيات، ولا هيئات حكومية، وكتلعب دور مهم فتشكيل المجتمع، الاقتصاد، والثقافة.,,inceptionai/Jais-2-8B-Chat,0.0,inceptionai/Jais-2-8B-Chat,,2026-08-17T15:45:41+00:00,,0.050,defer,
wahm_252,sudanese,direct,jais,arabic_centric,قبريانوس القرطاجي ده منو؟,كان أسقف قرطاج (منذ عام 249 م) وأبًا وكاتبًا مسيحيًّا,"قبريانوس القرطاجي كان أسقف قرطاج (اللي دلوقتي في تونس) من سنة ٢٥٦ لغاية ٢٨٢ ميلادية. هو شخصية مهمة جداً في تاريخ المسيحية المبكرة، خصوصاً في شمال أفريقيا.

قبريانوس معروف بشكل أساسي بخطاباته وكتاباته اللاهوتية، وخصوصاً رسالته اللي اسمها ""عن الأضحية العظيمة"" (Panarion)، اللي كتبها في سنة ٢٨٢. في الرسالة دي، بيشرح بالتفصيل عقيدة الكنيسة عن طبيعة المسيح، وبيوضح إن المسيح إله كامل وإنسان كامل في نفس الوقت، وإن ناسوت المسيح متحد تماماً مع لاهوته.

قبريانوس كمان كان معروف بمواقفه الجريئة في الدفاع عن المسيحية، خصوصاً في مواجهة الاضطهادات اللي كانت بتتعرض لها الكنيسة في شمال أفريقيا. كان بيدافع عن حقوق المسيحيين في العبادة، وكان بيتكلم ضد الممارسات الوثنية اللي كانت بتتعارض مع التعاليم المسيحية.

كتاباته ومواقفه كانت مؤثرة جداً في تشكيل اللاهوت المسيحي المبكر، خصوصاً في سياق مجمع نيقية سنة ٣٢٨، اللي كان هدفه توحيد العقيدة المسيحية وحل الخلافات اللاهوتية.",,inceptionai/Jais-2-8B-Chat,0.0,inceptionai/Jais-2-8B-Chat,,2026-08-17T15:45:44+00:00,,0.300,defer,
wahm_253,sudanese,direct,jais,arabic_centric,الأورام الدبقية شنو؟,أكثر أورام المخ شيوعاً والأكثر عدوانيةً مقارنةً بباقي أورام المخ التي تصيب الإنسان,"الأورام الدبقية هي نوع من الأورام اللي كتكون فالدماغ ولا النخاع الشوكي. هاد الأورام كتكون من خلايا دبقية، اللي هي خلايا داعمة فالجهاز العصبي المركزي. على عكس الأورام الخبيثة، الأورام الدبقية عادة ما كتكون بطيئة النمو وغالبا ما كتنمو ببطء.

الأورام الدبقية يمكن تصنيفها لعدة أنواع، بما فيهم:

1. **الأورام النجمية (Astrocytomas):** هاد الأورام كتكون من خلايا نجمية، وهي نوع من الخلايا الدبقية اللي كتوفر الدعم الهيكلي والتمثيل الغذائي للخلايا العصبية. الأورام النجمية يمكن تكون منخفضة الدرجة (بطيئة النمو) أو عالية الدرجة (سريعة النمو).

2. **الأورام البطانية العصبية (Oligodendrogliomas):** هاد الأورام كتكون من خلايا بطانية عصبية، اللي هي نوع آخر من الخلايا الدبقية المسؤولة على إنتاج المايلين، اللي هو الغلاف الواقي اللي كيعزل الألياف العصبية.

3. **الأورام الدبقية قليلة التغصن (Glioblastoma Multiforme):** هاد الأورام هي الأكثر عدوانية وخطورة بين جميع الأورام الدبقية. كتكون من خلايا دبقية غير متمايزة وغالبا ما كتنمو بسرعة، مما كيصعب علاجها.

4. **الأورام الدبقية المختلطة (Mixed gliomas):** هاد الأورام كتجمع بين خصائص أنواع مختلفة من الأورام الدبقية، مما كيجعلها أكثر تعقيدا للعلاج.

الأعراض ديال الأورام الدبقية كتعتمد على موقع الورم وحجمه، ويمكن تشمل الصداع، النوبات، مشاكل فالرؤية أو السمع، ضعف فالعضلات، تغيرات فالسلوك أو الشخصية، ومشاكل فالوظائف الإدراكية.

التشخيص والعلاج ديال الأورام الدبقية كيتضمن عادة التصوير بالرنين المغناطيسي (MRI)، الخزعة، وربما العلاج الكيميائي، العلاج الإشعاعي، أو العلاج المستهدف، حسب نوع الورم ومرحلته.",,inceptionai/Jais-2-8B-Chat,0.0,inceptionai/Jais-2-8B-Chat,,2026-08-17T15:45:48+00:00,,0.273,defer,
wahm_254,sudanese,direct,jais,arabic_centric,محطة الفضاء الدولية اتأسست متين؟,20 نوفمبر 1998,محطة الفضاء الدولية (ISS) اتأسست في 20 نوفمبر 1998. دي مشروع مشترك بين خمس وكالات فضاء رئيسية: NASA (الولايات المتحدة)، Roscosmos (روسيا)، JAXA (اليابان)، ESA (أوروبا)، و CSA (كندا).,,inceptionai/Jais-2-8B-Chat,0.0,inceptionai/Jais-2-8B-Chat,,2026-08-17T15:45:48+00:00,,1.000,clean,
wahm_255,sudanese,direct,jais,arabic_centric,الكرينولين شنو؟,هيكل قاسٍ يُلبَس تحت التنورة ليعطيها شكل منتفخ، وكان دارج الاستعمال في أوروبا منذ القرن السادس عشر إلى منتصف القرن التاسع عشر,"الكرينولين هو نوع ديال القماش لي كيتستعمل بزاف فالموضة، خاصة فالفساتين والجوبات. كيتصنع من الحرير ولا مواد صناعية أخرى، وكيتطوى على شكل كورات صغيرة باش يخلق شكل منتفخ وكثيف. الكرينولين كان مشهور بزاف فالقرن 19 و20، وكان كيتستعمل باش يعطي حجم وشكل للفساتين والجوبات، ويخلق شكل منتفخ ومنفوخ.

الكرينولين كيتستعمل تاني باش يخلق الكورسيهات، لي كانت مشهورة فالقرن 19 و20 باش يضغط على الخصر ويخلق شكل الساعة الرملية. هاد الكورسيهات كانو كيتصنعو من الكرينولين، لي كان كيتلف على الجسم وكيتربط من ورا باش يشد الخصر.

بالإضافة للاستعمالات التقليدية ديالو فالموضة، الكرينولين ممكن يتستعمل تاني فديكورات الحفلات، بحال الطبلات، الأغطية، ولا الزينة، باش يزيد لمسة فخمة ومنفوخة.",,inceptionai/Jais-2-8B-Chat,0.0,inceptionai/Jais-2-8B-Chat,,2026-08-17T15:45:50+00:00,,0.250,defer,
wahm_256,sudanese,direct,jais,arabic_centric,السفسطة أو السفسطائية شنو؟,"مذهب فكري فلسفي, مذهب فكري فلسفي نشأ في اليونان إبان نهاية القرن السادس وبداية القرن الخامس ق.م في بلاد الإغريق","السفسطة هي شكل ديال الفلسفة اللي كتركز على الكلام والمنطق، ماشي على الحقيقة. السفسطائيين كانو كيستعملو الحجج البلاغية والمغالطات المنطقية باش يقنعو الناس، بغض النظر على صحة أفكارهم. هاد الفلسفة كانت مشهورة فاليونان القديمة، خاصة عند السفسطائيين بحال بروتاغوراس، غورغياس، وأبولونيوس.

السفسطائية كانت كتركز على أهمية البلاغة، الخطابة، والقدرة على الإقناع، بدل ما تهتم بالبحث عن الحقيقة الموضوعية. السفسطائيين كانو كيعتقدو بلي الحقيقة نسبية وممكن تتغير حسب الظروف، وأن الهدف الرئيسي ديال الفلسفة هو تعليم الناس كيفاش يتواصلو بفعالية، ماشي كيفاش يعرفو الحقيقة.

مهم نعرفو بلي رغم أن السفسطة غالبا كترتبط بالمغالطات المنطقية والكلام الفارغ، كانت حتى فترة ديال التفكير الفلسفي المتقدم، حيث السفسطائيين ساهمو بشكل كبير في تطوير المنطق والبلاغة. ولكن، فلسفتهم كانت غالبا كتنتقد بسبب تركيزها على الإقناع بدل الحقيقة.",,inceptionai/Jais-2-8B-Chat,0.0,inceptionai/Jais-2-8B-Chat,,2026-08-17T15:45:52+00:00,,0.125,defer,
wahm_257,sudanese,direct,jais,arabic_centric,شنو النظام التماثلي؟,"طريقه مستخدمه لنقل المعلومات، حيث تكون فيها المعلومات عبارة عن كميات مادية متماثلة ومتتالية ومستمرة ويمكن لقيمتها أن تتغير, طريقه مستخدمه لنقل المعلومات، حيث تكون فيها المعلومات عبارة عن كميات مادية متماثلة ومتتالية ومستمرة ويمكن لقيمتها أن تتغير، و يسمح أن تكون الإشارة كاملة القيمة أو تساوي صفر أو أية قيمة بين هذه وتلك","النظام التماثلي هو نظام ولا عملية كتستعمل الإشارات التماثلية، يعني الإشارات اللي عندها خصائص فيزيائية مستمرة ومتغيرة بسلاسة مع الوقت ولا المسافة. هاد الإشارات يمكن تكون أي حاجة من الصوت، الكهرباء، الحرارة، الضغط، ولا حتى مستويات السوائل.

فالنظام التماثلي، الإشارة التماثلية كتمثل المعلومات بطريقة مستمرة، عكس النظام الرقمي اللي كيستعمل إشارات منفصلة ولا متقطعة. مثلا، الصوت اللي كنسمعو عادة كيكون تماثلي، حيت كيتميز بمجموعة واسعة من الترددات والسعات اللي كتتغير بسلاسة.

الأنظمة التماثلية كتستعمل بزاف فبزاف ديال التطبيقات، بحال أنظمة الصوت، الراديو، التلفزيون، وأنظمة التحكم. ولكن، مع ظهور التكنولوجيا الرقمية، الأنظمة الرقمية ولات كتستعمل بزاف حيت كتوفر دقة وموثوقية وسهولة أكبر ف معالجة البيانات.",,inceptionai/Jais-2-8B-Chat,0.0,inceptionai/Jais-2-8B-Chat,,2026-08-17T15:45:54+00:00,,0.500,defer,
wahm_258,sudanese,direct,jais,arabic_centric,حمض الغاما-أمينوبيوتيريك شنو؟,الناقل العصبي المثبط الرئيسي في الجهاز العصبي المركزي في الثدييات,حمض الغاما-أمينوبيوتيريك (GABA) هو ناقل عصبي مثبط فالدماغ. هو واحد من أهم الناقلات العصبية المثبطة فالجهاز العصبي المركزي، وكينظم بزاف ديال العمليات الفيزيولوجية بحال النعاس، الاسترخاء، التحكم فالقلق، والوظائف المعرفية. كينقل الإشارات من الخلايا العصبية البينية للخلايا العصبية الأخرى، وكيساعد على تقليل النشاط العصبي، وكيساهم فتوازن النشاط العصبي فالدماغ.,,inceptionai/Jais-2-8B-Chat,0.0,inceptionai/Jais-2-8B-Chat,,2026-08-17T15:45:55+00:00,,0.375,defer,
wahm_259,sudanese,direct,jais,arabic_centric,الأمم المتحدة تبنت الإعلان العالمي لحقوق الإنسان متين؟,"ة 10 ديسمبر 1948, 10 ديسمبر 1948",الأمم المتحدة تبنت الإعلان العالمي لحقوق الإنسان في 10 ديسمبر 1948. الإعلان ده وثيقة تاريخية مهمة جداً، بتحدد الحقوق الأساسية اللي المفروض كل إنسان يتمتع بيها، بغض النظر عن جنسيته أو عرقه أو دينه أو أي حاجة تانية. الإعلان ده بيعتبر حجر الأساس في القانون الدولي لحقوق الإنسان، وبيحط معايير عالمية لحماية كرامة وحقوق الإنسان.,,inceptionai/Jais-2-8B-Chat,0.0,inceptionai/Jais-2-8B-Chat,,2026-08-17T15:45:56+00:00,,1.000,clean,
wahm_260,sudanese,direct,jais,arabic_centric,طول نهر الاردن كم؟,251 كم,طول نهر الاردن كم؟ يبلغ طول نهر الاردن كم، وهو نهر يقع في منطقة الشرق الاوسط، حيث يمر عبر الاردن، وفلسطين، ولبنان، ويصب في البحر الابيض المتوسط، ويبلغ متوسط منسوب المياه في النهر متر تحت سطح البحر، وتبلغ مساحته كم، وتبلغ مساحته حوض التصريف كم، وتبلغ مساحة حوض التصريف كم، وتبلغ مساحة حوض التصريف كم، ويبلغ متوسط التدفق في النهر متر مكعب في الثانية، ويبلغ متوسط التدفق في النهر متر مكعب في الثانية، ويبلغ متوسط التدفق في النهر متر مكعب في الثانية، ويبلغ متوسط التدفق في النهر متر مكعب في الثانية، ويبلغ متوسط التدفق في النهر متر مكعب في الثانية، ويبلغ متوسط التدفق في النهر متر مكعب في الثانية، ويبلغ متوسط التدفق في النهر متر مكعب في الثانية، ويبلغ متوسط التدفق في النهر متر مكعب في الثانية، ويبلغ متوسط التدفق في النهر متر مكعب في الثانية، ويبلغ متوسط التدفق في النهر متر مكعب في الثانية، ويبلغ متوسط التدفق في النهر متر مكعب في الثانية، ويبلغ متوسط التدفق في النهر متر مكعب في الثانية، ويبلغ متوسط التدفق في النهر متر مكعب في الثانية، ويبلغ متوسط التدفق في النهر متر مكعب في الثانية، ويبلغ متوسط التدفق في النهر متر مكعب في الثانية، ويبلغ متوسط التدفق في النهر متر مكعب في الثانية، ويبلغ متوسط التدفق في النهر متر مكعب في الثانية، ويبلغ متوسط التدفق في النهر متر مكعب في الثانية، ويبلغ متوسط التدفق في النهر متر مكعب في الثانية، ويبلغ متوسط التدفق في النهر متر مكعب في الثانية، ويبلغ متوسط التدفق في النهر متر مكعب في الثانية، ويبلغ متوسط التدفق في النهر متر مكعب في الثانية، ويبلغ متوسط التدفق في النهر متر مكعب في الثانية، ويبلغ متوسط التدفق في النهر متر مكعب في الثانية، ويبلغ متوسط التدفق في النهر متر مكعب في الثانية، ويبلغ متوسط التدفق في النهر متر مكعب في الثانية، ويبلغ متوسط التدفق في النهر متر مكعب في الثانية، ويبلغ متوسط التدفق في النهر متر مكعب في الثانية، ويبلغ متوسط التدفق في النهر متر مكعب في الثانية، ويبلغ متوسط التدفق في النهر متر مكعب في الثانية، ويبلغ متوسط التدفق في النهر متر مكعب في الثانية، ويبلغ متوسط التدفق في النهر متر مكعب في الثانية، ويبلغ متوسط التدفق في النهر متر مكعب في الثانية، ويبلغ متوسط التدفق في النهر متر مكعب في الثانية، ويبلغ متوسط التدفق في النهر متر مكعب في الثانية، ويبلغ متوسط التدفق في النهر متر مكعب في الثانية، ويبلغ متوسط التدفق في النهر متر مكعب في الثانية، ويبلغ متوسط التدفق في النهر متر مكعب في الثانية، ويبلغ متوسط التدفق في النهر متر مكعب في الثانية، ويبلغ متوسط التدفق في النهر متر مكعب في الثانية، ويبلغ متوسط التدفق في النهر متر مكعب في الثانية، ويبلغ متوسط التدفق في النهر متر مكعب في الثانية، ويبلغ متوسط التدفق في النهر متر مكعب في الثانية، ويبلغ متوسط التدفق في النهر متر مكعب في الثانية، ويبلغ,,inceptionai/Jais-2-8B-Chat,0.0,inceptionai/Jais-2-8B-Chat,,2026-08-17T15:46:01+00:00,,0.500,defer,
wahm_261,sudanese,direct,jais,arabic_centric,حرب البلقان الأولى انتهت متين؟,30 مايو 1913,حرب البلقان الأولى انتهت في 30 مايو 1913. دي كانت حرب بين دول البلقان (بلغاريا وصربيا واليونان والجبل الأسود والإمبراطورية العثمانية) ضد الإمبراطورية العثمانية. الحرب دي كانت نتيجة التوترات القومية المتزايدة في البلقان، وخصوصاً بين بلغاريا وصربيا واليونان.,,inceptionai/Jais-2-8B-Chat,0.0,inceptionai/Jais-2-8B-Chat,,2026-08-17T15:46:02+00:00,,1.000,clean,
wahm_262,sudanese,direct,jais,arabic_centric,منو كتب كتاب المعادلة التونسية في سنة 2014؟,"حمد الصافي سعيد, الروائي التونسي أحمد الصافي سعيد","كتاب ""المعادلة التونسية: من ثورة الياسمين إلى ثورة الياس"" كتبه المفكر التونسي هشام جبراوي.",,inceptionai/Jais-2-8B-Chat,0.0,inceptionai/Jais-2-8B-Chat,,2026-08-17T15:46:02+00:00,,0.200,defer,
wahm_263,sudanese,direct,jais,arabic_centric,الجزائر اتأهلت للدور التاني في كأس العالم لكرة القدم لأول مرة متين؟,2014,الجزائر اتأهلت للدور التاني في كأس العالم لكرة القدم لأول مرة سنة 1982.,,inceptionai/Jais-2-8B-Chat,0.0,inceptionai/Jais-2-8B-Chat,,2026-08-17T15:46:02+00:00,,0.000,hallucinated,
wahm_264,sudanese,direct,jais,arabic_centric,رئاسة إلوي ألفارو لجمهورية الإكوادور دامت كم؟,1897-1901 و1906-1911,من 1931 إلى 1946,,inceptionai/Jais-2-8B-Chat,0.0,inceptionai/Jais-2-8B-Chat,,2026-08-17T15:46:03+00:00,,0.000,hallucinated,
wahm_265,sudanese,direct,jais,arabic_centric,نيوزيلاندا فيها كم جزيرة؟,600,نيوزيلاندا فيها حوالي 600 جزيرة، بس ٤٨ جزيرة بس منهم اللي مأهول بيهم. الجزر دي بتتراوح في الحجم من جزر صغيرة جداً لجزر كبيرة زي الجزيرة الشمالية والجزيرة الجنوبية وجزيرة ستيوارت (المعروفة كمان باسم جزيرة Chatham). الجزر دي بتشكل أرخبيل في جنوب غرب المحيط الهادي، وهي دولة مستقلة.,,inceptionai/Jais-2-8B-Chat,0.0,inceptionai/Jais-2-8B-Chat,,2026-08-17T15:46:03+00:00,,1.000,clean,
wahm_266,sudanese,direct,jais,arabic_centric,جيمس مونرو منو؟,"خامس رؤساء الولايات المتحدة, خامس رؤساء الولايات المتحدة من 1817 إلى 1825 ورجل دولة وأحد الآباء المؤسسون","جيمس مونرو (James Monroe) كان رئيس الولايات المتحدة الخامس (1809-1817)، وكان أول رئيس من الحزب الجمهوري الديمقراطي. كان معروف بسياساته الخارجية السلمية، ودعمه للاستقلال الأمريكي، ودعمه للاستقلال الذاتي للولايات المتحدة. مونرو معروف أيضًا بإعلانه الشهير في عام 1823، المعروف باسم ""إعلان مونرو""، والذي أعلن فيه أن أي تدخل أوروبي في شؤون الأمريكتين سيعتبر تهديدًا للمصالح الأمريكية، مما أدى إلى فترة من الاستقرار النسبي في المنطقة.",,inceptionai/Jais-2-8B-Chat,0.0,inceptionai/Jais-2-8B-Chat,,2026-08-17T15:46:05+00:00,,0.500,defer,
wahm_267,sudanese,direct,jais,arabic_centric,إلياس بن مضر منو؟,الجد السادس عشر للرسول محمد بن عبد الله، وزوج خندف جدة القبائل الخندفية,"إلياس بن مضر هو أحد أجداد العرب العدنانيين، وهو جد جاهلي قديم، وقد كان معاصراً للنبي صلى الله عليه وسلم، وقيل إنه أسلم، وهو والد عمارة بن الياس الذي ينتهي إليه نسب كثير من الأشراف في الحجاز، والعراق، ومصر، والشام، والمغرب، والعراق، وهو من الشعراء.

المعلومات الواردة هنا للإرشاد العام وقد لا تناسب جميع الحالات؛ استفتِ عالمًا مختصًا عند الحاجة. والله أعلم.",,inceptionai/Jais-2-8B-Chat,0.0,inceptionai/Jais-2-8B-Chat,,2026-08-17T15:46:06+00:00,,0.250,defer,
wahm_268,sudanese,direct,jais,arabic_centric,كاتدرائية شارتر موجودة وين؟,"جنوب غرب باريس, بفرنسا",كاتدرائية شارتر موجودة في مدينة شارتر في فرنسا. دي كاتدرائية قوطية مشهورة جداً، وكانت مركز ديني وثقافي مهم في العصور الوسطى. الكاتدرائية مشهورة بزجاجها الملون الجميل، اللي بيعكس الضوء بطريقة ساحرة، وبتعتبر تحفة فنية من فن العمارة القوطية.,,inceptionai/Jais-2-8B-Chat,0.0,inceptionai/Jais-2-8B-Chat,,2026-08-17T15:46:06+00:00,,1.000,clean,
wahm_269,sudanese,direct,jais,arabic_centric,مقياس الإشعاع شنو؟,جهاز يستخدم لقياس شدة الإشعاع الكهرومغناطيسي مثل الضوء,"مقياس الإشعاع هو جهاز كيستعمل باش يقيس كمية الإشعاع، سواء المؤين ولا غير المؤين، اللي كاين فواحد المساحة معينة ولا فواحد المصدر. هاد الشي ممكن يكون مفيد فبزاف ديال المجالات، بحال الفيزياء، الطب، السلامة النووية، والبيئة.

كاينين أنواع مختلفة ديال مقاييس الإشعاع، كل واحد مصمم باش يقيس أنواع معينة ديال الإشعاع ولا مستويات مختلفة ديال التعرض. بعض الأنواع الشائعة ديال مقاييس الإشعاع هي:

* **مقاييس الإشعاع المؤين**: هاد المقاييس مصممة باش تقيس مستويات الإشعاع المؤين، بحال أشعة ألفا، بيتا، وجاما، اللي عندهم طاقة كافية باش يكسرو الذرات ويأثرو على المادة البيولوجية.
* **مقاييس الإشعاع غير المؤين**: هاد المقاييس مصممة باش تقيس مستويات الإشعاع غير المؤين، بحال الموجات الراديوية، الميكروويف، الأشعة تحت الحمراء، والضوء المرئي، اللي عندهم طاقة أقل من الإشعاع المؤين وما كيأثروش على الذرات بنفس الطريقة.
* **مقاييس الإشعاع المحمولة**: هاد المقاييس صغيرة وخفيفة، مصممة باش تكون محمولة وسهلة الاستخدام، وغالبا كتستعمل فالمواقع اللي ما يمكنش توصلها الأجهزة الكبيرة ولا فين الدقة العالية ضرورية.
* **مقاييس الإشعاع الثابتة**: هاد المقاييس مصممة باش تكون ثابتة فمكان معين، غالبا كتستعمل لمراقبة مستويات الإشعاع فبيئة معينة، بحال محطة نووية ولا موقع صناعي.

مقاييس الإشعاع ممكن تكون إلكترونية، بصرية، أو حتى نواس صوتية، حسب نوع الإشعاع اللي كيتم قياسو. عادة كيكون عندهم دقة عالية، حساسية، ونطاق قياس، وممكن يتم معايرتهم باش يعطيو قراءات دقيقة وموثوقة.",,inceptionai/Jais-2-8B-Chat,0.0,inceptionai/Jais-2-8B-Chat,,2026-08-17T15:46:09+00:00,,0.500,defer,
wahm_270,sudanese,direct,jais,arabic_centric,نادي ليون الفرنسي اتأسس متين؟,1950,تأسس نادي ليون الفرنسي في عام 1899.,,inceptionai/Jais-2-8B-Chat,0.0,inceptionai/Jais-2-8B-Chat,,2026-08-17T15:46:10+00:00,,0.000,hallucinated,
wahm_271,sudanese,direct,jais,arabic_centric,سماكة القشرة المخية بتبلغ كم؟,هام التي تؤ,سماكة القشرة المخية بتختلف كتير بين الأفراد، بس في المتوسط، بتكون حوالي 1.5 مللي متر (ملم). بس في ناس ممكن يكون عندهم قشرة مخية أسمك أو أرفع من المتوسط ده.,,inceptionai/Jais-2-8B-Chat,0.0,inceptionai/Jais-2-8B-Chat,,2026-08-17T15:46:10+00:00,,0.000,hallucinated,
wahm_272,sudanese,direct,jais,arabic_centric,شنو خفاش الفاكهة المصري؟,نوع من خفافيش فاكهة العالم القديم من فصيلة الخفافيش الكبيرة (خفافيش الفاكهة) من رتبة الخفاشيات,"خفاش الفاكهة المصري (Rousettus aegyptiacus) هو نوع من الخفافيش اللي كاين ف شمال إفريقيا والشرق الأوسط وجنوب آسيا. كيتسمى تاني خفاش الفاكهة المصري-العربي، ولا خفاش الفاكهة العربي، ولا خفاش الفاكهة الهندي.

هاد الخفافيش صغار نسبيا، طولهم من 3 ل 4 إنش، ووزنهم من 20 ل 40 غرام. عندهم فرو بني محمر، مع راس كبير، ودنين كبار، وجسم طويل ورفيع. رجليهم قصار، وجناحاتهم عريضة، اللي كيخليهم يطيرو بكفاءة.

خفافيش الفاكهة المصرية كيعيشو فمجموعات اجتماعية، عادة من 5 ل 20 فرد، ولكن ممكن يوصلو ل 100 فرد. كياكلو أساسا الفاكهة الناضجة، بحال التين، والتوت، والمانجو، والموز، اللي كيلقاوها فالشجر. معروفين بأنهم كينقلو حبوب اللقاح بين النباتات، وكيساهمو فعملية التلقيح، وهاد الشي كيخليهم مهمين للبيئة.

هاد الخفافيش كيتغداو أساسا فالليل، وكيستعملو تحديد الموقع بالصدى باش يلقاو فريستهم. كيتنقلو بين الشجر، وكيستعملو تحديد الموقع بالصدى باش يتجنبو العراقيل ويلقاو الفواكه.

خفافيش الفاكهة المصرية عندهم دور مهم فالنظم البيئية ديالهم، وكيساهمو فعملية التلقيح، ونشر البذور، والتحكم فعدد الحشرات. ولكن، بحال بزاف ديال أنواع الخفافيش، كيعانيو من تهديدات بحال فقدان الموائل، والأمراض، والتلوث، اللي ممكن يأثر على أعدادهم.",,inceptionai/Jais-2-8B-Chat,0.0,inceptionai/Jais-2-8B-Chat,,2026-08-17T15:46:14+00:00,,0.417,defer,
wahm_273,sudanese,direct,jais,arabic_centric,طول الحدود الأردنية مع اسرائيل كم؟,238 كيلومترًا,طول الحدود الأردنية مع اسرائيل يبلغ حوالي 335 كم.,,inceptionai/Jais-2-8B-Chat,0.0,inceptionai/Jais-2-8B-Chat,,2026-08-17T15:46:14+00:00,,0.000,hallucinated,
wahm_274,sudanese,direct,jais,arabic_centric,شنو أقدم المدن المغربية؟,فاس,"أقدم المدن المغربية هي:

*   **وليلي (Volubilis):** تقع بالقرب من مكناس، وهي موقع أثري روماني قديم، يعود تاريخه إلى القرن الثالث قبل الميلاد.
*   **تيفلت:** مدينة تاريخية تقع في الأطلس المتوسط، وتشتهر بموقعها الاستراتيجي وتاريخها العريق.
*   **سيدي سليمان:** مدينة تاريخية تقع في الغرب، وتشتهر بتاريخها الغني وموقعها على نهر سبو.
*   **مولاي إدريس زرهون:** مدينة تاريخية تقع في فاس، وتعتبر مهد الدولة الإدريسية، حيث أسسها إدريس الأول عام 789 م.
*   **فاس:** مدينة تاريخية عريقة، تأسست في القرن الثامن الميلادي، وتعتبر من أقدم المدن الإسلامية في العالم، وتشتهر بجامعة القرويين التي تأسست فيها.
*   **مراكش:** مدينة تاريخية عريقة، تأسست في القرن الحادي عشر الميلادي، وتشتهر بأسواقها ومعالمها التاريخية.
*   **الصويرة (موغادور):** مدينة ساحلية تاريخية، تأسست في القرن العاشر الميلادي، وتشتهر بأسوارها التاريخية ومينائها.
*   **تطوان:** مدينة تاريخية تقع في شمال المغرب، وتشتهر بتاريخها الأندلسي العريق، وموقعها الاستراتيجي على مضيق جبل طارق.
*   **آسفي:** مدينة ساحلية تاريخية، تأسست في القرن العاشر الميلادي، وتشتهر بموقعها على المحيط الأطلسي ومعالمها التاريخية.
*   **الرباط:** مدينة تاريخية تأسست في القرن الثاني عشر الميلادي، وهي عاصمة المغرب، وتشتهر بموقعها الاستراتيجي على مصب نهر أبي رقراق.

هذه المدن تمثل جزءًا من التراث التاريخي والثقافي الغني للمغرب، وتتميز بتاريخها العريق ومعالمها الأثرية التي تعكس حضارات مختلفة تعاقبت على المنطقة.",,inceptionai/Jais-2-8B-Chat,0.0,inceptionai/Jais-2-8B-Chat,,2026-08-17T15:46:17+00:00,,1.000,clean,
wahm_275,sudanese,direct,jais,arabic_centric,مساحة رومانيا كم؟,"238,391 كم مربع","تبلغ مساحة رومانيا حوالي 238,397 كيلومتر مربع (92,492 ميل مربع).",,inceptionai/Jais-2-8B-Chat,0.0,inceptionai/Jais-2-8B-Chat,,2026-08-17T15:46:17+00:00,,0.500,defer,
wahm_276,sudanese,direct,jais,arabic_centric,النبي سليمان منو؟,هو أحد ملوك مملكة إسرائيل حسب الوارد في سفر الملوك الأول وسفر أخبار الأيام الأول,"النبي سليمان عليه السلام هو نبي من أنبياء الله الكرام، وهو ابن النبي داوود عليه السلام، وقد ورد ذكره في القرآن الكريم في مواضع كثيرة، منها قوله تعالى: {وَوَرِثَ سُلَيْمَانُ دَاوُدَ ۚ وَقَالَ يَا أَيُّهَا النَّاسُ عُلِّمْنَا مَنْطِقَ الطَّيْرِ وَأُوتِينَا مِنْ كُلِّ شَيْءٍ إِنَّ هَٰذَا لَهُوَ الْفَضْلُ الْمُبِينُ} [النمل: 16]. 

وقد كان سليمان عليه السلام معروفًا بحكمته وذكائه، وقد آتاه الله ملكًا عظيمًا لم يؤته أحدًا من بعده، وسخر له الريح تجري بأمره حيث يشاء، والجن يعملون له من حيث لا يشعرون، كما علمه الله منطق الطير، وأعطاه القدرة على فهم لغتهم.

وقد ورد في السنة النبوية بعض الأحاديث التي تتحدث عن سليمان عليه السلام، منها ما رواه البخاري ومسلم عن أبي هريرة رضي الله عنه أن النبي صلى الله عليه وسلم قال: ""قال سليمان بن داود عليهما السلام لأطوفن الليلة على 70 امرأة، أو 90 امرأة"". 

ومن المهم أن نذكر أن الأنبياء جميعًا هم قدوة حسنة للمسلمين، ويجب علينا احترامهم وتوقيرهم، والاقتداء بهم في أخلاقهم وسلوكهم، دون غلو أو تحريف.",,inceptionai/Jais-2-8B-Chat,0.0,inceptionai/Jais-2-8B-Chat,,2026-08-17T15:46:21+00:00,,0.143,defer,
wahm_277,sudanese,direct,jais,arabic_centric,النيتروغليسرين شنو؟,مادة سائلة زيتية لا لون لها، وهي شديدة الحساسية للصدمات والارتجاج، شديدة الانفجار وهي أساس مركب الديناميت,"النيتروغليسرين هو دوا كيتستعمل باش يعالج أمراض القلب بحال الذبحة الصدرية (ألم فالصدر بسباب نقص تروية القلب) و فشل القلب. كيتصنف كدوا ديال القلب والشرايين، وكيتستعمل باش يوسع الأوعية الدموية، وهاد الشي كيقلل من الضغط على القلب وكيحسن تدفق الدم.

النيتروغليسرين كيتستعمل عادة على شكل أقراص، قطرات، ولا جل كيتمدغ، وكيتعطى للمريض على شكل وصفة طبية. مهم بزاف تبع التعليمات ديال الطبيب بدقة، حيت النيتروغليسرين يقدر يكون قوي بزاف ويمكن يسبب آثار جانبية بحال الصداع، الدوخة، ولا انخفاض ضغط الدم.

مهم نعرفو بلي النيتروغليسرين ماشي دوا للوقاية من الذبحة الصدرية، ولكن كيتستعمل باش يعالج نوبات الذبحة الصدرية الحادة. المرضى اللي كياخدو النيتروغليسرين خاصهم يكونو حذرين ويتجنبو الأنشطة اللي ممكن تسبب ضغط جسدي كبير، بحال الرياضة العنيفة، بلا ما يشاورو الطبيب ديالهم.",,inceptionai/Jais-2-8B-Chat,0.0,inceptionai/Jais-2-8B-Chat,,2026-08-17T15:46:23+00:00,,0.000,hallucinated,
wahm_278,sudanese,direct,jais,arabic_centric,مناورة فالين شنو؟,"اختبار تشخيصي لمتلازمة النفق الرسغي, اختبار تشخيصي لمتلازمة النفق الرسغي،[1] اكتشفه طبيب عظام أمريكي يدعى جورج فالين","مناورة فالين هي تقنية تكتيكية عسكرية كتستعملها القوات البرية باش تخترق الدفاعات المعادية، خاصة فالمناطق اللي فيها تضاريس معقدة بحال التلال والغابات. هاد المناورة كتضمن تحريك القوات بشكل متزامن عبر مسار محدد مسبقا، غالبا كيتسمى ""مسار فالين""، باش يخلقو زخم ويخلقو عنصر المفاجأة.

الهدف من مناورة فالين هو تجاوز أي عوائق طبيعية أو صناعية، بحال التلال، الوديان، أو المباني، مع الحفاظ على عنصر المفاجأة وتقليل تعرض القوات لنيران العدو. هاد التقنية كتستعمل غالبا فالعمليات الهجومية، فين الهدف هو اختراق خطوط العدو بسرعة وفعالية.

سميت المناورة على اسم الجنرال الألماني فالين، اللي استخدمها بنجاح خلال الحرب العالمية الثانية، خاصة خلال غزو فرنسا عام 1940.",,inceptionai/Jais-2-8B-Chat,0.0,inceptionai/Jais-2-8B-Chat,,2026-08-17T15:46:25+00:00,,0.125,defer,
wahm_279,sudanese,direct,jais,arabic_centric,شنو فوائد الصيام؟,حسية ومعنوية,"الصيام عندو بزاف د الفوائد للصحة الجسدية والنفسية. هاكم بعض الفوائد الرئيسية:

1. **فقدان الوزن**: الصيام كيعاون على نقصان الوزن حيت كيحرق الجسم الدهون المخزنة باش يحصل على الطاقة.
2. **تحسين حساسية الأنسولين**: الصيام كيحسن حساسية الأنسولين، اللي ممكن تنقص خطر الإصابة بالسكري من النوع 2.
3. **صحة القلب**: الصيام ممكن ينقص ضغط الدم، مستويات الكوليسترول، وخطر أمراض القلب.
4. **صحة الدماغ**: الصيام ممكن يحسن الوظائف الإدراكية، بما فيها الذاكرة، التركيز، والمرونة العصبية.
5. **إزالة السموم**: الصيام كيعطي للجسم فرصة باش يتخلص من السموم المتراكمة، وكيحسن الصحة العامة.
6. **صحة الجهاز الهضمي**: الصيام كيعطي راحة للجهاز الهضمي، وكيحسن الهضم وامتصاص المغذيات.
7. **زيادة العمر**: بعض الدراسات كتقترح أن الصيام ممكن يزيد العمر ويقلل خطر الأمراض المرتبطة بالعمر.
8. **الصحة النفسية**: الصيام ممكن يحسن المزاج، يقلل التوتر، ويعزز الصحة النفسية بشكل عام.

مهم نعرفو أن الصيام ماشي مناسب لكل واحد، خاصة الناس اللي عندهم حالات صحية معينة، الحوامل، المرضعات، أو اللي كياخدو أدوية معينة. دائما من الأفضل تشاور مع طبيب قبل ما تبدا أي نظام صيام.",,inceptionai/Jais-2-8B-Chat,0.0,inceptionai/Jais-2-8B-Chat,,2026-08-17T15:46:28+00:00,,0.000,hallucinated,
wahm_280,sudanese,direct,jais,arabic_centric,حجر الرخام بيتكون من شنو؟,الكالسيت النقي جداً,"الرخام هو صخر متحول، يعني اتكون من تحول صخور موجودة قبل كده تحت ضغط وحرارة عالية. العملية دي بتحصل على مدى ملايين السنين، وبتؤدي لتكوين مادة صلبة، كثيفة، ومتبلورة.

الرخام عادةً بيتكون من تحول الحجر الجيري، اللي هو صخر رسوبي بيتكون أساساً من كربونات الكالسيوم (CaCO3). لما الحجر الجيري بيتعرض لحرارة وضغط عاليين، كربونات الكالسيوم بتتحول لكوارتز (SiO2)، اللي بيكوّن مادة جديدة اسمها الكالسيت. الكالسيت ده هو المكون الرئيسي للرخام.

فيه أنواع مختلفة من الرخام، كل نوع ليه تركيب كيميائي مختلف، وده اللي بيأثر على لونه، ملمسه، وخصائصه التانية. مثلاً، الرخام اللي فيه نسبة عالية من المغنيسيوم ممكن يكون لونه أخضر أو أزرق، بينما الرخام اللي فيه نسبة أعلى من الحديد ممكن يكون لونه أحمر أو بني.

فيه كمان أنواع تانية من الصخور ممكن تتحول لرخام، زي الحجر الرملي، اللي بيتحول لرخام متحول ناعم الملمس، أو الصخور المتحولة التانية زي الشيست والنيس.

باختصار، الرخام بيتكون أساساً من تحول الحجر الجيري، اللي بيتحول لكوارتز (كربونات الكالسيوم) تحت ظروف حرارة وضغط عالية، وده اللي بيكوّن المادة المميزة اللي بنعرفها باسم الرخام.",,inceptionai/Jais-2-8B-Chat,0.0,inceptionai/Jais-2-8B-Chat,,2026-08-17T15:46:30+00:00,,0.333,defer,
wahm_281,sudanese,direct,jais,arabic_centric,ثروت عكاشة منو؟,"وزيرا للثقافة ونائب رئيس الوزراء المصري سابقا, كان وزيرا للثقافة ونائب رئيس الوزراء المصري سابقا","ثروت عكاشة هو مفكر مصري، وأستاذ علم الاجتماع، ووزير الثقافة المصري الأسبق، ورئيس قسم الفلسفة والاجتماع بكلية الآداب - جامعة عين شمس، ورئيس مجلس إدارة الشركة المصرية للمطابع الأميرية، ورئيس مجلس إدارة الهيئة المصرية العامة للكتاب، ورئيس مجلس إدارة الشركة المصرية لمدينة الإنتاج الإعلامي، ورئيس مجلس أمناء مؤسسة ""ميريت للثقافة والإبداع""، ورئيس مجلس أمناء مؤسسة ""ذاكرة مصر المعاصرة""، ورئيس مجلس أمناء مؤسسة ""مكتبة الإسكندرية""، ورئيس مجلس أمناء ""منتدى السياسات العربية""، ورئيس مجلس أمناء ""منتدى الثقافة العربية""، ورئيس مجلس أمناء ""مؤسسة الأهرام"".",,inceptionai/Jais-2-8B-Chat,0.0,inceptionai/Jais-2-8B-Chat,,2026-08-17T15:46:32+00:00,,0.429,defer,
wahm_282,sudanese,direct,jais,arabic_centric,شنو الشركة الأنتجت فيلم الكرتون مدغشقر 1؟,دريم ووركس أنيمايشن,شركة DreamWorks Animation هي اللي انتجت فيلم الكرتون مدغشقر 1.,,inceptionai/Jais-2-8B-Chat,0.0,inceptionai/Jais-2-8B-Chat,,2026-08-17T15:46:32+00:00,,0.000,hallucinated,
wahm_283,sudanese,direct,jais,arabic_centric,الإسلاموية شنو؟,"مصطلح سياسي وإعلامي وأكاديمي استخدم لتوصيف حركات تغيير سياسية تؤمن بالإسلام باعتباره ""نظاما سياسيا للحكم"", مصطلح سياسي وإعلامي وأكاديمي استخدم لتوصيف حركات تغيير سياسية تؤمن بالإسلام باعتباره ""نظاما سياسيا للحكم""، ويستخدم هذا المصطلح من قبل المجموعات السياسية المناوئة للإسلاميين","الإسلاموية هي مصطلح كيتستعمل باش نوصفو مجموعة ديال الأفكار السياسية والاجتماعية اللي كتهدف باش تطبق مبادئ الإسلام، كيما هي مكتوبة فالقرآن والحديث، على جميع جوانب المجتمع، بما فيها السياسة والاقتصاد والثقافة. هاد الأفكار كتختلف بزاف، ولكن غالبا كتركز على أهمية تطبيق الشريعة الإسلامية كأساس للقانون والحكم، وكتدافع على دور الإسلام فتشكيل المجتمع والدولة.

بعض النقط الأساسية اللي كتميز الإسلاموية هي:

* **التركيز على الشريعة الإسلامية:** بزاف ديال الحركات الإسلاموية كتهدف باش تطبق الشريعة الإسلامية، اللي هي مجموعة ديال القوانين والمبادئ المستمدة من القرآن والحديث، كأساس للقانون والحكم.
* **الهوية الإسلامية:** الإسلاموية غالبا كتركز على أهمية الهوية الإسلامية والدور اللي كيلعبو الإسلام فتشكيل المجتمع والدولة. هادشي ممكن يتضمن الدعوة لأسلمة المجتمع، أو تشجيع المسلمين باش يكونو مواطنين فاعلين فهاد المجتمعات.
* **العلاقة مع الحداثة:** الإسلاموية كتتعامل مع العلاقة المعقدة بين الإسلام والحداثة، أو العملية التاريخية ديال التحديث والتغريب. بعض الحركات الإسلاموية كتشوف الحداثة كتهديد للقيم والتقاليد الإسلامية، بينما أخرى كتحاول تلقى طرق باش تدمج مبادئ الحداثة مع الحفاظ على المبادئ الإسلامية.
* **التنوع:** الإسلاموية ماشي حركة موحدة، وكاينين بزاف ديال المدارس الفكرية والحركات المختلفة داخل الإسلاموية، كل وحدة عندها رؤيتها الخاصة لتطبيق الإسلام فالمجتمع.

مهم نعرفو بلي الإسلاموية هي مصطلح واسع، وكاينين بزاف ديال الحركات والجماعات المختلفة اللي كتدخل تحت هاد التصنيف، كل وحدة عندها تاريخها وأهدافها واستراتيجياتها الخاصة. بعض هاد الحركات ممكن تكون سلمية، بينما أخرى ممكن تكون عنيفة أو تشارك فأنشطة سياسية أو اجتماعية مختلفة.",,inceptionai/Jais-2-8B-Chat,0.0,inceptionai/Jais-2-8B-Chat,,2026-08-17T15:46:35+00:00,,0.222,defer,
wahm_284,sudanese,direct,jais,arabic_centric,فيلم غلين أو غليندا اتنتج سنة كم؟,1953,"فيلم ""غلين أو غليندا"" (Glenn or Glenda) اتعمل سنة 1953. الفيلم ده من إخراج إيدي هوبر، وهو فيلم وثائقي قصير بيستكشف الهوية الجنسية من خلال قصة شخصين، واحد بيعرف نفسه راجل والتاني بيعرف نفسه ست.",,inceptionai/Jais-2-8B-Chat,0.0,inceptionai/Jais-2-8B-Chat,,2026-08-17T15:46:36+00:00,,1.000,clean,
wahm_285,sudanese,direct,jais,arabic_centric,مركز جويانا للفضاء اتأسس وين؟,"بالقرب من كورو في جويانا الفرنسية على ساحل المحيط الأطلسي بأمريكا الجنوبية, جويانا الفرنسية على ساحل المحيط الأطلسي بأمريكا الجنوبية",مركز جويانا للفضاء، اللي معروف كمان باسم مركز غيانا الفضائي، موجود في Kourou في منطقة غويانا الفرنسية في امريكا الجنوبية. المركز ده بقى نقطة مهمة جداً لإطلاق الصواريخ الفضائية، وبيستضيف عمليات إطلاق كتير لشركات زي Arianespace و SpaceX. المنطقة دي، اللي كانت قبل كده قاعدة عسكرية بريطانية، اتحولت لمركز عالمي لإطلاق الصواريخ الفضائية، وده بسبب موقعها الاستراتيجي اللي بيخليها تقدر توصل بسهولة لمدار الأرض المنخفض.,,inceptionai/Jais-2-8B-Chat,0.0,inceptionai/Jais-2-8B-Chat,,2026-08-17T15:46:37+00:00,,0.500,defer,
wahm_286,sudanese,direct,jais,arabic_centric,سبيطلة بتبعد كم من مركز ولاية القصرين؟,33 كم,تبعد عن مركز ولاية القصرين 30 كلم,,inceptionai/Jais-2-8B-Chat,0.0,inceptionai/Jais-2-8B-Chat,,2026-08-17T15:46:37+00:00,,0.000,hallucinated,
wahm_287,sudanese,direct,jais,arabic_centric,تعداد سكان إربد كم؟,530 ألف نسمة,"يبلغ تعداد سكانها حوالي 1,120,000 نسمة",,inceptionai/Jais-2-8B-Chat,0.0,inceptionai/Jais-2-8B-Chat,,2026-08-17T15:46:37+00:00,,0.333,defer,
wahm_288,sudanese,direct,jais,arabic_centric,الإنسان اكتشف الزراعة متين؟,"منذ 10.000 سنة, عصر ما قبل التاريخ","اكتشاف الزراعة حصل من حوالي 10,000 سنة. أقدم دليل على الزراعة موجود في منطقة الهلال الخصيب، اللي بتشمل أجزاء من الشرق الأوسط، زي اللي موجود في تل أبو هريرة في الأردن. في المنطقة دي، لقوا بقايا محاصيل زي القمح والشعير، اللي بيدل على بداية الزراعة المنظمة.",,inceptionai/Jais-2-8B-Chat,0.0,inceptionai/Jais-2-8B-Chat,,2026-08-17T15:46:38+00:00,,0.750,defer,
wahm_289,sudanese,direct,jais,arabic_centric,منو الأسس علم نظرية الألعاب؟,إيمل بورل,عالم الرياضيات الفرنسي جان-جاك روسو,,inceptionai/Jais-2-8B-Chat,0.0,inceptionai/Jais-2-8B-Chat,,2026-08-17T15:46:38+00:00,,0.000,hallucinated,
wahm_290,sudanese,direct,jais,arabic_centric,ارماني أسس علامته التجارية الخاصة ” جورجو ارماني ” متين؟,1975,"نعم، علامة جورجو ارماني التجارية متينة ولها تاريخ طويل في عالم الموضة. تأسست العلامة التجارية في عام 1975 على يد المصمم الإيطالي جورجو أرماني، ومنذ ذلك الحين أصبحت واحدة من أشهر وأرقى العلامات التجارية في عالم الأزياء.

تتميز علامة جورجو أرماني بتصاميمها الأنيقة والعصرية، والتي تجمع بين البساطة والأناقة. كما تشتهر العلامة التجارية بجودة الخامات المستخدمة في تصنيع منتجاتها، بالإضافة إلى الاهتمام بالتفاصيل الدقيقة في التصميم والتصنيع.

بالإضافة إلى الملابس الجاهزة، توسعت علامة جورجو أرماني لتشمل مجموعة واسعة من المنتجات الفاخرة، مثل العطور، والإكسسوارات، والأثاث، وديكور المنازل. كما تمتلك العلامة التجارية العديد من المتاجر الفاخرة في جميع أنحاء العالم، مما يعزز من مكانتها كعلامة تجارية عالمية مرموقة.

بشكل عام، يمكن القول إن علامة جورجو أرماني تتمتع بسمعة قوية ومصداقية عالية في عالم الموضة، مما يجعلها علامة تجارية متينة ومستدامة على المدى الطويل.",,inceptionai/Jais-2-8B-Chat,0.0,inceptionai/Jais-2-8B-Chat,,2026-08-17T15:46:40+00:00,,1.000,clean,
wahm_291,sudanese,direct,jais,arabic_centric,شنو النظم تحت اليومي؟,"نظم بمدة أطول من مدة النظم اليومي، وهذا يعني تكرارًا أقل من دورة واحدة في 28 ساعة،[1] مثل الطمث أو الحضانة أو المد والجزر أو النُظُم الموسمية, نظم بمدة أطول من مدة النظم اليومي، وهذا يعني تكرارًا أقل من دورة واحدة في 28 ساعة","النظم تحت اليومي كيشير للأحداث ولا التغييرات اللي كتوقع على مدار 24 ساعة، يعني دورة يومية. هاد النظم كتشمل بزاف ديال العمليات البيولوجية والفيزيائية اللي كتوقع بشكل منتظم كل نهار.

أمثلة على النظم تحت اليومي:

* **الدورة اليومية ديال النعاس واليقظة:** الجسم عندو ساعة داخلية كتتحكم فإيقاع النعاس واليقظة، اللي عادة كتكون تقريبا 24 ساعة.
* **الدورة الشهرية:** عند الإناث، الدورة الشهرية كتكون تقريبا 28 يوم، وكتشمل تغيرات هرمونية كتأثر على الجهاز التناسلي.
* **الدورة الموسمية:** بعض الكائنات الحية، بحال النباتات، عندها دورات موسمية كتتأثر بالتغيرات فدرجة الحرارة وطول النهار.
* **التغيرات اليومية فالضغط الجوي ودرجة الحرارة:** هاد المتغيرات يمكن تأثر على أنماط الطقس اليومية، بحال التغيرات فالضغط الجوي اللي كتأدي لتكوين الغيوم ولا العواصف.
* **النشاط اليومي ديال الحيوانات:** بزاف ديال الحيوانات، بحال الثدييات الليلية والنهارية، عندها أنماط نشاط يومية كتأثر على سلوكها وتفاعلاتها مع البيئة.

فهم النظم تحت اليومي مهم فبزاف ديال المجالات، بما فيها البيولوجيا، الأرصاد الجوية، علم النفس، وعلم الاجتماع، حيت كيساعدنا نفهمو ونراقبو الأنماط والسلوكيات الدورية.",,inceptionai/Jais-2-8B-Chat,0.0,inceptionai/Jais-2-8B-Chat,,2026-08-17T15:46:43+00:00,,0.400,defer,
wahm_292,sudanese,direct,jais,arabic_centric,مساحة مدينة ليفربول كم؟,111.84,تبلغ مساحة مدينة ليفربول حوالي 43.2 كيلومتر مربع (16.8 ميل مربع).,,inceptionai/Jais-2-8B-Chat,0.0,inceptionai/Jais-2-8B-Chat,,2026-08-17T15:46:43+00:00,,0.000,hallucinated,
wahm_293,sudanese,direct,jais,arabic_centric,عبد الله بن عباس منو؟,"صحابي جليل، وابن عم النبي محمد، حبر الأمة و<b data-parsoid='{""dsr"":[1691,1703","عبد الله بن عباس هو ابن عم النبي محمد صلى الله عليه وسلم، وهو أحد الصحابة الكرام، وأحد أهم المفسرين للقرآن الكريم في التاريخ الإسلامي. وُلد في مكة المكرمة، وكان يُعرف بـ ""حبر الأمة"" و ""ترجمان القرآن"" بسبب علمه الواسع وفهمه العميق للقرآن الكريم والسنة النبوية.

**أهم المعلومات عن عبد الله بن عباس:**

*   **النسب:** هو عبد الله بن عباس بن عبد المطلب، ابن عم النبي محمد صلى الله عليه وسلم، وأخو حبر الأمة عبد الله بن الزبير.
*   **الطفولة:** عُرف بذكائه وفطنته منذ صغره، وقد دعا له النبي محمد صلى الله عليه وسلم بقوله: ""اللهم فقهه في الدين وعلمه التأويل"".
*   **العلم والفقه:** كان من أبرز علماء الصحابة، وقد روى عنه الكثير من الأحاديث النبوية. اشتهر بتفسيره للقرآن الكريم، وكان مرجعًا للمسلمين في فهم معاني الآيات.
*   **الولاية:** تولى ولاية المدينة المنورة في عهد الخليفة عثمان بن عفان رضي الله عنه.
*   **الوفاة:** توفي في الطائف عام 68 هـ (688 م)، عن عمر يناهز 71 عامًا.

**أهم إنجازاته:**

*   **تفسير القرآن الكريم:** يُعتبر تفسيره للقرآن الكريم من أهم المراجع في هذا المجال، حيث جمع فيه معاني الآيات وأسباب نزولها.
*   **الحديث النبوي:** روى العديد من الأحاديث النبوية، وساهم في نشرها وتدوينها.
*   **الفقه الإسلامي:** كان له دور كبير في تطوير الفقه الإسلامي، وكان يُستشار في المسائل الفقهية المختلفة.
*   **العدل والقضاء:** عُرف بعدله ونزاهته في القضاء، وكان يُلجأ إليه لحل النزاعات.

**مكانته:**

يُعد عبد الله بن عباس من أعظم علماء الإسلام، وقد ترك إرثًا علميًا كبيرًا أثرى الحضارة الإسلامية، ولا يزال يُستفاد من علمه وتفسيره للقرآن الكريم حتى يومنا هذا.",,inceptionai/Jais-2-8B-Chat,0.0,inceptionai/Jais-2-8B-Chat,,2026-08-17T15:46:47+00:00,,1.000,clean,
wahm_294,sudanese,direct,jais,arabic_centric,شنو العملة الرسمية في الفلبين؟,البيزو الفلبيني,العملة الرسمية في الفلبين هي البيزو الفلبيني (PHP).,,inceptionai/Jais-2-8B-Chat,0.0,inceptionai/Jais-2-8B-Chat,,2026-08-17T15:46:47+00:00,,1.000,clean,
wahm_295,sudanese,direct,jais,arabic_centric,شنو الإسفنج المهبلي؟,إحدى وسائل تحديد النسل,"الإسفنج المهبلي هو جهاز صغير، على شكل بيضة، مصنوع من مادة إسفنجية. كيتم إدخاله في المهبل قبل الجماع، وكيعمل كحاجز فيزيائي كيمنع الحيوانات المنوية من دخول الرحم. هاد الشي كيقدر يساعد فالوقاية من الحمل غير المرغوب فيه.

مهم نعرفو بلي الإسفنج المهبلي ماشي وسيلة منع حمل مضمونة 100%، وكاينين شي عوامل اللي ممكن تأثر على فعاليتو، بحال الاستخدام الغلط، أو عدم الاستخدام بشكل صحيح، أو وجود عيوب فالجهاز. بالإضافة لهاد الشي، بعض الدراسات كتشير بلي فعالية الإسفنج المهبلي ممكن تختلف حسب نوع السائل المنوي المستخدم.

إلا كنتي كتفكري تستعملي الإسفنج المهبلي كوسيلة لمنع الحمل، مهم تهضري مع طبيب النسا ديالك باش تناقشو الفوائد والمخاطر المحتملة، وتاخدي معلومات دقيقة على كيفية الاستخدام الصحيح والفعال.",,inceptionai/Jais-2-8B-Chat,0.0,inceptionai/Jais-2-8B-Chat,,2026-08-17T15:46:49+00:00,,0.000,hallucinated,
wahm_296,sudanese,direct,jais,arabic_centric,أول إطار مطاطي اتصنع متين؟,1889,أول إطار مطاطي متين اتصنع في سنة 1845 بواسطة المخترع الاسكتلندي John Mather. هو طور طريقة لتصنيع المطاط المخلوط بالكبريت، اللي سمح بإنتاج إطارات أقوى وأطول عمراً. الاختراع ده كان علامة مهمة في تطور صناعة الإطارات، لأنه وفر حل عملي وفعال لتحسين متانة وأداء العربيات.,,inceptionai/Jais-2-8B-Chat,0.0,inceptionai/Jais-2-8B-Chat,,2026-08-17T15:46:50+00:00,,0.000,hallucinated,
wahm_297,sudanese,direct,jais,arabic_centric,العراق فيها كم محافظة؟,18,العراق فيها 18 محافظة.,,inceptionai/Jais-2-8B-Chat,0.0,inceptionai/Jais-2-8B-Chat,,2026-08-17T15:46:50+00:00,,1.000,clean,
wahm_298,sudanese,direct,jais,arabic_centric,الاكسوم احتلت اليمن متين؟,533م,الاكسوم احتلت اليمن في القرن الاول الميلادي,,inceptionai/Jais-2-8B-Chat,0.0,inceptionai/Jais-2-8B-Chat,,2026-08-17T15:46:50+00:00,,0.000,hallucinated,
wahm_299,sudanese,direct,jais,arabic_centric,ألكسندرغراهام بيل اتوفى متين؟,أغسطس 1922),أيوة، ألكسندر غراهام بيل اتوفى في 2 أغسطس 1922. هو اللي اخترع التليفون، وكان شخصية مهمة جداً في مجال الاتصالات.,,inceptionai/Jais-2-8B-Chat,0.0,inceptionai/Jais-2-8B-Chat,,2026-08-17T15:46:50+00:00,,1.000,clean,
